

------ CLIENTE ------

INSERT INTO CLIENTE (CPF, NOME, EMAIL, PONTOS_CRM, RUA, NUM, CIDADE, ESTADO, BAIRRO) VALUES ('460.314.834-91', 'Cliente 00', 'cliente00@gmail.com', 1632, 'Rua 64', 'Num 459', 'Cidade 86', 'Estado 22', 'Bairro 23');
INSERT INTO CLIENTE (CPF, NOME, EMAIL, PONTOS_CRM, RUA, NUM, CIDADE, ESTADO, BAIRRO) VALUES ('158.116.173-47', 'Cliente 01', 'cliente01@gmail.com', 1780, 'Rua 96', 'Num 336', 'Cidade 71', 'Estado 38', 'Bairro 20');
INSERT INTO CLIENTE (CPF, NOME, EMAIL, PONTOS_CRM, RUA, NUM, CIDADE, ESTADO, BAIRRO) VALUES ('452.834.151-77', 'Cliente 02', 'cliente02@gmail.com', 1131, 'Rua 42', 'Num 652', 'Cidade 41', 'Estado 38', 'Bairro 77');
INSERT INTO CLIENTE (CPF, NOME, EMAIL, PONTOS_CRM, RUA, NUM, CIDADE, ESTADO, BAIRRO) VALUES ('387.469.201-47', 'Cliente 03', 'cliente03@gmail.com', 397, 'Rua 88', 'Num 780', 'Cidade 28', 'Estado 67', 'Bairro 94');
INSERT INTO CLIENTE (CPF, NOME, EMAIL, PONTOS_CRM, RUA, NUM, CIDADE, ESTADO, BAIRRO) VALUES ('145.250.540-55', 'Cliente 04', 'cliente04@gmail.com', 882, 'Rua 21', 'Num 637', 'Cidade 55', 'Estado 73', 'Bairro 84');
INSERT INTO CLIENTE (CPF, NOME, EMAIL, PONTOS_CRM, RUA, NUM, CIDADE, ESTADO, BAIRRO) VALUES ('334.516.510-81', 'Cliente 05', 'cliente05@gmail.com', 1414, 'Rua 48', 'Num 856', 'Cidade 45', 'Estado 26', 'Bairro 17');
INSERT INTO CLIENTE (CPF, NOME, EMAIL, PONTOS_CRM, RUA, NUM, CIDADE, ESTADO, BAIRRO) VALUES ('711.284.232-75', 'Cliente 06', 'cliente06@gmail.com', 1657, 'Rua 11', 'Num 873', 'Cidade 54', 'Estado 89', 'Bairro 87');
INSERT INTO CLIENTE (CPF, NOME, EMAIL, PONTOS_CRM, RUA, NUM, CIDADE, ESTADO, BAIRRO) VALUES ('597.221.582-15', 'Cliente 07', 'cliente07@gmail.com', 573, 'Rua 29', 'Num 760', 'Cidade 37', 'Estado 88', 'Bairro 46');
INSERT INTO CLIENTE (CPF, NOME, EMAIL, PONTOS_CRM, RUA, NUM, CIDADE, ESTADO, BAIRRO) VALUES ('231.503.230-65', 'Cliente 08', 'cliente08@gmail.com', 1341, 'Rua 17', 'Num 53', 'Cidade 28', 'Estado 23', 'Bairro 37');
INSERT INTO CLIENTE (CPF, NOME, EMAIL, PONTOS_CRM, RUA, NUM, CIDADE, ESTADO, BAIRRO) VALUES ('746.215.206-26', 'Cliente 09', 'cliente09@gmail.com', 1670, 'Rua 32', 'Num 176', 'Cidade 69', 'Estado 70', 'Bairro 11');
INSERT INTO CLIENTE (CPF, NOME, EMAIL, PONTOS_CRM, RUA, NUM, CIDADE, ESTADO, BAIRRO) VALUES ('747.499.418-84', 'Cliente 010', 'cliente010@gmail.com', 1206, 'Rua 95', 'Num 357', 'Cidade 97', 'Estado 86', 'Bairro 47');
INSERT INTO CLIENTE (CPF, NOME, EMAIL, PONTOS_CRM, RUA, NUM, CIDADE, ESTADO, BAIRRO) VALUES ('380.286.925-64', 'Cliente 011', 'cliente011@gmail.com', 100, 'Rua 88', 'Num 619', 'Cidade 96', 'Estado 100', 'Bairro 56');
INSERT INTO CLIENTE (CPF, NOME, EMAIL, PONTOS_CRM, RUA, NUM, CIDADE, ESTADO, BAIRRO) VALUES ('989.796.553-83', 'Cliente 012', 'cliente012@gmail.com', 1724, 'Rua 17', 'Num 748', 'Cidade 18', 'Estado 50', 'Bairro 74');
INSERT INTO CLIENTE (CPF, NOME, EMAIL, PONTOS_CRM, RUA, NUM, CIDADE, ESTADO, BAIRRO) VALUES ('776.787.529-56', 'Cliente 013', 'cliente013@gmail.com', 404, 'Rua 53', 'Num 116', 'Cidade 13', 'Estado 93', 'Bairro 27');
INSERT INTO CLIENTE (CPF, NOME, EMAIL, PONTOS_CRM, RUA, NUM, CIDADE, ESTADO, BAIRRO) VALUES ('446.901.765-99', 'Cliente 014', 'cliente014@gmail.com', 126, 'Rua 96', 'Num 55', 'Cidade 64', 'Estado 55', 'Bairro 22');
INSERT INTO CLIENTE (CPF, NOME, EMAIL, PONTOS_CRM, RUA, NUM, CIDADE, ESTADO, BAIRRO) VALUES ('501.554.878-54', 'Cliente 015', 'cliente015@gmail.com', 1302, 'Rua 44', 'Num 147', 'Cidade 88', 'Estado 94', 'Bairro 45');
INSERT INTO CLIENTE (CPF, NOME, EMAIL, PONTOS_CRM, RUA, NUM, CIDADE, ESTADO, BAIRRO) VALUES ('385.469.965-68', 'Cliente 016', 'cliente016@gmail.com', 1713, 'Rua 32', 'Num 550', 'Cidade 31', 'Estado 65', 'Bairro 12');
INSERT INTO CLIENTE (CPF, NOME, EMAIL, PONTOS_CRM, RUA, NUM, CIDADE, ESTADO, BAIRRO) VALUES ('273.464.638-45', 'Cliente 017', 'cliente017@gmail.com', 1007, 'Rua 68', 'Num 992', 'Cidade 70', 'Estado 40', 'Bairro 15');
INSERT INTO CLIENTE (CPF, NOME, EMAIL, PONTOS_CRM, RUA, NUM, CIDADE, ESTADO, BAIRRO) VALUES ('145.603.947-53', 'Cliente 018', 'cliente018@gmail.com', 91, 'Rua 46', 'Num 531', 'Cidade 63', 'Estado 70', 'Bairro 66');
INSERT INTO CLIENTE (CPF, NOME, EMAIL, PONTOS_CRM, RUA, NUM, CIDADE, ESTADO, BAIRRO) VALUES ('564.786.773-93', 'Cliente 019', 'cliente019@gmail.com', 278, 'Rua 57', 'Num 528', 'Cidade 33', 'Estado 58', 'Bairro 12');
INSERT INTO CLIENTE (CPF, NOME, EMAIL, PONTOS_CRM, RUA, NUM, CIDADE, ESTADO, BAIRRO) VALUES ('937.587.229-12', 'Cliente 020', 'cliente020@gmail.com', 934, 'Rua 70', 'Num 970', 'Cidade 60', 'Estado 72', 'Bairro 48');
INSERT INTO CLIENTE (CPF, NOME, EMAIL, PONTOS_CRM, RUA, NUM, CIDADE, ESTADO, BAIRRO) VALUES ('738.466.525-68', 'Cliente 021', 'cliente021@gmail.com', 205, 'Rua 52', 'Num 600', 'Cidade 67', 'Estado 94', 'Bairro 44');
INSERT INTO CLIENTE (CPF, NOME, EMAIL, PONTOS_CRM, RUA, NUM, CIDADE, ESTADO, BAIRRO) VALUES ('396.536.800-16', 'Cliente 022', 'cliente022@gmail.com', 119, 'Rua 37', 'Num 871', 'Cidade 100', 'Estado 10', 'Bairro 52');
INSERT INTO CLIENTE (CPF, NOME, EMAIL, PONTOS_CRM, RUA, NUM, CIDADE, ESTADO, BAIRRO) VALUES ('610.926.831-56', 'Cliente 023', 'cliente023@gmail.com', 413, 'Rua 36', 'Num 443', 'Cidade 86', 'Estado 86', 'Bairro 15');
INSERT INTO CLIENTE (CPF, NOME, EMAIL, PONTOS_CRM, RUA, NUM, CIDADE, ESTADO, BAIRRO) VALUES ('671.799.715-35', 'Cliente 024', 'cliente024@gmail.com', 1280, 'Rua 75', 'Num 805', 'Cidade 52', 'Estado 28', 'Bairro 40');
INSERT INTO CLIENTE (CPF, NOME, EMAIL, PONTOS_CRM, RUA, NUM, CIDADE, ESTADO, BAIRRO) VALUES ('267.330.735-16', 'Cliente 025', 'cliente025@gmail.com', 1184, 'Rua 34', 'Num 457', 'Cidade 83', 'Estado 29', 'Bairro 84');
INSERT INTO CLIENTE (CPF, NOME, EMAIL, PONTOS_CRM, RUA, NUM, CIDADE, ESTADO, BAIRRO) VALUES ('414.880.839-76', 'Cliente 026', 'cliente026@gmail.com', 693, 'Rua 23', 'Num 618', 'Cidade 32', 'Estado 49', 'Bairro 31');
INSERT INTO CLIENTE (CPF, NOME, EMAIL, PONTOS_CRM, RUA, NUM, CIDADE, ESTADO, BAIRRO) VALUES ('215.357.776-66', 'Cliente 027', 'cliente027@gmail.com', 88, 'Rua 91', 'Num 181', 'Cidade 29', 'Estado 72', 'Bairro 60');
INSERT INTO CLIENTE (CPF, NOME, EMAIL, PONTOS_CRM, RUA, NUM, CIDADE, ESTADO, BAIRRO) VALUES ('574.580.554-46', 'Cliente 028', 'cliente028@gmail.com', 1230, 'Rua 38', 'Num 989', 'Cidade 29', 'Estado 38', 'Bairro 18');
INSERT INTO CLIENTE (CPF, NOME, EMAIL, PONTOS_CRM, RUA, NUM, CIDADE, ESTADO, BAIRRO) VALUES ('414.342.139-15', 'Cliente 029', 'cliente029@gmail.com', 1840, 'Rua 45', 'Num 490', 'Cidade 26', 'Estado 29', 'Bairro 88');
INSERT INTO CLIENTE (CPF, NOME, EMAIL, PONTOS_CRM, RUA, NUM, CIDADE, ESTADO, BAIRRO) VALUES ('765.981.591-32', 'Cliente 030', 'cliente030@gmail.com', 1960, 'Rua 76', 'Num 220', 'Cidade 63', 'Estado 23', 'Bairro 37');
INSERT INTO CLIENTE (CPF, NOME, EMAIL, PONTOS_CRM, RUA, NUM, CIDADE, ESTADO, BAIRRO) VALUES ('421.608.473-63', 'Cliente 031', 'cliente031@gmail.com', 1349, 'Rua 77', 'Num 788', 'Cidade 14', 'Estado 100', 'Bairro 49');
INSERT INTO CLIENTE (CPF, NOME, EMAIL, PONTOS_CRM, RUA, NUM, CIDADE, ESTADO, BAIRRO) VALUES ('796.844.873-91', 'Cliente 032', 'cliente032@gmail.com', 133, 'Rua 36', 'Num 523', 'Cidade 61', 'Estado 24', 'Bairro 77');
INSERT INTO CLIENTE (CPF, NOME, EMAIL, PONTOS_CRM, RUA, NUM, CIDADE, ESTADO, BAIRRO) VALUES ('186.258.891-78', 'Cliente 033', 'cliente033@gmail.com', 99, 'Rua 49', 'Num 320', 'Cidade 94', 'Estado 57', 'Bairro 22');
INSERT INTO CLIENTE (CPF, NOME, EMAIL, PONTOS_CRM, RUA, NUM, CIDADE, ESTADO, BAIRRO) VALUES ('327.846.994-67', 'Cliente 034', 'cliente034@gmail.com', 1029, 'Rua 24', 'Num 700', 'Cidade 24', 'Estado 36', 'Bairro 93');
INSERT INTO CLIENTE (CPF, NOME, EMAIL, PONTOS_CRM, RUA, NUM, CIDADE, ESTADO, BAIRRO) VALUES ('896.654.350-27', 'Cliente 035', 'cliente035@gmail.com', 953, 'Rua 90', 'Num 565', 'Cidade 44', 'Estado 59', 'Bairro 51');
INSERT INTO CLIENTE (CPF, NOME, EMAIL, PONTOS_CRM, RUA, NUM, CIDADE, ESTADO, BAIRRO) VALUES ('222.502.948-38', 'Cliente 036', 'cliente036@gmail.com', 293, 'Rua 66', 'Num 764', 'Cidade 78', 'Estado 48', 'Bairro 58');
INSERT INTO CLIENTE (CPF, NOME, EMAIL, PONTOS_CRM, RUA, NUM, CIDADE, ESTADO, BAIRRO) VALUES ('622.801.814-84', 'Cliente 037', 'cliente037@gmail.com', 1593, 'Rua 65', 'Num 95', 'Cidade 93', 'Estado 43', 'Bairro 15');
INSERT INTO CLIENTE (CPF, NOME, EMAIL, PONTOS_CRM, RUA, NUM, CIDADE, ESTADO, BAIRRO) VALUES ('911.294.522-97', 'Cliente 038', 'cliente038@gmail.com', 1052, 'Rua 57', 'Num 902', 'Cidade 63', 'Estado 51', 'Bairro 95');
INSERT INTO CLIENTE (CPF, NOME, EMAIL, PONTOS_CRM, RUA, NUM, CIDADE, ESTADO, BAIRRO) VALUES ('125.586.706-79', 'Cliente 039', 'cliente039@gmail.com', 1828, 'Rua 46', 'Num 495', 'Cidade 66', 'Estado 87', 'Bairro 22');
INSERT INTO CLIENTE (CPF, NOME, EMAIL, PONTOS_CRM, RUA, NUM, CIDADE, ESTADO, BAIRRO) VALUES ('762.117.308-45', 'Cliente 040', 'cliente040@gmail.com', 767, 'Rua 89', 'Num 915', 'Cidade 52', 'Estado 45', 'Bairro 66');
INSERT INTO CLIENTE (CPF, NOME, EMAIL, PONTOS_CRM, RUA, NUM, CIDADE, ESTADO, BAIRRO) VALUES ('962.285.619-41', 'Cliente 041', 'cliente041@gmail.com', 335, 'Rua 98', 'Num 632', 'Cidade 92', 'Estado 66', 'Bairro 47');
INSERT INTO CLIENTE (CPF, NOME, EMAIL, PONTOS_CRM, RUA, NUM, CIDADE, ESTADO, BAIRRO) VALUES ('523.569.345-65', 'Cliente 042', 'cliente042@gmail.com', 191, 'Rua 86', 'Num 614', 'Cidade 66', 'Estado 51', 'Bairro 56');
INSERT INTO CLIENTE (CPF, NOME, EMAIL, PONTOS_CRM, RUA, NUM, CIDADE, ESTADO, BAIRRO) VALUES ('788.792.275-59', 'Cliente 043', 'cliente043@gmail.com', 700, 'Rua 15', 'Num 941', 'Cidade 27', 'Estado 97', 'Bairro 21');
INSERT INTO CLIENTE (CPF, NOME, EMAIL, PONTOS_CRM, RUA, NUM, CIDADE, ESTADO, BAIRRO) VALUES ('887.102.857-27', 'Cliente 044', 'cliente044@gmail.com', 560, 'Rua 26', 'Num 506', 'Cidade 26', 'Estado 74', 'Bairro 55');
INSERT INTO CLIENTE (CPF, NOME, EMAIL, PONTOS_CRM, RUA, NUM, CIDADE, ESTADO, BAIRRO) VALUES ('208.478.180-66', 'Cliente 045', 'cliente045@gmail.com', 580, 'Rua 50', 'Num 927', 'Cidade 66', 'Estado 22', 'Bairro 59');
INSERT INTO CLIENTE (CPF, NOME, EMAIL, PONTOS_CRM, RUA, NUM, CIDADE, ESTADO, BAIRRO) VALUES ('343.761.816-12', 'Cliente 046', 'cliente046@gmail.com', 1825, 'Rua 12', 'Num 746', 'Cidade 70', 'Estado 31', 'Bairro 63');
INSERT INTO CLIENTE (CPF, NOME, EMAIL, PONTOS_CRM, RUA, NUM, CIDADE, ESTADO, BAIRRO) VALUES ('844.687.802-57', 'Cliente 047', 'cliente047@gmail.com', 304, 'Rua 13', 'Num 947', 'Cidade 80', 'Estado 88', 'Bairro 56');
INSERT INTO CLIENTE (CPF, NOME, EMAIL, PONTOS_CRM, RUA, NUM, CIDADE, ESTADO, BAIRRO) VALUES ('705.117.228-94', 'Cliente 048', 'cliente048@gmail.com', 359, 'Rua 69', 'Num 855', 'Cidade 77', 'Estado 57', 'Bairro 20');
INSERT INTO CLIENTE (CPF, NOME, EMAIL, PONTOS_CRM, RUA, NUM, CIDADE, ESTADO, BAIRRO) VALUES ('600.728.786-85', 'Cliente 049', 'cliente049@gmail.com', 14, 'Rua 26', 'Num 571', 'Cidade 88', 'Estado 65', 'Bairro 68');
INSERT INTO CLIENTE (CPF, NOME, EMAIL, PONTOS_CRM, RUA, NUM, CIDADE, ESTADO, BAIRRO) VALUES ('371.788.719-52', 'Cliente 050', 'cliente050@gmail.com', 1388, 'Rua 80', 'Num 742', 'Cidade 32', 'Estado 89', 'Bairro 30');
INSERT INTO CLIENTE (CPF, NOME, EMAIL, PONTOS_CRM, RUA, NUM, CIDADE, ESTADO, BAIRRO) VALUES ('499.578.748-57', 'Cliente 051', 'cliente051@gmail.com', 472, 'Rua 34', 'Num 270', 'Cidade 32', 'Estado 45', 'Bairro 62');
INSERT INTO CLIENTE (CPF, NOME, EMAIL, PONTOS_CRM, RUA, NUM, CIDADE, ESTADO, BAIRRO) VALUES ('865.460.671-60', 'Cliente 052', 'cliente052@gmail.com', 683, 'Rua 89', 'Num 327', 'Cidade 64', 'Estado 42', 'Bairro 40');
INSERT INTO CLIENTE (CPF, NOME, EMAIL, PONTOS_CRM, RUA, NUM, CIDADE, ESTADO, BAIRRO) VALUES ('563.242.206-82', 'Cliente 053', 'cliente053@gmail.com', 637, 'Rua 62', 'Num 526', 'Cidade 83', 'Estado 54', 'Bairro 42');
INSERT INTO CLIENTE (CPF, NOME, EMAIL, PONTOS_CRM, RUA, NUM, CIDADE, ESTADO, BAIRRO) VALUES ('461.336.451-29', 'Cliente 054', 'cliente054@gmail.com', 1327, 'Rua 38', 'Num 84', 'Cidade 56', 'Estado 37', 'Bairro 84');
INSERT INTO CLIENTE (CPF, NOME, EMAIL, PONTOS_CRM, RUA, NUM, CIDADE, ESTADO, BAIRRO) VALUES ('843.666.601-81', 'Cliente 055', 'cliente055@gmail.com', 1144, 'Rua 51', 'Num 363', 'Cidade 34', 'Estado 40', 'Bairro 66');
INSERT INTO CLIENTE (CPF, NOME, EMAIL, PONTOS_CRM, RUA, NUM, CIDADE, ESTADO, BAIRRO) VALUES ('522.580.730-19', 'Cliente 056', 'cliente056@gmail.com', 779, 'Rua 60', 'Num 304', 'Cidade 74', 'Estado 59', 'Bairro 80');
INSERT INTO CLIENTE (CPF, NOME, EMAIL, PONTOS_CRM, RUA, NUM, CIDADE, ESTADO, BAIRRO) VALUES ('888.785.283-82', 'Cliente 057', 'cliente057@gmail.com', 905, 'Rua 66', 'Num 700', 'Cidade 53', 'Estado 16', 'Bairro 76');
INSERT INTO CLIENTE (CPF, NOME, EMAIL, PONTOS_CRM, RUA, NUM, CIDADE, ESTADO, BAIRRO) VALUES ('102.864.555-34', 'Cliente 058', 'cliente058@gmail.com', 1946, 'Rua 20', 'Num 879', 'Cidade 13', 'Estado 49', 'Bairro 13');
INSERT INTO CLIENTE (CPF, NOME, EMAIL, PONTOS_CRM, RUA, NUM, CIDADE, ESTADO, BAIRRO) VALUES ('605.645.193-40', 'Cliente 059', 'cliente059@gmail.com', 393, 'Rua 20', 'Num 406', 'Cidade 63', 'Estado 32', 'Bairro 67');
INSERT INTO CLIENTE (CPF, NOME, EMAIL, PONTOS_CRM, RUA, NUM, CIDADE, ESTADO, BAIRRO) VALUES ('312.855.679-88', 'Cliente 060', 'cliente060@gmail.com', 329, 'Rua 66', 'Num 512', 'Cidade 31', 'Estado 18', 'Bairro 22');
INSERT INTO CLIENTE (CPF, NOME, EMAIL, PONTOS_CRM, RUA, NUM, CIDADE, ESTADO, BAIRRO) VALUES ('928.702.656-93', 'Cliente 061', 'cliente061@gmail.com', 590, 'Rua 87', 'Num 915', 'Cidade 12', 'Estado 66', 'Bairro 89');
INSERT INTO CLIENTE (CPF, NOME, EMAIL, PONTOS_CRM, RUA, NUM, CIDADE, ESTADO, BAIRRO) VALUES ('837.458.879-23', 'Cliente 062', 'cliente062@gmail.com', 1622, 'Rua 35', 'Num 206', 'Cidade 71', 'Estado 97', 'Bairro 78');
INSERT INTO CLIENTE (CPF, NOME, EMAIL, PONTOS_CRM, RUA, NUM, CIDADE, ESTADO, BAIRRO) VALUES ('275.138.670-67', 'Cliente 063', 'cliente063@gmail.com', 1375, 'Rua 91', 'Num 131', 'Cidade 80', 'Estado 20', 'Bairro 33');
INSERT INTO CLIENTE (CPF, NOME, EMAIL, PONTOS_CRM, RUA, NUM, CIDADE, ESTADO, BAIRRO) VALUES ('211.788.588-79', 'Cliente 064', 'cliente064@gmail.com', 40, 'Rua 21', 'Num 975', 'Cidade 77', 'Estado 44', 'Bairro 55');
INSERT INTO CLIENTE (CPF, NOME, EMAIL, PONTOS_CRM, RUA, NUM, CIDADE, ESTADO, BAIRRO) VALUES ('858.747.932-47', 'Cliente 065', 'cliente065@gmail.com', 1609, 'Rua 19', 'Num 252', 'Cidade 60', 'Estado 20', 'Bairro 41');
INSERT INTO CLIENTE (CPF, NOME, EMAIL, PONTOS_CRM, RUA, NUM, CIDADE, ESTADO, BAIRRO) VALUES ('141.258.674-62', 'Cliente 066', 'cliente066@gmail.com', 445, 'Rua 72', 'Num 631', 'Cidade 33', 'Estado 72', 'Bairro 77');
INSERT INTO CLIENTE (CPF, NOME, EMAIL, PONTOS_CRM, RUA, NUM, CIDADE, ESTADO, BAIRRO) VALUES ('600.715.160-45', 'Cliente 067', 'cliente067@gmail.com', 1873, 'Rua 48', 'Num 451', 'Cidade 98', 'Estado 73', 'Bairro 71');
INSERT INTO CLIENTE (CPF, NOME, EMAIL, PONTOS_CRM, RUA, NUM, CIDADE, ESTADO, BAIRRO) VALUES ('560.880.470-93', 'Cliente 068', 'cliente068@gmail.com', 1000, 'Rua 30', 'Num 949', 'Cidade 45', 'Estado 87', 'Bairro 80');
INSERT INTO CLIENTE (CPF, NOME, EMAIL, PONTOS_CRM, RUA, NUM, CIDADE, ESTADO, BAIRRO) VALUES ('336.635.504-19', 'Cliente 069', 'cliente069@gmail.com', 276, 'Rua 21', 'Num 279', 'Cidade 28', 'Estado 21', 'Bairro 63');
INSERT INTO CLIENTE (CPF, NOME, EMAIL, PONTOS_CRM, RUA, NUM, CIDADE, ESTADO, BAIRRO) VALUES ('428.985.391-57', 'Cliente 070', 'cliente070@gmail.com', 1401, 'Rua 78', 'Num 799', 'Cidade 53', 'Estado 72', 'Bairro 26');
INSERT INTO CLIENTE (CPF, NOME, EMAIL, PONTOS_CRM, RUA, NUM, CIDADE, ESTADO, BAIRRO) VALUES ('211.315.554-10', 'Cliente 071', 'cliente071@gmail.com', 1295, 'Rua 17', 'Num 42', 'Cidade 17', 'Estado 50', 'Bairro 86');
INSERT INTO CLIENTE (CPF, NOME, EMAIL, PONTOS_CRM, RUA, NUM, CIDADE, ESTADO, BAIRRO) VALUES ('364.454.161-51', 'Cliente 072', 'cliente072@gmail.com', 1577, 'Rua 13', 'Num 949', 'Cidade 41', 'Estado 64', 'Bairro 53');
INSERT INTO CLIENTE (CPF, NOME, EMAIL, PONTOS_CRM, RUA, NUM, CIDADE, ESTADO, BAIRRO) VALUES ('979.623.293-90', 'Cliente 073', 'cliente073@gmail.com', 1353, 'Rua 61', 'Num 377', 'Cidade 15', 'Estado 52', 'Bairro 78');
INSERT INTO CLIENTE (CPF, NOME, EMAIL, PONTOS_CRM, RUA, NUM, CIDADE, ESTADO, BAIRRO) VALUES ('864.734.871-16', 'Cliente 074', 'cliente074@gmail.com', 689, 'Rua 74', 'Num 379', 'Cidade 44', 'Estado 50', 'Bairro 52');
INSERT INTO CLIENTE (CPF, NOME, EMAIL, PONTOS_CRM, RUA, NUM, CIDADE, ESTADO, BAIRRO) VALUES ('812.131.675-60', 'Cliente 075', 'cliente075@gmail.com', 1945, 'Rua 94', 'Num 764', 'Cidade 88', 'Estado 38', 'Bairro 61');
INSERT INTO CLIENTE (CPF, NOME, EMAIL, PONTOS_CRM, RUA, NUM, CIDADE, ESTADO, BAIRRO) VALUES ('324.262.664-68', 'Cliente 076', 'cliente076@gmail.com', 1396, 'Rua 77', 'Num 648', 'Cidade 68', 'Estado 22', 'Bairro 82');
INSERT INTO CLIENTE (CPF, NOME, EMAIL, PONTOS_CRM, RUA, NUM, CIDADE, ESTADO, BAIRRO) VALUES ('748.187.553-52', 'Cliente 077', 'cliente077@gmail.com', 1069, 'Rua 25', 'Num 306', 'Cidade 11', 'Estado 56', 'Bairro 59');
INSERT INTO CLIENTE (CPF, NOME, EMAIL, PONTOS_CRM, RUA, NUM, CIDADE, ESTADO, BAIRRO) VALUES ('449.900.175-40', 'Cliente 078', 'cliente078@gmail.com', 104, 'Rua 99', 'Num 341', 'Cidade 14', 'Estado 99', 'Bairro 62');
INSERT INTO CLIENTE (CPF, NOME, EMAIL, PONTOS_CRM, RUA, NUM, CIDADE, ESTADO, BAIRRO) VALUES ('994.937.484-13', 'Cliente 079', 'cliente079@gmail.com', 365, 'Rua 92', 'Num 292', 'Cidade 55', 'Estado 91', 'Bairro 66');
INSERT INTO CLIENTE (CPF, NOME, EMAIL, PONTOS_CRM, RUA, NUM, CIDADE, ESTADO, BAIRRO) VALUES ('593.257.683-66', 'Cliente 080', 'cliente080@gmail.com', 252, 'Rua 70', 'Num 154', 'Cidade 33', 'Estado 45', 'Bairro 78');
INSERT INTO CLIENTE (CPF, NOME, EMAIL, PONTOS_CRM, RUA, NUM, CIDADE, ESTADO, BAIRRO) VALUES ('931.153.133-98', 'Cliente 081', 'cliente081@gmail.com', 992, 'Rua 82', 'Num 91', 'Cidade 34', 'Estado 90', 'Bairro 78');
INSERT INTO CLIENTE (CPF, NOME, EMAIL, PONTOS_CRM, RUA, NUM, CIDADE, ESTADO, BAIRRO) VALUES ('451.962.782-71', 'Cliente 082', 'cliente082@gmail.com', 644, 'Rua 19', 'Num 681', 'Cidade 86', 'Estado 33', 'Bairro 28');
INSERT INTO CLIENTE (CPF, NOME, EMAIL, PONTOS_CRM, RUA, NUM, CIDADE, ESTADO, BAIRRO) VALUES ('182.731.730-94', 'Cliente 083', 'cliente083@gmail.com', 1193, 'Rua 77', 'Num 636', 'Cidade 50', 'Estado 20', 'Bairro 38');
INSERT INTO CLIENTE (CPF, NOME, EMAIL, PONTOS_CRM, RUA, NUM, CIDADE, ESTADO, BAIRRO) VALUES ('417.620.940-29', 'Cliente 084', 'cliente084@gmail.com', 906, 'Rua 96', 'Num 578', 'Cidade 16', 'Estado 20', 'Bairro 86');
INSERT INTO CLIENTE (CPF, NOME, EMAIL, PONTOS_CRM, RUA, NUM, CIDADE, ESTADO, BAIRRO) VALUES ('501.543.309-69', 'Cliente 085', 'cliente085@gmail.com', 1126, 'Rua 47', 'Num 750', 'Cidade 55', 'Estado 68', 'Bairro 85');
INSERT INTO CLIENTE (CPF, NOME, EMAIL, PONTOS_CRM, RUA, NUM, CIDADE, ESTADO, BAIRRO) VALUES ('992.236.898-39', 'Cliente 086', 'cliente086@gmail.com', 742, 'Rua 64', 'Num 672', 'Cidade 28', 'Estado 44', 'Bairro 94');
INSERT INTO CLIENTE (CPF, NOME, EMAIL, PONTOS_CRM, RUA, NUM, CIDADE, ESTADO, BAIRRO) VALUES ('382.980.843-81', 'Cliente 087', 'cliente087@gmail.com', 437, 'Rua 56', 'Num 834', 'Cidade 32', 'Estado 86', 'Bairro 40');
INSERT INTO CLIENTE (CPF, NOME, EMAIL, PONTOS_CRM, RUA, NUM, CIDADE, ESTADO, BAIRRO) VALUES ('519.210.735-65', 'Cliente 088', 'cliente088@gmail.com', 915, 'Rua 40', 'Num 726', 'Cidade 55', 'Estado 82', 'Bairro 54');
INSERT INTO CLIENTE (CPF, NOME, EMAIL, PONTOS_CRM, RUA, NUM, CIDADE, ESTADO, BAIRRO) VALUES ('249.611.422-61', 'Cliente 089', 'cliente089@gmail.com', 1012, 'Rua 45', 'Num 191', 'Cidade 17', 'Estado 17', 'Bairro 32');
INSERT INTO CLIENTE (CPF, NOME, EMAIL, PONTOS_CRM, RUA, NUM, CIDADE, ESTADO, BAIRRO) VALUES ('128.242.402-17', 'Cliente 090', 'cliente090@gmail.com', 1500, 'Rua 78', 'Num 510', 'Cidade 79', 'Estado 16', 'Bairro 59');
INSERT INTO CLIENTE (CPF, NOME, EMAIL, PONTOS_CRM, RUA, NUM, CIDADE, ESTADO, BAIRRO) VALUES ('242.493.945-86', 'Cliente 091', 'cliente091@gmail.com', 1141, 'Rua 64', 'Num 319', 'Cidade 20', 'Estado 75', 'Bairro 79');
INSERT INTO CLIENTE (CPF, NOME, EMAIL, PONTOS_CRM, RUA, NUM, CIDADE, ESTADO, BAIRRO) VALUES ('962.396.834-43', 'Cliente 092', 'cliente092@gmail.com', 976, 'Rua 92', 'Num 498', 'Cidade 26', 'Estado 79', 'Bairro 20');
INSERT INTO CLIENTE (CPF, NOME, EMAIL, PONTOS_CRM, RUA, NUM, CIDADE, ESTADO, BAIRRO) VALUES ('181.457.680-22', 'Cliente 093', 'cliente093@gmail.com', 1629, 'Rua 91', 'Num 576', 'Cidade 56', 'Estado 13', 'Bairro 74');
INSERT INTO CLIENTE (CPF, NOME, EMAIL, PONTOS_CRM, RUA, NUM, CIDADE, ESTADO, BAIRRO) VALUES ('862.124.920-69', 'Cliente 094', 'cliente094@gmail.com', 1360, 'Rua 18', 'Num 48', 'Cidade 89', 'Estado 79', 'Bairro 34');
INSERT INTO CLIENTE (CPF, NOME, EMAIL, PONTOS_CRM, RUA, NUM, CIDADE, ESTADO, BAIRRO) VALUES ('303.526.600-27', 'Cliente 095', 'cliente095@gmail.com', 1973, 'Rua 18', 'Num 326', 'Cidade 57', 'Estado 97', 'Bairro 30');
INSERT INTO CLIENTE (CPF, NOME, EMAIL, PONTOS_CRM, RUA, NUM, CIDADE, ESTADO, BAIRRO) VALUES ('256.773.584-82', 'Cliente 096', 'cliente096@gmail.com', 676, 'Rua 70', 'Num 986', 'Cidade 82', 'Estado 39', 'Bairro 46');
INSERT INTO CLIENTE (CPF, NOME, EMAIL, PONTOS_CRM, RUA, NUM, CIDADE, ESTADO, BAIRRO) VALUES ('904.289.348-34', 'Cliente 097', 'cliente097@gmail.com', 320, 'Rua 63', 'Num 500', 'Cidade 81', 'Estado 18', 'Bairro 71');
INSERT INTO CLIENTE (CPF, NOME, EMAIL, PONTOS_CRM, RUA, NUM, CIDADE, ESTADO, BAIRRO) VALUES ('764.460.335-73', 'Cliente 098', 'cliente098@gmail.com', 544, 'Rua 31', 'Num 732', 'Cidade 75', 'Estado 98', 'Bairro 90');
INSERT INTO CLIENTE (CPF, NOME, EMAIL, PONTOS_CRM, RUA, NUM, CIDADE, ESTADO, BAIRRO) VALUES ('184.457.466-25', 'Cliente 099', 'cliente099@gmail.com', 526, 'Rua 21', 'Num 748', 'Cidade 93', 'Estado 15', 'Bairro 49');
INSERT INTO CLIENTE (CPF, NOME, EMAIL, PONTOS_CRM, RUA, NUM, CIDADE, ESTADO, BAIRRO) VALUES ('229.711.886-94', 'Cliente 0100', 'cliente0100@gmail.com', 129, 'Rua 18', 'Num 776', 'Cidade 20', 'Estado 73', 'Bairro 20');
INSERT INTO CLIENTE (CPF, NOME, EMAIL, PONTOS_CRM, RUA, NUM, CIDADE, ESTADO, BAIRRO) VALUES ('908.878.809-99', 'Cliente 0101', 'cliente0101@gmail.com', 1107, 'Rua 77', 'Num 32', 'Cidade 11', 'Estado 27', 'Bairro 91');
INSERT INTO CLIENTE (CPF, NOME, EMAIL, PONTOS_CRM, RUA, NUM, CIDADE, ESTADO, BAIRRO) VALUES ('827.407.251-97', 'Cliente 0102', 'cliente0102@gmail.com', 1814, 'Rua 32', 'Num 271', 'Cidade 93', 'Estado 23', 'Bairro 55');
INSERT INTO CLIENTE (CPF, NOME, EMAIL, PONTOS_CRM, RUA, NUM, CIDADE, ESTADO, BAIRRO) VALUES ('159.501.867-38', 'Cliente 0103', 'cliente0103@gmail.com', 879, 'Rua 74', 'Num 758', 'Cidade 79', 'Estado 41', 'Bairro 18');
INSERT INTO CLIENTE (CPF, NOME, EMAIL, PONTOS_CRM, RUA, NUM, CIDADE, ESTADO, BAIRRO) VALUES ('950.357.885-48', 'Cliente 0104', 'cliente0104@gmail.com', 1473, 'Rua 76', 'Num 658', 'Cidade 23', 'Estado 26', 'Bairro 83');
INSERT INTO CLIENTE (CPF, NOME, EMAIL, PONTOS_CRM, RUA, NUM, CIDADE, ESTADO, BAIRRO) VALUES ('394.529.173-47', 'Cliente 0105', 'cliente0105@gmail.com', 1290, 'Rua 18', 'Num 729', 'Cidade 94', 'Estado 27', 'Bairro 42');
INSERT INTO CLIENTE (CPF, NOME, EMAIL, PONTOS_CRM, RUA, NUM, CIDADE, ESTADO, BAIRRO) VALUES ('820.427.123-27', 'Cliente 0106', 'cliente0106@gmail.com', 1738, 'Rua 52', 'Num 320', 'Cidade 80', 'Estado 59', 'Bairro 98');
INSERT INTO CLIENTE (CPF, NOME, EMAIL, PONTOS_CRM, RUA, NUM, CIDADE, ESTADO, BAIRRO) VALUES ('935.880.805-66', 'Cliente 0107', 'cliente0107@gmail.com', 1271, 'Rua 74', 'Num 507', 'Cidade 62', 'Estado 50', 'Bairro 45');
INSERT INTO CLIENTE (CPF, NOME, EMAIL, PONTOS_CRM, RUA, NUM, CIDADE, ESTADO, BAIRRO) VALUES ('391.145.244-56', 'Cliente 0108', 'cliente0108@gmail.com', 348, 'Rua 34', 'Num 593', 'Cidade 47', 'Estado 72', 'Bairro 68');
INSERT INTO CLIENTE (CPF, NOME, EMAIL, PONTOS_CRM, RUA, NUM, CIDADE, ESTADO, BAIRRO) VALUES ('900.708.857-24', 'Cliente 0109', 'cliente0109@gmail.com', 365, 'Rua 89', 'Num 677', 'Cidade 52', 'Estado 95', 'Bairro 66');
INSERT INTO CLIENTE (CPF, NOME, EMAIL, PONTOS_CRM, RUA, NUM, CIDADE, ESTADO, BAIRRO) VALUES ('424.208.503-81', 'Cliente 0110', 'cliente0110@gmail.com', 612, 'Rua 57', 'Num 970', 'Cidade 32', 'Estado 86', 'Bairro 31');
INSERT INTO CLIENTE (CPF, NOME, EMAIL, PONTOS_CRM, RUA, NUM, CIDADE, ESTADO, BAIRRO) VALUES ('493.589.621-14', 'Cliente 0111', 'cliente0111@gmail.com', 55, 'Rua 50', 'Num 974', 'Cidade 90', 'Estado 77', 'Bairro 70');
INSERT INTO CLIENTE (CPF, NOME, EMAIL, PONTOS_CRM, RUA, NUM, CIDADE, ESTADO, BAIRRO) VALUES ('510.233.922-70', 'Cliente 0112', 'cliente0112@gmail.com', 1586, 'Rua 45', 'Num 534', 'Cidade 40', 'Estado 46', 'Bairro 94');
INSERT INTO CLIENTE (CPF, NOME, EMAIL, PONTOS_CRM, RUA, NUM, CIDADE, ESTADO, BAIRRO) VALUES ('167.347.879-37', 'Cliente 0113', 'cliente0113@gmail.com', 1797, 'Rua 78', 'Num 949', 'Cidade 59', 'Estado 28', 'Bairro 51');
INSERT INTO CLIENTE (CPF, NOME, EMAIL, PONTOS_CRM, RUA, NUM, CIDADE, ESTADO, BAIRRO) VALUES ('356.702.610-67', 'Cliente 0114', 'cliente0114@gmail.com', 107, 'Rua 52', 'Num 655', 'Cidade 21', 'Estado 53', 'Bairro 99');
INSERT INTO CLIENTE (CPF, NOME, EMAIL, PONTOS_CRM, RUA, NUM, CIDADE, ESTADO, BAIRRO) VALUES ('450.502.837-42', 'Cliente 0115', 'cliente0115@gmail.com', 1349, 'Rua 70', 'Num 265', 'Cidade 68', 'Estado 21', 'Bairro 58');
INSERT INTO CLIENTE (CPF, NOME, EMAIL, PONTOS_CRM, RUA, NUM, CIDADE, ESTADO, BAIRRO) VALUES ('357.305.796-31', 'Cliente 0116', 'cliente0116@gmail.com', 1505, 'Rua 44', 'Num 331', 'Cidade 63', 'Estado 82', 'Bairro 49');
INSERT INTO CLIENTE (CPF, NOME, EMAIL, PONTOS_CRM, RUA, NUM, CIDADE, ESTADO, BAIRRO) VALUES ('404.723.881-29', 'Cliente 0117', 'cliente0117@gmail.com', 720, 'Rua 54', 'Num 342', 'Cidade 46', 'Estado 19', 'Bairro 67');
INSERT INTO CLIENTE (CPF, NOME, EMAIL, PONTOS_CRM, RUA, NUM, CIDADE, ESTADO, BAIRRO) VALUES ('440.485.200-33', 'Cliente 0118', 'cliente0118@gmail.com', 445, 'Rua 29', 'Num 674', 'Cidade 82', 'Estado 54', 'Bairro 14');
INSERT INTO CLIENTE (CPF, NOME, EMAIL, PONTOS_CRM, RUA, NUM, CIDADE, ESTADO, BAIRRO) VALUES ('100.636.736-48', 'Cliente 0119', 'cliente0119@gmail.com', 1378, 'Rua 94', 'Num 78', 'Cidade 14', 'Estado 90', 'Bairro 88');
INSERT INTO CLIENTE (CPF, NOME, EMAIL, PONTOS_CRM, RUA, NUM, CIDADE, ESTADO, BAIRRO) VALUES ('902.199.537-79', 'Cliente 0120', 'cliente0120@gmail.com', 1206, 'Rua 51', 'Num 59', 'Cidade 43', 'Estado 43', 'Bairro 17');
INSERT INTO CLIENTE (CPF, NOME, EMAIL, PONTOS_CRM, RUA, NUM, CIDADE, ESTADO, BAIRRO) VALUES ('430.577.125-29', 'Cliente 0121', 'cliente0121@gmail.com', 285, 'Rua 92', 'Num 303', 'Cidade 66', 'Estado 59', 'Bairro 50');
INSERT INTO CLIENTE (CPF, NOME, EMAIL, PONTOS_CRM, RUA, NUM, CIDADE, ESTADO, BAIRRO) VALUES ('717.605.667-77', 'Cliente 0122', 'cliente0122@gmail.com', 695, 'Rua 27', 'Num 478', 'Cidade 76', 'Estado 62', 'Bairro 47');
INSERT INTO CLIENTE (CPF, NOME, EMAIL, PONTOS_CRM, RUA, NUM, CIDADE, ESTADO, BAIRRO) VALUES ('462.477.750-95', 'Cliente 0123', 'cliente0123@gmail.com', 1561, 'Rua 48', 'Num 421', 'Cidade 28', 'Estado 13', 'Bairro 88');
INSERT INTO CLIENTE (CPF, NOME, EMAIL, PONTOS_CRM, RUA, NUM, CIDADE, ESTADO, BAIRRO) VALUES ('180.507.306-29', 'Cliente 0124', 'cliente0124@gmail.com', 1044, 'Rua 59', 'Num 367', 'Cidade 87', 'Estado 67', 'Bairro 81');
INSERT INTO CLIENTE (CPF, NOME, EMAIL, PONTOS_CRM, RUA, NUM, CIDADE, ESTADO, BAIRRO) VALUES ('792.799.472-21', 'Cliente 0125', 'cliente0125@gmail.com', 1979, 'Rua 45', 'Num 311', 'Cidade 55', 'Estado 47', 'Bairro 45');
INSERT INTO CLIENTE (CPF, NOME, EMAIL, PONTOS_CRM, RUA, NUM, CIDADE, ESTADO, BAIRRO) VALUES ('292.839.896-53', 'Cliente 0126', 'cliente0126@gmail.com', 1918, 'Rua 99', 'Num 278', 'Cidade 97', 'Estado 92', 'Bairro 22');
INSERT INTO CLIENTE (CPF, NOME, EMAIL, PONTOS_CRM, RUA, NUM, CIDADE, ESTADO, BAIRRO) VALUES ('780.571.645-11', 'Cliente 0127', 'cliente0127@gmail.com', 1514, 'Rua 79', 'Num 904', 'Cidade 14', 'Estado 80', 'Bairro 13');
INSERT INTO CLIENTE (CPF, NOME, EMAIL, PONTOS_CRM, RUA, NUM, CIDADE, ESTADO, BAIRRO) VALUES ('623.311.853-69', 'Cliente 0128', 'cliente0128@gmail.com', 940, 'Rua 29', 'Num 176', 'Cidade 58', 'Estado 75', 'Bairro 58');
INSERT INTO CLIENTE (CPF, NOME, EMAIL, PONTOS_CRM, RUA, NUM, CIDADE, ESTADO, BAIRRO) VALUES ('276.170.773-14', 'Cliente 0129', 'cliente0129@gmail.com', 1423, 'Rua 67', 'Num 245', 'Cidade 79', 'Estado 95', 'Bairro 60');
INSERT INTO CLIENTE (CPF, NOME, EMAIL, PONTOS_CRM, RUA, NUM, CIDADE, ESTADO, BAIRRO) VALUES ('495.940.578-83', 'Cliente 0130', 'cliente0130@gmail.com', 895, 'Rua 88', 'Num 815', 'Cidade 64', 'Estado 49', 'Bairro 13');
INSERT INTO CLIENTE (CPF, NOME, EMAIL, PONTOS_CRM, RUA, NUM, CIDADE, ESTADO, BAIRRO) VALUES ('548.836.435-56', 'Cliente 0131', 'cliente0131@gmail.com', 1755, 'Rua 65', 'Num 422', 'Cidade 22', 'Estado 22', 'Bairro 54');
INSERT INTO CLIENTE (CPF, NOME, EMAIL, PONTOS_CRM, RUA, NUM, CIDADE, ESTADO, BAIRRO) VALUES ('833.228.619-20', 'Cliente 0132', 'cliente0132@gmail.com', 1215, 'Rua 61', 'Num 704', 'Cidade 69', 'Estado 70', 'Bairro 33');
INSERT INTO CLIENTE (CPF, NOME, EMAIL, PONTOS_CRM, RUA, NUM, CIDADE, ESTADO, BAIRRO) VALUES ('880.783.793-65', 'Cliente 0133', 'cliente0133@gmail.com', 1105, 'Rua 63', 'Num 459', 'Cidade 85', 'Estado 20', 'Bairro 53');
INSERT INTO CLIENTE (CPF, NOME, EMAIL, PONTOS_CRM, RUA, NUM, CIDADE, ESTADO, BAIRRO) VALUES ('865.552.369-40', 'Cliente 0134', 'cliente0134@gmail.com', 1350, 'Rua 49', 'Num 324', 'Cidade 25', 'Estado 95', 'Bairro 38');
INSERT INTO CLIENTE (CPF, NOME, EMAIL, PONTOS_CRM, RUA, NUM, CIDADE, ESTADO, BAIRRO) VALUES ('348.909.336-93', 'Cliente 0135', 'cliente0135@gmail.com', 374, 'Rua 88', 'Num 226', 'Cidade 82', 'Estado 69', 'Bairro 26');
INSERT INTO CLIENTE (CPF, NOME, EMAIL, PONTOS_CRM, RUA, NUM, CIDADE, ESTADO, BAIRRO) VALUES ('493.452.282-39', 'Cliente 0136', 'cliente0136@gmail.com', 1416, 'Rua 32', 'Num 183', 'Cidade 41', 'Estado 68', 'Bairro 11');
INSERT INTO CLIENTE (CPF, NOME, EMAIL, PONTOS_CRM, RUA, NUM, CIDADE, ESTADO, BAIRRO) VALUES ('967.289.446-62', 'Cliente 0137', 'cliente0137@gmail.com', 1065, 'Rua 96', 'Num 731', 'Cidade 66', 'Estado 79', 'Bairro 85');
INSERT INTO CLIENTE (CPF, NOME, EMAIL, PONTOS_CRM, RUA, NUM, CIDADE, ESTADO, BAIRRO) VALUES ('851.509.170-60', 'Cliente 0138', 'cliente0138@gmail.com', 1663, 'Rua 64', 'Num 615', 'Cidade 19', 'Estado 82', 'Bairro 77');
INSERT INTO CLIENTE (CPF, NOME, EMAIL, PONTOS_CRM, RUA, NUM, CIDADE, ESTADO, BAIRRO) VALUES ('232.886.654-76', 'Cliente 0139', 'cliente0139@gmail.com', 1353, 'Rua 35', 'Num 148', 'Cidade 44', 'Estado 38', 'Bairro 29');
INSERT INTO CLIENTE (CPF, NOME, EMAIL, PONTOS_CRM, RUA, NUM, CIDADE, ESTADO, BAIRRO) VALUES ('886.244.255-70', 'Cliente 0140', 'cliente0140@gmail.com', 1306, 'Rua 90', 'Num 266', 'Cidade 31', 'Estado 73', 'Bairro 88');
INSERT INTO CLIENTE (CPF, NOME, EMAIL, PONTOS_CRM, RUA, NUM, CIDADE, ESTADO, BAIRRO) VALUES ('548.404.295-71', 'Cliente 0141', 'cliente0141@gmail.com', 1975, 'Rua 11', 'Num 614', 'Cidade 33', 'Estado 32', 'Bairro 21');
INSERT INTO CLIENTE (CPF, NOME, EMAIL, PONTOS_CRM, RUA, NUM, CIDADE, ESTADO, BAIRRO) VALUES ('253.447.647-13', 'Cliente 0142', 'cliente0142@gmail.com', 825, 'Rua 94', 'Num 579', 'Cidade 62', 'Estado 45', 'Bairro 23');
INSERT INTO CLIENTE (CPF, NOME, EMAIL, PONTOS_CRM, RUA, NUM, CIDADE, ESTADO, BAIRRO) VALUES ('513.185.268-57', 'Cliente 0143', 'cliente0143@gmail.com', 1677, 'Rua 46', 'Num 708', 'Cidade 37', 'Estado 24', 'Bairro 89');
INSERT INTO CLIENTE (CPF, NOME, EMAIL, PONTOS_CRM, RUA, NUM, CIDADE, ESTADO, BAIRRO) VALUES ('239.250.347-74', 'Cliente 0144', 'cliente0144@gmail.com', 911, 'Rua 76', 'Num 403', 'Cidade 36', 'Estado 54', 'Bairro 11');
INSERT INTO CLIENTE (CPF, NOME, EMAIL, PONTOS_CRM, RUA, NUM, CIDADE, ESTADO, BAIRRO) VALUES ('911.900.286-39', 'Cliente 0145', 'cliente0145@gmail.com', 962, 'Rua 54', 'Num 376', 'Cidade 56', 'Estado 93', 'Bairro 73');
INSERT INTO CLIENTE (CPF, NOME, EMAIL, PONTOS_CRM, RUA, NUM, CIDADE, ESTADO, BAIRRO) VALUES ('328.531.493-12', 'Cliente 0146', 'cliente0146@gmail.com', 1768, 'Rua 24', 'Num 941', 'Cidade 22', 'Estado 50', 'Bairro 25');
INSERT INTO CLIENTE (CPF, NOME, EMAIL, PONTOS_CRM, RUA, NUM, CIDADE, ESTADO, BAIRRO) VALUES ('802.917.995-30', 'Cliente 0147', 'cliente0147@gmail.com', 1993, 'Rua 49', 'Num 360', 'Cidade 37', 'Estado 67', 'Bairro 72');
INSERT INTO CLIENTE (CPF, NOME, EMAIL, PONTOS_CRM, RUA, NUM, CIDADE, ESTADO, BAIRRO) VALUES ('674.868.966-98', 'Cliente 0148', 'cliente0148@gmail.com', 2000, 'Rua 84', 'Num 968', 'Cidade 50', 'Estado 95', 'Bairro 51');
INSERT INTO CLIENTE (CPF, NOME, EMAIL, PONTOS_CRM, RUA, NUM, CIDADE, ESTADO, BAIRRO) VALUES ('502.149.957-81', 'Cliente 0149', 'cliente0149@gmail.com', 1144, 'Rua 54', 'Num 990', 'Cidade 15', 'Estado 10', 'Bairro 23');
INSERT INTO CLIENTE (CPF, NOME, EMAIL, PONTOS_CRM, RUA, NUM, CIDADE, ESTADO, BAIRRO) VALUES ('148.466.975-97', 'Cliente 0150', 'cliente0150@gmail.com', 81, 'Rua 15', 'Num 838', 'Cidade 85', 'Estado 95', 'Bairro 89');
INSERT INTO CLIENTE (CPF, NOME, EMAIL, PONTOS_CRM, RUA, NUM, CIDADE, ESTADO, BAIRRO) VALUES ('946.526.325-46', 'Cliente 0151', 'cliente0151@gmail.com', 504, 'Rua 97', 'Num 140', 'Cidade 61', 'Estado 63', 'Bairro 26');
INSERT INTO CLIENTE (CPF, NOME, EMAIL, PONTOS_CRM, RUA, NUM, CIDADE, ESTADO, BAIRRO) VALUES ('192.711.929-20', 'Cliente 0152', 'cliente0152@gmail.com', 448, 'Rua 63', 'Num 419', 'Cidade 97', 'Estado 82', 'Bairro 40');
INSERT INTO CLIENTE (CPF, NOME, EMAIL, PONTOS_CRM, RUA, NUM, CIDADE, ESTADO, BAIRRO) VALUES ('164.625.180-87', 'Cliente 0153', 'cliente0153@gmail.com', 1391, 'Rua 49', 'Num 273', 'Cidade 31', 'Estado 33', 'Bairro 53');
INSERT INTO CLIENTE (CPF, NOME, EMAIL, PONTOS_CRM, RUA, NUM, CIDADE, ESTADO, BAIRRO) VALUES ('866.892.623-94', 'Cliente 0154', 'cliente0154@gmail.com', 235, 'Rua 60', 'Num 736', 'Cidade 25', 'Estado 23', 'Bairro 84');
INSERT INTO CLIENTE (CPF, NOME, EMAIL, PONTOS_CRM, RUA, NUM, CIDADE, ESTADO, BAIRRO) VALUES ('823.295.579-60', 'Cliente 0155', 'cliente0155@gmail.com', 1265, 'Rua 29', 'Num 409', 'Cidade 45', 'Estado 66', 'Bairro 38');
INSERT INTO CLIENTE (CPF, NOME, EMAIL, PONTOS_CRM, RUA, NUM, CIDADE, ESTADO, BAIRRO) VALUES ('450.748.582-27', 'Cliente 0156', 'cliente0156@gmail.com', 1841, 'Rua 68', 'Num 415', 'Cidade 15', 'Estado 87', 'Bairro 94');
INSERT INTO CLIENTE (CPF, NOME, EMAIL, PONTOS_CRM, RUA, NUM, CIDADE, ESTADO, BAIRRO) VALUES ('902.439.816-38', 'Cliente 0157', 'cliente0157@gmail.com', 1603, 'Rua 10', 'Num 830', 'Cidade 89', 'Estado 91', 'Bairro 36');
INSERT INTO CLIENTE (CPF, NOME, EMAIL, PONTOS_CRM, RUA, NUM, CIDADE, ESTADO, BAIRRO) VALUES ('666.657.575-68', 'Cliente 0158', 'cliente0158@gmail.com', 789, 'Rua 80', 'Num 769', 'Cidade 57', 'Estado 50', 'Bairro 24');
INSERT INTO CLIENTE (CPF, NOME, EMAIL, PONTOS_CRM, RUA, NUM, CIDADE, ESTADO, BAIRRO) VALUES ('843.285.874-20', 'Cliente 0159', 'cliente0159@gmail.com', 1925, 'Rua 39', 'Num 72', 'Cidade 49', 'Estado 43', 'Bairro 75');
INSERT INTO CLIENTE (CPF, NOME, EMAIL, PONTOS_CRM, RUA, NUM, CIDADE, ESTADO, BAIRRO) VALUES ('735.333.134-88', 'Cliente 0160', 'cliente0160@gmail.com', 111, 'Rua 28', 'Num 732', 'Cidade 84', 'Estado 64', 'Bairro 49');
INSERT INTO CLIENTE (CPF, NOME, EMAIL, PONTOS_CRM, RUA, NUM, CIDADE, ESTADO, BAIRRO) VALUES ('677.786.360-67', 'Cliente 0161', 'cliente0161@gmail.com', 136, 'Rua 54', 'Num 672', 'Cidade 65', 'Estado 72', 'Bairro 65');
INSERT INTO CLIENTE (CPF, NOME, EMAIL, PONTOS_CRM, RUA, NUM, CIDADE, ESTADO, BAIRRO) VALUES ('650.374.367-32', 'Cliente 0162', 'cliente0162@gmail.com', 827, 'Rua 43', 'Num 475', 'Cidade 26', 'Estado 13', 'Bairro 17');
INSERT INTO CLIENTE (CPF, NOME, EMAIL, PONTOS_CRM, RUA, NUM, CIDADE, ESTADO, BAIRRO) VALUES ('212.372.218-58', 'Cliente 0163', 'cliente0163@gmail.com', 1421, 'Rua 10', 'Num 694', 'Cidade 60', 'Estado 56', 'Bairro 50');
INSERT INTO CLIENTE (CPF, NOME, EMAIL, PONTOS_CRM, RUA, NUM, CIDADE, ESTADO, BAIRRO) VALUES ('137.904.448-17', 'Cliente 0164', 'cliente0164@gmail.com', 1159, 'Rua 81', 'Num 780', 'Cidade 16', 'Estado 59', 'Bairro 98');
INSERT INTO CLIENTE (CPF, NOME, EMAIL, PONTOS_CRM, RUA, NUM, CIDADE, ESTADO, BAIRRO) VALUES ('151.406.854-96', 'Cliente 0165', 'cliente0165@gmail.com', 1849, 'Rua 59', 'Num 665', 'Cidade 97', 'Estado 80', 'Bairro 65');
INSERT INTO CLIENTE (CPF, NOME, EMAIL, PONTOS_CRM, RUA, NUM, CIDADE, ESTADO, BAIRRO) VALUES ('290.453.869-51', 'Cliente 0166', 'cliente0166@gmail.com', 1693, 'Rua 92', 'Num 96', 'Cidade 77', 'Estado 76', 'Bairro 86');
INSERT INTO CLIENTE (CPF, NOME, EMAIL, PONTOS_CRM, RUA, NUM, CIDADE, ESTADO, BAIRRO) VALUES ('178.104.821-41', 'Cliente 0167', 'cliente0167@gmail.com', 1039, 'Rua 35', 'Num 138', 'Cidade 65', 'Estado 14', 'Bairro 61');
INSERT INTO CLIENTE (CPF, NOME, EMAIL, PONTOS_CRM, RUA, NUM, CIDADE, ESTADO, BAIRRO) VALUES ('177.592.733-56', 'Cliente 0168', 'cliente0168@gmail.com', 1803, 'Rua 27', 'Num 125', 'Cidade 58', 'Estado 41', 'Bairro 50');
INSERT INTO CLIENTE (CPF, NOME, EMAIL, PONTOS_CRM, RUA, NUM, CIDADE, ESTADO, BAIRRO) VALUES ('842.957.895-15', 'Cliente 0169', 'cliente0169@gmail.com', 164, 'Rua 99', 'Num 686', 'Cidade 45', 'Estado 87', 'Bairro 13');
INSERT INTO CLIENTE (CPF, NOME, EMAIL, PONTOS_CRM, RUA, NUM, CIDADE, ESTADO, BAIRRO) VALUES ('962.222.380-26', 'Cliente 0170', 'cliente0170@gmail.com', 422, 'Rua 35', 'Num 269', 'Cidade 99', 'Estado 43', 'Bairro 10');
INSERT INTO CLIENTE (CPF, NOME, EMAIL, PONTOS_CRM, RUA, NUM, CIDADE, ESTADO, BAIRRO) VALUES ('506.757.409-56', 'Cliente 0171', 'cliente0171@gmail.com', 1177, 'Rua 75', 'Num 630', 'Cidade 79', 'Estado 51', 'Bairro 92');
INSERT INTO CLIENTE (CPF, NOME, EMAIL, PONTOS_CRM, RUA, NUM, CIDADE, ESTADO, BAIRRO) VALUES ('554.500.696-37', 'Cliente 0172', 'cliente0172@gmail.com', 1658, 'Rua 86', 'Num 354', 'Cidade 38', 'Estado 72', 'Bairro 16');
INSERT INTO CLIENTE (CPF, NOME, EMAIL, PONTOS_CRM, RUA, NUM, CIDADE, ESTADO, BAIRRO) VALUES ('711.610.335-52', 'Cliente 0173', 'cliente0173@gmail.com', 1847, 'Rua 16', 'Num 240', 'Cidade 86', 'Estado 31', 'Bairro 31');
INSERT INTO CLIENTE (CPF, NOME, EMAIL, PONTOS_CRM, RUA, NUM, CIDADE, ESTADO, BAIRRO) VALUES ('240.255.703-69', 'Cliente 0174', 'cliente0174@gmail.com', 1762, 'Rua 51', 'Num 115', 'Cidade 60', 'Estado 76', 'Bairro 69');
INSERT INTO CLIENTE (CPF, NOME, EMAIL, PONTOS_CRM, RUA, NUM, CIDADE, ESTADO, BAIRRO) VALUES ('181.158.990-67', 'Cliente 0175', 'cliente0175@gmail.com', 1009, 'Rua 35', 'Num 503', 'Cidade 67', 'Estado 40', 'Bairro 49');
INSERT INTO CLIENTE (CPF, NOME, EMAIL, PONTOS_CRM, RUA, NUM, CIDADE, ESTADO, BAIRRO) VALUES ('832.646.769-57', 'Cliente 0176', 'cliente0176@gmail.com', 1830, 'Rua 71', 'Num 131', 'Cidade 37', 'Estado 16', 'Bairro 93');
INSERT INTO CLIENTE (CPF, NOME, EMAIL, PONTOS_CRM, RUA, NUM, CIDADE, ESTADO, BAIRRO) VALUES ('513.525.838-92', 'Cliente 0177', 'cliente0177@gmail.com', 333, 'Rua 22', 'Num 545', 'Cidade 56', 'Estado 66', 'Bairro 10');
INSERT INTO CLIENTE (CPF, NOME, EMAIL, PONTOS_CRM, RUA, NUM, CIDADE, ESTADO, BAIRRO) VALUES ('854.294.966-34', 'Cliente 0178', 'cliente0178@gmail.com', 1308, 'Rua 49', 'Num 900', 'Cidade 40', 'Estado 20', 'Bairro 36');
INSERT INTO CLIENTE (CPF, NOME, EMAIL, PONTOS_CRM, RUA, NUM, CIDADE, ESTADO, BAIRRO) VALUES ('478.295.544-38', 'Cliente 0179', 'cliente0179@gmail.com', 1547, 'Rua 20', 'Num 576', 'Cidade 59', 'Estado 32', 'Bairro 85');
INSERT INTO CLIENTE (CPF, NOME, EMAIL, PONTOS_CRM, RUA, NUM, CIDADE, ESTADO, BAIRRO) VALUES ('556.180.694-55', 'Cliente 0180', 'cliente0180@gmail.com', 1850, 'Rua 36', 'Num 797', 'Cidade 96', 'Estado 35', 'Bairro 15');
INSERT INTO CLIENTE (CPF, NOME, EMAIL, PONTOS_CRM, RUA, NUM, CIDADE, ESTADO, BAIRRO) VALUES ('510.175.115-91', 'Cliente 0181', 'cliente0181@gmail.com', 480, 'Rua 58', 'Num 960', 'Cidade 67', 'Estado 99', 'Bairro 13');
INSERT INTO CLIENTE (CPF, NOME, EMAIL, PONTOS_CRM, RUA, NUM, CIDADE, ESTADO, BAIRRO) VALUES ('877.813.702-23', 'Cliente 0182', 'cliente0182@gmail.com', 1243, 'Rua 58', 'Num 466', 'Cidade 96', 'Estado 81', 'Bairro 79');
INSERT INTO CLIENTE (CPF, NOME, EMAIL, PONTOS_CRM, RUA, NUM, CIDADE, ESTADO, BAIRRO) VALUES ('213.754.171-65', 'Cliente 0183', 'cliente0183@gmail.com', 1724, 'Rua 21', 'Num 700', 'Cidade 21', 'Estado 62', 'Bairro 81');
INSERT INTO CLIENTE (CPF, NOME, EMAIL, PONTOS_CRM, RUA, NUM, CIDADE, ESTADO, BAIRRO) VALUES ('649.315.322-55', 'Cliente 0184', 'cliente0184@gmail.com', 1187, 'Rua 29', 'Num 726', 'Cidade 16', 'Estado 36', 'Bairro 10');
INSERT INTO CLIENTE (CPF, NOME, EMAIL, PONTOS_CRM, RUA, NUM, CIDADE, ESTADO, BAIRRO) VALUES ('391.608.720-38', 'Cliente 0185', 'cliente0185@gmail.com', 297, 'Rua 52', 'Num 12', 'Cidade 92', 'Estado 61', 'Bairro 92');
INSERT INTO CLIENTE (CPF, NOME, EMAIL, PONTOS_CRM, RUA, NUM, CIDADE, ESTADO, BAIRRO) VALUES ('805.714.483-28', 'Cliente 0186', 'cliente0186@gmail.com', 1158, 'Rua 17', 'Num 486', 'Cidade 14', 'Estado 41', 'Bairro 26');
INSERT INTO CLIENTE (CPF, NOME, EMAIL, PONTOS_CRM, RUA, NUM, CIDADE, ESTADO, BAIRRO) VALUES ('754.720.328-99', 'Cliente 0187', 'cliente0187@gmail.com', 1319, 'Rua 78', 'Num 220', 'Cidade 21', 'Estado 69', 'Bairro 79');
INSERT INTO CLIENTE (CPF, NOME, EMAIL, PONTOS_CRM, RUA, NUM, CIDADE, ESTADO, BAIRRO) VALUES ('445.980.956-64', 'Cliente 0188', 'cliente0188@gmail.com', 1845, 'Rua 33', 'Num 658', 'Cidade 15', 'Estado 58', 'Bairro 34');
INSERT INTO CLIENTE (CPF, NOME, EMAIL, PONTOS_CRM, RUA, NUM, CIDADE, ESTADO, BAIRRO) VALUES ('705.371.685-91', 'Cliente 0189', 'cliente0189@gmail.com', 665, 'Rua 81', 'Num 22', 'Cidade 33', 'Estado 99', 'Bairro 89');
INSERT INTO CLIENTE (CPF, NOME, EMAIL, PONTOS_CRM, RUA, NUM, CIDADE, ESTADO, BAIRRO) VALUES ('305.546.630-42', 'Cliente 0190', 'cliente0190@gmail.com', 1113, 'Rua 82', 'Num 238', 'Cidade 53', 'Estado 66', 'Bairro 100');
INSERT INTO CLIENTE (CPF, NOME, EMAIL, PONTOS_CRM, RUA, NUM, CIDADE, ESTADO, BAIRRO) VALUES ('800.758.658-36', 'Cliente 0191', 'cliente0191@gmail.com', 175, 'Rua 92', 'Num 227', 'Cidade 23', 'Estado 87', 'Bairro 35');
INSERT INTO CLIENTE (CPF, NOME, EMAIL, PONTOS_CRM, RUA, NUM, CIDADE, ESTADO, BAIRRO) VALUES ('657.604.322-44', 'Cliente 0192', 'cliente0192@gmail.com', 1707, 'Rua 37', 'Num 290', 'Cidade 98', 'Estado 32', 'Bairro 61');
INSERT INTO CLIENTE (CPF, NOME, EMAIL, PONTOS_CRM, RUA, NUM, CIDADE, ESTADO, BAIRRO) VALUES ('949.775.956-92', 'Cliente 0193', 'cliente0193@gmail.com', 979, 'Rua 61', 'Num 708', 'Cidade 97', 'Estado 66', 'Bairro 20');
INSERT INTO CLIENTE (CPF, NOME, EMAIL, PONTOS_CRM, RUA, NUM, CIDADE, ESTADO, BAIRRO) VALUES ('735.416.775-58', 'Cliente 0194', 'cliente0194@gmail.com', 1889, 'Rua 48', 'Num 683', 'Cidade 68', 'Estado 89', 'Bairro 25');
INSERT INTO CLIENTE (CPF, NOME, EMAIL, PONTOS_CRM, RUA, NUM, CIDADE, ESTADO, BAIRRO) VALUES ('601.606.617-70', 'Cliente 0195', 'cliente0195@gmail.com', 419, 'Rua 40', 'Num 893', 'Cidade 24', 'Estado 92', 'Bairro 50');
INSERT INTO CLIENTE (CPF, NOME, EMAIL, PONTOS_CRM, RUA, NUM, CIDADE, ESTADO, BAIRRO) VALUES ('219.963.862-15', 'Cliente 0196', 'cliente0196@gmail.com', 705, 'Rua 38', 'Num 674', 'Cidade 11', 'Estado 76', 'Bairro 66');
INSERT INTO CLIENTE (CPF, NOME, EMAIL, PONTOS_CRM, RUA, NUM, CIDADE, ESTADO, BAIRRO) VALUES ('960.350.526-50', 'Cliente 0197', 'cliente0197@gmail.com', 951, 'Rua 34', 'Num 603', 'Cidade 16', 'Estado 29', 'Bairro 29');
INSERT INTO CLIENTE (CPF, NOME, EMAIL, PONTOS_CRM, RUA, NUM, CIDADE, ESTADO, BAIRRO) VALUES ('848.193.513-50', 'Cliente 0198', 'cliente0198@gmail.com', 1789, 'Rua 92', 'Num 524', 'Cidade 82', 'Estado 17', 'Bairro 28');
INSERT INTO CLIENTE (CPF, NOME, EMAIL, PONTOS_CRM, RUA, NUM, CIDADE, ESTADO, BAIRRO) VALUES ('525.597.710-79', 'Cliente 0199', 'cliente0199@gmail.com', 1494, 'Rua 53', 'Num 284', 'Cidade 55', 'Estado 96', 'Bairro 42');


------ TELEFONE_CLIENTE ------

INSERT INTO TELEFONE_CLIENTE (CPF_CLIENTE, TELEFONE) VALUES ('827.407.251-97', '(55) 94914-6706');
INSERT INTO TELEFONE_CLIENTE (CPF_CLIENTE, TELEFONE) VALUES ('385.469.965-68', '(85) 94755-3648');
INSERT INTO TELEFONE_CLIENTE (CPF_CLIENTE, TELEFONE) VALUES ('864.734.871-16', '(57) 99195-4116');
INSERT INTO TELEFONE_CLIENTE (CPF_CLIENTE, TELEFONE) VALUES ('445.980.956-64', '(21) 97566-5319');
INSERT INTO TELEFONE_CLIENTE (CPF_CLIENTE, TELEFONE) VALUES ('649.315.322-55', '(52) 99604-6954');
INSERT INTO TELEFONE_CLIENTE (CPF_CLIENTE, TELEFONE) VALUES ('764.460.335-73', '(92) 91258-3685');
INSERT INTO TELEFONE_CLIENTE (CPF_CLIENTE, TELEFONE) VALUES ('522.580.730-19', '(33) 95329-2163');
INSERT INTO TELEFONE_CLIENTE (CPF_CLIENTE, TELEFONE) VALUES ('843.666.601-81', '(42) 90646-6279');
INSERT INTO TELEFONE_CLIENTE (CPF_CLIENTE, TELEFONE) VALUES ('842.957.895-15', '(84) 94081-9487');
INSERT INTO TELEFONE_CLIENTE (CPF_CLIENTE, TELEFONE) VALUES ('501.554.878-54', '(27) 97174-9158');
INSERT INTO TELEFONE_CLIENTE (CPF_CLIENTE, TELEFONE) VALUES ('495.940.578-83', '(55) 95882-1377');
INSERT INTO TELEFONE_CLIENTE (CPF_CLIENTE, TELEFONE) VALUES ('865.552.369-40', '(32) 90754-4115');
INSERT INTO TELEFONE_CLIENTE (CPF_CLIENTE, TELEFONE) VALUES ('843.666.601-81', '(66) 98129-2214');
INSERT INTO TELEFONE_CLIENTE (CPF_CLIENTE, TELEFONE) VALUES ('525.597.710-79', '(38) 99789-4544');
INSERT INTO TELEFONE_CLIENTE (CPF_CLIENTE, TELEFONE) VALUES ('348.909.336-93', '(86) 91000-8997');
INSERT INTO TELEFONE_CLIENTE (CPF_CLIENTE, TELEFONE) VALUES ('600.728.786-85', '(57) 93601-3849');
INSERT INTO TELEFONE_CLIENTE (CPF_CLIENTE, TELEFONE) VALUES ('887.102.857-27', '(75) 92019-9244');
INSERT INTO TELEFONE_CLIENTE (CPF_CLIENTE, TELEFONE) VALUES ('211.315.554-10', '(51) 98807-3648');
INSERT INTO TELEFONE_CLIENTE (CPF_CLIENTE, TELEFONE) VALUES ('192.711.929-20', '(97) 96225-4371');
INSERT INTO TELEFONE_CLIENTE (CPF_CLIENTE, TELEFONE) VALUES ('843.285.874-20', '(90) 96184-6361');
INSERT INTO TELEFONE_CLIENTE (CPF_CLIENTE, TELEFONE) VALUES ('865.552.369-40', '(39) 93996-4287');
INSERT INTO TELEFONE_CLIENTE (CPF_CLIENTE, TELEFONE) VALUES ('754.720.328-99', '(32) 95871-4094');
INSERT INTO TELEFONE_CLIENTE (CPF_CLIENTE, TELEFONE) VALUES ('908.878.809-99', '(99) 99328-3585');
INSERT INTO TELEFONE_CLIENTE (CPF_CLIENTE, TELEFONE) VALUES ('229.711.886-94', '(88) 91230-4969');
INSERT INTO TELEFONE_CLIENTE (CPF_CLIENTE, TELEFONE) VALUES ('242.493.945-86', '(95) 92069-3919');
INSERT INTO TELEFONE_CLIENTE (CPF_CLIENTE, TELEFONE) VALUES ('705.371.685-91', '(35) 92404-5341');
INSERT INTO TELEFONE_CLIENTE (CPF_CLIENTE, TELEFONE) VALUES ('989.796.553-83', '(82) 91048-4948');
INSERT INTO TELEFONE_CLIENTE (CPF_CLIENTE, TELEFONE) VALUES ('600.715.160-45', '(38) 97804-4421');
INSERT INTO TELEFONE_CLIENTE (CPF_CLIENTE, TELEFONE) VALUES ('671.799.715-35', '(42) 94526-2956');
INSERT INTO TELEFONE_CLIENTE (CPF_CLIENTE, TELEFONE) VALUES ('962.396.834-43', '(24) 92113-8139');
INSERT INTO TELEFONE_CLIENTE (CPF_CLIENTE, TELEFONE) VALUES ('501.554.878-54', '(74) 95910-9336');
INSERT INTO TELEFONE_CLIENTE (CPF_CLIENTE, TELEFONE) VALUES ('896.654.350-27', '(70) 97029-9318');
INSERT INTO TELEFONE_CLIENTE (CPF_CLIENTE, TELEFONE) VALUES ('256.773.584-82', '(18) 98890-5623');
INSERT INTO TELEFONE_CLIENTE (CPF_CLIENTE, TELEFONE) VALUES ('600.715.160-45', '(15) 97621-2514');
INSERT INTO TELEFONE_CLIENTE (CPF_CLIENTE, TELEFONE) VALUES ('911.294.522-97', '(43) 99245-4249');
INSERT INTO TELEFONE_CLIENTE (CPF_CLIENTE, TELEFONE) VALUES ('276.170.773-14', '(11) 95466-3991');
INSERT INTO TELEFONE_CLIENTE (CPF_CLIENTE, TELEFONE) VALUES ('866.892.623-94', '(54) 93012-2140');
INSERT INTO TELEFONE_CLIENTE (CPF_CLIENTE, TELEFONE) VALUES ('842.957.895-15', '(94) 97476-6189');
INSERT INTO TELEFONE_CLIENTE (CPF_CLIENTE, TELEFONE) VALUES ('911.294.522-97', '(21) 90004-3511');
INSERT INTO TELEFONE_CLIENTE (CPF_CLIENTE, TELEFONE) VALUES ('364.454.161-51', '(71) 93935-7019');
INSERT INTO TELEFONE_CLIENTE (CPF_CLIENTE, TELEFONE) VALUES ('430.577.125-29', '(16) 91492-3384');
INSERT INTO TELEFONE_CLIENTE (CPF_CLIENTE, TELEFONE) VALUES ('992.236.898-39', '(76) 94523-2396');
INSERT INTO TELEFONE_CLIENTE (CPF_CLIENTE, TELEFONE) VALUES ('404.723.881-29', '(56) 96169-9573');
INSERT INTO TELEFONE_CLIENTE (CPF_CLIENTE, TELEFONE) VALUES ('208.478.180-66', '(93) 90811-9991');
INSERT INTO TELEFONE_CLIENTE (CPF_CLIENTE, TELEFONE) VALUES ('356.702.610-67', '(10) 98007-5404');
INSERT INTO TELEFONE_CLIENTE (CPF_CLIENTE, TELEFONE) VALUES ('181.158.990-67', '(58) 97438-4645');
INSERT INTO TELEFONE_CLIENTE (CPF_CLIENTE, TELEFONE) VALUES ('181.457.680-22', '(14) 96792-1463');
INSERT INTO TELEFONE_CLIENTE (CPF_CLIENTE, TELEFONE) VALUES ('219.963.862-15', '(57) 98719-8571');
INSERT INTO TELEFONE_CLIENTE (CPF_CLIENTE, TELEFONE) VALUES ('748.187.553-52', '(52) 95187-1930');
INSERT INTO TELEFONE_CLIENTE (CPF_CLIENTE, TELEFONE) VALUES ('159.501.867-38', '(12) 97160-2055');
INSERT INTO TELEFONE_CLIENTE (CPF_CLIENTE, TELEFONE) VALUES ('935.880.805-66', '(52) 94722-5996');
INSERT INTO TELEFONE_CLIENTE (CPF_CLIENTE, TELEFONE) VALUES ('462.477.750-95', '(19) 99402-9567');
INSERT INTO TELEFONE_CLIENTE (CPF_CLIENTE, TELEFONE) VALUES ('564.786.773-93', '(45) 98942-1671');
INSERT INTO TELEFONE_CLIENTE (CPF_CLIENTE, TELEFONE) VALUES ('184.457.466-25', '(14) 98324-1655');
INSERT INTO TELEFONE_CLIENTE (CPF_CLIENTE, TELEFONE) VALUES ('674.868.966-98', '(10) 96617-9668');
INSERT INTO TELEFONE_CLIENTE (CPF_CLIENTE, TELEFONE) VALUES ('823.295.579-60', '(45) 95155-9387');
INSERT INTO TELEFONE_CLIENTE (CPF_CLIENTE, TELEFONE) VALUES ('523.569.345-65', '(86) 90650-2176');
INSERT INTO TELEFONE_CLIENTE (CPF_CLIENTE, TELEFONE) VALUES ('812.131.675-60', '(72) 91123-7832');
INSERT INTO TELEFONE_CLIENTE (CPF_CLIENTE, TELEFONE) VALUES ('886.244.255-70', '(39) 99167-9954');
INSERT INTO TELEFONE_CLIENTE (CPF_CLIENTE, TELEFONE) VALUES ('324.262.664-68', '(26) 94696-5482');
INSERT INTO TELEFONE_CLIENTE (CPF_CLIENTE, TELEFONE) VALUES ('735.416.775-58', '(80) 96655-8492');
INSERT INTO TELEFONE_CLIENTE (CPF_CLIENTE, TELEFONE) VALUES ('192.711.929-20', '(82) 92142-4751');
INSERT INTO TELEFONE_CLIENTE (CPF_CLIENTE, TELEFONE) VALUES ('717.605.667-77', '(88) 95848-3138');
INSERT INTO TELEFONE_CLIENTE (CPF_CLIENTE, TELEFONE) VALUES ('902.199.537-79', '(68) 96181-9984');
INSERT INTO TELEFONE_CLIENTE (CPF_CLIENTE, TELEFONE) VALUES ('460.314.834-91', '(10) 93216-9348');
INSERT INTO TELEFONE_CLIENTE (CPF_CLIENTE, TELEFONE) VALUES ('231.503.230-65', '(45) 91108-8915');
INSERT INTO TELEFONE_CLIENTE (CPF_CLIENTE, TELEFONE) VALUES ('414.342.139-15', '(81) 93491-2563');
INSERT INTO TELEFONE_CLIENTE (CPF_CLIENTE, TELEFONE) VALUES ('674.868.966-98', '(67) 93033-2183');
INSERT INTO TELEFONE_CLIENTE (CPF_CLIENTE, TELEFONE) VALUES ('493.452.282-39', '(65) 94579-3001');
INSERT INTO TELEFONE_CLIENTE (CPF_CLIENTE, TELEFONE) VALUES ('267.330.735-16', '(84) 98735-5559');
INSERT INTO TELEFONE_CLIENTE (CPF_CLIENTE, TELEFONE) VALUES ('449.900.175-40', '(94) 91247-5925');
INSERT INTO TELEFONE_CLIENTE (CPF_CLIENTE, TELEFONE) VALUES ('391.608.720-38', '(61) 96920-8125');
INSERT INTO TELEFONE_CLIENTE (CPF_CLIENTE, TELEFONE) VALUES ('215.357.776-66', '(13) 98503-1887');
INSERT INTO TELEFONE_CLIENTE (CPF_CLIENTE, TELEFONE) VALUES ('597.221.582-15', '(52) 96699-6145');
INSERT INTO TELEFONE_CLIENTE (CPF_CLIENTE, TELEFONE) VALUES ('746.215.206-26', '(56) 90521-1130');
INSERT INTO TELEFONE_CLIENTE (CPF_CLIENTE, TELEFONE) VALUES ('600.728.786-85', '(63) 92713-8433');
INSERT INTO TELEFONE_CLIENTE (CPF_CLIENTE, TELEFONE) VALUES ('240.255.703-69', '(11) 93502-8191');
INSERT INTO TELEFONE_CLIENTE (CPF_CLIENTE, TELEFONE) VALUES ('178.104.821-41', '(34) 96847-1420');
INSERT INTO TELEFONE_CLIENTE (CPF_CLIENTE, TELEFONE) VALUES ('159.501.867-38', '(60) 99430-5265');
INSERT INTO TELEFONE_CLIENTE (CPF_CLIENTE, TELEFONE) VALUES ('880.783.793-65', '(40) 92536-7797');
INSERT INTO TELEFONE_CLIENTE (CPF_CLIENTE, TELEFONE) VALUES ('256.773.584-82', '(25) 91031-2831');
INSERT INTO TELEFONE_CLIENTE (CPF_CLIENTE, TELEFONE) VALUES ('960.350.526-50', '(18) 99688-7631');
INSERT INTO TELEFONE_CLIENTE (CPF_CLIENTE, TELEFONE) VALUES ('211.315.554-10', '(43) 97985-4362');
INSERT INTO TELEFONE_CLIENTE (CPF_CLIENTE, TELEFONE) VALUES ('213.754.171-65', '(30) 93117-8041');
INSERT INTO TELEFONE_CLIENTE (CPF_CLIENTE, TELEFONE) VALUES ('711.610.335-52', '(17) 95442-5001');
INSERT INTO TELEFONE_CLIENTE (CPF_CLIENTE, TELEFONE) VALUES ('391.145.244-56', '(50) 98928-4731');
INSERT INTO TELEFONE_CLIENTE (CPF_CLIENTE, TELEFONE) VALUES ('823.295.579-60', '(31) 93819-5769');
INSERT INTO TELEFONE_CLIENTE (CPF_CLIENTE, TELEFONE) VALUES ('211.315.554-10', '(27) 90611-3912');
INSERT INTO TELEFONE_CLIENTE (CPF_CLIENTE, TELEFONE) VALUES ('446.901.765-99', '(12) 94796-6854');
INSERT INTO TELEFONE_CLIENTE (CPF_CLIENTE, TELEFONE) VALUES ('357.305.796-31', '(39) 94730-9381');
INSERT INTO TELEFONE_CLIENTE (CPF_CLIENTE, TELEFONE) VALUES ('950.357.885-48', '(72) 92750-7693');
INSERT INTO TELEFONE_CLIENTE (CPF_CLIENTE, TELEFONE) VALUES ('450.748.582-27', '(84) 92402-7586');
INSERT INTO TELEFONE_CLIENTE (CPF_CLIENTE, TELEFONE) VALUES ('184.457.466-25', '(42) 96052-8385');
INSERT INTO TELEFONE_CLIENTE (CPF_CLIENTE, TELEFONE) VALUES ('249.611.422-61', '(25) 90227-3161');
INSERT INTO TELEFONE_CLIENTE (CPF_CLIENTE, TELEFONE) VALUES ('994.937.484-13', '(22) 93631-4824');
INSERT INTO TELEFONE_CLIENTE (CPF_CLIENTE, TELEFONE) VALUES ('805.714.483-28', '(25) 91033-8891');
INSERT INTO TELEFONE_CLIENTE (CPF_CLIENTE, TELEFONE) VALUES ('478.295.544-38', '(79) 91571-3340');
INSERT INTO TELEFONE_CLIENTE (CPF_CLIENTE, TELEFONE) VALUES ('747.499.418-84', '(66) 98472-4240');
INSERT INTO TELEFONE_CLIENTE (CPF_CLIENTE, TELEFONE) VALUES ('823.295.579-60', '(29) 96532-1111');
INSERT INTO TELEFONE_CLIENTE (CPF_CLIENTE, TELEFONE) VALUES ('324.262.664-68', '(21) 90807-6473');
INSERT INTO TELEFONE_CLIENTE (CPF_CLIENTE, TELEFONE) VALUES ('391.145.244-56', '(58) 91338-5105');
INSERT INTO TELEFONE_CLIENTE (CPF_CLIENTE, TELEFONE) VALUES ('348.909.336-93', '(87) 97400-6536');
INSERT INTO TELEFONE_CLIENTE (CPF_CLIENTE, TELEFONE) VALUES ('348.909.336-93', '(44) 95166-4083');
INSERT INTO TELEFONE_CLIENTE (CPF_CLIENTE, TELEFONE) VALUES ('842.957.895-15', '(85) 98283-4396');
INSERT INTO TELEFONE_CLIENTE (CPF_CLIENTE, TELEFONE) VALUES ('705.117.228-94', '(40) 90710-6217');
INSERT INTO TELEFONE_CLIENTE (CPF_CLIENTE, TELEFONE) VALUES ('522.580.730-19', '(12) 96403-9098');
INSERT INTO TELEFONE_CLIENTE (CPF_CLIENTE, TELEFONE) VALUES ('649.315.322-55', '(14) 99603-9583');
INSERT INTO TELEFONE_CLIENTE (CPF_CLIENTE, TELEFONE) VALUES ('902.439.816-38', '(89) 91267-9380');
INSERT INTO TELEFONE_CLIENTE (CPF_CLIENTE, TELEFONE) VALUES ('666.657.575-68', '(98) 91491-3059');
INSERT INTO TELEFONE_CLIENTE (CPF_CLIENTE, TELEFONE) VALUES ('522.580.730-19', '(38) 98200-8828');
INSERT INTO TELEFONE_CLIENTE (CPF_CLIENTE, TELEFONE) VALUES ('428.985.391-57', '(55) 93423-2556');
INSERT INTO TELEFONE_CLIENTE (CPF_CLIENTE, TELEFONE) VALUES ('446.901.765-99', '(64) 91454-7053');
INSERT INTO TELEFONE_CLIENTE (CPF_CLIENTE, TELEFONE) VALUES ('600.728.786-85', '(69) 98417-7829');
INSERT INTO TELEFONE_CLIENTE (CPF_CLIENTE, TELEFONE) VALUES ('754.720.328-99', '(35) 93905-2769');
INSERT INTO TELEFONE_CLIENTE (CPF_CLIENTE, TELEFONE) VALUES ('501.543.309-69', '(82) 97617-1842');
INSERT INTO TELEFONE_CLIENTE (CPF_CLIENTE, TELEFONE) VALUES ('805.714.483-28', '(97) 97734-6759');
INSERT INTO TELEFONE_CLIENTE (CPF_CLIENTE, TELEFONE) VALUES ('735.333.134-88', '(93) 96628-1756');
INSERT INTO TELEFONE_CLIENTE (CPF_CLIENTE, TELEFONE) VALUES ('430.577.125-29', '(17) 99930-5266');
INSERT INTO TELEFONE_CLIENTE (CPF_CLIENTE, TELEFONE) VALUES ('275.138.670-67', '(27) 94368-1287');
INSERT INTO TELEFONE_CLIENTE (CPF_CLIENTE, TELEFONE) VALUES ('862.124.920-69', '(82) 90422-5376');
INSERT INTO TELEFONE_CLIENTE (CPF_CLIENTE, TELEFONE) VALUES ('711.610.335-52', '(87) 94503-9128');
INSERT INTO TELEFONE_CLIENTE (CPF_CLIENTE, TELEFONE) VALUES ('748.187.553-52', '(27) 95371-5121');
INSERT INTO TELEFONE_CLIENTE (CPF_CLIENTE, TELEFONE) VALUES ('717.605.667-77', '(17) 92931-9737');
INSERT INTO TELEFONE_CLIENTE (CPF_CLIENTE, TELEFONE) VALUES ('597.221.582-15', '(42) 99286-1611');
INSERT INTO TELEFONE_CLIENTE (CPF_CLIENTE, TELEFONE) VALUES ('424.208.503-81', '(79) 92517-9543');
INSERT INTO TELEFONE_CLIENTE (CPF_CLIENTE, TELEFONE) VALUES ('967.289.446-62', '(94) 94381-6129');
INSERT INTO TELEFONE_CLIENTE (CPF_CLIENTE, TELEFONE) VALUES ('178.104.821-41', '(68) 98508-4041');
INSERT INTO TELEFONE_CLIENTE (CPF_CLIENTE, TELEFONE) VALUES ('446.901.765-99', '(80) 94026-3880');
INSERT INTO TELEFONE_CLIENTE (CPF_CLIENTE, TELEFONE) VALUES ('357.305.796-31', '(37) 92191-9180');
INSERT INTO TELEFONE_CLIENTE (CPF_CLIENTE, TELEFONE) VALUES ('556.180.694-55', '(82) 97403-3640');
INSERT INTO TELEFONE_CLIENTE (CPF_CLIENTE, TELEFONE) VALUES ('666.657.575-68', '(46) 92806-8072');
INSERT INTO TELEFONE_CLIENTE (CPF_CLIENTE, TELEFONE) VALUES ('858.747.932-47', '(54) 96659-4765');
INSERT INTO TELEFONE_CLIENTE (CPF_CLIENTE, TELEFONE) VALUES ('148.466.975-97', '(69) 94455-3145');
INSERT INTO TELEFONE_CLIENTE (CPF_CLIENTE, TELEFONE) VALUES ('600.715.160-45', '(89) 91403-6429');
INSERT INTO TELEFONE_CLIENTE (CPF_CLIENTE, TELEFONE) VALUES ('215.357.776-66', '(62) 96204-6180');
INSERT INTO TELEFONE_CLIENTE (CPF_CLIENTE, TELEFONE) VALUES ('748.187.553-52', '(73) 90165-1143');
INSERT INTO TELEFONE_CLIENTE (CPF_CLIENTE, TELEFONE) VALUES ('312.855.679-88', '(53) 94265-7988');
INSERT INTO TELEFONE_CLIENTE (CPF_CLIENTE, TELEFONE) VALUES ('548.404.295-71', '(30) 92084-1867');
INSERT INTO TELEFONE_CLIENTE (CPF_CLIENTE, TELEFONE) VALUES ('765.981.591-32', '(95) 99332-5092');
INSERT INTO TELEFONE_CLIENTE (CPF_CLIENTE, TELEFONE) VALUES ('623.311.853-69', '(57) 95317-5615');
INSERT INTO TELEFONE_CLIENTE (CPF_CLIENTE, TELEFONE) VALUES ('450.748.582-27', '(81) 90854-2507');
INSERT INTO TELEFONE_CLIENTE (CPF_CLIENTE, TELEFONE) VALUES ('858.747.932-47', '(99) 97166-6213');
INSERT INTO TELEFONE_CLIENTE (CPF_CLIENTE, TELEFONE) VALUES ('887.102.857-27', '(64) 99114-5679');
INSERT INTO TELEFONE_CLIENTE (CPF_CLIENTE, TELEFONE) VALUES ('864.734.871-16', '(47) 98571-2902');
INSERT INTO TELEFONE_CLIENTE (CPF_CLIENTE, TELEFONE) VALUES ('800.758.658-36', '(44) 90513-2692');
INSERT INTO TELEFONE_CLIENTE (CPF_CLIENTE, TELEFONE) VALUES ('125.586.706-79', '(35) 98759-2238');
INSERT INTO TELEFONE_CLIENTE (CPF_CLIENTE, TELEFONE) VALUES ('460.314.834-91', '(52) 95478-8980');
INSERT INTO TELEFONE_CLIENTE (CPF_CLIENTE, TELEFONE) VALUES ('440.485.200-33', '(32) 98627-7622');
INSERT INTO TELEFONE_CLIENTE (CPF_CLIENTE, TELEFONE) VALUES ('877.813.702-23', '(35) 94026-6029');
INSERT INTO TELEFONE_CLIENTE (CPF_CLIENTE, TELEFONE) VALUES ('449.900.175-40', '(97) 95024-5233');
INSERT INTO TELEFONE_CLIENTE (CPF_CLIENTE, TELEFONE) VALUES ('554.500.696-37', '(94) 95310-6609');
INSERT INTO TELEFONE_CLIENTE (CPF_CLIENTE, TELEFONE) VALUES ('128.242.402-17', '(20) 97927-1475');
INSERT INTO TELEFONE_CLIENTE (CPF_CLIENTE, TELEFONE) VALUES ('128.242.402-17', '(61) 90122-1039');
INSERT INTO TELEFONE_CLIENTE (CPF_CLIENTE, TELEFONE) VALUES ('962.285.619-41', '(64) 93919-5101');
INSERT INTO TELEFONE_CLIENTE (CPF_CLIENTE, TELEFONE) VALUES ('208.478.180-66', '(55) 96237-7872');
INSERT INTO TELEFONE_CLIENTE (CPF_CLIENTE, TELEFONE) VALUES ('519.210.735-65', '(35) 95611-5087');
INSERT INTO TELEFONE_CLIENTE (CPF_CLIENTE, TELEFONE) VALUES ('657.604.322-44', '(61) 98038-9991');
INSERT INTO TELEFONE_CLIENTE (CPF_CLIENTE, TELEFONE) VALUES ('215.357.776-66', '(35) 91733-9125');
INSERT INTO TELEFONE_CLIENTE (CPF_CLIENTE, TELEFONE) VALUES ('181.158.990-67', '(53) 95541-4413');
INSERT INTO TELEFONE_CLIENTE (CPF_CLIENTE, TELEFONE) VALUES ('935.880.805-66', '(55) 92358-7555');
INSERT INTO TELEFONE_CLIENTE (CPF_CLIENTE, TELEFONE) VALUES ('192.711.929-20', '(37) 96032-6598');
INSERT INTO TELEFONE_CLIENTE (CPF_CLIENTE, TELEFONE) VALUES ('560.880.470-93', '(74) 95424-7224');
INSERT INTO TELEFONE_CLIENTE (CPF_CLIENTE, TELEFONE) VALUES ('962.222.380-26', '(19) 91729-1464');
INSERT INTO TELEFONE_CLIENTE (CPF_CLIENTE, TELEFONE) VALUES ('911.294.522-97', '(86) 93980-9791');
INSERT INTO TELEFONE_CLIENTE (CPF_CLIENTE, TELEFONE) VALUES ('102.864.555-34', '(75) 93448-2249');
INSERT INTO TELEFONE_CLIENTE (CPF_CLIENTE, TELEFONE) VALUES ('449.900.175-40', '(60) 90479-9891');
INSERT INTO TELEFONE_CLIENTE (CPF_CLIENTE, TELEFONE) VALUES ('738.466.525-68', '(36) 97709-8747');
INSERT INTO TELEFONE_CLIENTE (CPF_CLIENTE, TELEFONE) VALUES ('334.516.510-81', '(75) 98984-1766');
INSERT INTO TELEFONE_CLIENTE (CPF_CLIENTE, TELEFONE) VALUES ('563.242.206-82', '(16) 94767-5197');
INSERT INTO TELEFONE_CLIENTE (CPF_CLIENTE, TELEFONE) VALUES ('564.786.773-93', '(87) 92023-7901');
INSERT INTO TELEFONE_CLIENTE (CPF_CLIENTE, TELEFONE) VALUES ('832.646.769-57', '(98) 92848-5316');
INSERT INTO TELEFONE_CLIENTE (CPF_CLIENTE, TELEFONE) VALUES ('414.880.839-76', '(87) 98702-3532');
INSERT INTO TELEFONE_CLIENTE (CPF_CLIENTE, TELEFONE) VALUES ('292.839.896-53', '(14) 93531-5517');
INSERT INTO TELEFONE_CLIENTE (CPF_CLIENTE, TELEFONE) VALUES ('430.577.125-29', '(17) 98595-1140');
INSERT INTO TELEFONE_CLIENTE (CPF_CLIENTE, TELEFONE) VALUES ('812.131.675-60', '(49) 92137-1829');
INSERT INTO TELEFONE_CLIENTE (CPF_CLIENTE, TELEFONE) VALUES ('717.605.667-77', '(69) 92838-8792');
INSERT INTO TELEFONE_CLIENTE (CPF_CLIENTE, TELEFONE) VALUES ('911.900.286-39', '(94) 92550-4974');
INSERT INTO TELEFONE_CLIENTE (CPF_CLIENTE, TELEFONE) VALUES ('717.605.667-77', '(47) 95598-4833');
INSERT INTO TELEFONE_CLIENTE (CPF_CLIENTE, TELEFONE) VALUES ('182.731.730-94', '(21) 91200-3100');
INSERT INTO TELEFONE_CLIENTE (CPF_CLIENTE, TELEFONE) VALUES ('184.457.466-25', '(95) 96823-5249');
INSERT INTO TELEFONE_CLIENTE (CPF_CLIENTE, TELEFONE) VALUES ('449.900.175-40', '(84) 96505-1610');
INSERT INTO TELEFONE_CLIENTE (CPF_CLIENTE, TELEFONE) VALUES ('950.357.885-48', '(19) 96513-3704');
INSERT INTO TELEFONE_CLIENTE (CPF_CLIENTE, TELEFONE) VALUES ('754.720.328-99', '(41) 90363-7379');
INSERT INTO TELEFONE_CLIENTE (CPF_CLIENTE, TELEFONE) VALUES ('650.374.367-32', '(68) 92821-8799');
INSERT INTO TELEFONE_CLIENTE (CPF_CLIENTE, TELEFONE) VALUES ('450.748.582-27', '(35) 93081-1495');
INSERT INTO TELEFONE_CLIENTE (CPF_CLIENTE, TELEFONE) VALUES ('605.645.193-40', '(39) 92760-7090');
INSERT INTO TELEFONE_CLIENTE (CPF_CLIENTE, TELEFONE) VALUES ('180.507.306-29', '(32) 93721-9256');
INSERT INTO TELEFONE_CLIENTE (CPF_CLIENTE, TELEFONE) VALUES ('788.792.275-59', '(25) 93678-8490');
INSERT INTO TELEFONE_CLIENTE (CPF_CLIENTE, TELEFONE) VALUES ('167.347.879-37', '(63) 94182-8683');
INSERT INTO TELEFONE_CLIENTE (CPF_CLIENTE, TELEFONE) VALUES ('738.466.525-68', '(93) 94889-4709');
INSERT INTO TELEFONE_CLIENTE (CPF_CLIENTE, TELEFONE) VALUES ('510.175.115-91', '(38) 98744-6303');
INSERT INTO TELEFONE_CLIENTE (CPF_CLIENTE, TELEFONE) VALUES ('385.469.965-68', '(33) 92985-4542');
INSERT INTO TELEFONE_CLIENTE (CPF_CLIENTE, TELEFONE) VALUES ('460.314.834-91', '(37) 93784-2466');
INSERT INTO TELEFONE_CLIENTE (CPF_CLIENTE, TELEFONE) VALUES ('502.149.957-81', '(59) 96984-3847');
INSERT INTO TELEFONE_CLIENTE (CPF_CLIENTE, TELEFONE) VALUES ('180.507.306-29', '(55) 97434-7452');
INSERT INTO TELEFONE_CLIENTE (CPF_CLIENTE, TELEFONE) VALUES ('748.187.553-52', '(75) 96046-1004');
INSERT INTO TELEFONE_CLIENTE (CPF_CLIENTE, TELEFONE) VALUES ('327.846.994-67', '(42) 93186-9542');
INSERT INTO TELEFONE_CLIENTE (CPF_CLIENTE, TELEFONE) VALUES ('896.654.350-27', '(28) 97214-1427');
INSERT INTO TELEFONE_CLIENTE (CPF_CLIENTE, TELEFONE) VALUES ('364.454.161-51', '(20) 91337-9168');
INSERT INTO TELEFONE_CLIENTE (CPF_CLIENTE, TELEFONE) VALUES ('886.244.255-70', '(66) 93421-3785');


------ FUNCIONARIO ------

INSERT INTO FUNCIONARIO (MATRICULA, CPF, IDENTIDADE, NOME, ENDERECO, SALARIO, FUNCAO, MATRICULA_SUPERVISOR, CODIGO_FILIAL) VALUES (0, '510.983.220-28', '680837', 'Funcionario 00', 'Rua 21', 6559, 'Caixa', null, null);
INSERT INTO FUNCIONARIO (MATRICULA, CPF, IDENTIDADE, NOME, ENDERECO, SALARIO, FUNCAO, MATRICULA_SUPERVISOR, CODIGO_FILIAL) VALUES (1, '872.399.221-59', '144981', 'Funcionario 01', 'Rua 31', 4913, 'Caixa', 0, null);
INSERT INTO FUNCIONARIO (MATRICULA, CPF, IDENTIDADE, NOME, ENDERECO, SALARIO, FUNCAO, MATRICULA_SUPERVISOR, CODIGO_FILIAL) VALUES (2, '877.220.658-13', '233438', 'Funcionario 02', 'Rua 96', 3636, 'Empacotador', 1, null);
INSERT INTO FUNCIONARIO (MATRICULA, CPF, IDENTIDADE, NOME, ENDERECO, SALARIO, FUNCAO, MATRICULA_SUPERVISOR, CODIGO_FILIAL) VALUES (3, '792.799.424-80', '472706', 'Funcionario 03', 'Rua 26', 2547, 'Empacotador', 2, null);
INSERT INTO FUNCIONARIO (MATRICULA, CPF, IDENTIDADE, NOME, ENDERECO, SALARIO, FUNCAO, MATRICULA_SUPERVISOR, CODIGO_FILIAL) VALUES (4, '314.487.218-41', '527404', 'Funcionario 04', 'Rua 16', 4351, 'Padeiro', 3, null);
INSERT INTO FUNCIONARIO (MATRICULA, CPF, IDENTIDADE, NOME, ENDERECO, SALARIO, FUNCAO, MATRICULA_SUPERVISOR, CODIGO_FILIAL) VALUES (5, '621.724.853-10', '715320', 'Funcionario 05', 'Rua 59', 2359, 'Caixa', 5, null);
INSERT INTO FUNCIONARIO (MATRICULA, CPF, IDENTIDADE, NOME, ENDERECO, SALARIO, FUNCAO, MATRICULA_SUPERVISOR, CODIGO_FILIAL) VALUES (6, '397.844.718-99', '109005', 'Funcionario 06', 'Rua 57', 3599, 'Caixa', 1, null);
INSERT INTO FUNCIONARIO (MATRICULA, CPF, IDENTIDADE, NOME, ENDERECO, SALARIO, FUNCAO, MATRICULA_SUPERVISOR, CODIGO_FILIAL) VALUES (7, '188.532.704-98', '830606', 'Funcionario 07', 'Rua 28', 4537, 'Segurana', 3, null);
INSERT INTO FUNCIONARIO (MATRICULA, CPF, IDENTIDADE, NOME, ENDERECO, SALARIO, FUNCAO, MATRICULA_SUPERVISOR, CODIGO_FILIAL) VALUES (8, '650.303.995-62', '450666', 'Funcionario 08', 'Rua 49', 3476, 'Empacotador', 4, null);
INSERT INTO FUNCIONARIO (MATRICULA, CPF, IDENTIDADE, NOME, ENDERECO, SALARIO, FUNCAO, MATRICULA_SUPERVISOR, CODIGO_FILIAL) VALUES (9, '712.904.310-40', '483998', 'Funcionario 09', 'Rua 62', 6947, 'Segurana', 5, null);
INSERT INTO FUNCIONARIO (MATRICULA, CPF, IDENTIDADE, NOME, ENDERECO, SALARIO, FUNCAO, MATRICULA_SUPERVISOR, CODIGO_FILIAL) VALUES (10, '612.554.697-11', '534102', 'Funcionario 010', 'Rua 71', 8220, 'Empacotador', 2, null);
INSERT INTO FUNCIONARIO (MATRICULA, CPF, IDENTIDADE, NOME, ENDERECO, SALARIO, FUNCAO, MATRICULA_SUPERVISOR, CODIGO_FILIAL) VALUES (11, '931.184.561-95', '356417', 'Funcionario 011', 'Rua 81', 6100, 'Aougueiro', 10, null);
INSERT INTO FUNCIONARIO (MATRICULA, CPF, IDENTIDADE, NOME, ENDERECO, SALARIO, FUNCAO, MATRICULA_SUPERVISOR, CODIGO_FILIAL) VALUES (12, '706.238.574-23', '552836', 'Funcionario 012', 'Rua 48', 6004, 'Padeiro', 4, null);
INSERT INTO FUNCIONARIO (MATRICULA, CPF, IDENTIDADE, NOME, ENDERECO, SALARIO, FUNCAO, MATRICULA_SUPERVISOR, CODIGO_FILIAL) VALUES (13, '495.290.222-29', '101743', 'Funcionario 013', 'Rua 76', 8672, 'Limpeza', 3, null);
INSERT INTO FUNCIONARIO (MATRICULA, CPF, IDENTIDADE, NOME, ENDERECO, SALARIO, FUNCAO, MATRICULA_SUPERVISOR, CODIGO_FILIAL) VALUES (14, '112.732.325-83', '845858', 'Funcionario 014', 'Rua 69', 6641, 'Caixa', 2, null);
INSERT INTO FUNCIONARIO (MATRICULA, CPF, IDENTIDADE, NOME, ENDERECO, SALARIO, FUNCAO, MATRICULA_SUPERVISOR, CODIGO_FILIAL) VALUES (15, '420.818.841-36', '360392', 'Funcionario 015', 'Rua 75', 8876, 'Segurana', 15, null);
INSERT INTO FUNCIONARIO (MATRICULA, CPF, IDENTIDADE, NOME, ENDERECO, SALARIO, FUNCAO, MATRICULA_SUPERVISOR, CODIGO_FILIAL) VALUES (16, '179.558.220-34', '512755', 'Funcionario 016', 'Rua 51', 9106, 'Caixa', 10, null);
INSERT INTO FUNCIONARIO (MATRICULA, CPF, IDENTIDADE, NOME, ENDERECO, SALARIO, FUNCAO, MATRICULA_SUPERVISOR, CODIGO_FILIAL) VALUES (17, '313.733.389-30', '683666', 'Funcionario 017', 'Rua 62', 6226, 'Segurana', 2, null);
INSERT INTO FUNCIONARIO (MATRICULA, CPF, IDENTIDADE, NOME, ENDERECO, SALARIO, FUNCAO, MATRICULA_SUPERVISOR, CODIGO_FILIAL) VALUES (18, '564.902.179-65', '733579', 'Funcionario 018', 'Rua 72', 6751, 'Limpeza', 8, null);
INSERT INTO FUNCIONARIO (MATRICULA, CPF, IDENTIDADE, NOME, ENDERECO, SALARIO, FUNCAO, MATRICULA_SUPERVISOR, CODIGO_FILIAL) VALUES (19, '732.210.562-41', '104697', 'Funcionario 019', 'Rua 73', 3826, 'Segurana', 1, null);
INSERT INTO FUNCIONARIO (MATRICULA, CPF, IDENTIDADE, NOME, ENDERECO, SALARIO, FUNCAO, MATRICULA_SUPERVISOR, CODIGO_FILIAL) VALUES (20, '383.124.880-10', '158030', 'Funcionario 020', 'Rua 21', 9007, 'Caixa', 17, null);
INSERT INTO FUNCIONARIO (MATRICULA, CPF, IDENTIDADE, NOME, ENDERECO, SALARIO, FUNCAO, MATRICULA_SUPERVISOR, CODIGO_FILIAL) VALUES (21, '724.688.120-42', '546351', 'Funcionario 021', 'Rua 32', 7547, 'Empacotador', 12, null);
INSERT INTO FUNCIONARIO (MATRICULA, CPF, IDENTIDADE, NOME, ENDERECO, SALARIO, FUNCAO, MATRICULA_SUPERVISOR, CODIGO_FILIAL) VALUES (22, '406.103.831-89', '622070', 'Funcionario 022', 'Rua 24', 3881, 'Limpeza', 14, null);
INSERT INTO FUNCIONARIO (MATRICULA, CPF, IDENTIDADE, NOME, ENDERECO, SALARIO, FUNCAO, MATRICULA_SUPERVISOR, CODIGO_FILIAL) VALUES (23, '785.179.454-61', '145278', 'Funcionario 023', 'Rua 79', 9218, 'Segurana', 15, null);
INSERT INTO FUNCIONARIO (MATRICULA, CPF, IDENTIDADE, NOME, ENDERECO, SALARIO, FUNCAO, MATRICULA_SUPERVISOR, CODIGO_FILIAL) VALUES (24, '625.913.432-62', '747652', 'Funcionario 024', 'Rua 22', 9114, 'Segurana', 4, null);
INSERT INTO FUNCIONARIO (MATRICULA, CPF, IDENTIDADE, NOME, ENDERECO, SALARIO, FUNCAO, MATRICULA_SUPERVISOR, CODIGO_FILIAL) VALUES (25, '184.454.172-39', '212151', 'Funcionario 025', 'Rua 13', 2890, 'Empacotador', 19, null);
INSERT INTO FUNCIONARIO (MATRICULA, CPF, IDENTIDADE, NOME, ENDERECO, SALARIO, FUNCAO, MATRICULA_SUPERVISOR, CODIGO_FILIAL) VALUES (26, '230.532.400-53', '753588', 'Funcionario 026', 'Rua 92', 4766, 'Empacotador', 12, null);
INSERT INTO FUNCIONARIO (MATRICULA, CPF, IDENTIDADE, NOME, ENDERECO, SALARIO, FUNCAO, MATRICULA_SUPERVISOR, CODIGO_FILIAL) VALUES (27, '744.851.255-22', '279214', 'Funcionario 027', 'Rua 83', 6164, 'Limpeza', 10, null);
INSERT INTO FUNCIONARIO (MATRICULA, CPF, IDENTIDADE, NOME, ENDERECO, SALARIO, FUNCAO, MATRICULA_SUPERVISOR, CODIGO_FILIAL) VALUES (28, '949.277.752-82', '400371', 'Funcionario 028', 'Rua 80', 7958, 'Limpeza', 24, null);
INSERT INTO FUNCIONARIO (MATRICULA, CPF, IDENTIDADE, NOME, ENDERECO, SALARIO, FUNCAO, MATRICULA_SUPERVISOR, CODIGO_FILIAL) VALUES (29, '766.836.533-80', '398814', 'Funcionario 029', 'Rua 26', 1999, 'Aougueiro', 23, null);
INSERT INTO FUNCIONARIO (MATRICULA, CPF, IDENTIDADE, NOME, ENDERECO, SALARIO, FUNCAO, MATRICULA_SUPERVISOR, CODIGO_FILIAL) VALUES (30, '565.241.737-35', '724989', 'Funcionario 030', 'Rua 52', 6242, 'Caixa', 2, null);
INSERT INTO FUNCIONARIO (MATRICULA, CPF, IDENTIDADE, NOME, ENDERECO, SALARIO, FUNCAO, MATRICULA_SUPERVISOR, CODIGO_FILIAL) VALUES (31, '122.269.902-40', '644325', 'Funcionario 031', 'Rua 22', 4332, 'Aougueiro', 4, null);
INSERT INTO FUNCIONARIO (MATRICULA, CPF, IDENTIDADE, NOME, ENDERECO, SALARIO, FUNCAO, MATRICULA_SUPERVISOR, CODIGO_FILIAL) VALUES (32, '411.131.211-35', '460054', 'Funcionario 032', 'Rua 45', 8275, 'Empacotador', 6, null);
INSERT INTO FUNCIONARIO (MATRICULA, CPF, IDENTIDADE, NOME, ENDERECO, SALARIO, FUNCAO, MATRICULA_SUPERVISOR, CODIGO_FILIAL) VALUES (33, '154.669.999-99', '494530', 'Funcionario 033', 'Rua 27', 6661, 'Limpeza', 0, null);
INSERT INTO FUNCIONARIO (MATRICULA, CPF, IDENTIDADE, NOME, ENDERECO, SALARIO, FUNCAO, MATRICULA_SUPERVISOR, CODIGO_FILIAL) VALUES (34, '521.328.618-12', '720203', 'Funcionario 034', 'Rua 98', 2589, 'Padeiro', 28, null);
INSERT INTO FUNCIONARIO (MATRICULA, CPF, IDENTIDADE, NOME, ENDERECO, SALARIO, FUNCAO, MATRICULA_SUPERVISOR, CODIGO_FILIAL) VALUES (35, '378.184.729-24', '353381', 'Funcionario 035', 'Rua 12', 6888, 'Segurana', 29, null);
INSERT INTO FUNCIONARIO (MATRICULA, CPF, IDENTIDADE, NOME, ENDERECO, SALARIO, FUNCAO, MATRICULA_SUPERVISOR, CODIGO_FILIAL) VALUES (36, '465.910.812-76', '820354', 'Funcionario 036', 'Rua 66', 9211, 'Caixa', 14, null);
INSERT INTO FUNCIONARIO (MATRICULA, CPF, IDENTIDADE, NOME, ENDERECO, SALARIO, FUNCAO, MATRICULA_SUPERVISOR, CODIGO_FILIAL) VALUES (37, '270.954.435-32', '637460', 'Funcionario 037', 'Rua 67', 3017, 'Empacotador', 7, null);
INSERT INTO FUNCIONARIO (MATRICULA, CPF, IDENTIDADE, NOME, ENDERECO, SALARIO, FUNCAO, MATRICULA_SUPERVISOR, CODIGO_FILIAL) VALUES (38, '525.294.444-76', '594258', 'Funcionario 038', 'Rua 17', 4610, 'Limpeza', 36, null);
INSERT INTO FUNCIONARIO (MATRICULA, CPF, IDENTIDADE, NOME, ENDERECO, SALARIO, FUNCAO, MATRICULA_SUPERVISOR, CODIGO_FILIAL) VALUES (39, '326.608.392-82', '282670', 'Funcionario 039', 'Rua 30', 2060, 'Padeiro', 12, null);
INSERT INTO FUNCIONARIO (MATRICULA, CPF, IDENTIDADE, NOME, ENDERECO, SALARIO, FUNCAO, MATRICULA_SUPERVISOR, CODIGO_FILIAL) VALUES (40, '188.311.455-78', '277203', 'Funcionario 040', 'Rua 61', 4400, 'Empacotador', 24, null);
INSERT INTO FUNCIONARIO (MATRICULA, CPF, IDENTIDADE, NOME, ENDERECO, SALARIO, FUNCAO, MATRICULA_SUPERVISOR, CODIGO_FILIAL) VALUES (41, '246.671.923-49', '630525', 'Funcionario 041', 'Rua 46', 4000, 'Empacotador', 33, null);
INSERT INTO FUNCIONARIO (MATRICULA, CPF, IDENTIDADE, NOME, ENDERECO, SALARIO, FUNCAO, MATRICULA_SUPERVISOR, CODIGO_FILIAL) VALUES (42, '218.292.313-90', '592621', 'Funcionario 042', 'Rua 26', 1837, 'Caixa', 26, null);
INSERT INTO FUNCIONARIO (MATRICULA, CPF, IDENTIDADE, NOME, ENDERECO, SALARIO, FUNCAO, MATRICULA_SUPERVISOR, CODIGO_FILIAL) VALUES (43, '654.173.795-36', '465988', 'Funcionario 043', 'Rua 54', 1712, 'Aougueiro', 38, null);
INSERT INTO FUNCIONARIO (MATRICULA, CPF, IDENTIDADE, NOME, ENDERECO, SALARIO, FUNCAO, MATRICULA_SUPERVISOR, CODIGO_FILIAL) VALUES (44, '957.972.732-34', '567411', 'Funcionario 044', 'Rua 91', 6888, 'Segurana', 11, null);
INSERT INTO FUNCIONARIO (MATRICULA, CPF, IDENTIDADE, NOME, ENDERECO, SALARIO, FUNCAO, MATRICULA_SUPERVISOR, CODIGO_FILIAL) VALUES (45, '190.985.168-88', '657271', 'Funcionario 045', 'Rua 54', 2978, 'Caixa', 18, null);
INSERT INTO FUNCIONARIO (MATRICULA, CPF, IDENTIDADE, NOME, ENDERECO, SALARIO, FUNCAO, MATRICULA_SUPERVISOR, CODIGO_FILIAL) VALUES (46, '810.529.679-10', '881586', 'Funcionario 046', 'Rua 41', 4912, 'Aougueiro', 45, null);
INSERT INTO FUNCIONARIO (MATRICULA, CPF, IDENTIDADE, NOME, ENDERECO, SALARIO, FUNCAO, MATRICULA_SUPERVISOR, CODIGO_FILIAL) VALUES (47, '706.118.122-33', '874773', 'Funcionario 047', 'Rua 69', 5854, 'Padeiro', 12, null);
INSERT INTO FUNCIONARIO (MATRICULA, CPF, IDENTIDADE, NOME, ENDERECO, SALARIO, FUNCAO, MATRICULA_SUPERVISOR, CODIGO_FILIAL) VALUES (48, '372.641.752-36', '887363', 'Funcionario 048', 'Rua 69', 7130, 'Padeiro', 23, null);
INSERT INTO FUNCIONARIO (MATRICULA, CPF, IDENTIDADE, NOME, ENDERECO, SALARIO, FUNCAO, MATRICULA_SUPERVISOR, CODIGO_FILIAL) VALUES (49, '649.695.269-83', '526159', 'Funcionario 049', 'Rua 25', 6088, 'Empacotador', 12, null);
INSERT INTO FUNCIONARIO (MATRICULA, CPF, IDENTIDADE, NOME, ENDERECO, SALARIO, FUNCAO, MATRICULA_SUPERVISOR, CODIGO_FILIAL) VALUES (50, '557.154.239-46', '193917', 'Funcionario 050', 'Rua 84', 7886, 'Caixa', 14, null);
INSERT INTO FUNCIONARIO (MATRICULA, CPF, IDENTIDADE, NOME, ENDERECO, SALARIO, FUNCAO, MATRICULA_SUPERVISOR, CODIGO_FILIAL) VALUES (51, '493.606.982-59', '761661', 'Funcionario 051', 'Rua 71', 5057, 'Padeiro', 46, null);
INSERT INTO FUNCIONARIO (MATRICULA, CPF, IDENTIDADE, NOME, ENDERECO, SALARIO, FUNCAO, MATRICULA_SUPERVISOR, CODIGO_FILIAL) VALUES (52, '292.711.683-86', '852858', 'Funcionario 052', 'Rua 76', 6337, 'Segurana', 22, null);
INSERT INTO FUNCIONARIO (MATRICULA, CPF, IDENTIDADE, NOME, ENDERECO, SALARIO, FUNCAO, MATRICULA_SUPERVISOR, CODIGO_FILIAL) VALUES (53, '924.437.820-63', '464350', 'Funcionario 053', 'Rua 81', 4291, 'Empacotador', 29, null);
INSERT INTO FUNCIONARIO (MATRICULA, CPF, IDENTIDADE, NOME, ENDERECO, SALARIO, FUNCAO, MATRICULA_SUPERVISOR, CODIGO_FILIAL) VALUES (54, '379.873.278-62', '707085', 'Funcionario 054', 'Rua 22', 5058, 'Caixa', 18, null);
INSERT INTO FUNCIONARIO (MATRICULA, CPF, IDENTIDADE, NOME, ENDERECO, SALARIO, FUNCAO, MATRICULA_SUPERVISOR, CODIGO_FILIAL) VALUES (55, '634.960.295-66', '544154', 'Funcionario 055', 'Rua 22', 1820, 'Empacotador', 11, null);
INSERT INTO FUNCIONARIO (MATRICULA, CPF, IDENTIDADE, NOME, ENDERECO, SALARIO, FUNCAO, MATRICULA_SUPERVISOR, CODIGO_FILIAL) VALUES (56, '437.136.522-77', '645407', 'Funcionario 056', 'Rua 59', 7655, 'Segurana', 50, null);
INSERT INTO FUNCIONARIO (MATRICULA, CPF, IDENTIDADE, NOME, ENDERECO, SALARIO, FUNCAO, MATRICULA_SUPERVISOR, CODIGO_FILIAL) VALUES (57, '800.141.771-73', '696605', 'Funcionario 057', 'Rua 81', 7404, 'Caixa', 1, null);
INSERT INTO FUNCIONARIO (MATRICULA, CPF, IDENTIDADE, NOME, ENDERECO, SALARIO, FUNCAO, MATRICULA_SUPERVISOR, CODIGO_FILIAL) VALUES (58, '151.333.460-47', '342996', 'Funcionario 058', 'Rua 20', 7173, 'Segurana', 10, null);
INSERT INTO FUNCIONARIO (MATRICULA, CPF, IDENTIDADE, NOME, ENDERECO, SALARIO, FUNCAO, MATRICULA_SUPERVISOR, CODIGO_FILIAL) VALUES (59, '498.704.119-36', '881747', 'Funcionario 059', 'Rua 74', 7105, 'Aougueiro', 3, null);
INSERT INTO FUNCIONARIO (MATRICULA, CPF, IDENTIDADE, NOME, ENDERECO, SALARIO, FUNCAO, MATRICULA_SUPERVISOR, CODIGO_FILIAL) VALUES (60, '734.909.738-10', '141400', 'Funcionario 060', 'Rua 47', 2594, 'Segurana', 4, null);
INSERT INTO FUNCIONARIO (MATRICULA, CPF, IDENTIDADE, NOME, ENDERECO, SALARIO, FUNCAO, MATRICULA_SUPERVISOR, CODIGO_FILIAL) VALUES (61, '166.365.295-75', '203542', 'Funcionario 061', 'Rua 44', 4365, 'Empacotador', 31, null);
INSERT INTO FUNCIONARIO (MATRICULA, CPF, IDENTIDADE, NOME, ENDERECO, SALARIO, FUNCAO, MATRICULA_SUPERVISOR, CODIGO_FILIAL) VALUES (62, '442.729.826-36', '312541', 'Funcionario 062', 'Rua 90', 7412, 'Segurana', 32, null);
INSERT INTO FUNCIONARIO (MATRICULA, CPF, IDENTIDADE, NOME, ENDERECO, SALARIO, FUNCAO, MATRICULA_SUPERVISOR, CODIGO_FILIAL) VALUES (63, '215.950.749-86', '289595', 'Funcionario 063', 'Rua 49', 3037, 'Segurana', 20, null);
INSERT INTO FUNCIONARIO (MATRICULA, CPF, IDENTIDADE, NOME, ENDERECO, SALARIO, FUNCAO, MATRICULA_SUPERVISOR, CODIGO_FILIAL) VALUES (64, '177.496.336-55', '756714', 'Funcionario 064', 'Rua 41', 5201, 'Limpeza', 17, null);
INSERT INTO FUNCIONARIO (MATRICULA, CPF, IDENTIDADE, NOME, ENDERECO, SALARIO, FUNCAO, MATRICULA_SUPERVISOR, CODIGO_FILIAL) VALUES (65, '904.975.336-49', '431153', 'Funcionario 065', 'Rua 15', 4865, 'Padeiro', 7, null);
INSERT INTO FUNCIONARIO (MATRICULA, CPF, IDENTIDADE, NOME, ENDERECO, SALARIO, FUNCAO, MATRICULA_SUPERVISOR, CODIGO_FILIAL) VALUES (66, '714.359.288-82', '748265', 'Funcionario 066', 'Rua 33', 5924, 'Caixa', 51, null);
INSERT INTO FUNCIONARIO (MATRICULA, CPF, IDENTIDADE, NOME, ENDERECO, SALARIO, FUNCAO, MATRICULA_SUPERVISOR, CODIGO_FILIAL) VALUES (67, '368.457.661-18', '882878', 'Funcionario 067', 'Rua 13', 9144, 'Empacotador', 57, null);
INSERT INTO FUNCIONARIO (MATRICULA, CPF, IDENTIDADE, NOME, ENDERECO, SALARIO, FUNCAO, MATRICULA_SUPERVISOR, CODIGO_FILIAL) VALUES (68, '423.224.810-96', '261249', 'Funcionario 068', 'Rua 13', 1117, 'Caixa', 28, null);
INSERT INTO FUNCIONARIO (MATRICULA, CPF, IDENTIDADE, NOME, ENDERECO, SALARIO, FUNCAO, MATRICULA_SUPERVISOR, CODIGO_FILIAL) VALUES (69, '896.780.395-12', '438458', 'Funcionario 069', 'Rua 44', 6925, 'Empacotador', 25, null);
INSERT INTO FUNCIONARIO (MATRICULA, CPF, IDENTIDADE, NOME, ENDERECO, SALARIO, FUNCAO, MATRICULA_SUPERVISOR, CODIGO_FILIAL) VALUES (70, '769.582.964-24', '288721', 'Funcionario 070', 'Rua 35', 1248, 'Caixa', 47, null);
INSERT INTO FUNCIONARIO (MATRICULA, CPF, IDENTIDADE, NOME, ENDERECO, SALARIO, FUNCAO, MATRICULA_SUPERVISOR, CODIGO_FILIAL) VALUES (71, '238.516.393-13', '363551', 'Funcionario 071', 'Rua 78', 7445, 'Empacotador', 17, null);
INSERT INTO FUNCIONARIO (MATRICULA, CPF, IDENTIDADE, NOME, ENDERECO, SALARIO, FUNCAO, MATRICULA_SUPERVISOR, CODIGO_FILIAL) VALUES (72, '844.710.145-18', '281891', 'Funcionario 072', 'Rua 52', 5388, 'Segurana', 22, null);
INSERT INTO FUNCIONARIO (MATRICULA, CPF, IDENTIDADE, NOME, ENDERECO, SALARIO, FUNCAO, MATRICULA_SUPERVISOR, CODIGO_FILIAL) VALUES (73, '464.462.166-97', '422439', 'Funcionario 073', 'Rua 47', 1398, 'Aougueiro', 55, null);
INSERT INTO FUNCIONARIO (MATRICULA, CPF, IDENTIDADE, NOME, ENDERECO, SALARIO, FUNCAO, MATRICULA_SUPERVISOR, CODIGO_FILIAL) VALUES (74, '397.950.567-60', '559053', 'Funcionario 074', 'Rua 13', 9461, 'Padeiro', 4, null);
INSERT INTO FUNCIONARIO (MATRICULA, CPF, IDENTIDADE, NOME, ENDERECO, SALARIO, FUNCAO, MATRICULA_SUPERVISOR, CODIGO_FILIAL) VALUES (75, '503.990.740-93', '552779', 'Funcionario 075', 'Rua 38', 2370, 'Aougueiro', 4, null);
INSERT INTO FUNCIONARIO (MATRICULA, CPF, IDENTIDADE, NOME, ENDERECO, SALARIO, FUNCAO, MATRICULA_SUPERVISOR, CODIGO_FILIAL) VALUES (76, '824.541.435-76', '666816', 'Funcionario 076', 'Rua 73', 8741, 'Caixa', 62, null);
INSERT INTO FUNCIONARIO (MATRICULA, CPF, IDENTIDADE, NOME, ENDERECO, SALARIO, FUNCAO, MATRICULA_SUPERVISOR, CODIGO_FILIAL) VALUES (77, '804.241.844-20', '729788', 'Funcionario 077', 'Rua 99', 2885, 'Caixa', 38, null);
INSERT INTO FUNCIONARIO (MATRICULA, CPF, IDENTIDADE, NOME, ENDERECO, SALARIO, FUNCAO, MATRICULA_SUPERVISOR, CODIGO_FILIAL) VALUES (78, '721.551.157-10', '602180', 'Funcionario 078', 'Rua 39', 3358, 'Empacotador', 36, null);
INSERT INTO FUNCIONARIO (MATRICULA, CPF, IDENTIDADE, NOME, ENDERECO, SALARIO, FUNCAO, MATRICULA_SUPERVISOR, CODIGO_FILIAL) VALUES (79, '330.271.842-32', '219709', 'Funcionario 079', 'Rua 97', 9895, 'Aougueiro', 78, null);
INSERT INTO FUNCIONARIO (MATRICULA, CPF, IDENTIDADE, NOME, ENDERECO, SALARIO, FUNCAO, MATRICULA_SUPERVISOR, CODIGO_FILIAL) VALUES (80, '606.118.421-96', '575254', 'Funcionario 080', 'Rua 10', 7009, 'Caixa', 0, null);
INSERT INTO FUNCIONARIO (MATRICULA, CPF, IDENTIDADE, NOME, ENDERECO, SALARIO, FUNCAO, MATRICULA_SUPERVISOR, CODIGO_FILIAL) VALUES (81, '290.891.732-22', '271349', 'Funcionario 081', 'Rua 77', 8014, 'Limpeza', 65, null);
INSERT INTO FUNCIONARIO (MATRICULA, CPF, IDENTIDADE, NOME, ENDERECO, SALARIO, FUNCAO, MATRICULA_SUPERVISOR, CODIGO_FILIAL) VALUES (82, '840.591.718-87', '174763', 'Funcionario 082', 'Rua 23', 9491, 'Limpeza', 26, null);
INSERT INTO FUNCIONARIO (MATRICULA, CPF, IDENTIDADE, NOME, ENDERECO, SALARIO, FUNCAO, MATRICULA_SUPERVISOR, CODIGO_FILIAL) VALUES (83, '837.753.766-37', '221914', 'Funcionario 083', 'Rua 72', 6569, 'Segurana', 37, null);
INSERT INTO FUNCIONARIO (MATRICULA, CPF, IDENTIDADE, NOME, ENDERECO, SALARIO, FUNCAO, MATRICULA_SUPERVISOR, CODIGO_FILIAL) VALUES (84, '397.312.759-47', '744575', 'Funcionario 084', 'Rua 97', 5212, 'Segurana', 66, null);
INSERT INTO FUNCIONARIO (MATRICULA, CPF, IDENTIDADE, NOME, ENDERECO, SALARIO, FUNCAO, MATRICULA_SUPERVISOR, CODIGO_FILIAL) VALUES (85, '523.635.495-44', '467933', 'Funcionario 085', 'Rua 48', 6820, 'Padeiro', 30, null);
INSERT INTO FUNCIONARIO (MATRICULA, CPF, IDENTIDADE, NOME, ENDERECO, SALARIO, FUNCAO, MATRICULA_SUPERVISOR, CODIGO_FILIAL) VALUES (86, '268.974.436-33', '330383', 'Funcionario 086', 'Rua 60', 1566, 'Caixa', 12, null);
INSERT INTO FUNCIONARIO (MATRICULA, CPF, IDENTIDADE, NOME, ENDERECO, SALARIO, FUNCAO, MATRICULA_SUPERVISOR, CODIGO_FILIAL) VALUES (87, '968.273.151-94', '237346', 'Funcionario 087', 'Rua 57', 9907, 'Limpeza', 1, null);
INSERT INTO FUNCIONARIO (MATRICULA, CPF, IDENTIDADE, NOME, ENDERECO, SALARIO, FUNCAO, MATRICULA_SUPERVISOR, CODIGO_FILIAL) VALUES (88, '277.837.712-86', '583586', 'Funcionario 088', 'Rua 21', 8337, 'Limpeza', 3, null);
INSERT INTO FUNCIONARIO (MATRICULA, CPF, IDENTIDADE, NOME, ENDERECO, SALARIO, FUNCAO, MATRICULA_SUPERVISOR, CODIGO_FILIAL) VALUES (89, '625.657.365-84', '566080', 'Funcionario 089', 'Rua 31', 4034, 'Aougueiro', 74, null);
INSERT INTO FUNCIONARIO (MATRICULA, CPF, IDENTIDADE, NOME, ENDERECO, SALARIO, FUNCAO, MATRICULA_SUPERVISOR, CODIGO_FILIAL) VALUES (90, '575.977.239-30', '189409', 'Funcionario 090', 'Rua 79', 9012, 'Empacotador', 44, null);
INSERT INTO FUNCIONARIO (MATRICULA, CPF, IDENTIDADE, NOME, ENDERECO, SALARIO, FUNCAO, MATRICULA_SUPERVISOR, CODIGO_FILIAL) VALUES (91, '562.343.985-97', '420956', 'Funcionario 091', 'Rua 83', 6385, 'Limpeza', 68, null);
INSERT INTO FUNCIONARIO (MATRICULA, CPF, IDENTIDADE, NOME, ENDERECO, SALARIO, FUNCAO, MATRICULA_SUPERVISOR, CODIGO_FILIAL) VALUES (92, '175.791.718-77', '731286', 'Funcionario 092', 'Rua 62', 1640, 'Limpeza', 19, null);
INSERT INTO FUNCIONARIO (MATRICULA, CPF, IDENTIDADE, NOME, ENDERECO, SALARIO, FUNCAO, MATRICULA_SUPERVISOR, CODIGO_FILIAL) VALUES (93, '139.919.633-76', '214132', 'Funcionario 093', 'Rua 48', 7002, 'Segurana', 83, null);
INSERT INTO FUNCIONARIO (MATRICULA, CPF, IDENTIDADE, NOME, ENDERECO, SALARIO, FUNCAO, MATRICULA_SUPERVISOR, CODIGO_FILIAL) VALUES (94, '162.679.402-75', '586231', 'Funcionario 094', 'Rua 56', 3501, 'Aougueiro', 48, null);
INSERT INTO FUNCIONARIO (MATRICULA, CPF, IDENTIDADE, NOME, ENDERECO, SALARIO, FUNCAO, MATRICULA_SUPERVISOR, CODIGO_FILIAL) VALUES (95, '735.405.865-79', '284731', 'Funcionario 095', 'Rua 66', 1221, 'Caixa', 3, null);
INSERT INTO FUNCIONARIO (MATRICULA, CPF, IDENTIDADE, NOME, ENDERECO, SALARIO, FUNCAO, MATRICULA_SUPERVISOR, CODIGO_FILIAL) VALUES (96, '307.908.947-97', '732044', 'Funcionario 096', 'Rua 82', 7200, 'Segurana', 61, null);
INSERT INTO FUNCIONARIO (MATRICULA, CPF, IDENTIDADE, NOME, ENDERECO, SALARIO, FUNCAO, MATRICULA_SUPERVISOR, CODIGO_FILIAL) VALUES (97, '269.469.804-85', '655621', 'Funcionario 097', 'Rua 91', 4608, 'Aougueiro', 26, null);
INSERT INTO FUNCIONARIO (MATRICULA, CPF, IDENTIDADE, NOME, ENDERECO, SALARIO, FUNCAO, MATRICULA_SUPERVISOR, CODIGO_FILIAL) VALUES (98, '902.970.686-15', '824429', 'Funcionario 098', 'Rua 86', 3173, 'Empacotador', 82, null);
INSERT INTO FUNCIONARIO (MATRICULA, CPF, IDENTIDADE, NOME, ENDERECO, SALARIO, FUNCAO, MATRICULA_SUPERVISOR, CODIGO_FILIAL) VALUES (99, '973.438.644-30', '808549', 'Funcionario 099', 'Rua 96', 6636, 'Padeiro', 9, null);
INSERT INTO FUNCIONARIO (MATRICULA, CPF, IDENTIDADE, NOME, ENDERECO, SALARIO, FUNCAO, MATRICULA_SUPERVISOR, CODIGO_FILIAL) VALUES (100, '133.480.596-46', '897276', 'Funcionario 0100', 'Rua 99', 4155, 'Aougueiro', 60, null);
INSERT INTO FUNCIONARIO (MATRICULA, CPF, IDENTIDADE, NOME, ENDERECO, SALARIO, FUNCAO, MATRICULA_SUPERVISOR, CODIGO_FILIAL) VALUES (101, '493.807.338-69', '814284', 'Funcionario 0101', 'Rua 38', 8567, 'Empacotador', 39, null);
INSERT INTO FUNCIONARIO (MATRICULA, CPF, IDENTIDADE, NOME, ENDERECO, SALARIO, FUNCAO, MATRICULA_SUPERVISOR, CODIGO_FILIAL) VALUES (102, '844.791.962-59', '460836', 'Funcionario 0102', 'Rua 25', 4044, 'Segurana', 74, null);
INSERT INTO FUNCIONARIO (MATRICULA, CPF, IDENTIDADE, NOME, ENDERECO, SALARIO, FUNCAO, MATRICULA_SUPERVISOR, CODIGO_FILIAL) VALUES (103, '964.486.541-98', '283360', 'Funcionario 0103', 'Rua 18', 5692, 'Empacotador', 11, null);
INSERT INTO FUNCIONARIO (MATRICULA, CPF, IDENTIDADE, NOME, ENDERECO, SALARIO, FUNCAO, MATRICULA_SUPERVISOR, CODIGO_FILIAL) VALUES (104, '905.173.575-47', '399097', 'Funcionario 0104', 'Rua 74', 9409, 'Segurana', 26, null);
INSERT INTO FUNCIONARIO (MATRICULA, CPF, IDENTIDADE, NOME, ENDERECO, SALARIO, FUNCAO, MATRICULA_SUPERVISOR, CODIGO_FILIAL) VALUES (105, '783.434.948-33', '836295', 'Funcionario 0105', 'Rua 60', 1565, 'Aougueiro', 22, null);
INSERT INTO FUNCIONARIO (MATRICULA, CPF, IDENTIDADE, NOME, ENDERECO, SALARIO, FUNCAO, MATRICULA_SUPERVISOR, CODIGO_FILIAL) VALUES (106, '223.226.852-17', '402333', 'Funcionario 0106', 'Rua 48', 6918, 'Aougueiro', 94, null);
INSERT INTO FUNCIONARIO (MATRICULA, CPF, IDENTIDADE, NOME, ENDERECO, SALARIO, FUNCAO, MATRICULA_SUPERVISOR, CODIGO_FILIAL) VALUES (107, '750.797.938-51', '457204', 'Funcionario 0107', 'Rua 85', 6269, 'Limpeza', 16, null);
INSERT INTO FUNCIONARIO (MATRICULA, CPF, IDENTIDADE, NOME, ENDERECO, SALARIO, FUNCAO, MATRICULA_SUPERVISOR, CODIGO_FILIAL) VALUES (108, '438.295.508-89', '722450', 'Funcionario 0108', 'Rua 61', 8489, 'Padeiro', 11, null);
INSERT INTO FUNCIONARIO (MATRICULA, CPF, IDENTIDADE, NOME, ENDERECO, SALARIO, FUNCAO, MATRICULA_SUPERVISOR, CODIGO_FILIAL) VALUES (109, '605.489.457-67', '811451', 'Funcionario 0109', 'Rua 66', 6637, 'Segurana', 102, null);
INSERT INTO FUNCIONARIO (MATRICULA, CPF, IDENTIDADE, NOME, ENDERECO, SALARIO, FUNCAO, MATRICULA_SUPERVISOR, CODIGO_FILIAL) VALUES (110, '861.712.379-30', '581284', 'Funcionario 0110', 'Rua 87', 4653, 'Limpeza', 26, null);
INSERT INTO FUNCIONARIO (MATRICULA, CPF, IDENTIDADE, NOME, ENDERECO, SALARIO, FUNCAO, MATRICULA_SUPERVISOR, CODIGO_FILIAL) VALUES (111, '512.383.594-65', '770949', 'Funcionario 0111', 'Rua 26', 5912, 'Empacotador', 80, null);
INSERT INTO FUNCIONARIO (MATRICULA, CPF, IDENTIDADE, NOME, ENDERECO, SALARIO, FUNCAO, MATRICULA_SUPERVISOR, CODIGO_FILIAL) VALUES (112, '523.811.132-18', '348532', 'Funcionario 0112', 'Rua 79', 3076, 'Padeiro', 100, null);
INSERT INTO FUNCIONARIO (MATRICULA, CPF, IDENTIDADE, NOME, ENDERECO, SALARIO, FUNCAO, MATRICULA_SUPERVISOR, CODIGO_FILIAL) VALUES (113, '566.533.144-79', '679886', 'Funcionario 0113', 'Rua 43', 8020, 'Aougueiro', 42, null);
INSERT INTO FUNCIONARIO (MATRICULA, CPF, IDENTIDADE, NOME, ENDERECO, SALARIO, FUNCAO, MATRICULA_SUPERVISOR, CODIGO_FILIAL) VALUES (114, '184.112.123-70', '193041', 'Funcionario 0114', 'Rua 30', 5201, 'Segurana', 104, null);
INSERT INTO FUNCIONARIO (MATRICULA, CPF, IDENTIDADE, NOME, ENDERECO, SALARIO, FUNCAO, MATRICULA_SUPERVISOR, CODIGO_FILIAL) VALUES (115, '145.174.284-41', '297902', 'Funcionario 0115', 'Rua 55', 2211, 'Segurana', 12, null);
INSERT INTO FUNCIONARIO (MATRICULA, CPF, IDENTIDADE, NOME, ENDERECO, SALARIO, FUNCAO, MATRICULA_SUPERVISOR, CODIGO_FILIAL) VALUES (116, '402.914.659-24', '218627', 'Funcionario 0116', 'Rua 82', 5812, 'Limpeza', 56, null);
INSERT INTO FUNCIONARIO (MATRICULA, CPF, IDENTIDADE, NOME, ENDERECO, SALARIO, FUNCAO, MATRICULA_SUPERVISOR, CODIGO_FILIAL) VALUES (117, '490.707.551-43', '878817', 'Funcionario 0117', 'Rua 14', 9042, 'Aougueiro', 92, null);
INSERT INTO FUNCIONARIO (MATRICULA, CPF, IDENTIDADE, NOME, ENDERECO, SALARIO, FUNCAO, MATRICULA_SUPERVISOR, CODIGO_FILIAL) VALUES (118, '537.521.778-61', '849531', 'Funcionario 0118', 'Rua 37', 7713, 'Aougueiro', 91, null);
INSERT INTO FUNCIONARIO (MATRICULA, CPF, IDENTIDADE, NOME, ENDERECO, SALARIO, FUNCAO, MATRICULA_SUPERVISOR, CODIGO_FILIAL) VALUES (119, '843.879.468-21', '629315', 'Funcionario 0119', 'Rua 54', 3086, 'Caixa', 73, null);
INSERT INTO FUNCIONARIO (MATRICULA, CPF, IDENTIDADE, NOME, ENDERECO, SALARIO, FUNCAO, MATRICULA_SUPERVISOR, CODIGO_FILIAL) VALUES (120, '277.274.750-16', '177936', 'Funcionario 0120', 'Rua 58', 1868, 'Aougueiro', 40, null);
INSERT INTO FUNCIONARIO (MATRICULA, CPF, IDENTIDADE, NOME, ENDERECO, SALARIO, FUNCAO, MATRICULA_SUPERVISOR, CODIGO_FILIAL) VALUES (121, '618.978.539-35', '616329', 'Funcionario 0121', 'Rua 38', 9945, 'Padeiro', 50, null);
INSERT INTO FUNCIONARIO (MATRICULA, CPF, IDENTIDADE, NOME, ENDERECO, SALARIO, FUNCAO, MATRICULA_SUPERVISOR, CODIGO_FILIAL) VALUES (122, '707.773.283-80', '231453', 'Funcionario 0122', 'Rua 27', 9391, 'Padeiro', 84, null);
INSERT INTO FUNCIONARIO (MATRICULA, CPF, IDENTIDADE, NOME, ENDERECO, SALARIO, FUNCAO, MATRICULA_SUPERVISOR, CODIGO_FILIAL) VALUES (123, '437.785.681-69', '536866', 'Funcionario 0123', 'Rua 12', 6834, 'Aougueiro', 37, null);
INSERT INTO FUNCIONARIO (MATRICULA, CPF, IDENTIDADE, NOME, ENDERECO, SALARIO, FUNCAO, MATRICULA_SUPERVISOR, CODIGO_FILIAL) VALUES (124, '953.831.435-20', '553706', 'Funcionario 0124', 'Rua 14', 5756, 'Padeiro', 31, null);
INSERT INTO FUNCIONARIO (MATRICULA, CPF, IDENTIDADE, NOME, ENDERECO, SALARIO, FUNCAO, MATRICULA_SUPERVISOR, CODIGO_FILIAL) VALUES (125, '270.371.813-93', '761455', 'Funcionario 0125', 'Rua 41', 6399, 'Caixa', 2, null);
INSERT INTO FUNCIONARIO (MATRICULA, CPF, IDENTIDADE, NOME, ENDERECO, SALARIO, FUNCAO, MATRICULA_SUPERVISOR, CODIGO_FILIAL) VALUES (126, '900.341.167-94', '219160', 'Funcionario 0126', 'Rua 44', 8384, 'Caixa', 98, null);
INSERT INTO FUNCIONARIO (MATRICULA, CPF, IDENTIDADE, NOME, ENDERECO, SALARIO, FUNCAO, MATRICULA_SUPERVISOR, CODIGO_FILIAL) VALUES (127, '226.242.321-73', '417709', 'Funcionario 0127', 'Rua 61', 8477, 'Limpeza', 68, null);
INSERT INTO FUNCIONARIO (MATRICULA, CPF, IDENTIDADE, NOME, ENDERECO, SALARIO, FUNCAO, MATRICULA_SUPERVISOR, CODIGO_FILIAL) VALUES (128, '642.152.531-76', '822885', 'Funcionario 0128', 'Rua 39', 3789, 'Aougueiro', 107, null);
INSERT INTO FUNCIONARIO (MATRICULA, CPF, IDENTIDADE, NOME, ENDERECO, SALARIO, FUNCAO, MATRICULA_SUPERVISOR, CODIGO_FILIAL) VALUES (129, '579.412.380-61', '267865', 'Funcionario 0129', 'Rua 19', 2705, 'Empacotador', 109, null);
INSERT INTO FUNCIONARIO (MATRICULA, CPF, IDENTIDADE, NOME, ENDERECO, SALARIO, FUNCAO, MATRICULA_SUPERVISOR, CODIGO_FILIAL) VALUES (130, '825.724.426-98', '229158', 'Funcionario 0130', 'Rua 31', 7812, 'Segurana', 49, null);
INSERT INTO FUNCIONARIO (MATRICULA, CPF, IDENTIDADE, NOME, ENDERECO, SALARIO, FUNCAO, MATRICULA_SUPERVISOR, CODIGO_FILIAL) VALUES (131, '640.501.951-79', '640685', 'Funcionario 0131', 'Rua 29', 4645, 'Aougueiro', 16, null);
INSERT INTO FUNCIONARIO (MATRICULA, CPF, IDENTIDADE, NOME, ENDERECO, SALARIO, FUNCAO, MATRICULA_SUPERVISOR, CODIGO_FILIAL) VALUES (132, '931.694.100-39', '432721', 'Funcionario 0132', 'Rua 99', 3427, 'Aougueiro', 60, null);
INSERT INTO FUNCIONARIO (MATRICULA, CPF, IDENTIDADE, NOME, ENDERECO, SALARIO, FUNCAO, MATRICULA_SUPERVISOR, CODIGO_FILIAL) VALUES (133, '346.840.861-20', '369544', 'Funcionario 0133', 'Rua 16', 8292, 'Padeiro', 105, null);
INSERT INTO FUNCIONARIO (MATRICULA, CPF, IDENTIDADE, NOME, ENDERECO, SALARIO, FUNCAO, MATRICULA_SUPERVISOR, CODIGO_FILIAL) VALUES (134, '499.520.943-74', '884741', 'Funcionario 0134', 'Rua 95', 2883, 'Caixa', 111, null);
INSERT INTO FUNCIONARIO (MATRICULA, CPF, IDENTIDADE, NOME, ENDERECO, SALARIO, FUNCAO, MATRICULA_SUPERVISOR, CODIGO_FILIAL) VALUES (135, '858.825.491-23', '542139', 'Funcionario 0135', 'Rua 64', 3751, 'Limpeza', 110, null);
INSERT INTO FUNCIONARIO (MATRICULA, CPF, IDENTIDADE, NOME, ENDERECO, SALARIO, FUNCAO, MATRICULA_SUPERVISOR, CODIGO_FILIAL) VALUES (136, '910.449.840-21', '452455', 'Funcionario 0136', 'Rua 99', 1581, 'Caixa', 99, null);
INSERT INTO FUNCIONARIO (MATRICULA, CPF, IDENTIDADE, NOME, ENDERECO, SALARIO, FUNCAO, MATRICULA_SUPERVISOR, CODIGO_FILIAL) VALUES (137, '579.151.869-40', '133478', 'Funcionario 0137', 'Rua 60', 7731, 'Limpeza', 93, null);
INSERT INTO FUNCIONARIO (MATRICULA, CPF, IDENTIDADE, NOME, ENDERECO, SALARIO, FUNCAO, MATRICULA_SUPERVISOR, CODIGO_FILIAL) VALUES (138, '112.832.735-28', '259220', 'Funcionario 0138', 'Rua 81', 2067, 'Empacotador', 50, null);
INSERT INTO FUNCIONARIO (MATRICULA, CPF, IDENTIDADE, NOME, ENDERECO, SALARIO, FUNCAO, MATRICULA_SUPERVISOR, CODIGO_FILIAL) VALUES (139, '997.746.386-32', '410873', 'Funcionario 0139', 'Rua 100', 7672, 'Empacotador', 88, null);
INSERT INTO FUNCIONARIO (MATRICULA, CPF, IDENTIDADE, NOME, ENDERECO, SALARIO, FUNCAO, MATRICULA_SUPERVISOR, CODIGO_FILIAL) VALUES (140, '856.116.416-73', '731535', 'Funcionario 0140', 'Rua 21', 5703, 'Padeiro', 73, null);
INSERT INTO FUNCIONARIO (MATRICULA, CPF, IDENTIDADE, NOME, ENDERECO, SALARIO, FUNCAO, MATRICULA_SUPERVISOR, CODIGO_FILIAL) VALUES (141, '808.518.643-79', '307784', 'Funcionario 0141', 'Rua 29', 6972, 'Empacotador', 28, null);
INSERT INTO FUNCIONARIO (MATRICULA, CPF, IDENTIDADE, NOME, ENDERECO, SALARIO, FUNCAO, MATRICULA_SUPERVISOR, CODIGO_FILIAL) VALUES (142, '148.920.569-37', '574299', 'Funcionario 0142', 'Rua 66', 4330, 'Padeiro', 54, null);
INSERT INTO FUNCIONARIO (MATRICULA, CPF, IDENTIDADE, NOME, ENDERECO, SALARIO, FUNCAO, MATRICULA_SUPERVISOR, CODIGO_FILIAL) VALUES (143, '829.878.213-25', '504221', 'Funcionario 0143', 'Rua 25', 5254, 'Limpeza', 20, null);
INSERT INTO FUNCIONARIO (MATRICULA, CPF, IDENTIDADE, NOME, ENDERECO, SALARIO, FUNCAO, MATRICULA_SUPERVISOR, CODIGO_FILIAL) VALUES (144, '527.438.800-36', '482354', 'Funcionario 0144', 'Rua 32', 8192, 'Limpeza', 20, null);
INSERT INTO FUNCIONARIO (MATRICULA, CPF, IDENTIDADE, NOME, ENDERECO, SALARIO, FUNCAO, MATRICULA_SUPERVISOR, CODIGO_FILIAL) VALUES (145, '657.199.650-48', '827009', 'Funcionario 0145', 'Rua 19', 9764, 'Empacotador', 70, null);
INSERT INTO FUNCIONARIO (MATRICULA, CPF, IDENTIDADE, NOME, ENDERECO, SALARIO, FUNCAO, MATRICULA_SUPERVISOR, CODIGO_FILIAL) VALUES (146, '799.927.225-47', '862539', 'Funcionario 0146', 'Rua 26', 5321, 'Empacotador', 60, null);
INSERT INTO FUNCIONARIO (MATRICULA, CPF, IDENTIDADE, NOME, ENDERECO, SALARIO, FUNCAO, MATRICULA_SUPERVISOR, CODIGO_FILIAL) VALUES (147, '596.238.111-67', '254860', 'Funcionario 0147', 'Rua 26', 8815, 'Padeiro', 18, null);
INSERT INTO FUNCIONARIO (MATRICULA, CPF, IDENTIDADE, NOME, ENDERECO, SALARIO, FUNCAO, MATRICULA_SUPERVISOR, CODIGO_FILIAL) VALUES (148, '738.743.989-86', '121298', 'Funcionario 0148', 'Rua 19', 1596, 'Padeiro', 93, null);
INSERT INTO FUNCIONARIO (MATRICULA, CPF, IDENTIDADE, NOME, ENDERECO, SALARIO, FUNCAO, MATRICULA_SUPERVISOR, CODIGO_FILIAL) VALUES (149, '754.403.283-28', '181115', 'Funcionario 0149', 'Rua 28', 2231, 'Padeiro', 27, null);


------ TELEFONE_FUNCIONARIO ------

INSERT INTO TELEFONE_FUNCIONARIO (MATRICULA, TELEFONE) VALUES (128, '(37) 97311-2344');
INSERT INTO TELEFONE_FUNCIONARIO (MATRICULA, TELEFONE) VALUES (44, '(76) 90163-2385');
INSERT INTO TELEFONE_FUNCIONARIO (MATRICULA, TELEFONE) VALUES (131, '(67) 97116-2941');
INSERT INTO TELEFONE_FUNCIONARIO (MATRICULA, TELEFONE) VALUES (139, '(94) 91321-8290');
INSERT INTO TELEFONE_FUNCIONARIO (MATRICULA, TELEFONE) VALUES (76, '(29) 92672-2716');
INSERT INTO TELEFONE_FUNCIONARIO (MATRICULA, TELEFONE) VALUES (58, '(76) 92155-6944');
INSERT INTO TELEFONE_FUNCIONARIO (MATRICULA, TELEFONE) VALUES (134, '(55) 98823-6722');
INSERT INTO TELEFONE_FUNCIONARIO (MATRICULA, TELEFONE) VALUES (106, '(14) 91702-6439');
INSERT INTO TELEFONE_FUNCIONARIO (MATRICULA, TELEFONE) VALUES (21, '(26) 91855-3596');
INSERT INTO TELEFONE_FUNCIONARIO (MATRICULA, TELEFONE) VALUES (144, '(74) 95765-1435');
INSERT INTO TELEFONE_FUNCIONARIO (MATRICULA, TELEFONE) VALUES (144, '(56) 94388-9214');
INSERT INTO TELEFONE_FUNCIONARIO (MATRICULA, TELEFONE) VALUES (46, '(55) 92416-2322');
INSERT INTO TELEFONE_FUNCIONARIO (MATRICULA, TELEFONE) VALUES (135, '(60) 90414-8906');
INSERT INTO TELEFONE_FUNCIONARIO (MATRICULA, TELEFONE) VALUES (24, '(23) 97684-1676');
INSERT INTO TELEFONE_FUNCIONARIO (MATRICULA, TELEFONE) VALUES (16, '(54) 91100-7690');
INSERT INTO TELEFONE_FUNCIONARIO (MATRICULA, TELEFONE) VALUES (54, '(81) 90344-7591');
INSERT INTO TELEFONE_FUNCIONARIO (MATRICULA, TELEFONE) VALUES (41, '(70) 91515-1218');
INSERT INTO TELEFONE_FUNCIONARIO (MATRICULA, TELEFONE) VALUES (43, '(27) 94327-8066');
INSERT INTO TELEFONE_FUNCIONARIO (MATRICULA, TELEFONE) VALUES (91, '(84) 90190-6881');
INSERT INTO TELEFONE_FUNCIONARIO (MATRICULA, TELEFONE) VALUES (47, '(31) 94324-3177');
INSERT INTO TELEFONE_FUNCIONARIO (MATRICULA, TELEFONE) VALUES (18, '(87) 95816-4274');
INSERT INTO TELEFONE_FUNCIONARIO (MATRICULA, TELEFONE) VALUES (32, '(42) 96507-1063');
INSERT INTO TELEFONE_FUNCIONARIO (MATRICULA, TELEFONE) VALUES (134, '(16) 97322-7431');
INSERT INTO TELEFONE_FUNCIONARIO (MATRICULA, TELEFONE) VALUES (90, '(57) 94078-9315');
INSERT INTO TELEFONE_FUNCIONARIO (MATRICULA, TELEFONE) VALUES (116, '(34) 90447-1002');
INSERT INTO TELEFONE_FUNCIONARIO (MATRICULA, TELEFONE) VALUES (32, '(51) 90265-8678');
INSERT INTO TELEFONE_FUNCIONARIO (MATRICULA, TELEFONE) VALUES (76, '(50) 91048-7407');
INSERT INTO TELEFONE_FUNCIONARIO (MATRICULA, TELEFONE) VALUES (145, '(29) 98020-6775');
INSERT INTO TELEFONE_FUNCIONARIO (MATRICULA, TELEFONE) VALUES (78, '(13) 96083-5504');
INSERT INTO TELEFONE_FUNCIONARIO (MATRICULA, TELEFONE) VALUES (8, '(16) 92568-7492');
INSERT INTO TELEFONE_FUNCIONARIO (MATRICULA, TELEFONE) VALUES (65, '(68) 95287-1966');
INSERT INTO TELEFONE_FUNCIONARIO (MATRICULA, TELEFONE) VALUES (106, '(99) 96982-6010');
INSERT INTO TELEFONE_FUNCIONARIO (MATRICULA, TELEFONE) VALUES (119, '(16) 92840-9092');
INSERT INTO TELEFONE_FUNCIONARIO (MATRICULA, TELEFONE) VALUES (133, '(80) 90268-3685');
INSERT INTO TELEFONE_FUNCIONARIO (MATRICULA, TELEFONE) VALUES (37, '(84) 90205-2041');
INSERT INTO TELEFONE_FUNCIONARIO (MATRICULA, TELEFONE) VALUES (34, '(58) 95747-1155');
INSERT INTO TELEFONE_FUNCIONARIO (MATRICULA, TELEFONE) VALUES (123, '(75) 98810-8038');
INSERT INTO TELEFONE_FUNCIONARIO (MATRICULA, TELEFONE) VALUES (40, '(14) 96001-9350');
INSERT INTO TELEFONE_FUNCIONARIO (MATRICULA, TELEFONE) VALUES (28, '(96) 99749-9241');
INSERT INTO TELEFONE_FUNCIONARIO (MATRICULA, TELEFONE) VALUES (120, '(64) 93617-3523');
INSERT INTO TELEFONE_FUNCIONARIO (MATRICULA, TELEFONE) VALUES (67, '(95) 95572-4313');
INSERT INTO TELEFONE_FUNCIONARIO (MATRICULA, TELEFONE) VALUES (105, '(40) 93773-6003');
INSERT INTO TELEFONE_FUNCIONARIO (MATRICULA, TELEFONE) VALUES (128, '(38) 97474-9578');
INSERT INTO TELEFONE_FUNCIONARIO (MATRICULA, TELEFONE) VALUES (73, '(80) 97572-3933');
INSERT INTO TELEFONE_FUNCIONARIO (MATRICULA, TELEFONE) VALUES (133, '(41) 94797-6114');
INSERT INTO TELEFONE_FUNCIONARIO (MATRICULA, TELEFONE) VALUES (87, '(58) 97165-3432');
INSERT INTO TELEFONE_FUNCIONARIO (MATRICULA, TELEFONE) VALUES (32, '(10) 95504-2404');
INSERT INTO TELEFONE_FUNCIONARIO (MATRICULA, TELEFONE) VALUES (116, '(79) 97143-3313');
INSERT INTO TELEFONE_FUNCIONARIO (MATRICULA, TELEFONE) VALUES (5, '(35) 93352-4130');
INSERT INTO TELEFONE_FUNCIONARIO (MATRICULA, TELEFONE) VALUES (143, '(99) 94184-8554');
INSERT INTO TELEFONE_FUNCIONARIO (MATRICULA, TELEFONE) VALUES (32, '(19) 95096-4561');
INSERT INTO TELEFONE_FUNCIONARIO (MATRICULA, TELEFONE) VALUES (18, '(38) 90046-7796');
INSERT INTO TELEFONE_FUNCIONARIO (MATRICULA, TELEFONE) VALUES (146, '(31) 92661-3672');
INSERT INTO TELEFONE_FUNCIONARIO (MATRICULA, TELEFONE) VALUES (5, '(51) 97231-8132');
INSERT INTO TELEFONE_FUNCIONARIO (MATRICULA, TELEFONE) VALUES (11, '(50) 90483-4949');
INSERT INTO TELEFONE_FUNCIONARIO (MATRICULA, TELEFONE) VALUES (68, '(66) 96626-7917');
INSERT INTO TELEFONE_FUNCIONARIO (MATRICULA, TELEFONE) VALUES (54, '(97) 94454-3985');
INSERT INTO TELEFONE_FUNCIONARIO (MATRICULA, TELEFONE) VALUES (103, '(32) 95482-2595');
INSERT INTO TELEFONE_FUNCIONARIO (MATRICULA, TELEFONE) VALUES (114, '(26) 96372-1077');
INSERT INTO TELEFONE_FUNCIONARIO (MATRICULA, TELEFONE) VALUES (95, '(80) 96722-5826');
INSERT INTO TELEFONE_FUNCIONARIO (MATRICULA, TELEFONE) VALUES (48, '(98) 96514-7318');
INSERT INTO TELEFONE_FUNCIONARIO (MATRICULA, TELEFONE) VALUES (89, '(66) 93960-9375');
INSERT INTO TELEFONE_FUNCIONARIO (MATRICULA, TELEFONE) VALUES (33, '(41) 99657-9866');
INSERT INTO TELEFONE_FUNCIONARIO (MATRICULA, TELEFONE) VALUES (113, '(26) 94639-6058');
INSERT INTO TELEFONE_FUNCIONARIO (MATRICULA, TELEFONE) VALUES (72, '(47) 90492-6488');
INSERT INTO TELEFONE_FUNCIONARIO (MATRICULA, TELEFONE) VALUES (19, '(14) 94443-1477');
INSERT INTO TELEFONE_FUNCIONARIO (MATRICULA, TELEFONE) VALUES (138, '(29) 93710-1517');
INSERT INTO TELEFONE_FUNCIONARIO (MATRICULA, TELEFONE) VALUES (59, '(83) 91335-7436');
INSERT INTO TELEFONE_FUNCIONARIO (MATRICULA, TELEFONE) VALUES (0, '(82) 97167-8891');
INSERT INTO TELEFONE_FUNCIONARIO (MATRICULA, TELEFONE) VALUES (92, '(25) 99620-9605');
INSERT INTO TELEFONE_FUNCIONARIO (MATRICULA, TELEFONE) VALUES (70, '(32) 99827-8235');
INSERT INTO TELEFONE_FUNCIONARIO (MATRICULA, TELEFONE) VALUES (69, '(79) 91518-9713');
INSERT INTO TELEFONE_FUNCIONARIO (MATRICULA, TELEFONE) VALUES (19, '(31) 99912-6307');
INSERT INTO TELEFONE_FUNCIONARIO (MATRICULA, TELEFONE) VALUES (143, '(45) 97197-4962');
INSERT INTO TELEFONE_FUNCIONARIO (MATRICULA, TELEFONE) VALUES (54, '(77) 91376-2920');
INSERT INTO TELEFONE_FUNCIONARIO (MATRICULA, TELEFONE) VALUES (2, '(82) 96197-8526');
INSERT INTO TELEFONE_FUNCIONARIO (MATRICULA, TELEFONE) VALUES (120, '(59) 97999-4144');
INSERT INTO TELEFONE_FUNCIONARIO (MATRICULA, TELEFONE) VALUES (7, '(12) 93291-5464');
INSERT INTO TELEFONE_FUNCIONARIO (MATRICULA, TELEFONE) VALUES (3, '(30) 90825-2009');
INSERT INTO TELEFONE_FUNCIONARIO (MATRICULA, TELEFONE) VALUES (93, '(55) 94763-6521');
INSERT INTO TELEFONE_FUNCIONARIO (MATRICULA, TELEFONE) VALUES (136, '(26) 99563-1501');
INSERT INTO TELEFONE_FUNCIONARIO (MATRICULA, TELEFONE) VALUES (23, '(83) 93086-8166');
INSERT INTO TELEFONE_FUNCIONARIO (MATRICULA, TELEFONE) VALUES (11, '(49) 96463-1690');
INSERT INTO TELEFONE_FUNCIONARIO (MATRICULA, TELEFONE) VALUES (126, '(27) 98126-2060');
INSERT INTO TELEFONE_FUNCIONARIO (MATRICULA, TELEFONE) VALUES (101, '(75) 91095-3332');
INSERT INTO TELEFONE_FUNCIONARIO (MATRICULA, TELEFONE) VALUES (87, '(75) 99613-9057');
INSERT INTO TELEFONE_FUNCIONARIO (MATRICULA, TELEFONE) VALUES (39, '(36) 95275-3963');
INSERT INTO TELEFONE_FUNCIONARIO (MATRICULA, TELEFONE) VALUES (71, '(74) 98104-7554');
INSERT INTO TELEFONE_FUNCIONARIO (MATRICULA, TELEFONE) VALUES (88, '(49) 94693-8741');
INSERT INTO TELEFONE_FUNCIONARIO (MATRICULA, TELEFONE) VALUES (65, '(88) 93892-5942');
INSERT INTO TELEFONE_FUNCIONARIO (MATRICULA, TELEFONE) VALUES (141, '(56) 98931-4361');
INSERT INTO TELEFONE_FUNCIONARIO (MATRICULA, TELEFONE) VALUES (95, '(26) 91696-5758');
INSERT INTO TELEFONE_FUNCIONARIO (MATRICULA, TELEFONE) VALUES (128, '(96) 96441-3340');
INSERT INTO TELEFONE_FUNCIONARIO (MATRICULA, TELEFONE) VALUES (42, '(10) 94835-4870');
INSERT INTO TELEFONE_FUNCIONARIO (MATRICULA, TELEFONE) VALUES (52, '(48) 99516-2576');
INSERT INTO TELEFONE_FUNCIONARIO (MATRICULA, TELEFONE) VALUES (5, '(48) 98292-7294');
INSERT INTO TELEFONE_FUNCIONARIO (MATRICULA, TELEFONE) VALUES (107, '(37) 95680-4113');
INSERT INTO TELEFONE_FUNCIONARIO (MATRICULA, TELEFONE) VALUES (58, '(65) 97559-5212');
INSERT INTO TELEFONE_FUNCIONARIO (MATRICULA, TELEFONE) VALUES (38, '(34) 98287-9828');
INSERT INTO TELEFONE_FUNCIONARIO (MATRICULA, TELEFONE) VALUES (148, '(51) 90043-9422');


------ DEPENDENTE ------

INSERT INTO DEPENDENTE (CPF, DATA_NASC, NOME, MATRICULA_FUNCIONARIO) VALUES ('747.223.913-28', TO_DATE('23/01/1921','DD/MM/YYYY'), 'Dependente 00', 38);
INSERT INTO DEPENDENTE (CPF, DATA_NASC, NOME, MATRICULA_FUNCIONARIO) VALUES ('329.983.114-63', TO_DATE('19/01/1988','DD/MM/YYYY'), 'Dependente 01', 145);
INSERT INTO DEPENDENTE (CPF, DATA_NASC, NOME, MATRICULA_FUNCIONARIO) VALUES ('365.105.477-73', TO_DATE('03/11/1944','DD/MM/YYYY'), 'Dependente 02', 96);
INSERT INTO DEPENDENTE (CPF, DATA_NASC, NOME, MATRICULA_FUNCIONARIO) VALUES ('723.893.929-28', TO_DATE('20/04/1954','DD/MM/YYYY'), 'Dependente 03', 64);
INSERT INTO DEPENDENTE (CPF, DATA_NASC, NOME, MATRICULA_FUNCIONARIO) VALUES ('305.470.780-91', TO_DATE('12/08/1957','DD/MM/YYYY'), 'Dependente 04', 89);
INSERT INTO DEPENDENTE (CPF, DATA_NASC, NOME, MATRICULA_FUNCIONARIO) VALUES ('844.891.597-56', TO_DATE('12/06/1955','DD/MM/YYYY'), 'Dependente 05', 140);
INSERT INTO DEPENDENTE (CPF, DATA_NASC, NOME, MATRICULA_FUNCIONARIO) VALUES ('178.934.554-32', TO_DATE('18/09/1958','DD/MM/YYYY'), 'Dependente 06', 133);
INSERT INTO DEPENDENTE (CPF, DATA_NASC, NOME, MATRICULA_FUNCIONARIO) VALUES ('764.115.974-33', TO_DATE('09/05/1922','DD/MM/YYYY'), 'Dependente 07', 76);
INSERT INTO DEPENDENTE (CPF, DATA_NASC, NOME, MATRICULA_FUNCIONARIO) VALUES ('956.775.618-89', TO_DATE('10/04/1993','DD/MM/YYYY'), 'Dependente 08', 137);
INSERT INTO DEPENDENTE (CPF, DATA_NASC, NOME, MATRICULA_FUNCIONARIO) VALUES ('553.654.954-27', TO_DATE('03/05/2002','DD/MM/YYYY'), 'Dependente 09', 115);
INSERT INTO DEPENDENTE (CPF, DATA_NASC, NOME, MATRICULA_FUNCIONARIO) VALUES ('650.908.882-16', TO_DATE('09/03/1946','DD/MM/YYYY'), 'Dependente 010', 121);
INSERT INTO DEPENDENTE (CPF, DATA_NASC, NOME, MATRICULA_FUNCIONARIO) VALUES ('612.889.678-16', TO_DATE('22/04/1920','DD/MM/YYYY'), 'Dependente 011', 120);
INSERT INTO DEPENDENTE (CPF, DATA_NASC, NOME, MATRICULA_FUNCIONARIO) VALUES ('694.476.788-22', TO_DATE('25/08/1989','DD/MM/YYYY'), 'Dependente 012', 91);
INSERT INTO DEPENDENTE (CPF, DATA_NASC, NOME, MATRICULA_FUNCIONARIO) VALUES ('700.467.298-24', TO_DATE('17/12/2017','DD/MM/YYYY'), 'Dependente 013', 120);
INSERT INTO DEPENDENTE (CPF, DATA_NASC, NOME, MATRICULA_FUNCIONARIO) VALUES ('831.973.508-50', TO_DATE('19/07/2007','DD/MM/YYYY'), 'Dependente 014', 138);
INSERT INTO DEPENDENTE (CPF, DATA_NASC, NOME, MATRICULA_FUNCIONARIO) VALUES ('998.657.205-16', TO_DATE('21/09/1926','DD/MM/YYYY'), 'Dependente 015', 116);
INSERT INTO DEPENDENTE (CPF, DATA_NASC, NOME, MATRICULA_FUNCIONARIO) VALUES ('178.108.148-15', TO_DATE('17/09/1999','DD/MM/YYYY'), 'Dependente 016', 14);
INSERT INTO DEPENDENTE (CPF, DATA_NASC, NOME, MATRICULA_FUNCIONARIO) VALUES ('659.720.752-16', TO_DATE('10/07/1912','DD/MM/YYYY'), 'Dependente 017', 1);
INSERT INTO DEPENDENTE (CPF, DATA_NASC, NOME, MATRICULA_FUNCIONARIO) VALUES ('818.530.700-86', TO_DATE('13/07/1967','DD/MM/YYYY'), 'Dependente 018', 3);
INSERT INTO DEPENDENTE (CPF, DATA_NASC, NOME, MATRICULA_FUNCIONARIO) VALUES ('695.903.893-51', TO_DATE('08/11/2004','DD/MM/YYYY'), 'Dependente 019', 101);
INSERT INTO DEPENDENTE (CPF, DATA_NASC, NOME, MATRICULA_FUNCIONARIO) VALUES ('114.919.820-80', TO_DATE('28/07/1997','DD/MM/YYYY'), 'Dependente 020', 88);
INSERT INTO DEPENDENTE (CPF, DATA_NASC, NOME, MATRICULA_FUNCIONARIO) VALUES ('379.346.720-66', TO_DATE('27/05/1984','DD/MM/YYYY'), 'Dependente 021', 9);
INSERT INTO DEPENDENTE (CPF, DATA_NASC, NOME, MATRICULA_FUNCIONARIO) VALUES ('911.631.145-41', TO_DATE('16/11/1956','DD/MM/YYYY'), 'Dependente 022', 88);
INSERT INTO DEPENDENTE (CPF, DATA_NASC, NOME, MATRICULA_FUNCIONARIO) VALUES ('375.828.241-74', TO_DATE('25/08/1942','DD/MM/YYYY'), 'Dependente 023', 70);
INSERT INTO DEPENDENTE (CPF, DATA_NASC, NOME, MATRICULA_FUNCIONARIO) VALUES ('701.371.990-44', TO_DATE('25/06/2008','DD/MM/YYYY'), 'Dependente 024', 145);
INSERT INTO DEPENDENTE (CPF, DATA_NASC, NOME, MATRICULA_FUNCIONARIO) VALUES ('977.263.851-22', TO_DATE('10/05/1974','DD/MM/YYYY'), 'Dependente 025', 136);
INSERT INTO DEPENDENTE (CPF, DATA_NASC, NOME, MATRICULA_FUNCIONARIO) VALUES ('563.856.852-61', TO_DATE('25/07/1959','DD/MM/YYYY'), 'Dependente 026', 57);
INSERT INTO DEPENDENTE (CPF, DATA_NASC, NOME, MATRICULA_FUNCIONARIO) VALUES ('633.932.436-63', TO_DATE('03/08/1998','DD/MM/YYYY'), 'Dependente 027', 22);
INSERT INTO DEPENDENTE (CPF, DATA_NASC, NOME, MATRICULA_FUNCIONARIO) VALUES ('758.249.692-26', TO_DATE('11/09/1955','DD/MM/YYYY'), 'Dependente 028', 22);
INSERT INTO DEPENDENTE (CPF, DATA_NASC, NOME, MATRICULA_FUNCIONARIO) VALUES ('156.678.735-20', TO_DATE('02/03/1915','DD/MM/YYYY'), 'Dependente 029', 91);
INSERT INTO DEPENDENTE (CPF, DATA_NASC, NOME, MATRICULA_FUNCIONARIO) VALUES ('563.155.329-76', TO_DATE('06/06/1940','DD/MM/YYYY'), 'Dependente 030', 26);
INSERT INTO DEPENDENTE (CPF, DATA_NASC, NOME, MATRICULA_FUNCIONARIO) VALUES ('596.299.116-71', TO_DATE('14/04/1923','DD/MM/YYYY'), 'Dependente 031', 146);
INSERT INTO DEPENDENTE (CPF, DATA_NASC, NOME, MATRICULA_FUNCIONARIO) VALUES ('879.647.379-28', TO_DATE('11/04/1955','DD/MM/YYYY'), 'Dependente 032', 11);
INSERT INTO DEPENDENTE (CPF, DATA_NASC, NOME, MATRICULA_FUNCIONARIO) VALUES ('832.262.867-64', TO_DATE('28/05/1977','DD/MM/YYYY'), 'Dependente 033', 100);
INSERT INTO DEPENDENTE (CPF, DATA_NASC, NOME, MATRICULA_FUNCIONARIO) VALUES ('916.353.665-68', TO_DATE('08/09/1937','DD/MM/YYYY'), 'Dependente 034', 5);
INSERT INTO DEPENDENTE (CPF, DATA_NASC, NOME, MATRICULA_FUNCIONARIO) VALUES ('747.312.482-76', TO_DATE('23/02/1910','DD/MM/YYYY'), 'Dependente 035', 124);
INSERT INTO DEPENDENTE (CPF, DATA_NASC, NOME, MATRICULA_FUNCIONARIO) VALUES ('291.964.449-22', TO_DATE('28/12/2014','DD/MM/YYYY'), 'Dependente 036', 23);
INSERT INTO DEPENDENTE (CPF, DATA_NASC, NOME, MATRICULA_FUNCIONARIO) VALUES ('151.806.570-75', TO_DATE('14/10/1970','DD/MM/YYYY'), 'Dependente 037', 100);
INSERT INTO DEPENDENTE (CPF, DATA_NASC, NOME, MATRICULA_FUNCIONARIO) VALUES ('581.955.315-87', TO_DATE('28/02/2008','DD/MM/YYYY'), 'Dependente 038', 49);
INSERT INTO DEPENDENTE (CPF, DATA_NASC, NOME, MATRICULA_FUNCIONARIO) VALUES ('537.905.491-37', TO_DATE('22/07/2013','DD/MM/YYYY'), 'Dependente 039', 76);
INSERT INTO DEPENDENTE (CPF, DATA_NASC, NOME, MATRICULA_FUNCIONARIO) VALUES ('690.480.760-73', TO_DATE('08/08/1938','DD/MM/YYYY'), 'Dependente 040', 78);
INSERT INTO DEPENDENTE (CPF, DATA_NASC, NOME, MATRICULA_FUNCIONARIO) VALUES ('416.136.633-63', TO_DATE('20/06/1936','DD/MM/YYYY'), 'Dependente 041', 134);
INSERT INTO DEPENDENTE (CPF, DATA_NASC, NOME, MATRICULA_FUNCIONARIO) VALUES ('650.706.821-17', TO_DATE('19/09/1957','DD/MM/YYYY'), 'Dependente 042', 14);
INSERT INTO DEPENDENTE (CPF, DATA_NASC, NOME, MATRICULA_FUNCIONARIO) VALUES ('966.280.278-23', TO_DATE('22/12/1967','DD/MM/YYYY'), 'Dependente 043', 111);
INSERT INTO DEPENDENTE (CPF, DATA_NASC, NOME, MATRICULA_FUNCIONARIO) VALUES ('588.272.695-27', TO_DATE('26/05/1983','DD/MM/YYYY'), 'Dependente 044', 137);
INSERT INTO DEPENDENTE (CPF, DATA_NASC, NOME, MATRICULA_FUNCIONARIO) VALUES ('293.423.104-40', TO_DATE('02/12/1935','DD/MM/YYYY'), 'Dependente 045', 91);
INSERT INTO DEPENDENTE (CPF, DATA_NASC, NOME, MATRICULA_FUNCIONARIO) VALUES ('187.942.566-71', TO_DATE('11/10/2002','DD/MM/YYYY'), 'Dependente 046', 111);
INSERT INTO DEPENDENTE (CPF, DATA_NASC, NOME, MATRICULA_FUNCIONARIO) VALUES ('366.987.285-53', TO_DATE('13/02/2002','DD/MM/YYYY'), 'Dependente 047', 34);
INSERT INTO DEPENDENTE (CPF, DATA_NASC, NOME, MATRICULA_FUNCIONARIO) VALUES ('165.587.513-63', TO_DATE('15/01/1912','DD/MM/YYYY'), 'Dependente 048', 109);
INSERT INTO DEPENDENTE (CPF, DATA_NASC, NOME, MATRICULA_FUNCIONARIO) VALUES ('902.233.456-38', TO_DATE('22/04/1976','DD/MM/YYYY'), 'Dependente 049', 86);
INSERT INTO DEPENDENTE (CPF, DATA_NASC, NOME, MATRICULA_FUNCIONARIO) VALUES ('421.408.418-56', TO_DATE('25/04/1929','DD/MM/YYYY'), 'Dependente 050', 135);
INSERT INTO DEPENDENTE (CPF, DATA_NASC, NOME, MATRICULA_FUNCIONARIO) VALUES ('829.523.264-38', TO_DATE('20/03/1923','DD/MM/YYYY'), 'Dependente 051', 137);
INSERT INTO DEPENDENTE (CPF, DATA_NASC, NOME, MATRICULA_FUNCIONARIO) VALUES ('557.820.620-95', TO_DATE('13/07/1982','DD/MM/YYYY'), 'Dependente 052', 82);
INSERT INTO DEPENDENTE (CPF, DATA_NASC, NOME, MATRICULA_FUNCIONARIO) VALUES ('200.221.700-94', TO_DATE('21/07/1928','DD/MM/YYYY'), 'Dependente 053', 79);
INSERT INTO DEPENDENTE (CPF, DATA_NASC, NOME, MATRICULA_FUNCIONARIO) VALUES ('835.971.593-21', TO_DATE('07/06/2017','DD/MM/YYYY'), 'Dependente 054', 6);
INSERT INTO DEPENDENTE (CPF, DATA_NASC, NOME, MATRICULA_FUNCIONARIO) VALUES ('107.656.803-12', TO_DATE('03/07/1920','DD/MM/YYYY'), 'Dependente 055', 35);
INSERT INTO DEPENDENTE (CPF, DATA_NASC, NOME, MATRICULA_FUNCIONARIO) VALUES ('360.673.744-84', TO_DATE('13/09/1913','DD/MM/YYYY'), 'Dependente 056', 52);
INSERT INTO DEPENDENTE (CPF, DATA_NASC, NOME, MATRICULA_FUNCIONARIO) VALUES ('772.495.294-55', TO_DATE('11/12/1974','DD/MM/YYYY'), 'Dependente 057', 62);
INSERT INTO DEPENDENTE (CPF, DATA_NASC, NOME, MATRICULA_FUNCIONARIO) VALUES ('910.752.723-39', TO_DATE('11/07/2018','DD/MM/YYYY'), 'Dependente 058', 131);
INSERT INTO DEPENDENTE (CPF, DATA_NASC, NOME, MATRICULA_FUNCIONARIO) VALUES ('482.646.616-50', TO_DATE('23/01/1970','DD/MM/YYYY'), 'Dependente 059', 12);
INSERT INTO DEPENDENTE (CPF, DATA_NASC, NOME, MATRICULA_FUNCIONARIO) VALUES ('447.992.899-11', TO_DATE('18/05/2000','DD/MM/YYYY'), 'Dependente 060', 8);
INSERT INTO DEPENDENTE (CPF, DATA_NASC, NOME, MATRICULA_FUNCIONARIO) VALUES ('419.308.596-72', TO_DATE('17/03/1962','DD/MM/YYYY'), 'Dependente 061', 115);
INSERT INTO DEPENDENTE (CPF, DATA_NASC, NOME, MATRICULA_FUNCIONARIO) VALUES ('264.511.790-71', TO_DATE('26/10/1910','DD/MM/YYYY'), 'Dependente 062', 60);
INSERT INTO DEPENDENTE (CPF, DATA_NASC, NOME, MATRICULA_FUNCIONARIO) VALUES ('798.632.403-49', TO_DATE('04/01/1927','DD/MM/YYYY'), 'Dependente 063', 106);
INSERT INTO DEPENDENTE (CPF, DATA_NASC, NOME, MATRICULA_FUNCIONARIO) VALUES ('116.902.638-97', TO_DATE('02/10/1981','DD/MM/YYYY'), 'Dependente 064', 29);
INSERT INTO DEPENDENTE (CPF, DATA_NASC, NOME, MATRICULA_FUNCIONARIO) VALUES ('523.359.227-12', TO_DATE('12/09/1987','DD/MM/YYYY'), 'Dependente 065', 20);
INSERT INTO DEPENDENTE (CPF, DATA_NASC, NOME, MATRICULA_FUNCIONARIO) VALUES ('558.853.642-66', TO_DATE('12/04/1972','DD/MM/YYYY'), 'Dependente 066', 129);
INSERT INTO DEPENDENTE (CPF, DATA_NASC, NOME, MATRICULA_FUNCIONARIO) VALUES ('383.946.309-56', TO_DATE('11/06/1960','DD/MM/YYYY'), 'Dependente 067', 127);
INSERT INTO DEPENDENTE (CPF, DATA_NASC, NOME, MATRICULA_FUNCIONARIO) VALUES ('452.473.188-23', TO_DATE('11/05/1964','DD/MM/YYYY'), 'Dependente 068', 129);
INSERT INTO DEPENDENTE (CPF, DATA_NASC, NOME, MATRICULA_FUNCIONARIO) VALUES ('376.769.736-42', TO_DATE('28/08/1943','DD/MM/YYYY'), 'Dependente 069', 25);
INSERT INTO DEPENDENTE (CPF, DATA_NASC, NOME, MATRICULA_FUNCIONARIO) VALUES ('561.901.418-72', TO_DATE('21/08/1945','DD/MM/YYYY'), 'Dependente 070', 136);
INSERT INTO DEPENDENTE (CPF, DATA_NASC, NOME, MATRICULA_FUNCIONARIO) VALUES ('855.310.765-26', TO_DATE('25/04/2017','DD/MM/YYYY'), 'Dependente 071', 11);
INSERT INTO DEPENDENTE (CPF, DATA_NASC, NOME, MATRICULA_FUNCIONARIO) VALUES ('555.417.348-97', TO_DATE('27/04/1952','DD/MM/YYYY'), 'Dependente 072', 31);
INSERT INTO DEPENDENTE (CPF, DATA_NASC, NOME, MATRICULA_FUNCIONARIO) VALUES ('219.671.734-31', TO_DATE('10/04/1950','DD/MM/YYYY'), 'Dependente 073', 12);
INSERT INTO DEPENDENTE (CPF, DATA_NASC, NOME, MATRICULA_FUNCIONARIO) VALUES ('408.453.693-51', TO_DATE('25/11/1927','DD/MM/YYYY'), 'Dependente 074', 61);
INSERT INTO DEPENDENTE (CPF, DATA_NASC, NOME, MATRICULA_FUNCIONARIO) VALUES ('941.260.524-37', TO_DATE('09/06/1970','DD/MM/YYYY'), 'Dependente 075', 117);
INSERT INTO DEPENDENTE (CPF, DATA_NASC, NOME, MATRICULA_FUNCIONARIO) VALUES ('105.169.339-42', TO_DATE('09/05/1957','DD/MM/YYYY'), 'Dependente 076', 122);
INSERT INTO DEPENDENTE (CPF, DATA_NASC, NOME, MATRICULA_FUNCIONARIO) VALUES ('938.174.749-13', TO_DATE('14/06/1997','DD/MM/YYYY'), 'Dependente 077', 104);
INSERT INTO DEPENDENTE (CPF, DATA_NASC, NOME, MATRICULA_FUNCIONARIO) VALUES ('151.522.214-52', TO_DATE('03/03/1919','DD/MM/YYYY'), 'Dependente 078', 55);
INSERT INTO DEPENDENTE (CPF, DATA_NASC, NOME, MATRICULA_FUNCIONARIO) VALUES ('807.248.124-45', TO_DATE('15/04/2000','DD/MM/YYYY'), 'Dependente 079', 135);


------ FILIAL ------

INSERT INTO FILIAL (CODIGO_IDENTIFICACAO, NOME, ENDERECO, TELEFONE) VALUES (0, 'Filial 0', 'Rua 24', '(99) 95005-6894');
INSERT INTO FILIAL (CODIGO_IDENTIFICACAO, NOME, ENDERECO, TELEFONE) VALUES (1, 'Filial 1', 'Rua 54', '(99) 98801-5843');
INSERT INTO FILIAL (CODIGO_IDENTIFICACAO, NOME, ENDERECO, TELEFONE) VALUES (2, 'Filial 2', 'Rua 39', '(19) 93883-8939');
INSERT INTO FILIAL (CODIGO_IDENTIFICACAO, NOME, ENDERECO, TELEFONE) VALUES (3, 'Filial 3', 'Rua 92', '(75) 95001-9259');
INSERT INTO FILIAL (CODIGO_IDENTIFICACAO, NOME, ENDERECO, TELEFONE) VALUES (4, 'Filial 4', 'Rua 86', '(43) 99157-2978');
INSERT INTO FILIAL (CODIGO_IDENTIFICACAO, NOME, ENDERECO, TELEFONE) VALUES (5, 'Filial 5', 'Rua 57', '(68) 99204-5976');
INSERT INTO FILIAL (CODIGO_IDENTIFICACAO, NOME, ENDERECO, TELEFONE) VALUES (6, 'Filial 6', 'Rua 20', '(29) 92412-7918');
INSERT INTO FILIAL (CODIGO_IDENTIFICACAO, NOME, ENDERECO, TELEFONE) VALUES (7, 'Filial 7', 'Rua 31', '(10) 93064-6894');
INSERT INTO FILIAL (CODIGO_IDENTIFICACAO, NOME, ENDERECO, TELEFONE) VALUES (8, 'Filial 8', 'Rua 71', '(49) 99543-3124');
INSERT INTO FILIAL (CODIGO_IDENTIFICACAO, NOME, ENDERECO, TELEFONE) VALUES (9, 'Filial 9', 'Rua 98', '(80) 93796-6639');


------ MARCA ------

INSERT INTO MARCA (IDENTIFICADOR, NOME) VALUES (0, 'Marca 0');
INSERT INTO MARCA (IDENTIFICADOR, NOME) VALUES (1, 'Marca 1');
INSERT INTO MARCA (IDENTIFICADOR, NOME) VALUES (2, 'Marca 2');
INSERT INTO MARCA (IDENTIFICADOR, NOME) VALUES (3, 'Marca 3');
INSERT INTO MARCA (IDENTIFICADOR, NOME) VALUES (4, 'Marca 4');
INSERT INTO MARCA (IDENTIFICADOR, NOME) VALUES (5, 'Marca 5');
INSERT INTO MARCA (IDENTIFICADOR, NOME) VALUES (6, 'Marca 6');
INSERT INTO MARCA (IDENTIFICADOR, NOME) VALUES (7, 'Marca 7');
INSERT INTO MARCA (IDENTIFICADOR, NOME) VALUES (8, 'Marca 8');
INSERT INTO MARCA (IDENTIFICADOR, NOME) VALUES (9, 'Marca 9');
INSERT INTO MARCA (IDENTIFICADOR, NOME) VALUES (10, 'Marca 10');
INSERT INTO MARCA (IDENTIFICADOR, NOME) VALUES (11, 'Marca 11');
INSERT INTO MARCA (IDENTIFICADOR, NOME) VALUES (12, 'Marca 12');
INSERT INTO MARCA (IDENTIFICADOR, NOME) VALUES (13, 'Marca 13');
INSERT INTO MARCA (IDENTIFICADOR, NOME) VALUES (14, 'Marca 14');
INSERT INTO MARCA (IDENTIFICADOR, NOME) VALUES (15, 'Marca 15');
INSERT INTO MARCA (IDENTIFICADOR, NOME) VALUES (16, 'Marca 16');
INSERT INTO MARCA (IDENTIFICADOR, NOME) VALUES (17, 'Marca 17');
INSERT INTO MARCA (IDENTIFICADOR, NOME) VALUES (18, 'Marca 18');
INSERT INTO MARCA (IDENTIFICADOR, NOME) VALUES (19, 'Marca 19');
INSERT INTO MARCA (IDENTIFICADOR, NOME) VALUES (20, 'Marca 20');
INSERT INTO MARCA (IDENTIFICADOR, NOME) VALUES (21, 'Marca 21');
INSERT INTO MARCA (IDENTIFICADOR, NOME) VALUES (22, 'Marca 22');
INSERT INTO MARCA (IDENTIFICADOR, NOME) VALUES (23, 'Marca 23');
INSERT INTO MARCA (IDENTIFICADOR, NOME) VALUES (24, 'Marca 24');


------ CATEGORIA ------

INSERT INTO CATEGORIA (IDENTIFICADOR, NOME) VALUES (0, 'Categoria 0');
INSERT INTO CATEGORIA (IDENTIFICADOR, NOME) VALUES (1, 'Categoria 1');
INSERT INTO CATEGORIA (IDENTIFICADOR, NOME) VALUES (2, 'Categoria 2');
INSERT INTO CATEGORIA (IDENTIFICADOR, NOME) VALUES (3, 'Categoria 3');
INSERT INTO CATEGORIA (IDENTIFICADOR, NOME) VALUES (4, 'Categoria 4');
INSERT INTO CATEGORIA (IDENTIFICADOR, NOME) VALUES (5, 'Categoria 5');
INSERT INTO CATEGORIA (IDENTIFICADOR, NOME) VALUES (6, 'Categoria 6');
INSERT INTO CATEGORIA (IDENTIFICADOR, NOME) VALUES (7, 'Categoria 7');
INSERT INTO CATEGORIA (IDENTIFICADOR, NOME) VALUES (8, 'Categoria 8');
INSERT INTO CATEGORIA (IDENTIFICADOR, NOME) VALUES (9, 'Categoria 9');
INSERT INTO CATEGORIA (IDENTIFICADOR, NOME) VALUES (10, 'Categoria 10');
INSERT INTO CATEGORIA (IDENTIFICADOR, NOME) VALUES (11, 'Categoria 11');
INSERT INTO CATEGORIA (IDENTIFICADOR, NOME) VALUES (12, 'Categoria 12');
INSERT INTO CATEGORIA (IDENTIFICADOR, NOME) VALUES (13, 'Categoria 13');
INSERT INTO CATEGORIA (IDENTIFICADOR, NOME) VALUES (14, 'Categoria 14');
INSERT INTO CATEGORIA (IDENTIFICADOR, NOME) VALUES (15, 'Categoria 15');
INSERT INTO CATEGORIA (IDENTIFICADOR, NOME) VALUES (16, 'Categoria 16');
INSERT INTO CATEGORIA (IDENTIFICADOR, NOME) VALUES (17, 'Categoria 17');
INSERT INTO CATEGORIA (IDENTIFICADOR, NOME) VALUES (18, 'Categoria 18');
INSERT INTO CATEGORIA (IDENTIFICADOR, NOME) VALUES (19, 'Categoria 19');
INSERT INTO CATEGORIA (IDENTIFICADOR, NOME) VALUES (20, 'Categoria 20');
INSERT INTO CATEGORIA (IDENTIFICADOR, NOME) VALUES (21, 'Categoria 21');
INSERT INTO CATEGORIA (IDENTIFICADOR, NOME) VALUES (22, 'Categoria 22');
INSERT INTO CATEGORIA (IDENTIFICADOR, NOME) VALUES (23, 'Categoria 23');
INSERT INTO CATEGORIA (IDENTIFICADOR, NOME) VALUES (24, 'Categoria 24');
INSERT INTO CATEGORIA (IDENTIFICADOR, NOME) VALUES (25, 'Categoria 25');
INSERT INTO CATEGORIA (IDENTIFICADOR, NOME) VALUES (26, 'Categoria 26');
INSERT INTO CATEGORIA (IDENTIFICADOR, NOME) VALUES (27, 'Categoria 27');
INSERT INTO CATEGORIA (IDENTIFICADOR, NOME) VALUES (28, 'Categoria 28');
INSERT INTO CATEGORIA (IDENTIFICADOR, NOME) VALUES (29, 'Categoria 29');


------ PRODUTO ------

INSERT INTO PRODUTO (CODIGO_IDENTIFICACAO, NOME, DESCRICAO, MARGEM_LUCRO, CODIGO_FILIAL, QUANTIDADE, PRECO_COMPRA, PRECO_VENDA, DATA_COMPRA, DATA_VALIDADE, ID_MARCA, ID_CATEGORIA) VALUES (0, 'Produto 00', 'Descrio do Produto 00', '1057', 7, 188, 21, 48, TO_DATE('24/08/2003','DD/MM/YYYY'), TO_DATE('25/10/1939','DD/MM/YYYY'), 12, 6);
INSERT INTO PRODUTO (CODIGO_IDENTIFICACAO, NOME, DESCRICAO, MARGEM_LUCRO, CODIGO_FILIAL, QUANTIDADE, PRECO_COMPRA, PRECO_VENDA, DATA_COMPRA, DATA_VALIDADE, ID_MARCA, ID_CATEGORIA) VALUES (1, 'Produto 01', 'Descrio do Produto 01', '6851', 6, 904, 16, 47, TO_DATE('16/05/2016','DD/MM/YYYY'), TO_DATE('12/01/1919','DD/MM/YYYY'), 12, 20);
INSERT INTO PRODUTO (CODIGO_IDENTIFICACAO, NOME, DESCRICAO, MARGEM_LUCRO, CODIGO_FILIAL, QUANTIDADE, PRECO_COMPRA, PRECO_VENDA, DATA_COMPRA, DATA_VALIDADE, ID_MARCA, ID_CATEGORIA) VALUES (2, 'Produto 02', 'Descrio do Produto 02', '8402', 6, 504, 8, 67, TO_DATE('01/01/1996','DD/MM/YYYY'), TO_DATE('03/08/2014','DD/MM/YYYY'), 13, 9);
INSERT INTO PRODUTO (CODIGO_IDENTIFICACAO, NOME, DESCRICAO, MARGEM_LUCRO, CODIGO_FILIAL, QUANTIDADE, PRECO_COMPRA, PRECO_VENDA, DATA_COMPRA, DATA_VALIDADE, ID_MARCA, ID_CATEGORIA) VALUES (3, 'Produto 03', 'Descrio do Produto 03', '7486', 0, 94, 20, 78, TO_DATE('24/04/1931','DD/MM/YYYY'), TO_DATE('17/03/1963','DD/MM/YYYY'), 23, 12);
INSERT INTO PRODUTO (CODIGO_IDENTIFICACAO, NOME, DESCRICAO, MARGEM_LUCRO, CODIGO_FILIAL, QUANTIDADE, PRECO_COMPRA, PRECO_VENDA, DATA_COMPRA, DATA_VALIDADE, ID_MARCA, ID_CATEGORIA) VALUES (4, 'Produto 04', 'Descrio do Produto 04', '6791', 0, 895, 23, 91, TO_DATE('03/09/1959','DD/MM/YYYY'), TO_DATE('08/12/1923','DD/MM/YYYY'), 23, 3);
INSERT INTO PRODUTO (CODIGO_IDENTIFICACAO, NOME, DESCRICAO, MARGEM_LUCRO, CODIGO_FILIAL, QUANTIDADE, PRECO_COMPRA, PRECO_VENDA, DATA_COMPRA, DATA_VALIDADE, ID_MARCA, ID_CATEGORIA) VALUES (5, 'Produto 05', 'Descrio do Produto 05', '640', 9, 93, 19, 86, TO_DATE('07/08/1921','DD/MM/YYYY'), TO_DATE('18/09/1941','DD/MM/YYYY'), 7, 22);
INSERT INTO PRODUTO (CODIGO_IDENTIFICACAO, NOME, DESCRICAO, MARGEM_LUCRO, CODIGO_FILIAL, QUANTIDADE, PRECO_COMPRA, PRECO_VENDA, DATA_COMPRA, DATA_VALIDADE, ID_MARCA, ID_CATEGORIA) VALUES (6, 'Produto 06', 'Descrio do Produto 06', '5552', 4, 27, 19, 71, TO_DATE('01/06/1997','DD/MM/YYYY'), TO_DATE('05/07/1962','DD/MM/YYYY'), 24, 12);
INSERT INTO PRODUTO (CODIGO_IDENTIFICACAO, NOME, DESCRICAO, MARGEM_LUCRO, CODIGO_FILIAL, QUANTIDADE, PRECO_COMPRA, PRECO_VENDA, DATA_COMPRA, DATA_VALIDADE, ID_MARCA, ID_CATEGORIA) VALUES (7, 'Produto 07', 'Descrio do Produto 07', '2246', 3, 483, 9, 38, TO_DATE('21/01/1914','DD/MM/YYYY'), TO_DATE('18/08/1939','DD/MM/YYYY'), 4, 15);
INSERT INTO PRODUTO (CODIGO_IDENTIFICACAO, NOME, DESCRICAO, MARGEM_LUCRO, CODIGO_FILIAL, QUANTIDADE, PRECO_COMPRA, PRECO_VENDA, DATA_COMPRA, DATA_VALIDADE, ID_MARCA, ID_CATEGORIA) VALUES (8, 'Produto 08', 'Descrio do Produto 08', '7335', 8, 572, 15, 33, TO_DATE('21/05/1974','DD/MM/YYYY'), TO_DATE('21/02/1910','DD/MM/YYYY'), 9, 10);
INSERT INTO PRODUTO (CODIGO_IDENTIFICACAO, NOME, DESCRICAO, MARGEM_LUCRO, CODIGO_FILIAL, QUANTIDADE, PRECO_COMPRA, PRECO_VENDA, DATA_COMPRA, DATA_VALIDADE, ID_MARCA, ID_CATEGORIA) VALUES (9, 'Produto 09', 'Descrio do Produto 09', '3436', 5, 738, 19, 60, TO_DATE('11/08/1929','DD/MM/YYYY'), TO_DATE('07/01/1924','DD/MM/YYYY'), 15, 11);
INSERT INTO PRODUTO (CODIGO_IDENTIFICACAO, NOME, DESCRICAO, MARGEM_LUCRO, CODIGO_FILIAL, QUANTIDADE, PRECO_COMPRA, PRECO_VENDA, DATA_COMPRA, DATA_VALIDADE, ID_MARCA, ID_CATEGORIA) VALUES (10, 'Produto 010', 'Descrio do Produto 010', '9795', 9, 955, 10, 45, TO_DATE('10/09/1989','DD/MM/YYYY'), TO_DATE('13/06/2001','DD/MM/YYYY'), 18, 17);
INSERT INTO PRODUTO (CODIGO_IDENTIFICACAO, NOME, DESCRICAO, MARGEM_LUCRO, CODIGO_FILIAL, QUANTIDADE, PRECO_COMPRA, PRECO_VENDA, DATA_COMPRA, DATA_VALIDADE, ID_MARCA, ID_CATEGORIA) VALUES (11, 'Produto 011', 'Descrio do Produto 011', '82', 7, 975, 12, 65, TO_DATE('22/05/1915','DD/MM/YYYY'), TO_DATE('09/03/1910','DD/MM/YYYY'), 2, 0);
INSERT INTO PRODUTO (CODIGO_IDENTIFICACAO, NOME, DESCRICAO, MARGEM_LUCRO, CODIGO_FILIAL, QUANTIDADE, PRECO_COMPRA, PRECO_VENDA, DATA_COMPRA, DATA_VALIDADE, ID_MARCA, ID_CATEGORIA) VALUES (12, 'Produto 012', 'Descrio do Produto 012', '5978', 9, 143, 2, 59, TO_DATE('10/05/2007','DD/MM/YYYY'), TO_DATE('28/04/1958','DD/MM/YYYY'), 12, 26);
INSERT INTO PRODUTO (CODIGO_IDENTIFICACAO, NOME, DESCRICAO, MARGEM_LUCRO, CODIGO_FILIAL, QUANTIDADE, PRECO_COMPRA, PRECO_VENDA, DATA_COMPRA, DATA_VALIDADE, ID_MARCA, ID_CATEGORIA) VALUES (13, 'Produto 013', 'Descrio do Produto 013', '9496', 0, 573, 2, 38, TO_DATE('05/03/2015','DD/MM/YYYY'), TO_DATE('13/02/1953','DD/MM/YYYY'), 13, 24);
INSERT INTO PRODUTO (CODIGO_IDENTIFICACAO, NOME, DESCRICAO, MARGEM_LUCRO, CODIGO_FILIAL, QUANTIDADE, PRECO_COMPRA, PRECO_VENDA, DATA_COMPRA, DATA_VALIDADE, ID_MARCA, ID_CATEGORIA) VALUES (14, 'Produto 014', 'Descrio do Produto 014', '4934', 5, 240, 16, 70, TO_DATE('04/01/2014','DD/MM/YYYY'), TO_DATE('14/10/1931','DD/MM/YYYY'), 0, 28);
INSERT INTO PRODUTO (CODIGO_IDENTIFICACAO, NOME, DESCRICAO, MARGEM_LUCRO, CODIGO_FILIAL, QUANTIDADE, PRECO_COMPRA, PRECO_VENDA, DATA_COMPRA, DATA_VALIDADE, ID_MARCA, ID_CATEGORIA) VALUES (15, 'Produto 015', 'Descrio do Produto 015', '3376', 6, 999, 12, 69, TO_DATE('26/10/1911','DD/MM/YYYY'), TO_DATE('22/11/1942','DD/MM/YYYY'), 4, 14);
INSERT INTO PRODUTO (CODIGO_IDENTIFICACAO, NOME, DESCRICAO, MARGEM_LUCRO, CODIGO_FILIAL, QUANTIDADE, PRECO_COMPRA, PRECO_VENDA, DATA_COMPRA, DATA_VALIDADE, ID_MARCA, ID_CATEGORIA) VALUES (16, 'Produto 016', 'Descrio do Produto 016', '1715', 3, 583, 17, 32, TO_DATE('25/10/1989','DD/MM/YYYY'), TO_DATE('03/08/1936','DD/MM/YYYY'), 18, 0);
INSERT INTO PRODUTO (CODIGO_IDENTIFICACAO, NOME, DESCRICAO, MARGEM_LUCRO, CODIGO_FILIAL, QUANTIDADE, PRECO_COMPRA, PRECO_VENDA, DATA_COMPRA, DATA_VALIDADE, ID_MARCA, ID_CATEGORIA) VALUES (17, 'Produto 017', 'Descrio do Produto 017', '8109', 1, 94, 30, 62, TO_DATE('10/06/2014','DD/MM/YYYY'), TO_DATE('22/07/1961','DD/MM/YYYY'), 0, 2);
INSERT INTO PRODUTO (CODIGO_IDENTIFICACAO, NOME, DESCRICAO, MARGEM_LUCRO, CODIGO_FILIAL, QUANTIDADE, PRECO_COMPRA, PRECO_VENDA, DATA_COMPRA, DATA_VALIDADE, ID_MARCA, ID_CATEGORIA) VALUES (18, 'Produto 018', 'Descrio do Produto 018', '3382', 7, 128, 23, 96, TO_DATE('02/01/1961','DD/MM/YYYY'), TO_DATE('11/10/1974','DD/MM/YYYY'), 3, 17);
INSERT INTO PRODUTO (CODIGO_IDENTIFICACAO, NOME, DESCRICAO, MARGEM_LUCRO, CODIGO_FILIAL, QUANTIDADE, PRECO_COMPRA, PRECO_VENDA, DATA_COMPRA, DATA_VALIDADE, ID_MARCA, ID_CATEGORIA) VALUES (19, 'Produto 019', 'Descrio do Produto 019', '6931', 7, 12, 25, 57, TO_DATE('13/04/2015','DD/MM/YYYY'), TO_DATE('21/01/1936','DD/MM/YYYY'), 23, 5);
INSERT INTO PRODUTO (CODIGO_IDENTIFICACAO, NOME, DESCRICAO, MARGEM_LUCRO, CODIGO_FILIAL, QUANTIDADE, PRECO_COMPRA, PRECO_VENDA, DATA_COMPRA, DATA_VALIDADE, ID_MARCA, ID_CATEGORIA) VALUES (20, 'Produto 020', 'Descrio do Produto 020', '6336', 3, 576, 30, 79, TO_DATE('17/04/1976','DD/MM/YYYY'), TO_DATE('20/07/1928','DD/MM/YYYY'), 2, 20);
INSERT INTO PRODUTO (CODIGO_IDENTIFICACAO, NOME, DESCRICAO, MARGEM_LUCRO, CODIGO_FILIAL, QUANTIDADE, PRECO_COMPRA, PRECO_VENDA, DATA_COMPRA, DATA_VALIDADE, ID_MARCA, ID_CATEGORIA) VALUES (21, 'Produto 021', 'Descrio do Produto 021', '8936', 4, 699, 10, 93, TO_DATE('07/01/1915','DD/MM/YYYY'), TO_DATE('28/01/1931','DD/MM/YYYY'), 4, 14);
INSERT INTO PRODUTO (CODIGO_IDENTIFICACAO, NOME, DESCRICAO, MARGEM_LUCRO, CODIGO_FILIAL, QUANTIDADE, PRECO_COMPRA, PRECO_VENDA, DATA_COMPRA, DATA_VALIDADE, ID_MARCA, ID_CATEGORIA) VALUES (22, 'Produto 022', 'Descrio do Produto 022', '8837', 4, 737, 13, 72, TO_DATE('02/07/1950','DD/MM/YYYY'), TO_DATE('01/04/1915','DD/MM/YYYY'), 16, 19);
INSERT INTO PRODUTO (CODIGO_IDENTIFICACAO, NOME, DESCRICAO, MARGEM_LUCRO, CODIGO_FILIAL, QUANTIDADE, PRECO_COMPRA, PRECO_VENDA, DATA_COMPRA, DATA_VALIDADE, ID_MARCA, ID_CATEGORIA) VALUES (23, 'Produto 023', 'Descrio do Produto 023', '2986', 7, 705, 3, 90, TO_DATE('16/08/1911','DD/MM/YYYY'), TO_DATE('11/06/1977','DD/MM/YYYY'), 16, 13);
INSERT INTO PRODUTO (CODIGO_IDENTIFICACAO, NOME, DESCRICAO, MARGEM_LUCRO, CODIGO_FILIAL, QUANTIDADE, PRECO_COMPRA, PRECO_VENDA, DATA_COMPRA, DATA_VALIDADE, ID_MARCA, ID_CATEGORIA) VALUES (24, 'Produto 024', 'Descrio do Produto 024', '8240', 9, 874, 27, 36, TO_DATE('21/07/1911','DD/MM/YYYY'), TO_DATE('08/02/1942','DD/MM/YYYY'), 22, 29);
INSERT INTO PRODUTO (CODIGO_IDENTIFICACAO, NOME, DESCRICAO, MARGEM_LUCRO, CODIGO_FILIAL, QUANTIDADE, PRECO_COMPRA, PRECO_VENDA, DATA_COMPRA, DATA_VALIDADE, ID_MARCA, ID_CATEGORIA) VALUES (25, 'Produto 025', 'Descrio do Produto 025', '5662', 4, 512, 30, 99, TO_DATE('04/03/1946','DD/MM/YYYY'), TO_DATE('26/06/1915','DD/MM/YYYY'), 23, 21);
INSERT INTO PRODUTO (CODIGO_IDENTIFICACAO, NOME, DESCRICAO, MARGEM_LUCRO, CODIGO_FILIAL, QUANTIDADE, PRECO_COMPRA, PRECO_VENDA, DATA_COMPRA, DATA_VALIDADE, ID_MARCA, ID_CATEGORIA) VALUES (26, 'Produto 026', 'Descrio do Produto 026', '7155', 9, 337, 17, 79, TO_DATE('15/05/1991','DD/MM/YYYY'), TO_DATE('05/08/1970','DD/MM/YYYY'), 11, 29);
INSERT INTO PRODUTO (CODIGO_IDENTIFICACAO, NOME, DESCRICAO, MARGEM_LUCRO, CODIGO_FILIAL, QUANTIDADE, PRECO_COMPRA, PRECO_VENDA, DATA_COMPRA, DATA_VALIDADE, ID_MARCA, ID_CATEGORIA) VALUES (27, 'Produto 027', 'Descrio do Produto 027', '7736', 4, 202, 27, 95, TO_DATE('07/08/1932','DD/MM/YYYY'), TO_DATE('17/07/1921','DD/MM/YYYY'), 5, 21);
INSERT INTO PRODUTO (CODIGO_IDENTIFICACAO, NOME, DESCRICAO, MARGEM_LUCRO, CODIGO_FILIAL, QUANTIDADE, PRECO_COMPRA, PRECO_VENDA, DATA_COMPRA, DATA_VALIDADE, ID_MARCA, ID_CATEGORIA) VALUES (28, 'Produto 028', 'Descrio do Produto 028', '2506', 1, 877, 26, 62, TO_DATE('18/10/1966','DD/MM/YYYY'), TO_DATE('13/06/1981','DD/MM/YYYY'), 23, 22);
INSERT INTO PRODUTO (CODIGO_IDENTIFICACAO, NOME, DESCRICAO, MARGEM_LUCRO, CODIGO_FILIAL, QUANTIDADE, PRECO_COMPRA, PRECO_VENDA, DATA_COMPRA, DATA_VALIDADE, ID_MARCA, ID_CATEGORIA) VALUES (29, 'Produto 029', 'Descrio do Produto 029', '4087', 2, 979, 17, 54, TO_DATE('02/11/1967','DD/MM/YYYY'), TO_DATE('26/03/1953','DD/MM/YYYY'), 16, 25);
INSERT INTO PRODUTO (CODIGO_IDENTIFICACAO, NOME, DESCRICAO, MARGEM_LUCRO, CODIGO_FILIAL, QUANTIDADE, PRECO_COMPRA, PRECO_VENDA, DATA_COMPRA, DATA_VALIDADE, ID_MARCA, ID_CATEGORIA) VALUES (30, 'Produto 030', 'Descrio do Produto 030', '292', 3, 311, 9, 61, TO_DATE('16/07/1987','DD/MM/YYYY'), TO_DATE('12/05/1920','DD/MM/YYYY'), 20, 12);
INSERT INTO PRODUTO (CODIGO_IDENTIFICACAO, NOME, DESCRICAO, MARGEM_LUCRO, CODIGO_FILIAL, QUANTIDADE, PRECO_COMPRA, PRECO_VENDA, DATA_COMPRA, DATA_VALIDADE, ID_MARCA, ID_CATEGORIA) VALUES (31, 'Produto 031', 'Descrio do Produto 031', '9683', 8, 383, 11, 70, TO_DATE('21/02/2006','DD/MM/YYYY'), TO_DATE('26/03/1942','DD/MM/YYYY'), 2, 9);
INSERT INTO PRODUTO (CODIGO_IDENTIFICACAO, NOME, DESCRICAO, MARGEM_LUCRO, CODIGO_FILIAL, QUANTIDADE, PRECO_COMPRA, PRECO_VENDA, DATA_COMPRA, DATA_VALIDADE, ID_MARCA, ID_CATEGORIA) VALUES (32, 'Produto 032', 'Descrio do Produto 032', '4807', 9, 45, 21, 47, TO_DATE('15/03/1928','DD/MM/YYYY'), TO_DATE('11/06/1986','DD/MM/YYYY'), 20, 15);
INSERT INTO PRODUTO (CODIGO_IDENTIFICACAO, NOME, DESCRICAO, MARGEM_LUCRO, CODIGO_FILIAL, QUANTIDADE, PRECO_COMPRA, PRECO_VENDA, DATA_COMPRA, DATA_VALIDADE, ID_MARCA, ID_CATEGORIA) VALUES (33, 'Produto 033', 'Descrio do Produto 033', '3815', 5, 684, 26, 54, TO_DATE('24/06/1978','DD/MM/YYYY'), TO_DATE('16/10/1937','DD/MM/YYYY'), 1, 28);
INSERT INTO PRODUTO (CODIGO_IDENTIFICACAO, NOME, DESCRICAO, MARGEM_LUCRO, CODIGO_FILIAL, QUANTIDADE, PRECO_COMPRA, PRECO_VENDA, DATA_COMPRA, DATA_VALIDADE, ID_MARCA, ID_CATEGORIA) VALUES (34, 'Produto 034', 'Descrio do Produto 034', '7809', 0, 707, 21, 67, TO_DATE('13/10/1985','DD/MM/YYYY'), TO_DATE('17/02/2014','DD/MM/YYYY'), 18, 20);
INSERT INTO PRODUTO (CODIGO_IDENTIFICACAO, NOME, DESCRICAO, MARGEM_LUCRO, CODIGO_FILIAL, QUANTIDADE, PRECO_COMPRA, PRECO_VENDA, DATA_COMPRA, DATA_VALIDADE, ID_MARCA, ID_CATEGORIA) VALUES (35, 'Produto 035', 'Descrio do Produto 035', '2689', 8, 672, 24, 69, TO_DATE('16/11/1945','DD/MM/YYYY'), TO_DATE('04/12/1984','DD/MM/YYYY'), 0, 3);
INSERT INTO PRODUTO (CODIGO_IDENTIFICACAO, NOME, DESCRICAO, MARGEM_LUCRO, CODIGO_FILIAL, QUANTIDADE, PRECO_COMPRA, PRECO_VENDA, DATA_COMPRA, DATA_VALIDADE, ID_MARCA, ID_CATEGORIA) VALUES (36, 'Produto 036', 'Descrio do Produto 036', '947', 3, 457, 22, 68, TO_DATE('11/05/1921','DD/MM/YYYY'), TO_DATE('01/01/1992','DD/MM/YYYY'), 18, 1);
INSERT INTO PRODUTO (CODIGO_IDENTIFICACAO, NOME, DESCRICAO, MARGEM_LUCRO, CODIGO_FILIAL, QUANTIDADE, PRECO_COMPRA, PRECO_VENDA, DATA_COMPRA, DATA_VALIDADE, ID_MARCA, ID_CATEGORIA) VALUES (37, 'Produto 037', 'Descrio do Produto 037', '5787', 6, 337, 28, 61, TO_DATE('10/04/2003','DD/MM/YYYY'), TO_DATE('17/01/1954','DD/MM/YYYY'), 19, 25);
INSERT INTO PRODUTO (CODIGO_IDENTIFICACAO, NOME, DESCRICAO, MARGEM_LUCRO, CODIGO_FILIAL, QUANTIDADE, PRECO_COMPRA, PRECO_VENDA, DATA_COMPRA, DATA_VALIDADE, ID_MARCA, ID_CATEGORIA) VALUES (38, 'Produto 038', 'Descrio do Produto 038', '7999', 7, 424, 14, 87, TO_DATE('11/05/1992','DD/MM/YYYY'), TO_DATE('28/10/1925','DD/MM/YYYY'), 7, 11);
INSERT INTO PRODUTO (CODIGO_IDENTIFICACAO, NOME, DESCRICAO, MARGEM_LUCRO, CODIGO_FILIAL, QUANTIDADE, PRECO_COMPRA, PRECO_VENDA, DATA_COMPRA, DATA_VALIDADE, ID_MARCA, ID_CATEGORIA) VALUES (39, 'Produto 039', 'Descrio do Produto 039', '8722', 6, 525, 9, 71, TO_DATE('27/12/1999','DD/MM/YYYY'), TO_DATE('26/12/1961','DD/MM/YYYY'), 13, 26);
INSERT INTO PRODUTO (CODIGO_IDENTIFICACAO, NOME, DESCRICAO, MARGEM_LUCRO, CODIGO_FILIAL, QUANTIDADE, PRECO_COMPRA, PRECO_VENDA, DATA_COMPRA, DATA_VALIDADE, ID_MARCA, ID_CATEGORIA) VALUES (40, 'Produto 040', 'Descrio do Produto 040', '954', 6, 609, 28, 61, TO_DATE('17/02/1989','DD/MM/YYYY'), TO_DATE('04/02/1994','DD/MM/YYYY'), 7, 2);
INSERT INTO PRODUTO (CODIGO_IDENTIFICACAO, NOME, DESCRICAO, MARGEM_LUCRO, CODIGO_FILIAL, QUANTIDADE, PRECO_COMPRA, PRECO_VENDA, DATA_COMPRA, DATA_VALIDADE, ID_MARCA, ID_CATEGORIA) VALUES (41, 'Produto 041', 'Descrio do Produto 041', '4269', 4, 880, 8, 59, TO_DATE('14/01/1910','DD/MM/YYYY'), TO_DATE('28/09/2007','DD/MM/YYYY'), 14, 8);
INSERT INTO PRODUTO (CODIGO_IDENTIFICACAO, NOME, DESCRICAO, MARGEM_LUCRO, CODIGO_FILIAL, QUANTIDADE, PRECO_COMPRA, PRECO_VENDA, DATA_COMPRA, DATA_VALIDADE, ID_MARCA, ID_CATEGORIA) VALUES (42, 'Produto 042', 'Descrio do Produto 042', '1224', 5, 625, 30, 99, TO_DATE('02/06/1992','DD/MM/YYYY'), TO_DATE('05/05/1937','DD/MM/YYYY'), 18, 0);
INSERT INTO PRODUTO (CODIGO_IDENTIFICACAO, NOME, DESCRICAO, MARGEM_LUCRO, CODIGO_FILIAL, QUANTIDADE, PRECO_COMPRA, PRECO_VENDA, DATA_COMPRA, DATA_VALIDADE, ID_MARCA, ID_CATEGORIA) VALUES (43, 'Produto 043', 'Descrio do Produto 043', '3778', 9, 583, 2, 50, TO_DATE('09/04/1910','DD/MM/YYYY'), TO_DATE('19/11/2010','DD/MM/YYYY'), 16, 5);
INSERT INTO PRODUTO (CODIGO_IDENTIFICACAO, NOME, DESCRICAO, MARGEM_LUCRO, CODIGO_FILIAL, QUANTIDADE, PRECO_COMPRA, PRECO_VENDA, DATA_COMPRA, DATA_VALIDADE, ID_MARCA, ID_CATEGORIA) VALUES (44, 'Produto 044', 'Descrio do Produto 044', '236', 8, 75, 28, 63, TO_DATE('19/01/2003','DD/MM/YYYY'), TO_DATE('15/07/2002','DD/MM/YYYY'), 5, 5);
INSERT INTO PRODUTO (CODIGO_IDENTIFICACAO, NOME, DESCRICAO, MARGEM_LUCRO, CODIGO_FILIAL, QUANTIDADE, PRECO_COMPRA, PRECO_VENDA, DATA_COMPRA, DATA_VALIDADE, ID_MARCA, ID_CATEGORIA) VALUES (45, 'Produto 045', 'Descrio do Produto 045', '4234', 3, 819, 13, 93, TO_DATE('10/06/1979','DD/MM/YYYY'), TO_DATE('24/11/1989','DD/MM/YYYY'), 4, 1);
INSERT INTO PRODUTO (CODIGO_IDENTIFICACAO, NOME, DESCRICAO, MARGEM_LUCRO, CODIGO_FILIAL, QUANTIDADE, PRECO_COMPRA, PRECO_VENDA, DATA_COMPRA, DATA_VALIDADE, ID_MARCA, ID_CATEGORIA) VALUES (46, 'Produto 046', 'Descrio do Produto 046', '773', 9, 469, 1, 98, TO_DATE('22/06/1972','DD/MM/YYYY'), TO_DATE('14/08/1921','DD/MM/YYYY'), 3, 12);
INSERT INTO PRODUTO (CODIGO_IDENTIFICACAO, NOME, DESCRICAO, MARGEM_LUCRO, CODIGO_FILIAL, QUANTIDADE, PRECO_COMPRA, PRECO_VENDA, DATA_COMPRA, DATA_VALIDADE, ID_MARCA, ID_CATEGORIA) VALUES (47, 'Produto 047', 'Descrio do Produto 047', '1578', 7, 502, 3, 64, TO_DATE('11/08/2002','DD/MM/YYYY'), TO_DATE('26/02/2001','DD/MM/YYYY'), 4, 10);
INSERT INTO PRODUTO (CODIGO_IDENTIFICACAO, NOME, DESCRICAO, MARGEM_LUCRO, CODIGO_FILIAL, QUANTIDADE, PRECO_COMPRA, PRECO_VENDA, DATA_COMPRA, DATA_VALIDADE, ID_MARCA, ID_CATEGORIA) VALUES (48, 'Produto 048', 'Descrio do Produto 048', '3748', 5, 860, 21, 92, TO_DATE('04/07/1988','DD/MM/YYYY'), TO_DATE('23/08/1997','DD/MM/YYYY'), 5, 4);
INSERT INTO PRODUTO (CODIGO_IDENTIFICACAO, NOME, DESCRICAO, MARGEM_LUCRO, CODIGO_FILIAL, QUANTIDADE, PRECO_COMPRA, PRECO_VENDA, DATA_COMPRA, DATA_VALIDADE, ID_MARCA, ID_CATEGORIA) VALUES (49, 'Produto 049', 'Descrio do Produto 049', '3094', 5, 545, 4, 37, TO_DATE('09/02/1912','DD/MM/YYYY'), TO_DATE('22/05/1996','DD/MM/YYYY'), 15, 0);
INSERT INTO PRODUTO (CODIGO_IDENTIFICACAO, NOME, DESCRICAO, MARGEM_LUCRO, CODIGO_FILIAL, QUANTIDADE, PRECO_COMPRA, PRECO_VENDA, DATA_COMPRA, DATA_VALIDADE, ID_MARCA, ID_CATEGORIA) VALUES (50, 'Produto 050', 'Descrio do Produto 050', '3518', 3, 272, 7, 93, TO_DATE('17/02/2004','DD/MM/YYYY'), TO_DATE('16/11/1911','DD/MM/YYYY'), 20, 11);
INSERT INTO PRODUTO (CODIGO_IDENTIFICACAO, NOME, DESCRICAO, MARGEM_LUCRO, CODIGO_FILIAL, QUANTIDADE, PRECO_COMPRA, PRECO_VENDA, DATA_COMPRA, DATA_VALIDADE, ID_MARCA, ID_CATEGORIA) VALUES (51, 'Produto 051', 'Descrio do Produto 051', '5172', 2, 305, 21, 54, TO_DATE('16/12/1919','DD/MM/YYYY'), TO_DATE('08/09/1985','DD/MM/YYYY'), 3, 4);
INSERT INTO PRODUTO (CODIGO_IDENTIFICACAO, NOME, DESCRICAO, MARGEM_LUCRO, CODIGO_FILIAL, QUANTIDADE, PRECO_COMPRA, PRECO_VENDA, DATA_COMPRA, DATA_VALIDADE, ID_MARCA, ID_CATEGORIA) VALUES (52, 'Produto 052', 'Descrio do Produto 052', '4537', 1, 762, 2, 45, TO_DATE('28/09/1938','DD/MM/YYYY'), TO_DATE('05/06/1925','DD/MM/YYYY'), 5, 22);
INSERT INTO PRODUTO (CODIGO_IDENTIFICACAO, NOME, DESCRICAO, MARGEM_LUCRO, CODIGO_FILIAL, QUANTIDADE, PRECO_COMPRA, PRECO_VENDA, DATA_COMPRA, DATA_VALIDADE, ID_MARCA, ID_CATEGORIA) VALUES (53, 'Produto 053', 'Descrio do Produto 053', '8842', 9, 974, 25, 96, TO_DATE('22/08/2016','DD/MM/YYYY'), TO_DATE('18/04/1962','DD/MM/YYYY'), 18, 0);
INSERT INTO PRODUTO (CODIGO_IDENTIFICACAO, NOME, DESCRICAO, MARGEM_LUCRO, CODIGO_FILIAL, QUANTIDADE, PRECO_COMPRA, PRECO_VENDA, DATA_COMPRA, DATA_VALIDADE, ID_MARCA, ID_CATEGORIA) VALUES (54, 'Produto 054', 'Descrio do Produto 054', '4396', 5, 133, 22, 93, TO_DATE('05/01/2016','DD/MM/YYYY'), TO_DATE('07/01/1944','DD/MM/YYYY'), 16, 8);
INSERT INTO PRODUTO (CODIGO_IDENTIFICACAO, NOME, DESCRICAO, MARGEM_LUCRO, CODIGO_FILIAL, QUANTIDADE, PRECO_COMPRA, PRECO_VENDA, DATA_COMPRA, DATA_VALIDADE, ID_MARCA, ID_CATEGORIA) VALUES (55, 'Produto 055', 'Descrio do Produto 055', '7945', 7, 887, 12, 53, TO_DATE('10/10/1935','DD/MM/YYYY'), TO_DATE('08/08/1961','DD/MM/YYYY'), 7, 8);
INSERT INTO PRODUTO (CODIGO_IDENTIFICACAO, NOME, DESCRICAO, MARGEM_LUCRO, CODIGO_FILIAL, QUANTIDADE, PRECO_COMPRA, PRECO_VENDA, DATA_COMPRA, DATA_VALIDADE, ID_MARCA, ID_CATEGORIA) VALUES (56, 'Produto 056', 'Descrio do Produto 056', '858', 4, 260, 4, 75, TO_DATE('13/01/1937','DD/MM/YYYY'), TO_DATE('28/12/1920','DD/MM/YYYY'), 7, 7);
INSERT INTO PRODUTO (CODIGO_IDENTIFICACAO, NOME, DESCRICAO, MARGEM_LUCRO, CODIGO_FILIAL, QUANTIDADE, PRECO_COMPRA, PRECO_VENDA, DATA_COMPRA, DATA_VALIDADE, ID_MARCA, ID_CATEGORIA) VALUES (57, 'Produto 057', 'Descrio do Produto 057', '888', 2, 636, 12, 55, TO_DATE('06/11/1978','DD/MM/YYYY'), TO_DATE('20/10/1980','DD/MM/YYYY'), 15, 20);
INSERT INTO PRODUTO (CODIGO_IDENTIFICACAO, NOME, DESCRICAO, MARGEM_LUCRO, CODIGO_FILIAL, QUANTIDADE, PRECO_COMPRA, PRECO_VENDA, DATA_COMPRA, DATA_VALIDADE, ID_MARCA, ID_CATEGORIA) VALUES (58, 'Produto 058', 'Descrio do Produto 058', '2346', 4, 150, 3, 65, TO_DATE('06/02/2002','DD/MM/YYYY'), TO_DATE('13/10/1993','DD/MM/YYYY'), 1, 23);
INSERT INTO PRODUTO (CODIGO_IDENTIFICACAO, NOME, DESCRICAO, MARGEM_LUCRO, CODIGO_FILIAL, QUANTIDADE, PRECO_COMPRA, PRECO_VENDA, DATA_COMPRA, DATA_VALIDADE, ID_MARCA, ID_CATEGORIA) VALUES (59, 'Produto 059', 'Descrio do Produto 059', '5332', 6, 215, 11, 94, TO_DATE('01/06/1969','DD/MM/YYYY'), TO_DATE('24/03/1929','DD/MM/YYYY'), 1, 25);
INSERT INTO PRODUTO (CODIGO_IDENTIFICACAO, NOME, DESCRICAO, MARGEM_LUCRO, CODIGO_FILIAL, QUANTIDADE, PRECO_COMPRA, PRECO_VENDA, DATA_COMPRA, DATA_VALIDADE, ID_MARCA, ID_CATEGORIA) VALUES (60, 'Produto 060', 'Descrio do Produto 060', '6954', 5, 560, 22, 56, TO_DATE('17/04/1977','DD/MM/YYYY'), TO_DATE('17/06/1966','DD/MM/YYYY'), 5, 9);
INSERT INTO PRODUTO (CODIGO_IDENTIFICACAO, NOME, DESCRICAO, MARGEM_LUCRO, CODIGO_FILIAL, QUANTIDADE, PRECO_COMPRA, PRECO_VENDA, DATA_COMPRA, DATA_VALIDADE, ID_MARCA, ID_CATEGORIA) VALUES (61, 'Produto 061', 'Descrio do Produto 061', '6836', 2, 646, 16, 52, TO_DATE('21/06/1913','DD/MM/YYYY'), TO_DATE('25/06/2011','DD/MM/YYYY'), 10, 26);
INSERT INTO PRODUTO (CODIGO_IDENTIFICACAO, NOME, DESCRICAO, MARGEM_LUCRO, CODIGO_FILIAL, QUANTIDADE, PRECO_COMPRA, PRECO_VENDA, DATA_COMPRA, DATA_VALIDADE, ID_MARCA, ID_CATEGORIA) VALUES (62, 'Produto 062', 'Descrio do Produto 062', '2068', 5, 878, 5, 47, TO_DATE('04/04/1983','DD/MM/YYYY'), TO_DATE('27/12/1954','DD/MM/YYYY'), 7, 14);
INSERT INTO PRODUTO (CODIGO_IDENTIFICACAO, NOME, DESCRICAO, MARGEM_LUCRO, CODIGO_FILIAL, QUANTIDADE, PRECO_COMPRA, PRECO_VENDA, DATA_COMPRA, DATA_VALIDADE, ID_MARCA, ID_CATEGORIA) VALUES (63, 'Produto 063', 'Descrio do Produto 063', '8317', 6, 216, 16, 73, TO_DATE('21/09/1910','DD/MM/YYYY'), TO_DATE('10/02/1943','DD/MM/YYYY'), 0, 25);
INSERT INTO PRODUTO (CODIGO_IDENTIFICACAO, NOME, DESCRICAO, MARGEM_LUCRO, CODIGO_FILIAL, QUANTIDADE, PRECO_COMPRA, PRECO_VENDA, DATA_COMPRA, DATA_VALIDADE, ID_MARCA, ID_CATEGORIA) VALUES (64, 'Produto 064', 'Descrio do Produto 064', '7360', 8, 278, 17, 73, TO_DATE('14/01/1911','DD/MM/YYYY'), TO_DATE('16/08/1957','DD/MM/YYYY'), 22, 8);
INSERT INTO PRODUTO (CODIGO_IDENTIFICACAO, NOME, DESCRICAO, MARGEM_LUCRO, CODIGO_FILIAL, QUANTIDADE, PRECO_COMPRA, PRECO_VENDA, DATA_COMPRA, DATA_VALIDADE, ID_MARCA, ID_CATEGORIA) VALUES (65, 'Produto 065', 'Descrio do Produto 065', '292', 7, 267, 28, 80, TO_DATE('07/07/1972','DD/MM/YYYY'), TO_DATE('13/02/1985','DD/MM/YYYY'), 18, 24);
INSERT INTO PRODUTO (CODIGO_IDENTIFICACAO, NOME, DESCRICAO, MARGEM_LUCRO, CODIGO_FILIAL, QUANTIDADE, PRECO_COMPRA, PRECO_VENDA, DATA_COMPRA, DATA_VALIDADE, ID_MARCA, ID_CATEGORIA) VALUES (66, 'Produto 066', 'Descrio do Produto 066', '4590', 9, 838, 18, 71, TO_DATE('22/09/1999','DD/MM/YYYY'), TO_DATE('02/03/1974','DD/MM/YYYY'), 16, 17);
INSERT INTO PRODUTO (CODIGO_IDENTIFICACAO, NOME, DESCRICAO, MARGEM_LUCRO, CODIGO_FILIAL, QUANTIDADE, PRECO_COMPRA, PRECO_VENDA, DATA_COMPRA, DATA_VALIDADE, ID_MARCA, ID_CATEGORIA) VALUES (67, 'Produto 067', 'Descrio do Produto 067', '9627', 4, 694, 22, 81, TO_DATE('01/03/1926','DD/MM/YYYY'), TO_DATE('01/05/1974','DD/MM/YYYY'), 8, 15);
INSERT INTO PRODUTO (CODIGO_IDENTIFICACAO, NOME, DESCRICAO, MARGEM_LUCRO, CODIGO_FILIAL, QUANTIDADE, PRECO_COMPRA, PRECO_VENDA, DATA_COMPRA, DATA_VALIDADE, ID_MARCA, ID_CATEGORIA) VALUES (68, 'Produto 068', 'Descrio do Produto 068', '5846', 4, 167, 11, 89, TO_DATE('01/07/1970','DD/MM/YYYY'), TO_DATE('03/09/1997','DD/MM/YYYY'), 18, 28);
INSERT INTO PRODUTO (CODIGO_IDENTIFICACAO, NOME, DESCRICAO, MARGEM_LUCRO, CODIGO_FILIAL, QUANTIDADE, PRECO_COMPRA, PRECO_VENDA, DATA_COMPRA, DATA_VALIDADE, ID_MARCA, ID_CATEGORIA) VALUES (69, 'Produto 069', 'Descrio do Produto 069', '7502', 5, 683, 9, 85, TO_DATE('10/05/1925','DD/MM/YYYY'), TO_DATE('08/09/1941','DD/MM/YYYY'), 7, 17);
INSERT INTO PRODUTO (CODIGO_IDENTIFICACAO, NOME, DESCRICAO, MARGEM_LUCRO, CODIGO_FILIAL, QUANTIDADE, PRECO_COMPRA, PRECO_VENDA, DATA_COMPRA, DATA_VALIDADE, ID_MARCA, ID_CATEGORIA) VALUES (70, 'Produto 070', 'Descrio do Produto 070', '8788', 0, 971, 12, 44, TO_DATE('11/02/1977','DD/MM/YYYY'), TO_DATE('02/11/1947','DD/MM/YYYY'), 12, 21);
INSERT INTO PRODUTO (CODIGO_IDENTIFICACAO, NOME, DESCRICAO, MARGEM_LUCRO, CODIGO_FILIAL, QUANTIDADE, PRECO_COMPRA, PRECO_VENDA, DATA_COMPRA, DATA_VALIDADE, ID_MARCA, ID_CATEGORIA) VALUES (71, 'Produto 071', 'Descrio do Produto 071', '4461', 6, 225, 9, 83, TO_DATE('05/12/1911','DD/MM/YYYY'), TO_DATE('18/04/1950','DD/MM/YYYY'), 21, 6);
INSERT INTO PRODUTO (CODIGO_IDENTIFICACAO, NOME, DESCRICAO, MARGEM_LUCRO, CODIGO_FILIAL, QUANTIDADE, PRECO_COMPRA, PRECO_VENDA, DATA_COMPRA, DATA_VALIDADE, ID_MARCA, ID_CATEGORIA) VALUES (72, 'Produto 072', 'Descrio do Produto 072', '7169', 2, 298, 16, 98, TO_DATE('11/02/2012','DD/MM/YYYY'), TO_DATE('21/03/1999','DD/MM/YYYY'), 18, 11);
INSERT INTO PRODUTO (CODIGO_IDENTIFICACAO, NOME, DESCRICAO, MARGEM_LUCRO, CODIGO_FILIAL, QUANTIDADE, PRECO_COMPRA, PRECO_VENDA, DATA_COMPRA, DATA_VALIDADE, ID_MARCA, ID_CATEGORIA) VALUES (73, 'Produto 073', 'Descrio do Produto 073', '3776', 4, 680, 19, 90, TO_DATE('02/09/1911','DD/MM/YYYY'), TO_DATE('03/10/1964','DD/MM/YYYY'), 18, 12);
INSERT INTO PRODUTO (CODIGO_IDENTIFICACAO, NOME, DESCRICAO, MARGEM_LUCRO, CODIGO_FILIAL, QUANTIDADE, PRECO_COMPRA, PRECO_VENDA, DATA_COMPRA, DATA_VALIDADE, ID_MARCA, ID_CATEGORIA) VALUES (74, 'Produto 074', 'Descrio do Produto 074', '5793', 8, 347, 30, 66, TO_DATE('03/09/1918','DD/MM/YYYY'), TO_DATE('16/09/2014','DD/MM/YYYY'), 13, 16);
INSERT INTO PRODUTO (CODIGO_IDENTIFICACAO, NOME, DESCRICAO, MARGEM_LUCRO, CODIGO_FILIAL, QUANTIDADE, PRECO_COMPRA, PRECO_VENDA, DATA_COMPRA, DATA_VALIDADE, ID_MARCA, ID_CATEGORIA) VALUES (75, 'Produto 075', 'Descrio do Produto 075', '772', 0, 602, 8, 87, TO_DATE('05/10/1968','DD/MM/YYYY'), TO_DATE('01/04/1966','DD/MM/YYYY'), 24, 26);
INSERT INTO PRODUTO (CODIGO_IDENTIFICACAO, NOME, DESCRICAO, MARGEM_LUCRO, CODIGO_FILIAL, QUANTIDADE, PRECO_COMPRA, PRECO_VENDA, DATA_COMPRA, DATA_VALIDADE, ID_MARCA, ID_CATEGORIA) VALUES (76, 'Produto 076', 'Descrio do Produto 076', '1175', 0, 36, 26, 72, TO_DATE('06/10/1931','DD/MM/YYYY'), TO_DATE('12/09/1923','DD/MM/YYYY'), 20, 12);
INSERT INTO PRODUTO (CODIGO_IDENTIFICACAO, NOME, DESCRICAO, MARGEM_LUCRO, CODIGO_FILIAL, QUANTIDADE, PRECO_COMPRA, PRECO_VENDA, DATA_COMPRA, DATA_VALIDADE, ID_MARCA, ID_CATEGORIA) VALUES (77, 'Produto 077', 'Descrio do Produto 077', '2362', 5, 547, 12, 93, TO_DATE('27/04/1999','DD/MM/YYYY'), TO_DATE('02/05/2018','DD/MM/YYYY'), 1, 28);
INSERT INTO PRODUTO (CODIGO_IDENTIFICACAO, NOME, DESCRICAO, MARGEM_LUCRO, CODIGO_FILIAL, QUANTIDADE, PRECO_COMPRA, PRECO_VENDA, DATA_COMPRA, DATA_VALIDADE, ID_MARCA, ID_CATEGORIA) VALUES (78, 'Produto 078', 'Descrio do Produto 078', '9215', 9, 871, 19, 92, TO_DATE('25/05/1996','DD/MM/YYYY'), TO_DATE('24/10/1934','DD/MM/YYYY'), 9, 3);
INSERT INTO PRODUTO (CODIGO_IDENTIFICACAO, NOME, DESCRICAO, MARGEM_LUCRO, CODIGO_FILIAL, QUANTIDADE, PRECO_COMPRA, PRECO_VENDA, DATA_COMPRA, DATA_VALIDADE, ID_MARCA, ID_CATEGORIA) VALUES (79, 'Produto 079', 'Descrio do Produto 079', '2841', 8, 456, 17, 41, TO_DATE('10/04/1974','DD/MM/YYYY'), TO_DATE('04/03/1942','DD/MM/YYYY'), 4, 29);
INSERT INTO PRODUTO (CODIGO_IDENTIFICACAO, NOME, DESCRICAO, MARGEM_LUCRO, CODIGO_FILIAL, QUANTIDADE, PRECO_COMPRA, PRECO_VENDA, DATA_COMPRA, DATA_VALIDADE, ID_MARCA, ID_CATEGORIA) VALUES (80, 'Produto 080', 'Descrio do Produto 080', '2953', 1, 718, 27, 79, TO_DATE('13/02/1979','DD/MM/YYYY'), TO_DATE('05/10/1926','DD/MM/YYYY'), 4, 16);
INSERT INTO PRODUTO (CODIGO_IDENTIFICACAO, NOME, DESCRICAO, MARGEM_LUCRO, CODIGO_FILIAL, QUANTIDADE, PRECO_COMPRA, PRECO_VENDA, DATA_COMPRA, DATA_VALIDADE, ID_MARCA, ID_CATEGORIA) VALUES (81, 'Produto 081', 'Descrio do Produto 081', '3896', 2, 1000, 18, 36, TO_DATE('04/09/2008','DD/MM/YYYY'), TO_DATE('19/10/1970','DD/MM/YYYY'), 3, 5);
INSERT INTO PRODUTO (CODIGO_IDENTIFICACAO, NOME, DESCRICAO, MARGEM_LUCRO, CODIGO_FILIAL, QUANTIDADE, PRECO_COMPRA, PRECO_VENDA, DATA_COMPRA, DATA_VALIDADE, ID_MARCA, ID_CATEGORIA) VALUES (82, 'Produto 082', 'Descrio do Produto 082', '9603', 1, 545, 25, 38, TO_DATE('17/01/1913','DD/MM/YYYY'), TO_DATE('25/08/1934','DD/MM/YYYY'), 16, 14);
INSERT INTO PRODUTO (CODIGO_IDENTIFICACAO, NOME, DESCRICAO, MARGEM_LUCRO, CODIGO_FILIAL, QUANTIDADE, PRECO_COMPRA, PRECO_VENDA, DATA_COMPRA, DATA_VALIDADE, ID_MARCA, ID_CATEGORIA) VALUES (83, 'Produto 083', 'Descrio do Produto 083', '4192', 1, 804, 27, 61, TO_DATE('18/02/1963','DD/MM/YYYY'), TO_DATE('17/06/1968','DD/MM/YYYY'), 16, 22);
INSERT INTO PRODUTO (CODIGO_IDENTIFICACAO, NOME, DESCRICAO, MARGEM_LUCRO, CODIGO_FILIAL, QUANTIDADE, PRECO_COMPRA, PRECO_VENDA, DATA_COMPRA, DATA_VALIDADE, ID_MARCA, ID_CATEGORIA) VALUES (84, 'Produto 084', 'Descrio do Produto 084', '4874', 2, 741, 16, 98, TO_DATE('08/12/1941','DD/MM/YYYY'), TO_DATE('07/12/2014','DD/MM/YYYY'), 22, 1);
INSERT INTO PRODUTO (CODIGO_IDENTIFICACAO, NOME, DESCRICAO, MARGEM_LUCRO, CODIGO_FILIAL, QUANTIDADE, PRECO_COMPRA, PRECO_VENDA, DATA_COMPRA, DATA_VALIDADE, ID_MARCA, ID_CATEGORIA) VALUES (85, 'Produto 085', 'Descrio do Produto 085', '1956', 4, 710, 26, 51, TO_DATE('06/10/1956','DD/MM/YYYY'), TO_DATE('07/09/1997','DD/MM/YYYY'), 18, 6);
INSERT INTO PRODUTO (CODIGO_IDENTIFICACAO, NOME, DESCRICAO, MARGEM_LUCRO, CODIGO_FILIAL, QUANTIDADE, PRECO_COMPRA, PRECO_VENDA, DATA_COMPRA, DATA_VALIDADE, ID_MARCA, ID_CATEGORIA) VALUES (86, 'Produto 086', 'Descrio do Produto 086', '878', 1, 298, 15, 41, TO_DATE('08/02/1947','DD/MM/YYYY'), TO_DATE('27/07/1951','DD/MM/YYYY'), 6, 14);
INSERT INTO PRODUTO (CODIGO_IDENTIFICACAO, NOME, DESCRICAO, MARGEM_LUCRO, CODIGO_FILIAL, QUANTIDADE, PRECO_COMPRA, PRECO_VENDA, DATA_COMPRA, DATA_VALIDADE, ID_MARCA, ID_CATEGORIA) VALUES (87, 'Produto 087', 'Descrio do Produto 087', '8969', 9, 605, 23, 63, TO_DATE('07/03/1960','DD/MM/YYYY'), TO_DATE('11/04/1965','DD/MM/YYYY'), 20, 7);
INSERT INTO PRODUTO (CODIGO_IDENTIFICACAO, NOME, DESCRICAO, MARGEM_LUCRO, CODIGO_FILIAL, QUANTIDADE, PRECO_COMPRA, PRECO_VENDA, DATA_COMPRA, DATA_VALIDADE, ID_MARCA, ID_CATEGORIA) VALUES (88, 'Produto 088', 'Descrio do Produto 088', '2573', 9, 260, 20, 43, TO_DATE('14/07/1926','DD/MM/YYYY'), TO_DATE('22/04/1973','DD/MM/YYYY'), 10, 28);
INSERT INTO PRODUTO (CODIGO_IDENTIFICACAO, NOME, DESCRICAO, MARGEM_LUCRO, CODIGO_FILIAL, QUANTIDADE, PRECO_COMPRA, PRECO_VENDA, DATA_COMPRA, DATA_VALIDADE, ID_MARCA, ID_CATEGORIA) VALUES (89, 'Produto 089', 'Descrio do Produto 089', '3807', 5, 269, 1, 43, TO_DATE('18/06/1988','DD/MM/YYYY'), TO_DATE('27/09/1951','DD/MM/YYYY'), 0, 20);
INSERT INTO PRODUTO (CODIGO_IDENTIFICACAO, NOME, DESCRICAO, MARGEM_LUCRO, CODIGO_FILIAL, QUANTIDADE, PRECO_COMPRA, PRECO_VENDA, DATA_COMPRA, DATA_VALIDADE, ID_MARCA, ID_CATEGORIA) VALUES (90, 'Produto 090', 'Descrio do Produto 090', '4074', 4, 509, 21, 80, TO_DATE('18/01/1981','DD/MM/YYYY'), TO_DATE('16/05/1926','DD/MM/YYYY'), 0, 23);
INSERT INTO PRODUTO (CODIGO_IDENTIFICACAO, NOME, DESCRICAO, MARGEM_LUCRO, CODIGO_FILIAL, QUANTIDADE, PRECO_COMPRA, PRECO_VENDA, DATA_COMPRA, DATA_VALIDADE, ID_MARCA, ID_CATEGORIA) VALUES (91, 'Produto 091', 'Descrio do Produto 091', '770', 3, 111, 16, 59, TO_DATE('28/12/1952','DD/MM/YYYY'), TO_DATE('18/12/1918','DD/MM/YYYY'), 14, 25);
INSERT INTO PRODUTO (CODIGO_IDENTIFICACAO, NOME, DESCRICAO, MARGEM_LUCRO, CODIGO_FILIAL, QUANTIDADE, PRECO_COMPRA, PRECO_VENDA, DATA_COMPRA, DATA_VALIDADE, ID_MARCA, ID_CATEGORIA) VALUES (92, 'Produto 092', 'Descrio do Produto 092', '7532', 4, 660, 27, 91, TO_DATE('06/05/1963','DD/MM/YYYY'), TO_DATE('20/04/1940','DD/MM/YYYY'), 18, 5);
INSERT INTO PRODUTO (CODIGO_IDENTIFICACAO, NOME, DESCRICAO, MARGEM_LUCRO, CODIGO_FILIAL, QUANTIDADE, PRECO_COMPRA, PRECO_VENDA, DATA_COMPRA, DATA_VALIDADE, ID_MARCA, ID_CATEGORIA) VALUES (93, 'Produto 093', 'Descrio do Produto 093', '6041', 6, 731, 11, 44, TO_DATE('24/03/1980','DD/MM/YYYY'), TO_DATE('20/10/1985','DD/MM/YYYY'), 0, 20);
INSERT INTO PRODUTO (CODIGO_IDENTIFICACAO, NOME, DESCRICAO, MARGEM_LUCRO, CODIGO_FILIAL, QUANTIDADE, PRECO_COMPRA, PRECO_VENDA, DATA_COMPRA, DATA_VALIDADE, ID_MARCA, ID_CATEGORIA) VALUES (94, 'Produto 094', 'Descrio do Produto 094', '7147', 7, 619, 4, 84, TO_DATE('06/07/1957','DD/MM/YYYY'), TO_DATE('21/01/1965','DD/MM/YYYY'), 13, 4);
INSERT INTO PRODUTO (CODIGO_IDENTIFICACAO, NOME, DESCRICAO, MARGEM_LUCRO, CODIGO_FILIAL, QUANTIDADE, PRECO_COMPRA, PRECO_VENDA, DATA_COMPRA, DATA_VALIDADE, ID_MARCA, ID_CATEGORIA) VALUES (95, 'Produto 095', 'Descrio do Produto 095', '604', 5, 399, 26, 92, TO_DATE('28/11/1992','DD/MM/YYYY'), TO_DATE('05/10/1935','DD/MM/YYYY'), 4, 6);
INSERT INTO PRODUTO (CODIGO_IDENTIFICACAO, NOME, DESCRICAO, MARGEM_LUCRO, CODIGO_FILIAL, QUANTIDADE, PRECO_COMPRA, PRECO_VENDA, DATA_COMPRA, DATA_VALIDADE, ID_MARCA, ID_CATEGORIA) VALUES (96, 'Produto 096', 'Descrio do Produto 096', '7432', 4, 577, 25, 53, TO_DATE('06/12/2018','DD/MM/YYYY'), TO_DATE('24/10/1996','DD/MM/YYYY'), 2, 11);
INSERT INTO PRODUTO (CODIGO_IDENTIFICACAO, NOME, DESCRICAO, MARGEM_LUCRO, CODIGO_FILIAL, QUANTIDADE, PRECO_COMPRA, PRECO_VENDA, DATA_COMPRA, DATA_VALIDADE, ID_MARCA, ID_CATEGORIA) VALUES (97, 'Produto 097', 'Descrio do Produto 097', '4685', 7, 287, 19, 31, TO_DATE('10/11/1947','DD/MM/YYYY'), TO_DATE('15/11/1955','DD/MM/YYYY'), 6, 8);
INSERT INTO PRODUTO (CODIGO_IDENTIFICACAO, NOME, DESCRICAO, MARGEM_LUCRO, CODIGO_FILIAL, QUANTIDADE, PRECO_COMPRA, PRECO_VENDA, DATA_COMPRA, DATA_VALIDADE, ID_MARCA, ID_CATEGORIA) VALUES (98, 'Produto 098', 'Descrio do Produto 098', '3005', 9, 311, 6, 63, TO_DATE('23/03/1981','DD/MM/YYYY'), TO_DATE('18/01/1960','DD/MM/YYYY'), 12, 20);
INSERT INTO PRODUTO (CODIGO_IDENTIFICACAO, NOME, DESCRICAO, MARGEM_LUCRO, CODIGO_FILIAL, QUANTIDADE, PRECO_COMPRA, PRECO_VENDA, DATA_COMPRA, DATA_VALIDADE, ID_MARCA, ID_CATEGORIA) VALUES (99, 'Produto 099', 'Descrio do Produto 099', '9649', 5, 589, 12, 34, TO_DATE('27/08/2016','DD/MM/YYYY'), TO_DATE('14/11/1969','DD/MM/YYYY'), 7, 5);
INSERT INTO PRODUTO (CODIGO_IDENTIFICACAO, NOME, DESCRICAO, MARGEM_LUCRO, CODIGO_FILIAL, QUANTIDADE, PRECO_COMPRA, PRECO_VENDA, DATA_COMPRA, DATA_VALIDADE, ID_MARCA, ID_CATEGORIA) VALUES (100, 'Produto 0100', 'Descrio do Produto 0100', '770', 6, 285, 27, 58, TO_DATE('03/06/1965','DD/MM/YYYY'), TO_DATE('14/09/1998','DD/MM/YYYY'), 16, 14);
INSERT INTO PRODUTO (CODIGO_IDENTIFICACAO, NOME, DESCRICAO, MARGEM_LUCRO, CODIGO_FILIAL, QUANTIDADE, PRECO_COMPRA, PRECO_VENDA, DATA_COMPRA, DATA_VALIDADE, ID_MARCA, ID_CATEGORIA) VALUES (101, 'Produto 0101', 'Descrio do Produto 0101', '1020', 7, 487, 11, 63, TO_DATE('23/04/1913','DD/MM/YYYY'), TO_DATE('06/01/1973','DD/MM/YYYY'), 14, 0);
INSERT INTO PRODUTO (CODIGO_IDENTIFICACAO, NOME, DESCRICAO, MARGEM_LUCRO, CODIGO_FILIAL, QUANTIDADE, PRECO_COMPRA, PRECO_VENDA, DATA_COMPRA, DATA_VALIDADE, ID_MARCA, ID_CATEGORIA) VALUES (102, 'Produto 0102', 'Descrio do Produto 0102', '5733', 9, 394, 8, 79, TO_DATE('14/05/1917','DD/MM/YYYY'), TO_DATE('27/10/1922','DD/MM/YYYY'), 16, 25);
INSERT INTO PRODUTO (CODIGO_IDENTIFICACAO, NOME, DESCRICAO, MARGEM_LUCRO, CODIGO_FILIAL, QUANTIDADE, PRECO_COMPRA, PRECO_VENDA, DATA_COMPRA, DATA_VALIDADE, ID_MARCA, ID_CATEGORIA) VALUES (103, 'Produto 0103', 'Descrio do Produto 0103', '8420', 3, 129, 21, 48, TO_DATE('22/02/2006','DD/MM/YYYY'), TO_DATE('05/01/1962','DD/MM/YYYY'), 9, 18);
INSERT INTO PRODUTO (CODIGO_IDENTIFICACAO, NOME, DESCRICAO, MARGEM_LUCRO, CODIGO_FILIAL, QUANTIDADE, PRECO_COMPRA, PRECO_VENDA, DATA_COMPRA, DATA_VALIDADE, ID_MARCA, ID_CATEGORIA) VALUES (104, 'Produto 0104', 'Descrio do Produto 0104', '6319', 1, 814, 20, 85, TO_DATE('10/12/1990','DD/MM/YYYY'), TO_DATE('10/08/1994','DD/MM/YYYY'), 24, 28);
INSERT INTO PRODUTO (CODIGO_IDENTIFICACAO, NOME, DESCRICAO, MARGEM_LUCRO, CODIGO_FILIAL, QUANTIDADE, PRECO_COMPRA, PRECO_VENDA, DATA_COMPRA, DATA_VALIDADE, ID_MARCA, ID_CATEGORIA) VALUES (105, 'Produto 0105', 'Descrio do Produto 0105', '2434', 8, 12, 12, 44, TO_DATE('06/03/1921','DD/MM/YYYY'), TO_DATE('24/06/1961','DD/MM/YYYY'), 3, 11);
INSERT INTO PRODUTO (CODIGO_IDENTIFICACAO, NOME, DESCRICAO, MARGEM_LUCRO, CODIGO_FILIAL, QUANTIDADE, PRECO_COMPRA, PRECO_VENDA, DATA_COMPRA, DATA_VALIDADE, ID_MARCA, ID_CATEGORIA) VALUES (106, 'Produto 0106', 'Descrio do Produto 0106', '9570', 8, 476, 10, 73, TO_DATE('06/01/1981','DD/MM/YYYY'), TO_DATE('19/12/2017','DD/MM/YYYY'), 9, 9);
INSERT INTO PRODUTO (CODIGO_IDENTIFICACAO, NOME, DESCRICAO, MARGEM_LUCRO, CODIGO_FILIAL, QUANTIDADE, PRECO_COMPRA, PRECO_VENDA, DATA_COMPRA, DATA_VALIDADE, ID_MARCA, ID_CATEGORIA) VALUES (107, 'Produto 0107', 'Descrio do Produto 0107', '1620', 3, 530, 27, 87, TO_DATE('08/03/1988','DD/MM/YYYY'), TO_DATE('28/01/1988','DD/MM/YYYY'), 15, 27);
INSERT INTO PRODUTO (CODIGO_IDENTIFICACAO, NOME, DESCRICAO, MARGEM_LUCRO, CODIGO_FILIAL, QUANTIDADE, PRECO_COMPRA, PRECO_VENDA, DATA_COMPRA, DATA_VALIDADE, ID_MARCA, ID_CATEGORIA) VALUES (108, 'Produto 0108', 'Descrio do Produto 0108', '8583', 0, 510, 1, 35, TO_DATE('26/01/1984','DD/MM/YYYY'), TO_DATE('03/10/1913','DD/MM/YYYY'), 0, 20);
INSERT INTO PRODUTO (CODIGO_IDENTIFICACAO, NOME, DESCRICAO, MARGEM_LUCRO, CODIGO_FILIAL, QUANTIDADE, PRECO_COMPRA, PRECO_VENDA, DATA_COMPRA, DATA_VALIDADE, ID_MARCA, ID_CATEGORIA) VALUES (109, 'Produto 0109', 'Descrio do Produto 0109', '4421', 6, 843, 3, 84, TO_DATE('03/01/1921','DD/MM/YYYY'), TO_DATE('22/05/1958','DD/MM/YYYY'), 3, 21);
INSERT INTO PRODUTO (CODIGO_IDENTIFICACAO, NOME, DESCRICAO, MARGEM_LUCRO, CODIGO_FILIAL, QUANTIDADE, PRECO_COMPRA, PRECO_VENDA, DATA_COMPRA, DATA_VALIDADE, ID_MARCA, ID_CATEGORIA) VALUES (110, 'Produto 0110', 'Descrio do Produto 0110', '4352', 2, 294, 9, 57, TO_DATE('23/08/1993','DD/MM/YYYY'), TO_DATE('25/05/1934','DD/MM/YYYY'), 0, 21);
INSERT INTO PRODUTO (CODIGO_IDENTIFICACAO, NOME, DESCRICAO, MARGEM_LUCRO, CODIGO_FILIAL, QUANTIDADE, PRECO_COMPRA, PRECO_VENDA, DATA_COMPRA, DATA_VALIDADE, ID_MARCA, ID_CATEGORIA) VALUES (111, 'Produto 0111', 'Descrio do Produto 0111', '5794', 4, 485, 16, 61, TO_DATE('11/10/1963','DD/MM/YYYY'), TO_DATE('24/10/1945','DD/MM/YYYY'), 4, 25);
INSERT INTO PRODUTO (CODIGO_IDENTIFICACAO, NOME, DESCRICAO, MARGEM_LUCRO, CODIGO_FILIAL, QUANTIDADE, PRECO_COMPRA, PRECO_VENDA, DATA_COMPRA, DATA_VALIDADE, ID_MARCA, ID_CATEGORIA) VALUES (112, 'Produto 0112', 'Descrio do Produto 0112', '6994', 0, 823, 22, 68, TO_DATE('28/11/1944','DD/MM/YYYY'), TO_DATE('16/03/1916','DD/MM/YYYY'), 21, 1);
INSERT INTO PRODUTO (CODIGO_IDENTIFICACAO, NOME, DESCRICAO, MARGEM_LUCRO, CODIGO_FILIAL, QUANTIDADE, PRECO_COMPRA, PRECO_VENDA, DATA_COMPRA, DATA_VALIDADE, ID_MARCA, ID_CATEGORIA) VALUES (113, 'Produto 0113', 'Descrio do Produto 0113', '4290', 6, 90, 24, 53, TO_DATE('20/08/1939','DD/MM/YYYY'), TO_DATE('06/03/1941','DD/MM/YYYY'), 6, 24);
INSERT INTO PRODUTO (CODIGO_IDENTIFICACAO, NOME, DESCRICAO, MARGEM_LUCRO, CODIGO_FILIAL, QUANTIDADE, PRECO_COMPRA, PRECO_VENDA, DATA_COMPRA, DATA_VALIDADE, ID_MARCA, ID_CATEGORIA) VALUES (114, 'Produto 0114', 'Descrio do Produto 0114', '1339', 7, 647, 29, 77, TO_DATE('12/10/1922','DD/MM/YYYY'), TO_DATE('23/03/1991','DD/MM/YYYY'), 7, 29);
INSERT INTO PRODUTO (CODIGO_IDENTIFICACAO, NOME, DESCRICAO, MARGEM_LUCRO, CODIGO_FILIAL, QUANTIDADE, PRECO_COMPRA, PRECO_VENDA, DATA_COMPRA, DATA_VALIDADE, ID_MARCA, ID_CATEGORIA) VALUES (115, 'Produto 0115', 'Descrio do Produto 0115', '8807', 8, 198, 14, 98, TO_DATE('11/06/1940','DD/MM/YYYY'), TO_DATE('14/07/1971','DD/MM/YYYY'), 20, 15);
INSERT INTO PRODUTO (CODIGO_IDENTIFICACAO, NOME, DESCRICAO, MARGEM_LUCRO, CODIGO_FILIAL, QUANTIDADE, PRECO_COMPRA, PRECO_VENDA, DATA_COMPRA, DATA_VALIDADE, ID_MARCA, ID_CATEGORIA) VALUES (116, 'Produto 0116', 'Descrio do Produto 0116', '9446', 3, 98, 17, 41, TO_DATE('16/10/1940','DD/MM/YYYY'), TO_DATE('01/09/1971','DD/MM/YYYY'), 24, 10);
INSERT INTO PRODUTO (CODIGO_IDENTIFICACAO, NOME, DESCRICAO, MARGEM_LUCRO, CODIGO_FILIAL, QUANTIDADE, PRECO_COMPRA, PRECO_VENDA, DATA_COMPRA, DATA_VALIDADE, ID_MARCA, ID_CATEGORIA) VALUES (117, 'Produto 0117', 'Descrio do Produto 0117', '6279', 9, 967, 16, 33, TO_DATE('18/06/1982','DD/MM/YYYY'), TO_DATE('24/09/1928','DD/MM/YYYY'), 9, 28);
INSERT INTO PRODUTO (CODIGO_IDENTIFICACAO, NOME, DESCRICAO, MARGEM_LUCRO, CODIGO_FILIAL, QUANTIDADE, PRECO_COMPRA, PRECO_VENDA, DATA_COMPRA, DATA_VALIDADE, ID_MARCA, ID_CATEGORIA) VALUES (118, 'Produto 0118', 'Descrio do Produto 0118', '3923', 8, 255, 29, 87, TO_DATE('14/05/1924','DD/MM/YYYY'), TO_DATE('13/05/2012','DD/MM/YYYY'), 18, 28);
INSERT INTO PRODUTO (CODIGO_IDENTIFICACAO, NOME, DESCRICAO, MARGEM_LUCRO, CODIGO_FILIAL, QUANTIDADE, PRECO_COMPRA, PRECO_VENDA, DATA_COMPRA, DATA_VALIDADE, ID_MARCA, ID_CATEGORIA) VALUES (119, 'Produto 0119', 'Descrio do Produto 0119', '6871', 8, 799, 24, 74, TO_DATE('16/08/1969','DD/MM/YYYY'), TO_DATE('07/06/2011','DD/MM/YYYY'), 14, 8);
INSERT INTO PRODUTO (CODIGO_IDENTIFICACAO, NOME, DESCRICAO, MARGEM_LUCRO, CODIGO_FILIAL, QUANTIDADE, PRECO_COMPRA, PRECO_VENDA, DATA_COMPRA, DATA_VALIDADE, ID_MARCA, ID_CATEGORIA) VALUES (120, 'Produto 0120', 'Descrio do Produto 0120', '2542', 8, 139, 8, 98, TO_DATE('05/09/1938','DD/MM/YYYY'), TO_DATE('10/04/1970','DD/MM/YYYY'), 17, 24);
INSERT INTO PRODUTO (CODIGO_IDENTIFICACAO, NOME, DESCRICAO, MARGEM_LUCRO, CODIGO_FILIAL, QUANTIDADE, PRECO_COMPRA, PRECO_VENDA, DATA_COMPRA, DATA_VALIDADE, ID_MARCA, ID_CATEGORIA) VALUES (121, 'Produto 0121', 'Descrio do Produto 0121', '4390', 9, 522, 27, 95, TO_DATE('05/03/1984','DD/MM/YYYY'), TO_DATE('09/04/2018','DD/MM/YYYY'), 9, 26);
INSERT INTO PRODUTO (CODIGO_IDENTIFICACAO, NOME, DESCRICAO, MARGEM_LUCRO, CODIGO_FILIAL, QUANTIDADE, PRECO_COMPRA, PRECO_VENDA, DATA_COMPRA, DATA_VALIDADE, ID_MARCA, ID_CATEGORIA) VALUES (122, 'Produto 0122', 'Descrio do Produto 0122', '1462', 4, 84, 30, 94, TO_DATE('17/10/1955','DD/MM/YYYY'), TO_DATE('28/10/1958','DD/MM/YYYY'), 14, 13);
INSERT INTO PRODUTO (CODIGO_IDENTIFICACAO, NOME, DESCRICAO, MARGEM_LUCRO, CODIGO_FILIAL, QUANTIDADE, PRECO_COMPRA, PRECO_VENDA, DATA_COMPRA, DATA_VALIDADE, ID_MARCA, ID_CATEGORIA) VALUES (123, 'Produto 0123', 'Descrio do Produto 0123', '8788', 7, 53, 12, 62, TO_DATE('01/03/2014','DD/MM/YYYY'), TO_DATE('22/09/1966','DD/MM/YYYY'), 3, 27);
INSERT INTO PRODUTO (CODIGO_IDENTIFICACAO, NOME, DESCRICAO, MARGEM_LUCRO, CODIGO_FILIAL, QUANTIDADE, PRECO_COMPRA, PRECO_VENDA, DATA_COMPRA, DATA_VALIDADE, ID_MARCA, ID_CATEGORIA) VALUES (124, 'Produto 0124', 'Descrio do Produto 0124', '1779', 3, 534, 20, 34, TO_DATE('11/04/2003','DD/MM/YYYY'), TO_DATE('01/09/1923','DD/MM/YYYY'), 11, 11);
INSERT INTO PRODUTO (CODIGO_IDENTIFICACAO, NOME, DESCRICAO, MARGEM_LUCRO, CODIGO_FILIAL, QUANTIDADE, PRECO_COMPRA, PRECO_VENDA, DATA_COMPRA, DATA_VALIDADE, ID_MARCA, ID_CATEGORIA) VALUES (125, 'Produto 0125', 'Descrio do Produto 0125', '5097', 5, 749, 19, 38, TO_DATE('06/11/1945','DD/MM/YYYY'), TO_DATE('20/06/1978','DD/MM/YYYY'), 5, 0);
INSERT INTO PRODUTO (CODIGO_IDENTIFICACAO, NOME, DESCRICAO, MARGEM_LUCRO, CODIGO_FILIAL, QUANTIDADE, PRECO_COMPRA, PRECO_VENDA, DATA_COMPRA, DATA_VALIDADE, ID_MARCA, ID_CATEGORIA) VALUES (126, 'Produto 0126', 'Descrio do Produto 0126', '3885', 9, 165, 22, 38, TO_DATE('17/05/2012','DD/MM/YYYY'), TO_DATE('19/12/1912','DD/MM/YYYY'), 0, 7);
INSERT INTO PRODUTO (CODIGO_IDENTIFICACAO, NOME, DESCRICAO, MARGEM_LUCRO, CODIGO_FILIAL, QUANTIDADE, PRECO_COMPRA, PRECO_VENDA, DATA_COMPRA, DATA_VALIDADE, ID_MARCA, ID_CATEGORIA) VALUES (127, 'Produto 0127', 'Descrio do Produto 0127', '328', 5, 585, 9, 59, TO_DATE('21/05/1987','DD/MM/YYYY'), TO_DATE('10/10/1926','DD/MM/YYYY'), 20, 17);
INSERT INTO PRODUTO (CODIGO_IDENTIFICACAO, NOME, DESCRICAO, MARGEM_LUCRO, CODIGO_FILIAL, QUANTIDADE, PRECO_COMPRA, PRECO_VENDA, DATA_COMPRA, DATA_VALIDADE, ID_MARCA, ID_CATEGORIA) VALUES (128, 'Produto 0128', 'Descrio do Produto 0128', '285', 9, 621, 28, 89, TO_DATE('02/11/1935','DD/MM/YYYY'), TO_DATE('09/11/1976','DD/MM/YYYY'), 19, 19);
INSERT INTO PRODUTO (CODIGO_IDENTIFICACAO, NOME, DESCRICAO, MARGEM_LUCRO, CODIGO_FILIAL, QUANTIDADE, PRECO_COMPRA, PRECO_VENDA, DATA_COMPRA, DATA_VALIDADE, ID_MARCA, ID_CATEGORIA) VALUES (129, 'Produto 0129', 'Descrio do Produto 0129', '4916', 8, 541, 25, 47, TO_DATE('22/11/1957','DD/MM/YYYY'), TO_DATE('18/10/1947','DD/MM/YYYY'), 20, 13);
INSERT INTO PRODUTO (CODIGO_IDENTIFICACAO, NOME, DESCRICAO, MARGEM_LUCRO, CODIGO_FILIAL, QUANTIDADE, PRECO_COMPRA, PRECO_VENDA, DATA_COMPRA, DATA_VALIDADE, ID_MARCA, ID_CATEGORIA) VALUES (130, 'Produto 0130', 'Descrio do Produto 0130', '1665', 7, 463, 30, 56, TO_DATE('23/01/1970','DD/MM/YYYY'), TO_DATE('18/01/1991','DD/MM/YYYY'), 0, 24);
INSERT INTO PRODUTO (CODIGO_IDENTIFICACAO, NOME, DESCRICAO, MARGEM_LUCRO, CODIGO_FILIAL, QUANTIDADE, PRECO_COMPRA, PRECO_VENDA, DATA_COMPRA, DATA_VALIDADE, ID_MARCA, ID_CATEGORIA) VALUES (131, 'Produto 0131', 'Descrio do Produto 0131', '2840', 7, 587, 19, 33, TO_DATE('22/12/2000','DD/MM/YYYY'), TO_DATE('08/04/1955','DD/MM/YYYY'), 14, 9);
INSERT INTO PRODUTO (CODIGO_IDENTIFICACAO, NOME, DESCRICAO, MARGEM_LUCRO, CODIGO_FILIAL, QUANTIDADE, PRECO_COMPRA, PRECO_VENDA, DATA_COMPRA, DATA_VALIDADE, ID_MARCA, ID_CATEGORIA) VALUES (132, 'Produto 0132', 'Descrio do Produto 0132', '5653', 8, 72, 20, 39, TO_DATE('25/10/1947','DD/MM/YYYY'), TO_DATE('03/04/1930','DD/MM/YYYY'), 24, 3);
INSERT INTO PRODUTO (CODIGO_IDENTIFICACAO, NOME, DESCRICAO, MARGEM_LUCRO, CODIGO_FILIAL, QUANTIDADE, PRECO_COMPRA, PRECO_VENDA, DATA_COMPRA, DATA_VALIDADE, ID_MARCA, ID_CATEGORIA) VALUES (133, 'Produto 0133', 'Descrio do Produto 0133', '7974', 9, 575, 7, 63, TO_DATE('11/04/1910','DD/MM/YYYY'), TO_DATE('01/12/1921','DD/MM/YYYY'), 6, 23);
INSERT INTO PRODUTO (CODIGO_IDENTIFICACAO, NOME, DESCRICAO, MARGEM_LUCRO, CODIGO_FILIAL, QUANTIDADE, PRECO_COMPRA, PRECO_VENDA, DATA_COMPRA, DATA_VALIDADE, ID_MARCA, ID_CATEGORIA) VALUES (134, 'Produto 0134', 'Descrio do Produto 0134', '2000', 2, 295, 10, 52, TO_DATE('13/05/1981','DD/MM/YYYY'), TO_DATE('28/11/1944','DD/MM/YYYY'), 17, 14);
INSERT INTO PRODUTO (CODIGO_IDENTIFICACAO, NOME, DESCRICAO, MARGEM_LUCRO, CODIGO_FILIAL, QUANTIDADE, PRECO_COMPRA, PRECO_VENDA, DATA_COMPRA, DATA_VALIDADE, ID_MARCA, ID_CATEGORIA) VALUES (135, 'Produto 0135', 'Descrio do Produto 0135', '3646', 9, 80, 18, 62, TO_DATE('13/08/1923','DD/MM/YYYY'), TO_DATE('04/07/1982','DD/MM/YYYY'), 10, 21);
INSERT INTO PRODUTO (CODIGO_IDENTIFICACAO, NOME, DESCRICAO, MARGEM_LUCRO, CODIGO_FILIAL, QUANTIDADE, PRECO_COMPRA, PRECO_VENDA, DATA_COMPRA, DATA_VALIDADE, ID_MARCA, ID_CATEGORIA) VALUES (136, 'Produto 0136', 'Descrio do Produto 0136', '9743', 0, 825, 5, 68, TO_DATE('09/12/2014','DD/MM/YYYY'), TO_DATE('16/03/1987','DD/MM/YYYY'), 19, 24);
INSERT INTO PRODUTO (CODIGO_IDENTIFICACAO, NOME, DESCRICAO, MARGEM_LUCRO, CODIGO_FILIAL, QUANTIDADE, PRECO_COMPRA, PRECO_VENDA, DATA_COMPRA, DATA_VALIDADE, ID_MARCA, ID_CATEGORIA) VALUES (137, 'Produto 0137', 'Descrio do Produto 0137', '390', 8, 304, 10, 85, TO_DATE('04/07/1913','DD/MM/YYYY'), TO_DATE('02/11/2017','DD/MM/YYYY'), 11, 15);
INSERT INTO PRODUTO (CODIGO_IDENTIFICACAO, NOME, DESCRICAO, MARGEM_LUCRO, CODIGO_FILIAL, QUANTIDADE, PRECO_COMPRA, PRECO_VENDA, DATA_COMPRA, DATA_VALIDADE, ID_MARCA, ID_CATEGORIA) VALUES (138, 'Produto 0138', 'Descrio do Produto 0138', '6332', 6, 32, 1, 91, TO_DATE('12/01/1922','DD/MM/YYYY'), TO_DATE('04/09/2005','DD/MM/YYYY'), 6, 5);
INSERT INTO PRODUTO (CODIGO_IDENTIFICACAO, NOME, DESCRICAO, MARGEM_LUCRO, CODIGO_FILIAL, QUANTIDADE, PRECO_COMPRA, PRECO_VENDA, DATA_COMPRA, DATA_VALIDADE, ID_MARCA, ID_CATEGORIA) VALUES (139, 'Produto 0139', 'Descrio do Produto 0139', '6230', 1, 689, 7, 99, TO_DATE('14/10/1978','DD/MM/YYYY'), TO_DATE('17/04/1934','DD/MM/YYYY'), 20, 6);
INSERT INTO PRODUTO (CODIGO_IDENTIFICACAO, NOME, DESCRICAO, MARGEM_LUCRO, CODIGO_FILIAL, QUANTIDADE, PRECO_COMPRA, PRECO_VENDA, DATA_COMPRA, DATA_VALIDADE, ID_MARCA, ID_CATEGORIA) VALUES (140, 'Produto 0140', 'Descrio do Produto 0140', '5567', 2, 424, 22, 37, TO_DATE('23/10/1997','DD/MM/YYYY'), TO_DATE('21/09/1964','DD/MM/YYYY'), 14, 17);
INSERT INTO PRODUTO (CODIGO_IDENTIFICACAO, NOME, DESCRICAO, MARGEM_LUCRO, CODIGO_FILIAL, QUANTIDADE, PRECO_COMPRA, PRECO_VENDA, DATA_COMPRA, DATA_VALIDADE, ID_MARCA, ID_CATEGORIA) VALUES (141, 'Produto 0141', 'Descrio do Produto 0141', '8898', 9, 544, 23, 33, TO_DATE('23/11/1926','DD/MM/YYYY'), TO_DATE('18/08/1974','DD/MM/YYYY'), 12, 11);
INSERT INTO PRODUTO (CODIGO_IDENTIFICACAO, NOME, DESCRICAO, MARGEM_LUCRO, CODIGO_FILIAL, QUANTIDADE, PRECO_COMPRA, PRECO_VENDA, DATA_COMPRA, DATA_VALIDADE, ID_MARCA, ID_CATEGORIA) VALUES (142, 'Produto 0142', 'Descrio do Produto 0142', '6850', 5, 489, 1, 30, TO_DATE('01/04/1930','DD/MM/YYYY'), TO_DATE('20/12/1994','DD/MM/YYYY'), 22, 28);
INSERT INTO PRODUTO (CODIGO_IDENTIFICACAO, NOME, DESCRICAO, MARGEM_LUCRO, CODIGO_FILIAL, QUANTIDADE, PRECO_COMPRA, PRECO_VENDA, DATA_COMPRA, DATA_VALIDADE, ID_MARCA, ID_CATEGORIA) VALUES (143, 'Produto 0143', 'Descrio do Produto 0143', '8089', 6, 5, 30, 83, TO_DATE('02/08/1980','DD/MM/YYYY'), TO_DATE('15/04/1988','DD/MM/YYYY'), 7, 19);
INSERT INTO PRODUTO (CODIGO_IDENTIFICACAO, NOME, DESCRICAO, MARGEM_LUCRO, CODIGO_FILIAL, QUANTIDADE, PRECO_COMPRA, PRECO_VENDA, DATA_COMPRA, DATA_VALIDADE, ID_MARCA, ID_CATEGORIA) VALUES (144, 'Produto 0144', 'Descrio do Produto 0144', '1316', 4, 783, 29, 60, TO_DATE('02/07/1978','DD/MM/YYYY'), TO_DATE('15/07/1962','DD/MM/YYYY'), 8, 5);
INSERT INTO PRODUTO (CODIGO_IDENTIFICACAO, NOME, DESCRICAO, MARGEM_LUCRO, CODIGO_FILIAL, QUANTIDADE, PRECO_COMPRA, PRECO_VENDA, DATA_COMPRA, DATA_VALIDADE, ID_MARCA, ID_CATEGORIA) VALUES (145, 'Produto 0145', 'Descrio do Produto 0145', '2547', 3, 51, 27, 32, TO_DATE('01/08/1955','DD/MM/YYYY'), TO_DATE('03/05/1938','DD/MM/YYYY'), 15, 13);
INSERT INTO PRODUTO (CODIGO_IDENTIFICACAO, NOME, DESCRICAO, MARGEM_LUCRO, CODIGO_FILIAL, QUANTIDADE, PRECO_COMPRA, PRECO_VENDA, DATA_COMPRA, DATA_VALIDADE, ID_MARCA, ID_CATEGORIA) VALUES (146, 'Produto 0146', 'Descrio do Produto 0146', '2006', 1, 472, 21, 65, TO_DATE('01/12/1919','DD/MM/YYYY'), TO_DATE('04/04/1936','DD/MM/YYYY'), 15, 4);
INSERT INTO PRODUTO (CODIGO_IDENTIFICACAO, NOME, DESCRICAO, MARGEM_LUCRO, CODIGO_FILIAL, QUANTIDADE, PRECO_COMPRA, PRECO_VENDA, DATA_COMPRA, DATA_VALIDADE, ID_MARCA, ID_CATEGORIA) VALUES (147, 'Produto 0147', 'Descrio do Produto 0147', '41', 7, 171, 4, 87, TO_DATE('16/12/1962','DD/MM/YYYY'), TO_DATE('05/12/2014','DD/MM/YYYY'), 21, 21);
INSERT INTO PRODUTO (CODIGO_IDENTIFICACAO, NOME, DESCRICAO, MARGEM_LUCRO, CODIGO_FILIAL, QUANTIDADE, PRECO_COMPRA, PRECO_VENDA, DATA_COMPRA, DATA_VALIDADE, ID_MARCA, ID_CATEGORIA) VALUES (148, 'Produto 0148', 'Descrio do Produto 0148', '8436', 6, 997, 29, 78, TO_DATE('09/08/1917','DD/MM/YYYY'), TO_DATE('13/10/1918','DD/MM/YYYY'), 5, 28);
INSERT INTO PRODUTO (CODIGO_IDENTIFICACAO, NOME, DESCRICAO, MARGEM_LUCRO, CODIGO_FILIAL, QUANTIDADE, PRECO_COMPRA, PRECO_VENDA, DATA_COMPRA, DATA_VALIDADE, ID_MARCA, ID_CATEGORIA) VALUES (149, 'Produto 0149', 'Descrio do Produto 0149', '7904', 7, 808, 27, 46, TO_DATE('24/01/1997','DD/MM/YYYY'), TO_DATE('26/01/1946','DD/MM/YYYY'), 5, 20);
INSERT INTO PRODUTO (CODIGO_IDENTIFICACAO, NOME, DESCRICAO, MARGEM_LUCRO, CODIGO_FILIAL, QUANTIDADE, PRECO_COMPRA, PRECO_VENDA, DATA_COMPRA, DATA_VALIDADE, ID_MARCA, ID_CATEGORIA) VALUES (150, 'Produto 0150', 'Descrio do Produto 0150', '8598', 5, 787, 4, 68, TO_DATE('07/04/1982','DD/MM/YYYY'), TO_DATE('19/01/1932','DD/MM/YYYY'), 12, 26);
INSERT INTO PRODUTO (CODIGO_IDENTIFICACAO, NOME, DESCRICAO, MARGEM_LUCRO, CODIGO_FILIAL, QUANTIDADE, PRECO_COMPRA, PRECO_VENDA, DATA_COMPRA, DATA_VALIDADE, ID_MARCA, ID_CATEGORIA) VALUES (151, 'Produto 0151', 'Descrio do Produto 0151', '6145', 6, 42, 8, 92, TO_DATE('18/10/1950','DD/MM/YYYY'), TO_DATE('14/05/2017','DD/MM/YYYY'), 20, 12);
INSERT INTO PRODUTO (CODIGO_IDENTIFICACAO, NOME, DESCRICAO, MARGEM_LUCRO, CODIGO_FILIAL, QUANTIDADE, PRECO_COMPRA, PRECO_VENDA, DATA_COMPRA, DATA_VALIDADE, ID_MARCA, ID_CATEGORIA) VALUES (152, 'Produto 0152', 'Descrio do Produto 0152', '9550', 9, 816, 1, 66, TO_DATE('12/03/1946','DD/MM/YYYY'), TO_DATE('08/05/2008','DD/MM/YYYY'), 8, 15);
INSERT INTO PRODUTO (CODIGO_IDENTIFICACAO, NOME, DESCRICAO, MARGEM_LUCRO, CODIGO_FILIAL, QUANTIDADE, PRECO_COMPRA, PRECO_VENDA, DATA_COMPRA, DATA_VALIDADE, ID_MARCA, ID_CATEGORIA) VALUES (153, 'Produto 0153', 'Descrio do Produto 0153', '8302', 5, 624, 6, 83, TO_DATE('09/11/1971','DD/MM/YYYY'), TO_DATE('25/11/1921','DD/MM/YYYY'), 9, 18);
INSERT INTO PRODUTO (CODIGO_IDENTIFICACAO, NOME, DESCRICAO, MARGEM_LUCRO, CODIGO_FILIAL, QUANTIDADE, PRECO_COMPRA, PRECO_VENDA, DATA_COMPRA, DATA_VALIDADE, ID_MARCA, ID_CATEGORIA) VALUES (154, 'Produto 0154', 'Descrio do Produto 0154', '9843', 4, 460, 25, 49, TO_DATE('03/12/1943','DD/MM/YYYY'), TO_DATE('24/10/1925','DD/MM/YYYY'), 10, 29);
INSERT INTO PRODUTO (CODIGO_IDENTIFICACAO, NOME, DESCRICAO, MARGEM_LUCRO, CODIGO_FILIAL, QUANTIDADE, PRECO_COMPRA, PRECO_VENDA, DATA_COMPRA, DATA_VALIDADE, ID_MARCA, ID_CATEGORIA) VALUES (155, 'Produto 0155', 'Descrio do Produto 0155', '6403', 2, 877, 27, 32, TO_DATE('06/09/1914','DD/MM/YYYY'), TO_DATE('23/12/2005','DD/MM/YYYY'), 12, 6);
INSERT INTO PRODUTO (CODIGO_IDENTIFICACAO, NOME, DESCRICAO, MARGEM_LUCRO, CODIGO_FILIAL, QUANTIDADE, PRECO_COMPRA, PRECO_VENDA, DATA_COMPRA, DATA_VALIDADE, ID_MARCA, ID_CATEGORIA) VALUES (156, 'Produto 0156', 'Descrio do Produto 0156', '4362', 1, 102, 21, 45, TO_DATE('03/06/1941','DD/MM/YYYY'), TO_DATE('25/12/1984','DD/MM/YYYY'), 16, 27);
INSERT INTO PRODUTO (CODIGO_IDENTIFICACAO, NOME, DESCRICAO, MARGEM_LUCRO, CODIGO_FILIAL, QUANTIDADE, PRECO_COMPRA, PRECO_VENDA, DATA_COMPRA, DATA_VALIDADE, ID_MARCA, ID_CATEGORIA) VALUES (157, 'Produto 0157', 'Descrio do Produto 0157', '7175', 0, 469, 21, 55, TO_DATE('12/01/1940','DD/MM/YYYY'), TO_DATE('23/03/1977','DD/MM/YYYY'), 14, 25);
INSERT INTO PRODUTO (CODIGO_IDENTIFICACAO, NOME, DESCRICAO, MARGEM_LUCRO, CODIGO_FILIAL, QUANTIDADE, PRECO_COMPRA, PRECO_VENDA, DATA_COMPRA, DATA_VALIDADE, ID_MARCA, ID_CATEGORIA) VALUES (158, 'Produto 0158', 'Descrio do Produto 0158', '4942', 1, 350, 9, 76, TO_DATE('15/12/1928','DD/MM/YYYY'), TO_DATE('21/03/1931','DD/MM/YYYY'), 5, 22);
INSERT INTO PRODUTO (CODIGO_IDENTIFICACAO, NOME, DESCRICAO, MARGEM_LUCRO, CODIGO_FILIAL, QUANTIDADE, PRECO_COMPRA, PRECO_VENDA, DATA_COMPRA, DATA_VALIDADE, ID_MARCA, ID_CATEGORIA) VALUES (159, 'Produto 0159', 'Descrio do Produto 0159', '7565', 7, 502, 11, 98, TO_DATE('23/05/2001','DD/MM/YYYY'), TO_DATE('23/06/1964','DD/MM/YYYY'), 4, 1);
INSERT INTO PRODUTO (CODIGO_IDENTIFICACAO, NOME, DESCRICAO, MARGEM_LUCRO, CODIGO_FILIAL, QUANTIDADE, PRECO_COMPRA, PRECO_VENDA, DATA_COMPRA, DATA_VALIDADE, ID_MARCA, ID_CATEGORIA) VALUES (160, 'Produto 0160', 'Descrio do Produto 0160', '7755', 6, 64, 25, 34, TO_DATE('12/04/1972','DD/MM/YYYY'), TO_DATE('22/10/1928','DD/MM/YYYY'), 21, 3);
INSERT INTO PRODUTO (CODIGO_IDENTIFICACAO, NOME, DESCRICAO, MARGEM_LUCRO, CODIGO_FILIAL, QUANTIDADE, PRECO_COMPRA, PRECO_VENDA, DATA_COMPRA, DATA_VALIDADE, ID_MARCA, ID_CATEGORIA) VALUES (161, 'Produto 0161', 'Descrio do Produto 0161', '9714', 6, 127, 18, 42, TO_DATE('11/09/2017','DD/MM/YYYY'), TO_DATE('26/11/1965','DD/MM/YYYY'), 11, 14);
INSERT INTO PRODUTO (CODIGO_IDENTIFICACAO, NOME, DESCRICAO, MARGEM_LUCRO, CODIGO_FILIAL, QUANTIDADE, PRECO_COMPRA, PRECO_VENDA, DATA_COMPRA, DATA_VALIDADE, ID_MARCA, ID_CATEGORIA) VALUES (162, 'Produto 0162', 'Descrio do Produto 0162', '5018', 9, 844, 10, 66, TO_DATE('11/11/1973','DD/MM/YYYY'), TO_DATE('28/11/1923','DD/MM/YYYY'), 17, 0);
INSERT INTO PRODUTO (CODIGO_IDENTIFICACAO, NOME, DESCRICAO, MARGEM_LUCRO, CODIGO_FILIAL, QUANTIDADE, PRECO_COMPRA, PRECO_VENDA, DATA_COMPRA, DATA_VALIDADE, ID_MARCA, ID_CATEGORIA) VALUES (163, 'Produto 0163', 'Descrio do Produto 0163', '1582', 8, 871, 29, 68, TO_DATE('22/03/1997','DD/MM/YYYY'), TO_DATE('01/04/2002','DD/MM/YYYY'), 14, 14);
INSERT INTO PRODUTO (CODIGO_IDENTIFICACAO, NOME, DESCRICAO, MARGEM_LUCRO, CODIGO_FILIAL, QUANTIDADE, PRECO_COMPRA, PRECO_VENDA, DATA_COMPRA, DATA_VALIDADE, ID_MARCA, ID_CATEGORIA) VALUES (164, 'Produto 0164', 'Descrio do Produto 0164', '4477', 0, 365, 9, 72, TO_DATE('04/06/1999','DD/MM/YYYY'), TO_DATE('11/11/1951','DD/MM/YYYY'), 8, 4);
INSERT INTO PRODUTO (CODIGO_IDENTIFICACAO, NOME, DESCRICAO, MARGEM_LUCRO, CODIGO_FILIAL, QUANTIDADE, PRECO_COMPRA, PRECO_VENDA, DATA_COMPRA, DATA_VALIDADE, ID_MARCA, ID_CATEGORIA) VALUES (165, 'Produto 0165', 'Descrio do Produto 0165', '5286', 1, 532, 1, 96, TO_DATE('02/04/1922','DD/MM/YYYY'), TO_DATE('08/10/1982','DD/MM/YYYY'), 4, 11);
INSERT INTO PRODUTO (CODIGO_IDENTIFICACAO, NOME, DESCRICAO, MARGEM_LUCRO, CODIGO_FILIAL, QUANTIDADE, PRECO_COMPRA, PRECO_VENDA, DATA_COMPRA, DATA_VALIDADE, ID_MARCA, ID_CATEGORIA) VALUES (166, 'Produto 0166', 'Descrio do Produto 0166', '5835', 0, 130, 15, 94, TO_DATE('17/03/1992','DD/MM/YYYY'), TO_DATE('24/06/1954','DD/MM/YYYY'), 15, 13);
INSERT INTO PRODUTO (CODIGO_IDENTIFICACAO, NOME, DESCRICAO, MARGEM_LUCRO, CODIGO_FILIAL, QUANTIDADE, PRECO_COMPRA, PRECO_VENDA, DATA_COMPRA, DATA_VALIDADE, ID_MARCA, ID_CATEGORIA) VALUES (167, 'Produto 0167', 'Descrio do Produto 0167', '8945', 4, 574, 2, 50, TO_DATE('10/09/1944','DD/MM/YYYY'), TO_DATE('05/10/2002','DD/MM/YYYY'), 5, 14);
INSERT INTO PRODUTO (CODIGO_IDENTIFICACAO, NOME, DESCRICAO, MARGEM_LUCRO, CODIGO_FILIAL, QUANTIDADE, PRECO_COMPRA, PRECO_VENDA, DATA_COMPRA, DATA_VALIDADE, ID_MARCA, ID_CATEGORIA) VALUES (168, 'Produto 0168', 'Descrio do Produto 0168', '9994', 6, 658, 23, 94, TO_DATE('16/07/1940','DD/MM/YYYY'), TO_DATE('16/09/1976','DD/MM/YYYY'), 24, 13);
INSERT INTO PRODUTO (CODIGO_IDENTIFICACAO, NOME, DESCRICAO, MARGEM_LUCRO, CODIGO_FILIAL, QUANTIDADE, PRECO_COMPRA, PRECO_VENDA, DATA_COMPRA, DATA_VALIDADE, ID_MARCA, ID_CATEGORIA) VALUES (169, 'Produto 0169', 'Descrio do Produto 0169', '9594', 4, 36, 4, 45, TO_DATE('21/09/1954','DD/MM/YYYY'), TO_DATE('20/08/1988','DD/MM/YYYY'), 10, 20);
INSERT INTO PRODUTO (CODIGO_IDENTIFICACAO, NOME, DESCRICAO, MARGEM_LUCRO, CODIGO_FILIAL, QUANTIDADE, PRECO_COMPRA, PRECO_VENDA, DATA_COMPRA, DATA_VALIDADE, ID_MARCA, ID_CATEGORIA) VALUES (170, 'Produto 0170', 'Descrio do Produto 0170', '3817', 6, 413, 17, 90, TO_DATE('26/06/1918','DD/MM/YYYY'), TO_DATE('10/09/2009','DD/MM/YYYY'), 8, 1);
INSERT INTO PRODUTO (CODIGO_IDENTIFICACAO, NOME, DESCRICAO, MARGEM_LUCRO, CODIGO_FILIAL, QUANTIDADE, PRECO_COMPRA, PRECO_VENDA, DATA_COMPRA, DATA_VALIDADE, ID_MARCA, ID_CATEGORIA) VALUES (171, 'Produto 0171', 'Descrio do Produto 0171', '4975', 0, 16, 27, 42, TO_DATE('12/12/1944','DD/MM/YYYY'), TO_DATE('10/05/1979','DD/MM/YYYY'), 3, 16);
INSERT INTO PRODUTO (CODIGO_IDENTIFICACAO, NOME, DESCRICAO, MARGEM_LUCRO, CODIGO_FILIAL, QUANTIDADE, PRECO_COMPRA, PRECO_VENDA, DATA_COMPRA, DATA_VALIDADE, ID_MARCA, ID_CATEGORIA) VALUES (172, 'Produto 0172', 'Descrio do Produto 0172', '2925', 7, 708, 9, 32, TO_DATE('26/06/1972','DD/MM/YYYY'), TO_DATE('14/03/2000','DD/MM/YYYY'), 3, 20);
INSERT INTO PRODUTO (CODIGO_IDENTIFICACAO, NOME, DESCRICAO, MARGEM_LUCRO, CODIGO_FILIAL, QUANTIDADE, PRECO_COMPRA, PRECO_VENDA, DATA_COMPRA, DATA_VALIDADE, ID_MARCA, ID_CATEGORIA) VALUES (173, 'Produto 0173', 'Descrio do Produto 0173', '992', 5, 284, 21, 36, TO_DATE('09/12/1960','DD/MM/YYYY'), TO_DATE('12/03/1950','DD/MM/YYYY'), 8, 23);
INSERT INTO PRODUTO (CODIGO_IDENTIFICACAO, NOME, DESCRICAO, MARGEM_LUCRO, CODIGO_FILIAL, QUANTIDADE, PRECO_COMPRA, PRECO_VENDA, DATA_COMPRA, DATA_VALIDADE, ID_MARCA, ID_CATEGORIA) VALUES (174, 'Produto 0174', 'Descrio do Produto 0174', '5005', 6, 893, 20, 71, TO_DATE('07/02/2003','DD/MM/YYYY'), TO_DATE('08/04/1967','DD/MM/YYYY'), 23, 9);
INSERT INTO PRODUTO (CODIGO_IDENTIFICACAO, NOME, DESCRICAO, MARGEM_LUCRO, CODIGO_FILIAL, QUANTIDADE, PRECO_COMPRA, PRECO_VENDA, DATA_COMPRA, DATA_VALIDADE, ID_MARCA, ID_CATEGORIA) VALUES (175, 'Produto 0175', 'Descrio do Produto 0175', '4176', 5, 24, 20, 93, TO_DATE('08/03/2017','DD/MM/YYYY'), TO_DATE('16/03/1917','DD/MM/YYYY'), 0, 15);
INSERT INTO PRODUTO (CODIGO_IDENTIFICACAO, NOME, DESCRICAO, MARGEM_LUCRO, CODIGO_FILIAL, QUANTIDADE, PRECO_COMPRA, PRECO_VENDA, DATA_COMPRA, DATA_VALIDADE, ID_MARCA, ID_CATEGORIA) VALUES (176, 'Produto 0176', 'Descrio do Produto 0176', '4196', 7, 917, 30, 100, TO_DATE('07/01/1915','DD/MM/YYYY'), TO_DATE('09/03/1922','DD/MM/YYYY'), 22, 20);
INSERT INTO PRODUTO (CODIGO_IDENTIFICACAO, NOME, DESCRICAO, MARGEM_LUCRO, CODIGO_FILIAL, QUANTIDADE, PRECO_COMPRA, PRECO_VENDA, DATA_COMPRA, DATA_VALIDADE, ID_MARCA, ID_CATEGORIA) VALUES (177, 'Produto 0177', 'Descrio do Produto 0177', '9381', 2, 795, 25, 52, TO_DATE('17/11/1951','DD/MM/YYYY'), TO_DATE('26/01/2015','DD/MM/YYYY'), 19, 25);
INSERT INTO PRODUTO (CODIGO_IDENTIFICACAO, NOME, DESCRICAO, MARGEM_LUCRO, CODIGO_FILIAL, QUANTIDADE, PRECO_COMPRA, PRECO_VENDA, DATA_COMPRA, DATA_VALIDADE, ID_MARCA, ID_CATEGORIA) VALUES (178, 'Produto 0178', 'Descrio do Produto 0178', '4211', 1, 48, 24, 86, TO_DATE('06/09/1917','DD/MM/YYYY'), TO_DATE('27/08/1985','DD/MM/YYYY'), 16, 3);
INSERT INTO PRODUTO (CODIGO_IDENTIFICACAO, NOME, DESCRICAO, MARGEM_LUCRO, CODIGO_FILIAL, QUANTIDADE, PRECO_COMPRA, PRECO_VENDA, DATA_COMPRA, DATA_VALIDADE, ID_MARCA, ID_CATEGORIA) VALUES (179, 'Produto 0179', 'Descrio do Produto 0179', '1892', 3, 239, 28, 87, TO_DATE('25/04/1988','DD/MM/YYYY'), TO_DATE('05/08/1965','DD/MM/YYYY'), 10, 23);
INSERT INTO PRODUTO (CODIGO_IDENTIFICACAO, NOME, DESCRICAO, MARGEM_LUCRO, CODIGO_FILIAL, QUANTIDADE, PRECO_COMPRA, PRECO_VENDA, DATA_COMPRA, DATA_VALIDADE, ID_MARCA, ID_CATEGORIA) VALUES (180, 'Produto 0180', 'Descrio do Produto 0180', '8799', 0, 255, 22, 41, TO_DATE('16/05/1961','DD/MM/YYYY'), TO_DATE('28/10/2002','DD/MM/YYYY'), 7, 28);
INSERT INTO PRODUTO (CODIGO_IDENTIFICACAO, NOME, DESCRICAO, MARGEM_LUCRO, CODIGO_FILIAL, QUANTIDADE, PRECO_COMPRA, PRECO_VENDA, DATA_COMPRA, DATA_VALIDADE, ID_MARCA, ID_CATEGORIA) VALUES (181, 'Produto 0181', 'Descrio do Produto 0181', '9808', 2, 785, 10, 31, TO_DATE('16/03/1947','DD/MM/YYYY'), TO_DATE('21/11/1948','DD/MM/YYYY'), 12, 20);
INSERT INTO PRODUTO (CODIGO_IDENTIFICACAO, NOME, DESCRICAO, MARGEM_LUCRO, CODIGO_FILIAL, QUANTIDADE, PRECO_COMPRA, PRECO_VENDA, DATA_COMPRA, DATA_VALIDADE, ID_MARCA, ID_CATEGORIA) VALUES (182, 'Produto 0182', 'Descrio do Produto 0182', '4412', 2, 782, 19, 87, TO_DATE('06/09/1985','DD/MM/YYYY'), TO_DATE('22/10/1999','DD/MM/YYYY'), 18, 2);
INSERT INTO PRODUTO (CODIGO_IDENTIFICACAO, NOME, DESCRICAO, MARGEM_LUCRO, CODIGO_FILIAL, QUANTIDADE, PRECO_COMPRA, PRECO_VENDA, DATA_COMPRA, DATA_VALIDADE, ID_MARCA, ID_CATEGORIA) VALUES (183, 'Produto 0183', 'Descrio do Produto 0183', '5109', 6, 780, 17, 89, TO_DATE('27/05/1939','DD/MM/YYYY'), TO_DATE('12/08/2007','DD/MM/YYYY'), 4, 4);
INSERT INTO PRODUTO (CODIGO_IDENTIFICACAO, NOME, DESCRICAO, MARGEM_LUCRO, CODIGO_FILIAL, QUANTIDADE, PRECO_COMPRA, PRECO_VENDA, DATA_COMPRA, DATA_VALIDADE, ID_MARCA, ID_CATEGORIA) VALUES (184, 'Produto 0184', 'Descrio do Produto 0184', '6718', 8, 157, 6, 81, TO_DATE('03/11/2014','DD/MM/YYYY'), TO_DATE('26/10/1993','DD/MM/YYYY'), 23, 13);
INSERT INTO PRODUTO (CODIGO_IDENTIFICACAO, NOME, DESCRICAO, MARGEM_LUCRO, CODIGO_FILIAL, QUANTIDADE, PRECO_COMPRA, PRECO_VENDA, DATA_COMPRA, DATA_VALIDADE, ID_MARCA, ID_CATEGORIA) VALUES (185, 'Produto 0185', 'Descrio do Produto 0185', '1686', 6, 169, 12, 100, TO_DATE('15/06/1942','DD/MM/YYYY'), TO_DATE('26/07/2019','DD/MM/YYYY'), 16, 3);
INSERT INTO PRODUTO (CODIGO_IDENTIFICACAO, NOME, DESCRICAO, MARGEM_LUCRO, CODIGO_FILIAL, QUANTIDADE, PRECO_COMPRA, PRECO_VENDA, DATA_COMPRA, DATA_VALIDADE, ID_MARCA, ID_CATEGORIA) VALUES (186, 'Produto 0186', 'Descrio do Produto 0186', '9940', 4, 648, 18, 41, TO_DATE('28/04/1941','DD/MM/YYYY'), TO_DATE('26/06/1963','DD/MM/YYYY'), 24, 16);
INSERT INTO PRODUTO (CODIGO_IDENTIFICACAO, NOME, DESCRICAO, MARGEM_LUCRO, CODIGO_FILIAL, QUANTIDADE, PRECO_COMPRA, PRECO_VENDA, DATA_COMPRA, DATA_VALIDADE, ID_MARCA, ID_CATEGORIA) VALUES (187, 'Produto 0187', 'Descrio do Produto 0187', '1017', 7, 693, 18, 48, TO_DATE('14/01/1922','DD/MM/YYYY'), TO_DATE('14/02/1999','DD/MM/YYYY'), 6, 8);
INSERT INTO PRODUTO (CODIGO_IDENTIFICACAO, NOME, DESCRICAO, MARGEM_LUCRO, CODIGO_FILIAL, QUANTIDADE, PRECO_COMPRA, PRECO_VENDA, DATA_COMPRA, DATA_VALIDADE, ID_MARCA, ID_CATEGORIA) VALUES (188, 'Produto 0188', 'Descrio do Produto 0188', '7105', 3, 872, 6, 100, TO_DATE('18/02/1998','DD/MM/YYYY'), TO_DATE('03/04/1923','DD/MM/YYYY'), 2, 21);
INSERT INTO PRODUTO (CODIGO_IDENTIFICACAO, NOME, DESCRICAO, MARGEM_LUCRO, CODIGO_FILIAL, QUANTIDADE, PRECO_COMPRA, PRECO_VENDA, DATA_COMPRA, DATA_VALIDADE, ID_MARCA, ID_CATEGORIA) VALUES (189, 'Produto 0189', 'Descrio do Produto 0189', '1524', 2, 579, 20, 34, TO_DATE('02/02/2001','DD/MM/YYYY'), TO_DATE('18/10/1996','DD/MM/YYYY'), 23, 1);
INSERT INTO PRODUTO (CODIGO_IDENTIFICACAO, NOME, DESCRICAO, MARGEM_LUCRO, CODIGO_FILIAL, QUANTIDADE, PRECO_COMPRA, PRECO_VENDA, DATA_COMPRA, DATA_VALIDADE, ID_MARCA, ID_CATEGORIA) VALUES (190, 'Produto 0190', 'Descrio do Produto 0190', '2367', 1, 275, 4, 88, TO_DATE('16/04/1973','DD/MM/YYYY'), TO_DATE('19/11/1977','DD/MM/YYYY'), 5, 9);
INSERT INTO PRODUTO (CODIGO_IDENTIFICACAO, NOME, DESCRICAO, MARGEM_LUCRO, CODIGO_FILIAL, QUANTIDADE, PRECO_COMPRA, PRECO_VENDA, DATA_COMPRA, DATA_VALIDADE, ID_MARCA, ID_CATEGORIA) VALUES (191, 'Produto 0191', 'Descrio do Produto 0191', '5782', 1, 938, 23, 33, TO_DATE('01/06/1994','DD/MM/YYYY'), TO_DATE('19/11/1975','DD/MM/YYYY'), 1, 25);
INSERT INTO PRODUTO (CODIGO_IDENTIFICACAO, NOME, DESCRICAO, MARGEM_LUCRO, CODIGO_FILIAL, QUANTIDADE, PRECO_COMPRA, PRECO_VENDA, DATA_COMPRA, DATA_VALIDADE, ID_MARCA, ID_CATEGORIA) VALUES (192, 'Produto 0192', 'Descrio do Produto 0192', '4088', 0, 792, 9, 92, TO_DATE('06/01/2000','DD/MM/YYYY'), TO_DATE('25/11/1998','DD/MM/YYYY'), 12, 3);
INSERT INTO PRODUTO (CODIGO_IDENTIFICACAO, NOME, DESCRICAO, MARGEM_LUCRO, CODIGO_FILIAL, QUANTIDADE, PRECO_COMPRA, PRECO_VENDA, DATA_COMPRA, DATA_VALIDADE, ID_MARCA, ID_CATEGORIA) VALUES (193, 'Produto 0193', 'Descrio do Produto 0193', '6574', 2, 373, 11, 38, TO_DATE('27/09/1936','DD/MM/YYYY'), TO_DATE('15/09/1922','DD/MM/YYYY'), 12, 12);
INSERT INTO PRODUTO (CODIGO_IDENTIFICACAO, NOME, DESCRICAO, MARGEM_LUCRO, CODIGO_FILIAL, QUANTIDADE, PRECO_COMPRA, PRECO_VENDA, DATA_COMPRA, DATA_VALIDADE, ID_MARCA, ID_CATEGORIA) VALUES (194, 'Produto 0194', 'Descrio do Produto 0194', '2314', 2, 254, 26, 34, TO_DATE('19/03/1954','DD/MM/YYYY'), TO_DATE('17/03/1926','DD/MM/YYYY'), 5, 16);
INSERT INTO PRODUTO (CODIGO_IDENTIFICACAO, NOME, DESCRICAO, MARGEM_LUCRO, CODIGO_FILIAL, QUANTIDADE, PRECO_COMPRA, PRECO_VENDA, DATA_COMPRA, DATA_VALIDADE, ID_MARCA, ID_CATEGORIA) VALUES (195, 'Produto 0195', 'Descrio do Produto 0195', '9813', 3, 117, 3, 43, TO_DATE('26/07/1966','DD/MM/YYYY'), TO_DATE('18/12/2018','DD/MM/YYYY'), 1, 24);
INSERT INTO PRODUTO (CODIGO_IDENTIFICACAO, NOME, DESCRICAO, MARGEM_LUCRO, CODIGO_FILIAL, QUANTIDADE, PRECO_COMPRA, PRECO_VENDA, DATA_COMPRA, DATA_VALIDADE, ID_MARCA, ID_CATEGORIA) VALUES (196, 'Produto 0196', 'Descrio do Produto 0196', '2384', 8, 862, 16, 41, TO_DATE('14/12/2015','DD/MM/YYYY'), TO_DATE('04/07/1932','DD/MM/YYYY'), 11, 22);
INSERT INTO PRODUTO (CODIGO_IDENTIFICACAO, NOME, DESCRICAO, MARGEM_LUCRO, CODIGO_FILIAL, QUANTIDADE, PRECO_COMPRA, PRECO_VENDA, DATA_COMPRA, DATA_VALIDADE, ID_MARCA, ID_CATEGORIA) VALUES (197, 'Produto 0197', 'Descrio do Produto 0197', '1379', 3, 214, 27, 91, TO_DATE('17/08/1912','DD/MM/YYYY'), TO_DATE('10/02/1978','DD/MM/YYYY'), 14, 10);
INSERT INTO PRODUTO (CODIGO_IDENTIFICACAO, NOME, DESCRICAO, MARGEM_LUCRO, CODIGO_FILIAL, QUANTIDADE, PRECO_COMPRA, PRECO_VENDA, DATA_COMPRA, DATA_VALIDADE, ID_MARCA, ID_CATEGORIA) VALUES (198, 'Produto 0198', 'Descrio do Produto 0198', '6179', 7, 675, 1, 66, TO_DATE('21/06/1999','DD/MM/YYYY'), TO_DATE('02/11/2002','DD/MM/YYYY'), 12, 13);
INSERT INTO PRODUTO (CODIGO_IDENTIFICACAO, NOME, DESCRICAO, MARGEM_LUCRO, CODIGO_FILIAL, QUANTIDADE, PRECO_COMPRA, PRECO_VENDA, DATA_COMPRA, DATA_VALIDADE, ID_MARCA, ID_CATEGORIA) VALUES (199, 'Produto 0199', 'Descrio do Produto 0199', '5539', 3, 378, 29, 31, TO_DATE('01/02/1926','DD/MM/YYYY'), TO_DATE('21/01/1958','DD/MM/YYYY'), 19, 29);
INSERT INTO PRODUTO (CODIGO_IDENTIFICACAO, NOME, DESCRICAO, MARGEM_LUCRO, CODIGO_FILIAL, QUANTIDADE, PRECO_COMPRA, PRECO_VENDA, DATA_COMPRA, DATA_VALIDADE, ID_MARCA, ID_CATEGORIA) VALUES (200, 'Produto 0200', 'Descrio do Produto 0200', '3264', 6, 865, 5, 82, TO_DATE('22/08/1924','DD/MM/YYYY'), TO_DATE('22/01/1930','DD/MM/YYYY'), 18, 7);
INSERT INTO PRODUTO (CODIGO_IDENTIFICACAO, NOME, DESCRICAO, MARGEM_LUCRO, CODIGO_FILIAL, QUANTIDADE, PRECO_COMPRA, PRECO_VENDA, DATA_COMPRA, DATA_VALIDADE, ID_MARCA, ID_CATEGORIA) VALUES (201, 'Produto 0201', 'Descrio do Produto 0201', '708', 7, 985, 30, 89, TO_DATE('12/01/2018','DD/MM/YYYY'), TO_DATE('25/04/1994','DD/MM/YYYY'), 10, 7);
INSERT INTO PRODUTO (CODIGO_IDENTIFICACAO, NOME, DESCRICAO, MARGEM_LUCRO, CODIGO_FILIAL, QUANTIDADE, PRECO_COMPRA, PRECO_VENDA, DATA_COMPRA, DATA_VALIDADE, ID_MARCA, ID_CATEGORIA) VALUES (202, 'Produto 0202', 'Descrio do Produto 0202', '888', 1, 378, 22, 67, TO_DATE('20/05/1976','DD/MM/YYYY'), TO_DATE('15/07/1994','DD/MM/YYYY'), 4, 20);
INSERT INTO PRODUTO (CODIGO_IDENTIFICACAO, NOME, DESCRICAO, MARGEM_LUCRO, CODIGO_FILIAL, QUANTIDADE, PRECO_COMPRA, PRECO_VENDA, DATA_COMPRA, DATA_VALIDADE, ID_MARCA, ID_CATEGORIA) VALUES (203, 'Produto 0203', 'Descrio do Produto 0203', '3837', 0, 137, 4, 73, TO_DATE('03/04/1966','DD/MM/YYYY'), TO_DATE('06/11/1937','DD/MM/YYYY'), 15, 2);
INSERT INTO PRODUTO (CODIGO_IDENTIFICACAO, NOME, DESCRICAO, MARGEM_LUCRO, CODIGO_FILIAL, QUANTIDADE, PRECO_COMPRA, PRECO_VENDA, DATA_COMPRA, DATA_VALIDADE, ID_MARCA, ID_CATEGORIA) VALUES (204, 'Produto 0204', 'Descrio do Produto 0204', '9222', 8, 473, 1, 75, TO_DATE('09/01/1947','DD/MM/YYYY'), TO_DATE('28/02/1923','DD/MM/YYYY'), 18, 11);
INSERT INTO PRODUTO (CODIGO_IDENTIFICACAO, NOME, DESCRICAO, MARGEM_LUCRO, CODIGO_FILIAL, QUANTIDADE, PRECO_COMPRA, PRECO_VENDA, DATA_COMPRA, DATA_VALIDADE, ID_MARCA, ID_CATEGORIA) VALUES (205, 'Produto 0205', 'Descrio do Produto 0205', '9964', 7, 583, 5, 56, TO_DATE('16/04/1953','DD/MM/YYYY'), TO_DATE('10/06/2006','DD/MM/YYYY'), 20, 15);
INSERT INTO PRODUTO (CODIGO_IDENTIFICACAO, NOME, DESCRICAO, MARGEM_LUCRO, CODIGO_FILIAL, QUANTIDADE, PRECO_COMPRA, PRECO_VENDA, DATA_COMPRA, DATA_VALIDADE, ID_MARCA, ID_CATEGORIA) VALUES (206, 'Produto 0206', 'Descrio do Produto 0206', '3554', 6, 111, 7, 37, TO_DATE('10/05/1940','DD/MM/YYYY'), TO_DATE('27/04/1930','DD/MM/YYYY'), 5, 3);
INSERT INTO PRODUTO (CODIGO_IDENTIFICACAO, NOME, DESCRICAO, MARGEM_LUCRO, CODIGO_FILIAL, QUANTIDADE, PRECO_COMPRA, PRECO_VENDA, DATA_COMPRA, DATA_VALIDADE, ID_MARCA, ID_CATEGORIA) VALUES (207, 'Produto 0207', 'Descrio do Produto 0207', '6870', 7, 322, 23, 30, TO_DATE('14/02/1975','DD/MM/YYYY'), TO_DATE('26/05/1982','DD/MM/YYYY'), 9, 11);
INSERT INTO PRODUTO (CODIGO_IDENTIFICACAO, NOME, DESCRICAO, MARGEM_LUCRO, CODIGO_FILIAL, QUANTIDADE, PRECO_COMPRA, PRECO_VENDA, DATA_COMPRA, DATA_VALIDADE, ID_MARCA, ID_CATEGORIA) VALUES (208, 'Produto 0208', 'Descrio do Produto 0208', '8007', 5, 312, 30, 38, TO_DATE('06/01/1962','DD/MM/YYYY'), TO_DATE('16/01/1986','DD/MM/YYYY'), 21, 20);
INSERT INTO PRODUTO (CODIGO_IDENTIFICACAO, NOME, DESCRICAO, MARGEM_LUCRO, CODIGO_FILIAL, QUANTIDADE, PRECO_COMPRA, PRECO_VENDA, DATA_COMPRA, DATA_VALIDADE, ID_MARCA, ID_CATEGORIA) VALUES (209, 'Produto 0209', 'Descrio do Produto 0209', '3305', 7, 137, 26, 64, TO_DATE('17/10/1944','DD/MM/YYYY'), TO_DATE('22/06/1988','DD/MM/YYYY'), 16, 16);
INSERT INTO PRODUTO (CODIGO_IDENTIFICACAO, NOME, DESCRICAO, MARGEM_LUCRO, CODIGO_FILIAL, QUANTIDADE, PRECO_COMPRA, PRECO_VENDA, DATA_COMPRA, DATA_VALIDADE, ID_MARCA, ID_CATEGORIA) VALUES (210, 'Produto 0210', 'Descrio do Produto 0210', '7951', 5, 458, 10, 55, TO_DATE('23/11/1999','DD/MM/YYYY'), TO_DATE('26/04/2016','DD/MM/YYYY'), 16, 13);
INSERT INTO PRODUTO (CODIGO_IDENTIFICACAO, NOME, DESCRICAO, MARGEM_LUCRO, CODIGO_FILIAL, QUANTIDADE, PRECO_COMPRA, PRECO_VENDA, DATA_COMPRA, DATA_VALIDADE, ID_MARCA, ID_CATEGORIA) VALUES (211, 'Produto 0211', 'Descrio do Produto 0211', '2860', 6, 569, 12, 48, TO_DATE('05/05/1966','DD/MM/YYYY'), TO_DATE('02/04/1958','DD/MM/YYYY'), 15, 1);
INSERT INTO PRODUTO (CODIGO_IDENTIFICACAO, NOME, DESCRICAO, MARGEM_LUCRO, CODIGO_FILIAL, QUANTIDADE, PRECO_COMPRA, PRECO_VENDA, DATA_COMPRA, DATA_VALIDADE, ID_MARCA, ID_CATEGORIA) VALUES (212, 'Produto 0212', 'Descrio do Produto 0212', '956', 8, 944, 10, 92, TO_DATE('21/03/2017','DD/MM/YYYY'), TO_DATE('24/03/1945','DD/MM/YYYY'), 5, 26);
INSERT INTO PRODUTO (CODIGO_IDENTIFICACAO, NOME, DESCRICAO, MARGEM_LUCRO, CODIGO_FILIAL, QUANTIDADE, PRECO_COMPRA, PRECO_VENDA, DATA_COMPRA, DATA_VALIDADE, ID_MARCA, ID_CATEGORIA) VALUES (213, 'Produto 0213', 'Descrio do Produto 0213', '6797', 5, 18, 5, 84, TO_DATE('03/01/1960','DD/MM/YYYY'), TO_DATE('11/07/1984','DD/MM/YYYY'), 12, 5);
INSERT INTO PRODUTO (CODIGO_IDENTIFICACAO, NOME, DESCRICAO, MARGEM_LUCRO, CODIGO_FILIAL, QUANTIDADE, PRECO_COMPRA, PRECO_VENDA, DATA_COMPRA, DATA_VALIDADE, ID_MARCA, ID_CATEGORIA) VALUES (214, 'Produto 0214', 'Descrio do Produto 0214', '8626', 8, 255, 5, 92, TO_DATE('11/11/1978','DD/MM/YYYY'), TO_DATE('12/05/2008','DD/MM/YYYY'), 12, 0);
INSERT INTO PRODUTO (CODIGO_IDENTIFICACAO, NOME, DESCRICAO, MARGEM_LUCRO, CODIGO_FILIAL, QUANTIDADE, PRECO_COMPRA, PRECO_VENDA, DATA_COMPRA, DATA_VALIDADE, ID_MARCA, ID_CATEGORIA) VALUES (215, 'Produto 0215', 'Descrio do Produto 0215', '1368', 0, 824, 19, 69, TO_DATE('23/07/1966','DD/MM/YYYY'), TO_DATE('09/10/2012','DD/MM/YYYY'), 0, 15);
INSERT INTO PRODUTO (CODIGO_IDENTIFICACAO, NOME, DESCRICAO, MARGEM_LUCRO, CODIGO_FILIAL, QUANTIDADE, PRECO_COMPRA, PRECO_VENDA, DATA_COMPRA, DATA_VALIDADE, ID_MARCA, ID_CATEGORIA) VALUES (216, 'Produto 0216', 'Descrio do Produto 0216', '2038', 7, 629, 20, 62, TO_DATE('18/07/1924','DD/MM/YYYY'), TO_DATE('15/03/1994','DD/MM/YYYY'), 11, 1);
INSERT INTO PRODUTO (CODIGO_IDENTIFICACAO, NOME, DESCRICAO, MARGEM_LUCRO, CODIGO_FILIAL, QUANTIDADE, PRECO_COMPRA, PRECO_VENDA, DATA_COMPRA, DATA_VALIDADE, ID_MARCA, ID_CATEGORIA) VALUES (217, 'Produto 0217', 'Descrio do Produto 0217', '7725', 8, 741, 25, 80, TO_DATE('02/05/1976','DD/MM/YYYY'), TO_DATE('20/02/1954','DD/MM/YYYY'), 8, 16);
INSERT INTO PRODUTO (CODIGO_IDENTIFICACAO, NOME, DESCRICAO, MARGEM_LUCRO, CODIGO_FILIAL, QUANTIDADE, PRECO_COMPRA, PRECO_VENDA, DATA_COMPRA, DATA_VALIDADE, ID_MARCA, ID_CATEGORIA) VALUES (218, 'Produto 0218', 'Descrio do Produto 0218', '5977', 3, 410, 23, 53, TO_DATE('16/05/1922','DD/MM/YYYY'), TO_DATE('04/10/1932','DD/MM/YYYY'), 24, 18);
INSERT INTO PRODUTO (CODIGO_IDENTIFICACAO, NOME, DESCRICAO, MARGEM_LUCRO, CODIGO_FILIAL, QUANTIDADE, PRECO_COMPRA, PRECO_VENDA, DATA_COMPRA, DATA_VALIDADE, ID_MARCA, ID_CATEGORIA) VALUES (219, 'Produto 0219', 'Descrio do Produto 0219', '4755', 9, 27, 11, 67, TO_DATE('13/04/1938','DD/MM/YYYY'), TO_DATE('05/11/1999','DD/MM/YYYY'), 4, 3);
INSERT INTO PRODUTO (CODIGO_IDENTIFICACAO, NOME, DESCRICAO, MARGEM_LUCRO, CODIGO_FILIAL, QUANTIDADE, PRECO_COMPRA, PRECO_VENDA, DATA_COMPRA, DATA_VALIDADE, ID_MARCA, ID_CATEGORIA) VALUES (220, 'Produto 0220', 'Descrio do Produto 0220', '1347', 3, 927, 27, 52, TO_DATE('26/11/1975','DD/MM/YYYY'), TO_DATE('23/06/1914','DD/MM/YYYY'), 18, 15);
INSERT INTO PRODUTO (CODIGO_IDENTIFICACAO, NOME, DESCRICAO, MARGEM_LUCRO, CODIGO_FILIAL, QUANTIDADE, PRECO_COMPRA, PRECO_VENDA, DATA_COMPRA, DATA_VALIDADE, ID_MARCA, ID_CATEGORIA) VALUES (221, 'Produto 0221', 'Descrio do Produto 0221', '5478', 8, 50, 21, 84, TO_DATE('21/01/1933','DD/MM/YYYY'), TO_DATE('19/03/1923','DD/MM/YYYY'), 13, 21);
INSERT INTO PRODUTO (CODIGO_IDENTIFICACAO, NOME, DESCRICAO, MARGEM_LUCRO, CODIGO_FILIAL, QUANTIDADE, PRECO_COMPRA, PRECO_VENDA, DATA_COMPRA, DATA_VALIDADE, ID_MARCA, ID_CATEGORIA) VALUES (222, 'Produto 0222', 'Descrio do Produto 0222', '7196', 3, 464, 8, 74, TO_DATE('20/02/2002','DD/MM/YYYY'), TO_DATE('02/07/1945','DD/MM/YYYY'), 7, 24);
INSERT INTO PRODUTO (CODIGO_IDENTIFICACAO, NOME, DESCRICAO, MARGEM_LUCRO, CODIGO_FILIAL, QUANTIDADE, PRECO_COMPRA, PRECO_VENDA, DATA_COMPRA, DATA_VALIDADE, ID_MARCA, ID_CATEGORIA) VALUES (223, 'Produto 0223', 'Descrio do Produto 0223', '4902', 7, 869, 21, 43, TO_DATE('15/08/1993','DD/MM/YYYY'), TO_DATE('18/10/1913','DD/MM/YYYY'), 10, 28);
INSERT INTO PRODUTO (CODIGO_IDENTIFICACAO, NOME, DESCRICAO, MARGEM_LUCRO, CODIGO_FILIAL, QUANTIDADE, PRECO_COMPRA, PRECO_VENDA, DATA_COMPRA, DATA_VALIDADE, ID_MARCA, ID_CATEGORIA) VALUES (224, 'Produto 0224', 'Descrio do Produto 0224', '530', 8, 195, 29, 86, TO_DATE('04/11/1933','DD/MM/YYYY'), TO_DATE('24/10/2019','DD/MM/YYYY'), 7, 27);
INSERT INTO PRODUTO (CODIGO_IDENTIFICACAO, NOME, DESCRICAO, MARGEM_LUCRO, CODIGO_FILIAL, QUANTIDADE, PRECO_COMPRA, PRECO_VENDA, DATA_COMPRA, DATA_VALIDADE, ID_MARCA, ID_CATEGORIA) VALUES (225, 'Produto 0225', 'Descrio do Produto 0225', '301', 1, 248, 19, 65, TO_DATE('06/09/1992','DD/MM/YYYY'), TO_DATE('01/03/2009','DD/MM/YYYY'), 5, 3);
INSERT INTO PRODUTO (CODIGO_IDENTIFICACAO, NOME, DESCRICAO, MARGEM_LUCRO, CODIGO_FILIAL, QUANTIDADE, PRECO_COMPRA, PRECO_VENDA, DATA_COMPRA, DATA_VALIDADE, ID_MARCA, ID_CATEGORIA) VALUES (226, 'Produto 0226', 'Descrio do Produto 0226', '6319', 2, 892, 17, 75, TO_DATE('24/02/1998','DD/MM/YYYY'), TO_DATE('16/12/1918','DD/MM/YYYY'), 9, 23);
INSERT INTO PRODUTO (CODIGO_IDENTIFICACAO, NOME, DESCRICAO, MARGEM_LUCRO, CODIGO_FILIAL, QUANTIDADE, PRECO_COMPRA, PRECO_VENDA, DATA_COMPRA, DATA_VALIDADE, ID_MARCA, ID_CATEGORIA) VALUES (227, 'Produto 0227', 'Descrio do Produto 0227', '1698', 1, 64, 15, 76, TO_DATE('12/10/2007','DD/MM/YYYY'), TO_DATE('18/08/2003','DD/MM/YYYY'), 0, 1);
INSERT INTO PRODUTO (CODIGO_IDENTIFICACAO, NOME, DESCRICAO, MARGEM_LUCRO, CODIGO_FILIAL, QUANTIDADE, PRECO_COMPRA, PRECO_VENDA, DATA_COMPRA, DATA_VALIDADE, ID_MARCA, ID_CATEGORIA) VALUES (228, 'Produto 0228', 'Descrio do Produto 0228', '3339', 8, 635, 2, 38, TO_DATE('11/07/1986','DD/MM/YYYY'), TO_DATE('23/04/1936','DD/MM/YYYY'), 18, 15);
INSERT INTO PRODUTO (CODIGO_IDENTIFICACAO, NOME, DESCRICAO, MARGEM_LUCRO, CODIGO_FILIAL, QUANTIDADE, PRECO_COMPRA, PRECO_VENDA, DATA_COMPRA, DATA_VALIDADE, ID_MARCA, ID_CATEGORIA) VALUES (229, 'Produto 0229', 'Descrio do Produto 0229', '7782', 8, 529, 7, 55, TO_DATE('13/12/1967','DD/MM/YYYY'), TO_DATE('14/09/1979','DD/MM/YYYY'), 16, 10);
INSERT INTO PRODUTO (CODIGO_IDENTIFICACAO, NOME, DESCRICAO, MARGEM_LUCRO, CODIGO_FILIAL, QUANTIDADE, PRECO_COMPRA, PRECO_VENDA, DATA_COMPRA, DATA_VALIDADE, ID_MARCA, ID_CATEGORIA) VALUES (230, 'Produto 0230', 'Descrio do Produto 0230', '1613', 8, 143, 3, 33, TO_DATE('03/11/2006','DD/MM/YYYY'), TO_DATE('15/11/1993','DD/MM/YYYY'), 2, 18);
INSERT INTO PRODUTO (CODIGO_IDENTIFICACAO, NOME, DESCRICAO, MARGEM_LUCRO, CODIGO_FILIAL, QUANTIDADE, PRECO_COMPRA, PRECO_VENDA, DATA_COMPRA, DATA_VALIDADE, ID_MARCA, ID_CATEGORIA) VALUES (231, 'Produto 0231', 'Descrio do Produto 0231', '1509', 0, 437, 25, 51, TO_DATE('26/06/1994','DD/MM/YYYY'), TO_DATE('03/11/1958','DD/MM/YYYY'), 18, 9);
INSERT INTO PRODUTO (CODIGO_IDENTIFICACAO, NOME, DESCRICAO, MARGEM_LUCRO, CODIGO_FILIAL, QUANTIDADE, PRECO_COMPRA, PRECO_VENDA, DATA_COMPRA, DATA_VALIDADE, ID_MARCA, ID_CATEGORIA) VALUES (232, 'Produto 0232', 'Descrio do Produto 0232', '7107', 0, 104, 11, 70, TO_DATE('27/05/1972','DD/MM/YYYY'), TO_DATE('16/12/1916','DD/MM/YYYY'), 8, 24);
INSERT INTO PRODUTO (CODIGO_IDENTIFICACAO, NOME, DESCRICAO, MARGEM_LUCRO, CODIGO_FILIAL, QUANTIDADE, PRECO_COMPRA, PRECO_VENDA, DATA_COMPRA, DATA_VALIDADE, ID_MARCA, ID_CATEGORIA) VALUES (233, 'Produto 0233', 'Descrio do Produto 0233', '1025', 1, 346, 3, 53, TO_DATE('28/11/1998','DD/MM/YYYY'), TO_DATE('14/06/1950','DD/MM/YYYY'), 1, 8);
INSERT INTO PRODUTO (CODIGO_IDENTIFICACAO, NOME, DESCRICAO, MARGEM_LUCRO, CODIGO_FILIAL, QUANTIDADE, PRECO_COMPRA, PRECO_VENDA, DATA_COMPRA, DATA_VALIDADE, ID_MARCA, ID_CATEGORIA) VALUES (234, 'Produto 0234', 'Descrio do Produto 0234', '2382', 5, 317, 5, 76, TO_DATE('28/03/1998','DD/MM/YYYY'), TO_DATE('07/08/1959','DD/MM/YYYY'), 16, 8);
INSERT INTO PRODUTO (CODIGO_IDENTIFICACAO, NOME, DESCRICAO, MARGEM_LUCRO, CODIGO_FILIAL, QUANTIDADE, PRECO_COMPRA, PRECO_VENDA, DATA_COMPRA, DATA_VALIDADE, ID_MARCA, ID_CATEGORIA) VALUES (235, 'Produto 0235', 'Descrio do Produto 0235', '3991', 6, 151, 30, 87, TO_DATE('03/05/1992','DD/MM/YYYY'), TO_DATE('27/10/1923','DD/MM/YYYY'), 23, 27);
INSERT INTO PRODUTO (CODIGO_IDENTIFICACAO, NOME, DESCRICAO, MARGEM_LUCRO, CODIGO_FILIAL, QUANTIDADE, PRECO_COMPRA, PRECO_VENDA, DATA_COMPRA, DATA_VALIDADE, ID_MARCA, ID_CATEGORIA) VALUES (236, 'Produto 0236', 'Descrio do Produto 0236', '3200', 3, 855, 20, 33, TO_DATE('07/08/1954','DD/MM/YYYY'), TO_DATE('06/02/1916','DD/MM/YYYY'), 22, 0);
INSERT INTO PRODUTO (CODIGO_IDENTIFICACAO, NOME, DESCRICAO, MARGEM_LUCRO, CODIGO_FILIAL, QUANTIDADE, PRECO_COMPRA, PRECO_VENDA, DATA_COMPRA, DATA_VALIDADE, ID_MARCA, ID_CATEGORIA) VALUES (237, 'Produto 0237', 'Descrio do Produto 0237', '8158', 3, 797, 27, 95, TO_DATE('27/06/1957','DD/MM/YYYY'), TO_DATE('19/07/1942','DD/MM/YYYY'), 20, 23);
INSERT INTO PRODUTO (CODIGO_IDENTIFICACAO, NOME, DESCRICAO, MARGEM_LUCRO, CODIGO_FILIAL, QUANTIDADE, PRECO_COMPRA, PRECO_VENDA, DATA_COMPRA, DATA_VALIDADE, ID_MARCA, ID_CATEGORIA) VALUES (238, 'Produto 0238', 'Descrio do Produto 0238', '2998', 0, 880, 18, 66, TO_DATE('26/06/2010','DD/MM/YYYY'), TO_DATE('21/09/1971','DD/MM/YYYY'), 3, 22);
INSERT INTO PRODUTO (CODIGO_IDENTIFICACAO, NOME, DESCRICAO, MARGEM_LUCRO, CODIGO_FILIAL, QUANTIDADE, PRECO_COMPRA, PRECO_VENDA, DATA_COMPRA, DATA_VALIDADE, ID_MARCA, ID_CATEGORIA) VALUES (239, 'Produto 0239', 'Descrio do Produto 0239', '1951', 4, 102, 21, 57, TO_DATE('15/05/1934','DD/MM/YYYY'), TO_DATE('16/07/1936','DD/MM/YYYY'), 5, 14);
INSERT INTO PRODUTO (CODIGO_IDENTIFICACAO, NOME, DESCRICAO, MARGEM_LUCRO, CODIGO_FILIAL, QUANTIDADE, PRECO_COMPRA, PRECO_VENDA, DATA_COMPRA, DATA_VALIDADE, ID_MARCA, ID_CATEGORIA) VALUES (240, 'Produto 0240', 'Descrio do Produto 0240', '2172', 4, 144, 5, 73, TO_DATE('14/07/1945','DD/MM/YYYY'), TO_DATE('20/05/1978','DD/MM/YYYY'), 3, 4);
INSERT INTO PRODUTO (CODIGO_IDENTIFICACAO, NOME, DESCRICAO, MARGEM_LUCRO, CODIGO_FILIAL, QUANTIDADE, PRECO_COMPRA, PRECO_VENDA, DATA_COMPRA, DATA_VALIDADE, ID_MARCA, ID_CATEGORIA) VALUES (241, 'Produto 0241', 'Descrio do Produto 0241', '4520', 5, 863, 11, 83, TO_DATE('25/05/1984','DD/MM/YYYY'), TO_DATE('19/02/1941','DD/MM/YYYY'), 1, 1);
INSERT INTO PRODUTO (CODIGO_IDENTIFICACAO, NOME, DESCRICAO, MARGEM_LUCRO, CODIGO_FILIAL, QUANTIDADE, PRECO_COMPRA, PRECO_VENDA, DATA_COMPRA, DATA_VALIDADE, ID_MARCA, ID_CATEGORIA) VALUES (242, 'Produto 0242', 'Descrio do Produto 0242', '4429', 1, 434, 9, 81, TO_DATE('04/02/1930','DD/MM/YYYY'), TO_DATE('12/06/1970','DD/MM/YYYY'), 10, 29);
INSERT INTO PRODUTO (CODIGO_IDENTIFICACAO, NOME, DESCRICAO, MARGEM_LUCRO, CODIGO_FILIAL, QUANTIDADE, PRECO_COMPRA, PRECO_VENDA, DATA_COMPRA, DATA_VALIDADE, ID_MARCA, ID_CATEGORIA) VALUES (243, 'Produto 0243', 'Descrio do Produto 0243', '7177', 3, 184, 30, 59, TO_DATE('23/01/1970','DD/MM/YYYY'), TO_DATE('22/04/1943','DD/MM/YYYY'), 20, 9);
INSERT INTO PRODUTO (CODIGO_IDENTIFICACAO, NOME, DESCRICAO, MARGEM_LUCRO, CODIGO_FILIAL, QUANTIDADE, PRECO_COMPRA, PRECO_VENDA, DATA_COMPRA, DATA_VALIDADE, ID_MARCA, ID_CATEGORIA) VALUES (244, 'Produto 0244', 'Descrio do Produto 0244', '8937', 3, 550, 6, 58, TO_DATE('27/10/1935','DD/MM/YYYY'), TO_DATE('26/09/2018','DD/MM/YYYY'), 2, 0);
INSERT INTO PRODUTO (CODIGO_IDENTIFICACAO, NOME, DESCRICAO, MARGEM_LUCRO, CODIGO_FILIAL, QUANTIDADE, PRECO_COMPRA, PRECO_VENDA, DATA_COMPRA, DATA_VALIDADE, ID_MARCA, ID_CATEGORIA) VALUES (245, 'Produto 0245', 'Descrio do Produto 0245', '2261', 5, 212, 9, 58, TO_DATE('02/02/1979','DD/MM/YYYY'), TO_DATE('11/06/1998','DD/MM/YYYY'), 20, 16);
INSERT INTO PRODUTO (CODIGO_IDENTIFICACAO, NOME, DESCRICAO, MARGEM_LUCRO, CODIGO_FILIAL, QUANTIDADE, PRECO_COMPRA, PRECO_VENDA, DATA_COMPRA, DATA_VALIDADE, ID_MARCA, ID_CATEGORIA) VALUES (246, 'Produto 0246', 'Descrio do Produto 0246', '6074', 9, 429, 15, 36, TO_DATE('16/08/1991','DD/MM/YYYY'), TO_DATE('09/11/2019','DD/MM/YYYY'), 11, 17);
INSERT INTO PRODUTO (CODIGO_IDENTIFICACAO, NOME, DESCRICAO, MARGEM_LUCRO, CODIGO_FILIAL, QUANTIDADE, PRECO_COMPRA, PRECO_VENDA, DATA_COMPRA, DATA_VALIDADE, ID_MARCA, ID_CATEGORIA) VALUES (247, 'Produto 0247', 'Descrio do Produto 0247', '181', 6, 252, 27, 69, TO_DATE('25/10/1935','DD/MM/YYYY'), TO_DATE('08/03/1968','DD/MM/YYYY'), 24, 10);
INSERT INTO PRODUTO (CODIGO_IDENTIFICACAO, NOME, DESCRICAO, MARGEM_LUCRO, CODIGO_FILIAL, QUANTIDADE, PRECO_COMPRA, PRECO_VENDA, DATA_COMPRA, DATA_VALIDADE, ID_MARCA, ID_CATEGORIA) VALUES (248, 'Produto 0248', 'Descrio do Produto 0248', '2526', 7, 394, 24, 37, TO_DATE('17/07/1952','DD/MM/YYYY'), TO_DATE('16/04/1992','DD/MM/YYYY'), 21, 4);
INSERT INTO PRODUTO (CODIGO_IDENTIFICACAO, NOME, DESCRICAO, MARGEM_LUCRO, CODIGO_FILIAL, QUANTIDADE, PRECO_COMPRA, PRECO_VENDA, DATA_COMPRA, DATA_VALIDADE, ID_MARCA, ID_CATEGORIA) VALUES (249, 'Produto 0249', 'Descrio do Produto 0249', '425', 0, 437, 28, 42, TO_DATE('05/08/2010','DD/MM/YYYY'), TO_DATE('24/05/1970','DD/MM/YYYY'), 17, 22);
INSERT INTO PRODUTO (CODIGO_IDENTIFICACAO, NOME, DESCRICAO, MARGEM_LUCRO, CODIGO_FILIAL, QUANTIDADE, PRECO_COMPRA, PRECO_VENDA, DATA_COMPRA, DATA_VALIDADE, ID_MARCA, ID_CATEGORIA) VALUES (250, 'Produto 0250', 'Descrio do Produto 0250', '3838', 6, 183, 6, 34, TO_DATE('11/03/1972','DD/MM/YYYY'), TO_DATE('08/02/1977','DD/MM/YYYY'), 14, 16);
INSERT INTO PRODUTO (CODIGO_IDENTIFICACAO, NOME, DESCRICAO, MARGEM_LUCRO, CODIGO_FILIAL, QUANTIDADE, PRECO_COMPRA, PRECO_VENDA, DATA_COMPRA, DATA_VALIDADE, ID_MARCA, ID_CATEGORIA) VALUES (251, 'Produto 0251', 'Descrio do Produto 0251', '1339', 0, 38, 1, 65, TO_DATE('01/02/1950','DD/MM/YYYY'), TO_DATE('11/02/1929','DD/MM/YYYY'), 4, 24);
INSERT INTO PRODUTO (CODIGO_IDENTIFICACAO, NOME, DESCRICAO, MARGEM_LUCRO, CODIGO_FILIAL, QUANTIDADE, PRECO_COMPRA, PRECO_VENDA, DATA_COMPRA, DATA_VALIDADE, ID_MARCA, ID_CATEGORIA) VALUES (252, 'Produto 0252', 'Descrio do Produto 0252', '9494', 2, 82, 23, 79, TO_DATE('19/01/1930','DD/MM/YYYY'), TO_DATE('06/05/1914','DD/MM/YYYY'), 15, 11);
INSERT INTO PRODUTO (CODIGO_IDENTIFICACAO, NOME, DESCRICAO, MARGEM_LUCRO, CODIGO_FILIAL, QUANTIDADE, PRECO_COMPRA, PRECO_VENDA, DATA_COMPRA, DATA_VALIDADE, ID_MARCA, ID_CATEGORIA) VALUES (253, 'Produto 0253', 'Descrio do Produto 0253', '1549', 9, 742, 30, 93, TO_DATE('18/04/1992','DD/MM/YYYY'), TO_DATE('13/11/1999','DD/MM/YYYY'), 1, 2);
INSERT INTO PRODUTO (CODIGO_IDENTIFICACAO, NOME, DESCRICAO, MARGEM_LUCRO, CODIGO_FILIAL, QUANTIDADE, PRECO_COMPRA, PRECO_VENDA, DATA_COMPRA, DATA_VALIDADE, ID_MARCA, ID_CATEGORIA) VALUES (254, 'Produto 0254', 'Descrio do Produto 0254', '1948', 2, 763, 12, 63, TO_DATE('09/11/1953','DD/MM/YYYY'), TO_DATE('14/05/2006','DD/MM/YYYY'), 18, 7);
INSERT INTO PRODUTO (CODIGO_IDENTIFICACAO, NOME, DESCRICAO, MARGEM_LUCRO, CODIGO_FILIAL, QUANTIDADE, PRECO_COMPRA, PRECO_VENDA, DATA_COMPRA, DATA_VALIDADE, ID_MARCA, ID_CATEGORIA) VALUES (255, 'Produto 0255', 'Descrio do Produto 0255', '1933', 7, 7, 5, 34, TO_DATE('15/03/1965','DD/MM/YYYY'), TO_DATE('07/04/1984','DD/MM/YYYY'), 4, 16);
INSERT INTO PRODUTO (CODIGO_IDENTIFICACAO, NOME, DESCRICAO, MARGEM_LUCRO, CODIGO_FILIAL, QUANTIDADE, PRECO_COMPRA, PRECO_VENDA, DATA_COMPRA, DATA_VALIDADE, ID_MARCA, ID_CATEGORIA) VALUES (256, 'Produto 0256', 'Descrio do Produto 0256', '1495', 4, 279, 23, 58, TO_DATE('22/08/1984','DD/MM/YYYY'), TO_DATE('28/02/2007','DD/MM/YYYY'), 12, 17);
INSERT INTO PRODUTO (CODIGO_IDENTIFICACAO, NOME, DESCRICAO, MARGEM_LUCRO, CODIGO_FILIAL, QUANTIDADE, PRECO_COMPRA, PRECO_VENDA, DATA_COMPRA, DATA_VALIDADE, ID_MARCA, ID_CATEGORIA) VALUES (257, 'Produto 0257', 'Descrio do Produto 0257', '2503', 2, 379, 27, 94, TO_DATE('25/06/1980','DD/MM/YYYY'), TO_DATE('27/12/1913','DD/MM/YYYY'), 7, 21);
INSERT INTO PRODUTO (CODIGO_IDENTIFICACAO, NOME, DESCRICAO, MARGEM_LUCRO, CODIGO_FILIAL, QUANTIDADE, PRECO_COMPRA, PRECO_VENDA, DATA_COMPRA, DATA_VALIDADE, ID_MARCA, ID_CATEGORIA) VALUES (258, 'Produto 0258', 'Descrio do Produto 0258', '4245', 6, 13, 22, 57, TO_DATE('06/03/1997','DD/MM/YYYY'), TO_DATE('18/03/2007','DD/MM/YYYY'), 13, 22);
INSERT INTO PRODUTO (CODIGO_IDENTIFICACAO, NOME, DESCRICAO, MARGEM_LUCRO, CODIGO_FILIAL, QUANTIDADE, PRECO_COMPRA, PRECO_VENDA, DATA_COMPRA, DATA_VALIDADE, ID_MARCA, ID_CATEGORIA) VALUES (259, 'Produto 0259', 'Descrio do Produto 0259', '1617', 6, 769, 13, 50, TO_DATE('06/01/2006','DD/MM/YYYY'), TO_DATE('21/12/1972','DD/MM/YYYY'), 6, 26);
INSERT INTO PRODUTO (CODIGO_IDENTIFICACAO, NOME, DESCRICAO, MARGEM_LUCRO, CODIGO_FILIAL, QUANTIDADE, PRECO_COMPRA, PRECO_VENDA, DATA_COMPRA, DATA_VALIDADE, ID_MARCA, ID_CATEGORIA) VALUES (260, 'Produto 0260', 'Descrio do Produto 0260', '7608', 4, 132, 18, 77, TO_DATE('22/02/1943','DD/MM/YYYY'), TO_DATE('22/10/1941','DD/MM/YYYY'), 17, 17);
INSERT INTO PRODUTO (CODIGO_IDENTIFICACAO, NOME, DESCRICAO, MARGEM_LUCRO, CODIGO_FILIAL, QUANTIDADE, PRECO_COMPRA, PRECO_VENDA, DATA_COMPRA, DATA_VALIDADE, ID_MARCA, ID_CATEGORIA) VALUES (261, 'Produto 0261', 'Descrio do Produto 0261', '3418', 5, 736, 17, 43, TO_DATE('23/05/1946','DD/MM/YYYY'), TO_DATE('19/06/2010','DD/MM/YYYY'), 14, 25);
INSERT INTO PRODUTO (CODIGO_IDENTIFICACAO, NOME, DESCRICAO, MARGEM_LUCRO, CODIGO_FILIAL, QUANTIDADE, PRECO_COMPRA, PRECO_VENDA, DATA_COMPRA, DATA_VALIDADE, ID_MARCA, ID_CATEGORIA) VALUES (262, 'Produto 0262', 'Descrio do Produto 0262', '7616', 3, 168, 19, 55, TO_DATE('27/08/1977','DD/MM/YYYY'), TO_DATE('13/09/1919','DD/MM/YYYY'), 18, 7);
INSERT INTO PRODUTO (CODIGO_IDENTIFICACAO, NOME, DESCRICAO, MARGEM_LUCRO, CODIGO_FILIAL, QUANTIDADE, PRECO_COMPRA, PRECO_VENDA, DATA_COMPRA, DATA_VALIDADE, ID_MARCA, ID_CATEGORIA) VALUES (263, 'Produto 0263', 'Descrio do Produto 0263', '4690', 7, 9, 17, 80, TO_DATE('28/10/1975','DD/MM/YYYY'), TO_DATE('19/01/2005','DD/MM/YYYY'), 13, 9);
INSERT INTO PRODUTO (CODIGO_IDENTIFICACAO, NOME, DESCRICAO, MARGEM_LUCRO, CODIGO_FILIAL, QUANTIDADE, PRECO_COMPRA, PRECO_VENDA, DATA_COMPRA, DATA_VALIDADE, ID_MARCA, ID_CATEGORIA) VALUES (264, 'Produto 0264', 'Descrio do Produto 0264', '8395', 5, 329, 4, 56, TO_DATE('08/05/1989','DD/MM/YYYY'), TO_DATE('18/05/1937','DD/MM/YYYY'), 21, 3);
INSERT INTO PRODUTO (CODIGO_IDENTIFICACAO, NOME, DESCRICAO, MARGEM_LUCRO, CODIGO_FILIAL, QUANTIDADE, PRECO_COMPRA, PRECO_VENDA, DATA_COMPRA, DATA_VALIDADE, ID_MARCA, ID_CATEGORIA) VALUES (265, 'Produto 0265', 'Descrio do Produto 0265', '1562', 7, 854, 8, 70, TO_DATE('13/07/1985','DD/MM/YYYY'), TO_DATE('21/06/2017','DD/MM/YYYY'), 13, 19);
INSERT INTO PRODUTO (CODIGO_IDENTIFICACAO, NOME, DESCRICAO, MARGEM_LUCRO, CODIGO_FILIAL, QUANTIDADE, PRECO_COMPRA, PRECO_VENDA, DATA_COMPRA, DATA_VALIDADE, ID_MARCA, ID_CATEGORIA) VALUES (266, 'Produto 0266', 'Descrio do Produto 0266', '256', 3, 371, 26, 73, TO_DATE('28/10/1972','DD/MM/YYYY'), TO_DATE('01/01/1957','DD/MM/YYYY'), 20, 13);
INSERT INTO PRODUTO (CODIGO_IDENTIFICACAO, NOME, DESCRICAO, MARGEM_LUCRO, CODIGO_FILIAL, QUANTIDADE, PRECO_COMPRA, PRECO_VENDA, DATA_COMPRA, DATA_VALIDADE, ID_MARCA, ID_CATEGORIA) VALUES (267, 'Produto 0267', 'Descrio do Produto 0267', '1139', 0, 942, 22, 45, TO_DATE('16/10/2010','DD/MM/YYYY'), TO_DATE('07/10/1926','DD/MM/YYYY'), 22, 14);
INSERT INTO PRODUTO (CODIGO_IDENTIFICACAO, NOME, DESCRICAO, MARGEM_LUCRO, CODIGO_FILIAL, QUANTIDADE, PRECO_COMPRA, PRECO_VENDA, DATA_COMPRA, DATA_VALIDADE, ID_MARCA, ID_CATEGORIA) VALUES (268, 'Produto 0268', 'Descrio do Produto 0268', '3044', 9, 215, 29, 65, TO_DATE('05/09/1984','DD/MM/YYYY'), TO_DATE('27/10/2013','DD/MM/YYYY'), 8, 7);
INSERT INTO PRODUTO (CODIGO_IDENTIFICACAO, NOME, DESCRICAO, MARGEM_LUCRO, CODIGO_FILIAL, QUANTIDADE, PRECO_COMPRA, PRECO_VENDA, DATA_COMPRA, DATA_VALIDADE, ID_MARCA, ID_CATEGORIA) VALUES (269, 'Produto 0269', 'Descrio do Produto 0269', '6136', 5, 626, 10, 36, TO_DATE('08/01/1951','DD/MM/YYYY'), TO_DATE('09/04/2007','DD/MM/YYYY'), 12, 16);
INSERT INTO PRODUTO (CODIGO_IDENTIFICACAO, NOME, DESCRICAO, MARGEM_LUCRO, CODIGO_FILIAL, QUANTIDADE, PRECO_COMPRA, PRECO_VENDA, DATA_COMPRA, DATA_VALIDADE, ID_MARCA, ID_CATEGORIA) VALUES (270, 'Produto 0270', 'Descrio do Produto 0270', '6533', 6, 694, 3, 37, TO_DATE('03/07/1988','DD/MM/YYYY'), TO_DATE('07/12/2007','DD/MM/YYYY'), 22, 7);
INSERT INTO PRODUTO (CODIGO_IDENTIFICACAO, NOME, DESCRICAO, MARGEM_LUCRO, CODIGO_FILIAL, QUANTIDADE, PRECO_COMPRA, PRECO_VENDA, DATA_COMPRA, DATA_VALIDADE, ID_MARCA, ID_CATEGORIA) VALUES (271, 'Produto 0271', 'Descrio do Produto 0271', '1607', 6, 990, 11, 43, TO_DATE('18/06/1946','DD/MM/YYYY'), TO_DATE('04/12/1910','DD/MM/YYYY'), 9, 6);
INSERT INTO PRODUTO (CODIGO_IDENTIFICACAO, NOME, DESCRICAO, MARGEM_LUCRO, CODIGO_FILIAL, QUANTIDADE, PRECO_COMPRA, PRECO_VENDA, DATA_COMPRA, DATA_VALIDADE, ID_MARCA, ID_CATEGORIA) VALUES (272, 'Produto 0272', 'Descrio do Produto 0272', '4206', 6, 304, 29, 90, TO_DATE('05/01/1950','DD/MM/YYYY'), TO_DATE('18/12/1916','DD/MM/YYYY'), 8, 21);
INSERT INTO PRODUTO (CODIGO_IDENTIFICACAO, NOME, DESCRICAO, MARGEM_LUCRO, CODIGO_FILIAL, QUANTIDADE, PRECO_COMPRA, PRECO_VENDA, DATA_COMPRA, DATA_VALIDADE, ID_MARCA, ID_CATEGORIA) VALUES (273, 'Produto 0273', 'Descrio do Produto 0273', '5914', 9, 87, 13, 79, TO_DATE('10/04/2005','DD/MM/YYYY'), TO_DATE('10/05/1994','DD/MM/YYYY'), 6, 20);
INSERT INTO PRODUTO (CODIGO_IDENTIFICACAO, NOME, DESCRICAO, MARGEM_LUCRO, CODIGO_FILIAL, QUANTIDADE, PRECO_COMPRA, PRECO_VENDA, DATA_COMPRA, DATA_VALIDADE, ID_MARCA, ID_CATEGORIA) VALUES (274, 'Produto 0274', 'Descrio do Produto 0274', '3961', 7, 679, 6, 55, TO_DATE('28/02/1965','DD/MM/YYYY'), TO_DATE('09/05/1960','DD/MM/YYYY'), 21, 16);
INSERT INTO PRODUTO (CODIGO_IDENTIFICACAO, NOME, DESCRICAO, MARGEM_LUCRO, CODIGO_FILIAL, QUANTIDADE, PRECO_COMPRA, PRECO_VENDA, DATA_COMPRA, DATA_VALIDADE, ID_MARCA, ID_CATEGORIA) VALUES (275, 'Produto 0275', 'Descrio do Produto 0275', '9619', 3, 867, 4, 68, TO_DATE('02/11/1977','DD/MM/YYYY'), TO_DATE('20/07/1970','DD/MM/YYYY'), 4, 1);
INSERT INTO PRODUTO (CODIGO_IDENTIFICACAO, NOME, DESCRICAO, MARGEM_LUCRO, CODIGO_FILIAL, QUANTIDADE, PRECO_COMPRA, PRECO_VENDA, DATA_COMPRA, DATA_VALIDADE, ID_MARCA, ID_CATEGORIA) VALUES (276, 'Produto 0276', 'Descrio do Produto 0276', '6665', 8, 109, 29, 66, TO_DATE('07/02/1921','DD/MM/YYYY'), TO_DATE('12/04/2012','DD/MM/YYYY'), 19, 9);
INSERT INTO PRODUTO (CODIGO_IDENTIFICACAO, NOME, DESCRICAO, MARGEM_LUCRO, CODIGO_FILIAL, QUANTIDADE, PRECO_COMPRA, PRECO_VENDA, DATA_COMPRA, DATA_VALIDADE, ID_MARCA, ID_CATEGORIA) VALUES (277, 'Produto 0277', 'Descrio do Produto 0277', '9809', 8, 30, 2, 94, TO_DATE('19/12/1978','DD/MM/YYYY'), TO_DATE('03/06/2014','DD/MM/YYYY'), 5, 17);
INSERT INTO PRODUTO (CODIGO_IDENTIFICACAO, NOME, DESCRICAO, MARGEM_LUCRO, CODIGO_FILIAL, QUANTIDADE, PRECO_COMPRA, PRECO_VENDA, DATA_COMPRA, DATA_VALIDADE, ID_MARCA, ID_CATEGORIA) VALUES (278, 'Produto 0278', 'Descrio do Produto 0278', '6134', 8, 662, 30, 41, TO_DATE('26/07/1927','DD/MM/YYYY'), TO_DATE('17/10/1924','DD/MM/YYYY'), 23, 18);
INSERT INTO PRODUTO (CODIGO_IDENTIFICACAO, NOME, DESCRICAO, MARGEM_LUCRO, CODIGO_FILIAL, QUANTIDADE, PRECO_COMPRA, PRECO_VENDA, DATA_COMPRA, DATA_VALIDADE, ID_MARCA, ID_CATEGORIA) VALUES (279, 'Produto 0279', 'Descrio do Produto 0279', '2518', 8, 547, 9, 59, TO_DATE('08/10/1939','DD/MM/YYYY'), TO_DATE('23/08/1957','DD/MM/YYYY'), 3, 26);
INSERT INTO PRODUTO (CODIGO_IDENTIFICACAO, NOME, DESCRICAO, MARGEM_LUCRO, CODIGO_FILIAL, QUANTIDADE, PRECO_COMPRA, PRECO_VENDA, DATA_COMPRA, DATA_VALIDADE, ID_MARCA, ID_CATEGORIA) VALUES (280, 'Produto 0280', 'Descrio do Produto 0280', '5537', 3, 716, 24, 78, TO_DATE('13/02/1973','DD/MM/YYYY'), TO_DATE('21/08/2001','DD/MM/YYYY'), 8, 27);
INSERT INTO PRODUTO (CODIGO_IDENTIFICACAO, NOME, DESCRICAO, MARGEM_LUCRO, CODIGO_FILIAL, QUANTIDADE, PRECO_COMPRA, PRECO_VENDA, DATA_COMPRA, DATA_VALIDADE, ID_MARCA, ID_CATEGORIA) VALUES (281, 'Produto 0281', 'Descrio do Produto 0281', '6389', 6, 567, 8, 35, TO_DATE('07/03/1978','DD/MM/YYYY'), TO_DATE('06/07/2011','DD/MM/YYYY'), 8, 27);
INSERT INTO PRODUTO (CODIGO_IDENTIFICACAO, NOME, DESCRICAO, MARGEM_LUCRO, CODIGO_FILIAL, QUANTIDADE, PRECO_COMPRA, PRECO_VENDA, DATA_COMPRA, DATA_VALIDADE, ID_MARCA, ID_CATEGORIA) VALUES (282, 'Produto 0282', 'Descrio do Produto 0282', '2202', 0, 183, 15, 34, TO_DATE('14/10/1976','DD/MM/YYYY'), TO_DATE('24/05/1979','DD/MM/YYYY'), 7, 18);
INSERT INTO PRODUTO (CODIGO_IDENTIFICACAO, NOME, DESCRICAO, MARGEM_LUCRO, CODIGO_FILIAL, QUANTIDADE, PRECO_COMPRA, PRECO_VENDA, DATA_COMPRA, DATA_VALIDADE, ID_MARCA, ID_CATEGORIA) VALUES (283, 'Produto 0283', 'Descrio do Produto 0283', '8757', 3, 401, 28, 63, TO_DATE('04/08/2016','DD/MM/YYYY'), TO_DATE('26/07/1949','DD/MM/YYYY'), 13, 1);
INSERT INTO PRODUTO (CODIGO_IDENTIFICACAO, NOME, DESCRICAO, MARGEM_LUCRO, CODIGO_FILIAL, QUANTIDADE, PRECO_COMPRA, PRECO_VENDA, DATA_COMPRA, DATA_VALIDADE, ID_MARCA, ID_CATEGORIA) VALUES (284, 'Produto 0284', 'Descrio do Produto 0284', '7238', 6, 298, 4, 98, TO_DATE('06/06/1936','DD/MM/YYYY'), TO_DATE('03/06/1951','DD/MM/YYYY'), 7, 19);
INSERT INTO PRODUTO (CODIGO_IDENTIFICACAO, NOME, DESCRICAO, MARGEM_LUCRO, CODIGO_FILIAL, QUANTIDADE, PRECO_COMPRA, PRECO_VENDA, DATA_COMPRA, DATA_VALIDADE, ID_MARCA, ID_CATEGORIA) VALUES (285, 'Produto 0285', 'Descrio do Produto 0285', '3116', 3, 4, 26, 60, TO_DATE('18/02/1953','DD/MM/YYYY'), TO_DATE('22/07/1982','DD/MM/YYYY'), 16, 12);
INSERT INTO PRODUTO (CODIGO_IDENTIFICACAO, NOME, DESCRICAO, MARGEM_LUCRO, CODIGO_FILIAL, QUANTIDADE, PRECO_COMPRA, PRECO_VENDA, DATA_COMPRA, DATA_VALIDADE, ID_MARCA, ID_CATEGORIA) VALUES (286, 'Produto 0286', 'Descrio do Produto 0286', '6723', 7, 955, 3, 93, TO_DATE('18/12/1965','DD/MM/YYYY'), TO_DATE('12/09/1962','DD/MM/YYYY'), 20, 11);
INSERT INTO PRODUTO (CODIGO_IDENTIFICACAO, NOME, DESCRICAO, MARGEM_LUCRO, CODIGO_FILIAL, QUANTIDADE, PRECO_COMPRA, PRECO_VENDA, DATA_COMPRA, DATA_VALIDADE, ID_MARCA, ID_CATEGORIA) VALUES (287, 'Produto 0287', 'Descrio do Produto 0287', '7571', 2, 135, 22, 55, TO_DATE('02/11/2016','DD/MM/YYYY'), TO_DATE('08/05/1976','DD/MM/YYYY'), 17, 1);
INSERT INTO PRODUTO (CODIGO_IDENTIFICACAO, NOME, DESCRICAO, MARGEM_LUCRO, CODIGO_FILIAL, QUANTIDADE, PRECO_COMPRA, PRECO_VENDA, DATA_COMPRA, DATA_VALIDADE, ID_MARCA, ID_CATEGORIA) VALUES (288, 'Produto 0288', 'Descrio do Produto 0288', '311', 5, 427, 15, 32, TO_DATE('03/12/1956','DD/MM/YYYY'), TO_DATE('01/05/2014','DD/MM/YYYY'), 18, 12);
INSERT INTO PRODUTO (CODIGO_IDENTIFICACAO, NOME, DESCRICAO, MARGEM_LUCRO, CODIGO_FILIAL, QUANTIDADE, PRECO_COMPRA, PRECO_VENDA, DATA_COMPRA, DATA_VALIDADE, ID_MARCA, ID_CATEGORIA) VALUES (289, 'Produto 0289', 'Descrio do Produto 0289', '776', 4, 11, 7, 94, TO_DATE('21/05/1933','DD/MM/YYYY'), TO_DATE('05/04/2013','DD/MM/YYYY'), 0, 18);
INSERT INTO PRODUTO (CODIGO_IDENTIFICACAO, NOME, DESCRICAO, MARGEM_LUCRO, CODIGO_FILIAL, QUANTIDADE, PRECO_COMPRA, PRECO_VENDA, DATA_COMPRA, DATA_VALIDADE, ID_MARCA, ID_CATEGORIA) VALUES (290, 'Produto 0290', 'Descrio do Produto 0290', '9818', 8, 644, 22, 77, TO_DATE('25/10/1967','DD/MM/YYYY'), TO_DATE('17/11/1948','DD/MM/YYYY'), 12, 19);
INSERT INTO PRODUTO (CODIGO_IDENTIFICACAO, NOME, DESCRICAO, MARGEM_LUCRO, CODIGO_FILIAL, QUANTIDADE, PRECO_COMPRA, PRECO_VENDA, DATA_COMPRA, DATA_VALIDADE, ID_MARCA, ID_CATEGORIA) VALUES (291, 'Produto 0291', 'Descrio do Produto 0291', '6', 7, 690, 10, 88, TO_DATE('15/07/1988','DD/MM/YYYY'), TO_DATE('01/03/1933','DD/MM/YYYY'), 18, 21);
INSERT INTO PRODUTO (CODIGO_IDENTIFICACAO, NOME, DESCRICAO, MARGEM_LUCRO, CODIGO_FILIAL, QUANTIDADE, PRECO_COMPRA, PRECO_VENDA, DATA_COMPRA, DATA_VALIDADE, ID_MARCA, ID_CATEGORIA) VALUES (292, 'Produto 0292', 'Descrio do Produto 0292', '4710', 7, 124, 4, 92, TO_DATE('01/07/1933','DD/MM/YYYY'), TO_DATE('24/03/1928','DD/MM/YYYY'), 13, 9);
INSERT INTO PRODUTO (CODIGO_IDENTIFICACAO, NOME, DESCRICAO, MARGEM_LUCRO, CODIGO_FILIAL, QUANTIDADE, PRECO_COMPRA, PRECO_VENDA, DATA_COMPRA, DATA_VALIDADE, ID_MARCA, ID_CATEGORIA) VALUES (293, 'Produto 0293', 'Descrio do Produto 0293', '4205', 9, 928, 30, 96, TO_DATE('05/05/1993','DD/MM/YYYY'), TO_DATE('19/02/1921','DD/MM/YYYY'), 16, 13);
INSERT INTO PRODUTO (CODIGO_IDENTIFICACAO, NOME, DESCRICAO, MARGEM_LUCRO, CODIGO_FILIAL, QUANTIDADE, PRECO_COMPRA, PRECO_VENDA, DATA_COMPRA, DATA_VALIDADE, ID_MARCA, ID_CATEGORIA) VALUES (294, 'Produto 0294', 'Descrio do Produto 0294', '9341', 1, 696, 26, 56, TO_DATE('08/04/1914','DD/MM/YYYY'), TO_DATE('08/01/1987','DD/MM/YYYY'), 7, 24);
INSERT INTO PRODUTO (CODIGO_IDENTIFICACAO, NOME, DESCRICAO, MARGEM_LUCRO, CODIGO_FILIAL, QUANTIDADE, PRECO_COMPRA, PRECO_VENDA, DATA_COMPRA, DATA_VALIDADE, ID_MARCA, ID_CATEGORIA) VALUES (295, 'Produto 0295', 'Descrio do Produto 0295', '181', 2, 984, 25, 75, TO_DATE('10/11/1984','DD/MM/YYYY'), TO_DATE('14/12/1933','DD/MM/YYYY'), 2, 11);
INSERT INTO PRODUTO (CODIGO_IDENTIFICACAO, NOME, DESCRICAO, MARGEM_LUCRO, CODIGO_FILIAL, QUANTIDADE, PRECO_COMPRA, PRECO_VENDA, DATA_COMPRA, DATA_VALIDADE, ID_MARCA, ID_CATEGORIA) VALUES (296, 'Produto 0296', 'Descrio do Produto 0296', '4431', 4, 652, 22, 70, TO_DATE('22/08/2015','DD/MM/YYYY'), TO_DATE('01/08/1937','DD/MM/YYYY'), 19, 10);
INSERT INTO PRODUTO (CODIGO_IDENTIFICACAO, NOME, DESCRICAO, MARGEM_LUCRO, CODIGO_FILIAL, QUANTIDADE, PRECO_COMPRA, PRECO_VENDA, DATA_COMPRA, DATA_VALIDADE, ID_MARCA, ID_CATEGORIA) VALUES (297, 'Produto 0297', 'Descrio do Produto 0297', '8549', 4, 398, 19, 57, TO_DATE('22/01/1951','DD/MM/YYYY'), TO_DATE('15/07/1998','DD/MM/YYYY'), 1, 10);
INSERT INTO PRODUTO (CODIGO_IDENTIFICACAO, NOME, DESCRICAO, MARGEM_LUCRO, CODIGO_FILIAL, QUANTIDADE, PRECO_COMPRA, PRECO_VENDA, DATA_COMPRA, DATA_VALIDADE, ID_MARCA, ID_CATEGORIA) VALUES (298, 'Produto 0298', 'Descrio do Produto 0298', '1633', 1, 12, 30, 53, TO_DATE('22/01/1928','DD/MM/YYYY'), TO_DATE('18/05/1927','DD/MM/YYYY'), 5, 9);
INSERT INTO PRODUTO (CODIGO_IDENTIFICACAO, NOME, DESCRICAO, MARGEM_LUCRO, CODIGO_FILIAL, QUANTIDADE, PRECO_COMPRA, PRECO_VENDA, DATA_COMPRA, DATA_VALIDADE, ID_MARCA, ID_CATEGORIA) VALUES (299, 'Produto 0299', 'Descrio do Produto 0299', '6677', 7, 829, 29, 67, TO_DATE('15/11/1995','DD/MM/YYYY'), TO_DATE('26/03/1999','DD/MM/YYYY'), 3, 11);


------ CAIXA ------

INSERT INTO CAIXA (NUMERO_CAIXA, CODIGO_FILIAL) VALUES (0, 3);
INSERT INTO CAIXA (NUMERO_CAIXA, CODIGO_FILIAL) VALUES (1, 9);
INSERT INTO CAIXA (NUMERO_CAIXA, CODIGO_FILIAL) VALUES (2, 1);
INSERT INTO CAIXA (NUMERO_CAIXA, CODIGO_FILIAL) VALUES (3, 6);
INSERT INTO CAIXA (NUMERO_CAIXA, CODIGO_FILIAL) VALUES (4, 3);
INSERT INTO CAIXA (NUMERO_CAIXA, CODIGO_FILIAL) VALUES (5, 4);
INSERT INTO CAIXA (NUMERO_CAIXA, CODIGO_FILIAL) VALUES (6, 7);
INSERT INTO CAIXA (NUMERO_CAIXA, CODIGO_FILIAL) VALUES (7, 1);
INSERT INTO CAIXA (NUMERO_CAIXA, CODIGO_FILIAL) VALUES (8, 1);
INSERT INTO CAIXA (NUMERO_CAIXA, CODIGO_FILIAL) VALUES (9, 0);


------ EQUIPAMENTO ------

INSERT INTO EQUIPAMENTO (IDENTIFICADOR, DESCRICAO, NUMERO_CAIXA) VALUES (0, 'Descrio do Equipamento 0', 0);
INSERT INTO EQUIPAMENTO (IDENTIFICADOR, DESCRICAO, NUMERO_CAIXA) VALUES (1, 'Descrio do Equipamento 1', 6);
INSERT INTO EQUIPAMENTO (IDENTIFICADOR, DESCRICAO, NUMERO_CAIXA) VALUES (2, 'Descrio do Equipamento 2', 4);
INSERT INTO EQUIPAMENTO (IDENTIFICADOR, DESCRICAO, NUMERO_CAIXA) VALUES (3, 'Descrio do Equipamento 3', 8);
INSERT INTO EQUIPAMENTO (IDENTIFICADOR, DESCRICAO, NUMERO_CAIXA) VALUES (4, 'Descrio do Equipamento 4', 8);
INSERT INTO EQUIPAMENTO (IDENTIFICADOR, DESCRICAO, NUMERO_CAIXA) VALUES (5, 'Descrio do Equipamento 5', 1);
INSERT INTO EQUIPAMENTO (IDENTIFICADOR, DESCRICAO, NUMERO_CAIXA) VALUES (6, 'Descrio do Equipamento 6', 9);
INSERT INTO EQUIPAMENTO (IDENTIFICADOR, DESCRICAO, NUMERO_CAIXA) VALUES (7, 'Descrio do Equipamento 7', 3);
INSERT INTO EQUIPAMENTO (IDENTIFICADOR, DESCRICAO, NUMERO_CAIXA) VALUES (8, 'Descrio do Equipamento 8', 3);
INSERT INTO EQUIPAMENTO (IDENTIFICADOR, DESCRICAO, NUMERO_CAIXA) VALUES (9, 'Descrio do Equipamento 9', 8);
INSERT INTO EQUIPAMENTO (IDENTIFICADOR, DESCRICAO, NUMERO_CAIXA) VALUES (10, 'Descrio do Equipamento 10', 1);
INSERT INTO EQUIPAMENTO (IDENTIFICADOR, DESCRICAO, NUMERO_CAIXA) VALUES (11, 'Descrio do Equipamento 11', 2);
INSERT INTO EQUIPAMENTO (IDENTIFICADOR, DESCRICAO, NUMERO_CAIXA) VALUES (12, 'Descrio do Equipamento 12', 3);
INSERT INTO EQUIPAMENTO (IDENTIFICADOR, DESCRICAO, NUMERO_CAIXA) VALUES (13, 'Descrio do Equipamento 13', 0);
INSERT INTO EQUIPAMENTO (IDENTIFICADOR, DESCRICAO, NUMERO_CAIXA) VALUES (14, 'Descrio do Equipamento 14', 9);
INSERT INTO EQUIPAMENTO (IDENTIFICADOR, DESCRICAO, NUMERO_CAIXA) VALUES (15, 'Descrio do Equipamento 15', 5);
INSERT INTO EQUIPAMENTO (IDENTIFICADOR, DESCRICAO, NUMERO_CAIXA) VALUES (16, 'Descrio do Equipamento 16', 5);
INSERT INTO EQUIPAMENTO (IDENTIFICADOR, DESCRICAO, NUMERO_CAIXA) VALUES (17, 'Descrio do Equipamento 17', 4);
INSERT INTO EQUIPAMENTO (IDENTIFICADOR, DESCRICAO, NUMERO_CAIXA) VALUES (18, 'Descrio do Equipamento 18', 2);
INSERT INTO EQUIPAMENTO (IDENTIFICADOR, DESCRICAO, NUMERO_CAIXA) VALUES (19, 'Descrio do Equipamento 19', 4);


------ REALIZA_MANUTENCAO ------

INSERT INTO REALIZA_MANUTENCAO (ID_MANUTENCAO, IDENTIFICADOR_EQUIPAMENTO, NUMERO_CAIXA, MATRICULA_FUNCIONARIO, DATA_HORA, CUSTO) VALUES (0, 15, 5, 137, TO_TIMESTAMP('2002-02-05 17:28:31', 'YYYY-MM-DD HH24:MI:SS'), 11);
INSERT INTO REALIZA_MANUTENCAO (ID_MANUTENCAO, IDENTIFICADOR_EQUIPAMENTO, NUMERO_CAIXA, MATRICULA_FUNCIONARIO, DATA_HORA, CUSTO) VALUES (1, 7, 3, 34, TO_TIMESTAMP('2003-03-18 08:40:51', 'YYYY-MM-DD HH24:MI:SS'), 115);
INSERT INTO REALIZA_MANUTENCAO (ID_MANUTENCAO, IDENTIFICADOR_EQUIPAMENTO, NUMERO_CAIXA, MATRICULA_FUNCIONARIO, DATA_HORA, CUSTO) VALUES (2, 12, 3, 103, TO_TIMESTAMP('2003-01-17 05:46:37', 'YYYY-MM-DD HH24:MI:SS'), 172);
INSERT INTO REALIZA_MANUTENCAO (ID_MANUTENCAO, IDENTIFICADOR_EQUIPAMENTO, NUMERO_CAIXA, MATRICULA_FUNCIONARIO, DATA_HORA, CUSTO) VALUES (3, 16, 5, 117, TO_TIMESTAMP('2008-08-03 11:39:09', 'YYYY-MM-DD HH24:MI:SS'), 96);
INSERT INTO REALIZA_MANUTENCAO (ID_MANUTENCAO, IDENTIFICADOR_EQUIPAMENTO, NUMERO_CAIXA, MATRICULA_FUNCIONARIO, DATA_HORA, CUSTO) VALUES (4, 10, 1, 31, TO_TIMESTAMP('2015-01-15 23:16:30', 'YYYY-MM-DD HH24:MI:SS'), 131);
INSERT INTO REALIZA_MANUTENCAO (ID_MANUTENCAO, IDENTIFICADOR_EQUIPAMENTO, NUMERO_CAIXA, MATRICULA_FUNCIONARIO, DATA_HORA, CUSTO) VALUES (5, 3, 8, 43, TO_TIMESTAMP('2018-07-25 06:50:59', 'YYYY-MM-DD HH24:MI:SS'), 29);
INSERT INTO REALIZA_MANUTENCAO (ID_MANUTENCAO, IDENTIFICADOR_EQUIPAMENTO, NUMERO_CAIXA, MATRICULA_FUNCIONARIO, DATA_HORA, CUSTO) VALUES (6, 19, 4, 140, TO_TIMESTAMP('2011-07-04 09:55:32', 'YYYY-MM-DD HH24:MI:SS'), 40);
INSERT INTO REALIZA_MANUTENCAO (ID_MANUTENCAO, IDENTIFICADOR_EQUIPAMENTO, NUMERO_CAIXA, MATRICULA_FUNCIONARIO, DATA_HORA, CUSTO) VALUES (7, 12, 3, 146, TO_TIMESTAMP('2004-12-17 14:48:34', 'YYYY-MM-DD HH24:MI:SS'), 34);
INSERT INTO REALIZA_MANUTENCAO (ID_MANUTENCAO, IDENTIFICADOR_EQUIPAMENTO, NUMERO_CAIXA, MATRICULA_FUNCIONARIO, DATA_HORA, CUSTO) VALUES (8, 14, 9, 108, TO_TIMESTAMP('2008-05-11 22:34:46', 'YYYY-MM-DD HH24:MI:SS'), 37);
INSERT INTO REALIZA_MANUTENCAO (ID_MANUTENCAO, IDENTIFICADOR_EQUIPAMENTO, NUMERO_CAIXA, MATRICULA_FUNCIONARIO, DATA_HORA, CUSTO) VALUES (9, 9, 8, 123, TO_TIMESTAMP('2010-04-21 20:40:44', 'YYYY-MM-DD HH24:MI:SS'), 137);
INSERT INTO REALIZA_MANUTENCAO (ID_MANUTENCAO, IDENTIFICADOR_EQUIPAMENTO, NUMERO_CAIXA, MATRICULA_FUNCIONARIO, DATA_HORA, CUSTO) VALUES (10, 5, 1, 82, TO_TIMESTAMP('2007-10-15 12:51:59', 'YYYY-MM-DD HH24:MI:SS'), 46);
INSERT INTO REALIZA_MANUTENCAO (ID_MANUTENCAO, IDENTIFICADOR_EQUIPAMENTO, NUMERO_CAIXA, MATRICULA_FUNCIONARIO, DATA_HORA, CUSTO) VALUES (11, 19, 4, 69, TO_TIMESTAMP('2005-01-10 05:50:35', 'YYYY-MM-DD HH24:MI:SS'), 98);
INSERT INTO REALIZA_MANUTENCAO (ID_MANUTENCAO, IDENTIFICADOR_EQUIPAMENTO, NUMERO_CAIXA, MATRICULA_FUNCIONARIO, DATA_HORA, CUSTO) VALUES (12, 19, 4, 124, TO_TIMESTAMP('2012-02-02 18:20:40', 'YYYY-MM-DD HH24:MI:SS'), 129);
INSERT INTO REALIZA_MANUTENCAO (ID_MANUTENCAO, IDENTIFICADOR_EQUIPAMENTO, NUMERO_CAIXA, MATRICULA_FUNCIONARIO, DATA_HORA, CUSTO) VALUES (13, 18, 2, 112, TO_TIMESTAMP('2009-07-23 00:52:25', 'YYYY-MM-DD HH24:MI:SS'), 10);
INSERT INTO REALIZA_MANUTENCAO (ID_MANUTENCAO, IDENTIFICADOR_EQUIPAMENTO, NUMERO_CAIXA, MATRICULA_FUNCIONARIO, DATA_HORA, CUSTO) VALUES (14, 9, 8, 71, TO_TIMESTAMP('2000-09-02 22:39:01', 'YYYY-MM-DD HH24:MI:SS'), 157);
INSERT INTO REALIZA_MANUTENCAO (ID_MANUTENCAO, IDENTIFICADOR_EQUIPAMENTO, NUMERO_CAIXA, MATRICULA_FUNCIONARIO, DATA_HORA, CUSTO) VALUES (15, 3, 8, 96, TO_TIMESTAMP('2000-06-21 00:03:43', 'YYYY-MM-DD HH24:MI:SS'), 144);
INSERT INTO REALIZA_MANUTENCAO (ID_MANUTENCAO, IDENTIFICADOR_EQUIPAMENTO, NUMERO_CAIXA, MATRICULA_FUNCIONARIO, DATA_HORA, CUSTO) VALUES (16, 4, 8, 94, TO_TIMESTAMP('2004-08-19 21:27:39', 'YYYY-MM-DD HH24:MI:SS'), 73);
INSERT INTO REALIZA_MANUTENCAO (ID_MANUTENCAO, IDENTIFICADOR_EQUIPAMENTO, NUMERO_CAIXA, MATRICULA_FUNCIONARIO, DATA_HORA, CUSTO) VALUES (17, 15, 5, 97, TO_TIMESTAMP('2006-10-03 22:51:21', 'YYYY-MM-DD HH24:MI:SS'), 50);
INSERT INTO REALIZA_MANUTENCAO (ID_MANUTENCAO, IDENTIFICADOR_EQUIPAMENTO, NUMERO_CAIXA, MATRICULA_FUNCIONARIO, DATA_HORA, CUSTO) VALUES (18, 2, 4, 87, TO_TIMESTAMP('2019-04-22 01:21:39', 'YYYY-MM-DD HH24:MI:SS'), 117);
INSERT INTO REALIZA_MANUTENCAO (ID_MANUTENCAO, IDENTIFICADOR_EQUIPAMENTO, NUMERO_CAIXA, MATRICULA_FUNCIONARIO, DATA_HORA, CUSTO) VALUES (19, 14, 9, 35, TO_TIMESTAMP('2005-08-13 02:20:09', 'YYYY-MM-DD HH24:MI:SS'), 137);
INSERT INTO REALIZA_MANUTENCAO (ID_MANUTENCAO, IDENTIFICADOR_EQUIPAMENTO, NUMERO_CAIXA, MATRICULA_FUNCIONARIO, DATA_HORA, CUSTO) VALUES (20, 18, 2, 41, TO_TIMESTAMP('2004-06-06 13:39:39', 'YYYY-MM-DD HH24:MI:SS'), 23);
INSERT INTO REALIZA_MANUTENCAO (ID_MANUTENCAO, IDENTIFICADOR_EQUIPAMENTO, NUMERO_CAIXA, MATRICULA_FUNCIONARIO, DATA_HORA, CUSTO) VALUES (21, 19, 4, 109, TO_TIMESTAMP('2006-07-27 13:44:38', 'YYYY-MM-DD HH24:MI:SS'), 59);
INSERT INTO REALIZA_MANUTENCAO (ID_MANUTENCAO, IDENTIFICADOR_EQUIPAMENTO, NUMERO_CAIXA, MATRICULA_FUNCIONARIO, DATA_HORA, CUSTO) VALUES (22, 16, 5, 83, TO_TIMESTAMP('2010-07-03 14:31:57', 'YYYY-MM-DD HH24:MI:SS'), 66);
INSERT INTO REALIZA_MANUTENCAO (ID_MANUTENCAO, IDENTIFICADOR_EQUIPAMENTO, NUMERO_CAIXA, MATRICULA_FUNCIONARIO, DATA_HORA, CUSTO) VALUES (23, 2, 4, 82, TO_TIMESTAMP('2009-02-22 12:53:00', 'YYYY-MM-DD HH24:MI:SS'), 197);
INSERT INTO REALIZA_MANUTENCAO (ID_MANUTENCAO, IDENTIFICADOR_EQUIPAMENTO, NUMERO_CAIXA, MATRICULA_FUNCIONARIO, DATA_HORA, CUSTO) VALUES (24, 3, 8, 48, TO_TIMESTAMP('2006-09-01 22:18:52', 'YYYY-MM-DD HH24:MI:SS'), 90);
INSERT INTO REALIZA_MANUTENCAO (ID_MANUTENCAO, IDENTIFICADOR_EQUIPAMENTO, NUMERO_CAIXA, MATRICULA_FUNCIONARIO, DATA_HORA, CUSTO) VALUES (25, 5, 1, 35, TO_TIMESTAMP('2003-10-19 17:31:10', 'YYYY-MM-DD HH24:MI:SS'), 122);
INSERT INTO REALIZA_MANUTENCAO (ID_MANUTENCAO, IDENTIFICADOR_EQUIPAMENTO, NUMERO_CAIXA, MATRICULA_FUNCIONARIO, DATA_HORA, CUSTO) VALUES (26, 17, 4, 50, TO_TIMESTAMP('2009-10-20 03:46:20', 'YYYY-MM-DD HH24:MI:SS'), 191);
INSERT INTO REALIZA_MANUTENCAO (ID_MANUTENCAO, IDENTIFICADOR_EQUIPAMENTO, NUMERO_CAIXA, MATRICULA_FUNCIONARIO, DATA_HORA, CUSTO) VALUES (27, 15, 5, 63, TO_TIMESTAMP('2009-04-17 20:33:22', 'YYYY-MM-DD HH24:MI:SS'), 165);
INSERT INTO REALIZA_MANUTENCAO (ID_MANUTENCAO, IDENTIFICADOR_EQUIPAMENTO, NUMERO_CAIXA, MATRICULA_FUNCIONARIO, DATA_HORA, CUSTO) VALUES (28, 2, 4, 32, TO_TIMESTAMP('2000-06-11 12:24:34', 'YYYY-MM-DD HH24:MI:SS'), 145);
INSERT INTO REALIZA_MANUTENCAO (ID_MANUTENCAO, IDENTIFICADOR_EQUIPAMENTO, NUMERO_CAIXA, MATRICULA_FUNCIONARIO, DATA_HORA, CUSTO) VALUES (29, 0, 0, 39, TO_TIMESTAMP('2007-11-27 01:46:15', 'YYYY-MM-DD HH24:MI:SS'), 156);


------ FORNECEDOR ------

INSERT INTO FORNECEDOR (CNPJ, NOME, ENDERECO, EMAIL, ID_CATEGORIA, SITE) VALUES ('83.602.665/0001-34', 'Fornecedor 0', 'Rua 00', 'fornecedor0@gmail.com', 13, 'IZpnWTTCasPnpYzNDsAJ.com.br');
INSERT INTO FORNECEDOR (CNPJ, NOME, ENDERECO, EMAIL, ID_CATEGORIA, SITE) VALUES ('43.619.547/0001-97', 'Fornecedor 1', 'Rua 01', 'fornecedor1@gmail.com', 19, 'MfCjJrsoIkyaarBTSYnw.com.br');
INSERT INTO FORNECEDOR (CNPJ, NOME, ENDERECO, EMAIL, ID_CATEGORIA, SITE) VALUES ('03.940.319/0001-15', 'Fornecedor 2', 'Rua 02', 'fornecedor2@gmail.com', 9, 'eRVMzwuMYSItrSwtDMXD.com.br');
INSERT INTO FORNECEDOR (CNPJ, NOME, ENDERECO, EMAIL, ID_CATEGORIA, SITE) VALUES ('19.565.819/0001-81', 'Fornecedor 3', 'Rua 03', 'fornecedor3@gmail.com', 5, 'hvAYyfEMDgDoJLROorqa.com.br');
INSERT INTO FORNECEDOR (CNPJ, NOME, ENDERECO, EMAIL, ID_CATEGORIA, SITE) VALUES ('36.445.961/0001-50', 'Fornecedor 4', 'Rua 04', 'fornecedor4@gmail.com', 18, 'kTZglyGBRLFBcpSIQTyl.com.br');
INSERT INTO FORNECEDOR (CNPJ, NOME, ENDERECO, EMAIL, ID_CATEGORIA, SITE) VALUES ('23.935.623/0001-89', 'Fornecedor 5', 'Rua 05', 'fornecedor5@gmail.com', 18, 'vtaWQOoxEpSYEAkRTunj.com.br');
INSERT INTO FORNECEDOR (CNPJ, NOME, ENDERECO, EMAIL, ID_CATEGORIA, SITE) VALUES ('28.763.457/0001-40', 'Fornecedor 6', 'Rua 06', 'fornecedor6@gmail.com', 21, 'XwtUhoaqBevMhOoLwxNv.com.br');
INSERT INTO FORNECEDOR (CNPJ, NOME, ENDERECO, EMAIL, ID_CATEGORIA, SITE) VALUES ('17.843.317/0001-72', 'Fornecedor 7', 'Rua 07', 'fornecedor7@gmail.com', 6, 'wYsbMajyEyLvqyUZhMRS.com.br');
INSERT INTO FORNECEDOR (CNPJ, NOME, ENDERECO, EMAIL, ID_CATEGORIA, SITE) VALUES ('98.592.696/0001-80', 'Fornecedor 8', 'Rua 08', 'fornecedor8@gmail.com', 12, 'NmuHznWHgemHdmDNikzQ.com.br');
INSERT INTO FORNECEDOR (CNPJ, NOME, ENDERECO, EMAIL, ID_CATEGORIA, SITE) VALUES ('98.799.921/0001-63', 'Fornecedor 9', 'Rua 09', 'fornecedor9@gmail.com', 27, 'sWBqMfhzZsNOUHSjuUBT.com.br');
INSERT INTO FORNECEDOR (CNPJ, NOME, ENDERECO, EMAIL, ID_CATEGORIA, SITE) VALUES ('52.424.198/0001-50', 'Fornecedor 10', 'Rua 010', 'fornecedor10@gmail.com', 2, 'sOLCpasqCHPXItwdQxWI.com.br');
INSERT INTO FORNECEDOR (CNPJ, NOME, ENDERECO, EMAIL, ID_CATEGORIA, SITE) VALUES ('84.375.875/0001-23', 'Fornecedor 11', 'Rua 011', 'fornecedor11@gmail.com', 8, 'kdpyFGKHEUEmAJRenRjj.com.br');
INSERT INTO FORNECEDOR (CNPJ, NOME, ENDERECO, EMAIL, ID_CATEGORIA, SITE) VALUES ('66.532.973/0001-79', 'Fornecedor 12', 'Rua 012', 'fornecedor12@gmail.com', 23, 'xMQrjuCVTvNlSkWupVgI.com.br');
INSERT INTO FORNECEDOR (CNPJ, NOME, ENDERECO, EMAIL, ID_CATEGORIA, SITE) VALUES ('39.164.646/0001-37', 'Fornecedor 13', 'Rua 013', 'fornecedor13@gmail.com', 9, 'ZUdgLrHJWPCxLpJnpziz.com.br');
INSERT INTO FORNECEDOR (CNPJ, NOME, ENDERECO, EMAIL, ID_CATEGORIA, SITE) VALUES ('32.409.791/0001-73', 'Fornecedor 14', 'Rua 014', 'fornecedor14@gmail.com', 26, 'hjXQkGJsWlMkMyysevyd.com.br');
INSERT INTO FORNECEDOR (CNPJ, NOME, ENDERECO, EMAIL, ID_CATEGORIA, SITE) VALUES ('51.319.192/0001-76', 'Fornecedor 15', 'Rua 015', 'fornecedor15@gmail.com', 3, 'NXKsJnyTaJdHShfDszNg.com.br');
INSERT INTO FORNECEDOR (CNPJ, NOME, ENDERECO, EMAIL, ID_CATEGORIA, SITE) VALUES ('87.620.465/0001-99', 'Fornecedor 16', 'Rua 016', 'fornecedor16@gmail.com', 9, 'NVYYcGviByxReCLlTySW.com.br');
INSERT INTO FORNECEDOR (CNPJ, NOME, ENDERECO, EMAIL, ID_CATEGORIA, SITE) VALUES ('86.245.994/0001-78', 'Fornecedor 17', 'Rua 017', 'fornecedor17@gmail.com', 17, 'UMklxdNSfMzQPGDijChT.com.br');
INSERT INTO FORNECEDOR (CNPJ, NOME, ENDERECO, EMAIL, ID_CATEGORIA, SITE) VALUES ('10.326.270/0001-67', 'Fornecedor 18', 'Rua 018', 'fornecedor18@gmail.com', 27, 'knaVhahuuPzqgZLXTxzF.com.br');
INSERT INTO FORNECEDOR (CNPJ, NOME, ENDERECO, EMAIL, ID_CATEGORIA, SITE) VALUES ('19.411.823/0001-21', 'Fornecedor 19', 'Rua 019', 'fornecedor19@gmail.com', 1, 'fmzUwdhyowPjLOtXFNTh.com.br');


------ SOLICITACAO ------

INSERT INTO SOLICITACAO (IDENTIFICADOR, DATA_SOLICITACAO, DATA_PREVISTA, DATA_ENTREGA, VALOR_COMPRA, PRAZO_PAGAMENTO, CODIGO_FILIAL, CNPJ_FORNECEDOR) VALUES (0, TO_DATE('16/02/1991','DD/MM/YYYY'), TO_DATE('19/01/1964','DD/MM/YYYY'), TO_DATE('18/07/1953','DD/MM/YYYY'), 2020, TO_DATE('07/08/2017','DD/MM/YYYY'), 3, '52.424.198/0001-50');
INSERT INTO SOLICITACAO (IDENTIFICADOR, DATA_SOLICITACAO, DATA_PREVISTA, DATA_ENTREGA, VALOR_COMPRA, PRAZO_PAGAMENTO, CODIGO_FILIAL, CNPJ_FORNECEDOR) VALUES (1, TO_DATE('02/12/1914','DD/MM/YYYY'), TO_DATE('28/08/2000','DD/MM/YYYY'), TO_DATE('26/05/2013','DD/MM/YYYY'), 2147, TO_DATE('17/05/1923','DD/MM/YYYY'), 0, '17.843.317/0001-72');
INSERT INTO SOLICITACAO (IDENTIFICADOR, DATA_SOLICITACAO, DATA_PREVISTA, DATA_ENTREGA, VALOR_COMPRA, PRAZO_PAGAMENTO, CODIGO_FILIAL, CNPJ_FORNECEDOR) VALUES (2, TO_DATE('17/10/1967','DD/MM/YYYY'), TO_DATE('11/05/1916','DD/MM/YYYY'), TO_DATE('10/01/1973','DD/MM/YYYY'), 8380, TO_DATE('14/07/2005','DD/MM/YYYY'), 6, '19.411.823/0001-21');
INSERT INTO SOLICITACAO (IDENTIFICADOR, DATA_SOLICITACAO, DATA_PREVISTA, DATA_ENTREGA, VALOR_COMPRA, PRAZO_PAGAMENTO, CODIGO_FILIAL, CNPJ_FORNECEDOR) VALUES (3, TO_DATE('12/09/1987','DD/MM/YYYY'), TO_DATE('28/01/1948','DD/MM/YYYY'), TO_DATE('27/04/1947','DD/MM/YYYY'), 6733, TO_DATE('08/03/1962','DD/MM/YYYY'), 8, '83.602.665/0001-34');
INSERT INTO SOLICITACAO (IDENTIFICADOR, DATA_SOLICITACAO, DATA_PREVISTA, DATA_ENTREGA, VALOR_COMPRA, PRAZO_PAGAMENTO, CODIGO_FILIAL, CNPJ_FORNECEDOR) VALUES (4, TO_DATE('19/10/2004','DD/MM/YYYY'), TO_DATE('24/11/1992','DD/MM/YYYY'), TO_DATE('27/05/1926','DD/MM/YYYY'), 5698, TO_DATE('11/10/2005','DD/MM/YYYY'), 3, '10.326.270/0001-67');
INSERT INTO SOLICITACAO (IDENTIFICADOR, DATA_SOLICITACAO, DATA_PREVISTA, DATA_ENTREGA, VALOR_COMPRA, PRAZO_PAGAMENTO, CODIGO_FILIAL, CNPJ_FORNECEDOR) VALUES (5, TO_DATE('21/03/1997','DD/MM/YYYY'), TO_DATE('23/05/1953','DD/MM/YYYY'), TO_DATE('09/11/1933','DD/MM/YYYY'), 7148, TO_DATE('22/10/1963','DD/MM/YYYY'), 5, '51.319.192/0001-76');
INSERT INTO SOLICITACAO (IDENTIFICADOR, DATA_SOLICITACAO, DATA_PREVISTA, DATA_ENTREGA, VALOR_COMPRA, PRAZO_PAGAMENTO, CODIGO_FILIAL, CNPJ_FORNECEDOR) VALUES (6, TO_DATE('08/10/1977','DD/MM/YYYY'), TO_DATE('26/02/2004','DD/MM/YYYY'), TO_DATE('06/03/2018','DD/MM/YYYY'), 6997, TO_DATE('19/05/1981','DD/MM/YYYY'), 1, '10.326.270/0001-67');
INSERT INTO SOLICITACAO (IDENTIFICADOR, DATA_SOLICITACAO, DATA_PREVISTA, DATA_ENTREGA, VALOR_COMPRA, PRAZO_PAGAMENTO, CODIGO_FILIAL, CNPJ_FORNECEDOR) VALUES (7, TO_DATE('25/12/1973','DD/MM/YYYY'), TO_DATE('02/02/1923','DD/MM/YYYY'), TO_DATE('27/07/1921','DD/MM/YYYY'), 8630, TO_DATE('12/09/1951','DD/MM/YYYY'), 0, '03.940.319/0001-15');
INSERT INTO SOLICITACAO (IDENTIFICADOR, DATA_SOLICITACAO, DATA_PREVISTA, DATA_ENTREGA, VALOR_COMPRA, PRAZO_PAGAMENTO, CODIGO_FILIAL, CNPJ_FORNECEDOR) VALUES (8, TO_DATE('12/10/1943','DD/MM/YYYY'), TO_DATE('07/06/1928','DD/MM/YYYY'), TO_DATE('14/05/1917','DD/MM/YYYY'), 9392, TO_DATE('10/07/2006','DD/MM/YYYY'), 1, '19.411.823/0001-21');
INSERT INTO SOLICITACAO (IDENTIFICADOR, DATA_SOLICITACAO, DATA_PREVISTA, DATA_ENTREGA, VALOR_COMPRA, PRAZO_PAGAMENTO, CODIGO_FILIAL, CNPJ_FORNECEDOR) VALUES (9, TO_DATE('02/04/1981','DD/MM/YYYY'), TO_DATE('07/07/1955','DD/MM/YYYY'), TO_DATE('03/06/1948','DD/MM/YYYY'), 2445, TO_DATE('04/09/2003','DD/MM/YYYY'), 6, '36.445.961/0001-50');
INSERT INTO SOLICITACAO (IDENTIFICADOR, DATA_SOLICITACAO, DATA_PREVISTA, DATA_ENTREGA, VALOR_COMPRA, PRAZO_PAGAMENTO, CODIGO_FILIAL, CNPJ_FORNECEDOR) VALUES (10, TO_DATE('12/04/1937','DD/MM/YYYY'), TO_DATE('24/02/1925','DD/MM/YYYY'), TO_DATE('23/01/2010','DD/MM/YYYY'), 1443, TO_DATE('27/10/1983','DD/MM/YYYY'), 0, '84.375.875/0001-23');
INSERT INTO SOLICITACAO (IDENTIFICADOR, DATA_SOLICITACAO, DATA_PREVISTA, DATA_ENTREGA, VALOR_COMPRA, PRAZO_PAGAMENTO, CODIGO_FILIAL, CNPJ_FORNECEDOR) VALUES (11, TO_DATE('08/05/1966','DD/MM/YYYY'), TO_DATE('04/02/1949','DD/MM/YYYY'), TO_DATE('03/01/1925','DD/MM/YYYY'), 3084, TO_DATE('06/05/1981','DD/MM/YYYY'), 2, '98.799.921/0001-63');
INSERT INTO SOLICITACAO (IDENTIFICADOR, DATA_SOLICITACAO, DATA_PREVISTA, DATA_ENTREGA, VALOR_COMPRA, PRAZO_PAGAMENTO, CODIGO_FILIAL, CNPJ_FORNECEDOR) VALUES (12, TO_DATE('13/07/1945','DD/MM/YYYY'), TO_DATE('16/11/2017','DD/MM/YYYY'), TO_DATE('14/12/1918','DD/MM/YYYY'), 2083, TO_DATE('09/11/2008','DD/MM/YYYY'), 6, '19.411.823/0001-21');
INSERT INTO SOLICITACAO (IDENTIFICADOR, DATA_SOLICITACAO, DATA_PREVISTA, DATA_ENTREGA, VALOR_COMPRA, PRAZO_PAGAMENTO, CODIGO_FILIAL, CNPJ_FORNECEDOR) VALUES (13, TO_DATE('13/06/1996','DD/MM/YYYY'), TO_DATE('20/05/1975','DD/MM/YYYY'), TO_DATE('14/08/1912','DD/MM/YYYY'), 8166, TO_DATE('22/01/1964','DD/MM/YYYY'), 5, '23.935.623/0001-89');
INSERT INTO SOLICITACAO (IDENTIFICADOR, DATA_SOLICITACAO, DATA_PREVISTA, DATA_ENTREGA, VALOR_COMPRA, PRAZO_PAGAMENTO, CODIGO_FILIAL, CNPJ_FORNECEDOR) VALUES (14, TO_DATE('03/05/2007','DD/MM/YYYY'), TO_DATE('22/06/1989','DD/MM/YYYY'), TO_DATE('05/01/1969','DD/MM/YYYY'), 4880, TO_DATE('16/02/1922','DD/MM/YYYY'), 7, '51.319.192/0001-76');
INSERT INTO SOLICITACAO (IDENTIFICADOR, DATA_SOLICITACAO, DATA_PREVISTA, DATA_ENTREGA, VALOR_COMPRA, PRAZO_PAGAMENTO, CODIGO_FILIAL, CNPJ_FORNECEDOR) VALUES (15, TO_DATE('25/02/1993','DD/MM/YYYY'), TO_DATE('20/03/1970','DD/MM/YYYY'), TO_DATE('13/04/1948','DD/MM/YYYY'), 9789, TO_DATE('03/11/1942','DD/MM/YYYY'), 9, '98.592.696/0001-80');
INSERT INTO SOLICITACAO (IDENTIFICADOR, DATA_SOLICITACAO, DATA_PREVISTA, DATA_ENTREGA, VALOR_COMPRA, PRAZO_PAGAMENTO, CODIGO_FILIAL, CNPJ_FORNECEDOR) VALUES (16, TO_DATE('08/10/1918','DD/MM/YYYY'), TO_DATE('11/12/1923','DD/MM/YYYY'), TO_DATE('10/12/2009','DD/MM/YYYY'), 2208, TO_DATE('20/06/2006','DD/MM/YYYY'), 0, '17.843.317/0001-72');
INSERT INTO SOLICITACAO (IDENTIFICADOR, DATA_SOLICITACAO, DATA_PREVISTA, DATA_ENTREGA, VALOR_COMPRA, PRAZO_PAGAMENTO, CODIGO_FILIAL, CNPJ_FORNECEDOR) VALUES (17, TO_DATE('21/06/1927','DD/MM/YYYY'), TO_DATE('24/02/1990','DD/MM/YYYY'), TO_DATE('26/03/1981','DD/MM/YYYY'), 4459, TO_DATE('23/05/2003','DD/MM/YYYY'), 8, '51.319.192/0001-76');
INSERT INTO SOLICITACAO (IDENTIFICADOR, DATA_SOLICITACAO, DATA_PREVISTA, DATA_ENTREGA, VALOR_COMPRA, PRAZO_PAGAMENTO, CODIGO_FILIAL, CNPJ_FORNECEDOR) VALUES (18, TO_DATE('03/09/1949','DD/MM/YYYY'), TO_DATE('23/05/1960','DD/MM/YYYY'), TO_DATE('03/04/1972','DD/MM/YYYY'), 3719, TO_DATE('15/02/2015','DD/MM/YYYY'), 5, '43.619.547/0001-97');
INSERT INTO SOLICITACAO (IDENTIFICADOR, DATA_SOLICITACAO, DATA_PREVISTA, DATA_ENTREGA, VALOR_COMPRA, PRAZO_PAGAMENTO, CODIGO_FILIAL, CNPJ_FORNECEDOR) VALUES (19, TO_DATE('03/05/1994','DD/MM/YYYY'), TO_DATE('13/10/2001','DD/MM/YYYY'), TO_DATE('04/03/1914','DD/MM/YYYY'), 4853, TO_DATE('27/09/1987','DD/MM/YYYY'), 0, '98.592.696/0001-80');
INSERT INTO SOLICITACAO (IDENTIFICADOR, DATA_SOLICITACAO, DATA_PREVISTA, DATA_ENTREGA, VALOR_COMPRA, PRAZO_PAGAMENTO, CODIGO_FILIAL, CNPJ_FORNECEDOR) VALUES (20, TO_DATE('14/12/1993','DD/MM/YYYY'), TO_DATE('05/07/1964','DD/MM/YYYY'), TO_DATE('17/03/1980','DD/MM/YYYY'), 3916, TO_DATE('23/05/1992','DD/MM/YYYY'), 5, '10.326.270/0001-67');
INSERT INTO SOLICITACAO (IDENTIFICADOR, DATA_SOLICITACAO, DATA_PREVISTA, DATA_ENTREGA, VALOR_COMPRA, PRAZO_PAGAMENTO, CODIGO_FILIAL, CNPJ_FORNECEDOR) VALUES (21, TO_DATE('23/02/2003','DD/MM/YYYY'), TO_DATE('02/08/1949','DD/MM/YYYY'), TO_DATE('06/03/2011','DD/MM/YYYY'), 8120, TO_DATE('19/11/1952','DD/MM/YYYY'), 2, '32.409.791/0001-73');
INSERT INTO SOLICITACAO (IDENTIFICADOR, DATA_SOLICITACAO, DATA_PREVISTA, DATA_ENTREGA, VALOR_COMPRA, PRAZO_PAGAMENTO, CODIGO_FILIAL, CNPJ_FORNECEDOR) VALUES (22, TO_DATE('22/04/1964','DD/MM/YYYY'), TO_DATE('20/05/1985','DD/MM/YYYY'), TO_DATE('15/05/2009','DD/MM/YYYY'), 1465, TO_DATE('04/10/1935','DD/MM/YYYY'), 3, '17.843.317/0001-72');
INSERT INTO SOLICITACAO (IDENTIFICADOR, DATA_SOLICITACAO, DATA_PREVISTA, DATA_ENTREGA, VALOR_COMPRA, PRAZO_PAGAMENTO, CODIGO_FILIAL, CNPJ_FORNECEDOR) VALUES (23, TO_DATE('11/04/2015','DD/MM/YYYY'), TO_DATE('15/02/2017','DD/MM/YYYY'), TO_DATE('01/06/1970','DD/MM/YYYY'), 2887, TO_DATE('08/04/1973','DD/MM/YYYY'), 3, '86.245.994/0001-78');
INSERT INTO SOLICITACAO (IDENTIFICADOR, DATA_SOLICITACAO, DATA_PREVISTA, DATA_ENTREGA, VALOR_COMPRA, PRAZO_PAGAMENTO, CODIGO_FILIAL, CNPJ_FORNECEDOR) VALUES (24, TO_DATE('27/02/1975','DD/MM/YYYY'), TO_DATE('17/08/1938','DD/MM/YYYY'), TO_DATE('22/07/1969','DD/MM/YYYY'), 7668, TO_DATE('27/09/1934','DD/MM/YYYY'), 0, '19.411.823/0001-21');
INSERT INTO SOLICITACAO (IDENTIFICADOR, DATA_SOLICITACAO, DATA_PREVISTA, DATA_ENTREGA, VALOR_COMPRA, PRAZO_PAGAMENTO, CODIGO_FILIAL, CNPJ_FORNECEDOR) VALUES (25, TO_DATE('25/03/1963','DD/MM/YYYY'), TO_DATE('08/01/1941','DD/MM/YYYY'), TO_DATE('03/04/2004','DD/MM/YYYY'), 7050, TO_DATE('14/06/2018','DD/MM/YYYY'), 1, '19.411.823/0001-21');
INSERT INTO SOLICITACAO (IDENTIFICADOR, DATA_SOLICITACAO, DATA_PREVISTA, DATA_ENTREGA, VALOR_COMPRA, PRAZO_PAGAMENTO, CODIGO_FILIAL, CNPJ_FORNECEDOR) VALUES (26, TO_DATE('10/06/1953','DD/MM/YYYY'), TO_DATE('22/07/2016','DD/MM/YYYY'), TO_DATE('05/08/2008','DD/MM/YYYY'), 4466, TO_DATE('10/11/1971','DD/MM/YYYY'), 6, '51.319.192/0001-76');
INSERT INTO SOLICITACAO (IDENTIFICADOR, DATA_SOLICITACAO, DATA_PREVISTA, DATA_ENTREGA, VALOR_COMPRA, PRAZO_PAGAMENTO, CODIGO_FILIAL, CNPJ_FORNECEDOR) VALUES (27, TO_DATE('19/10/1915','DD/MM/YYYY'), TO_DATE('21/06/2013','DD/MM/YYYY'), TO_DATE('03/05/1981','DD/MM/YYYY'), 8134, TO_DATE('12/12/1952','DD/MM/YYYY'), 9, '28.763.457/0001-40');
INSERT INTO SOLICITACAO (IDENTIFICADOR, DATA_SOLICITACAO, DATA_PREVISTA, DATA_ENTREGA, VALOR_COMPRA, PRAZO_PAGAMENTO, CODIGO_FILIAL, CNPJ_FORNECEDOR) VALUES (28, TO_DATE('16/01/1915','DD/MM/YYYY'), TO_DATE('06/10/1939','DD/MM/YYYY'), TO_DATE('14/07/1932','DD/MM/YYYY'), 8082, TO_DATE('18/12/1971','DD/MM/YYYY'), 1, '32.409.791/0001-73');
INSERT INTO SOLICITACAO (IDENTIFICADOR, DATA_SOLICITACAO, DATA_PREVISTA, DATA_ENTREGA, VALOR_COMPRA, PRAZO_PAGAMENTO, CODIGO_FILIAL, CNPJ_FORNECEDOR) VALUES (29, TO_DATE('22/02/1949','DD/MM/YYYY'), TO_DATE('10/11/1929','DD/MM/YYYY'), TO_DATE('28/06/1970','DD/MM/YYYY'), 7069, TO_DATE('09/05/1966','DD/MM/YYYY'), 7, '17.843.317/0001-72');
INSERT INTO SOLICITACAO (IDENTIFICADOR, DATA_SOLICITACAO, DATA_PREVISTA, DATA_ENTREGA, VALOR_COMPRA, PRAZO_PAGAMENTO, CODIGO_FILIAL, CNPJ_FORNECEDOR) VALUES (30, TO_DATE('03/06/1951','DD/MM/YYYY'), TO_DATE('08/12/2011','DD/MM/YYYY'), TO_DATE('09/02/1927','DD/MM/YYYY'), 1508, TO_DATE('06/08/1930','DD/MM/YYYY'), 9, '32.409.791/0001-73');
INSERT INTO SOLICITACAO (IDENTIFICADOR, DATA_SOLICITACAO, DATA_PREVISTA, DATA_ENTREGA, VALOR_COMPRA, PRAZO_PAGAMENTO, CODIGO_FILIAL, CNPJ_FORNECEDOR) VALUES (31, TO_DATE('23/10/2015','DD/MM/YYYY'), TO_DATE('22/06/1971','DD/MM/YYYY'), TO_DATE('24/06/1984','DD/MM/YYYY'), 3780, TO_DATE('05/10/1943','DD/MM/YYYY'), 8, '86.245.994/0001-78');
INSERT INTO SOLICITACAO (IDENTIFICADOR, DATA_SOLICITACAO, DATA_PREVISTA, DATA_ENTREGA, VALOR_COMPRA, PRAZO_PAGAMENTO, CODIGO_FILIAL, CNPJ_FORNECEDOR) VALUES (32, TO_DATE('08/01/1917','DD/MM/YYYY'), TO_DATE('17/06/1967','DD/MM/YYYY'), TO_DATE('16/05/1959','DD/MM/YYYY'), 8881, TO_DATE('23/01/1926','DD/MM/YYYY'), 1, '98.799.921/0001-63');
INSERT INTO SOLICITACAO (IDENTIFICADOR, DATA_SOLICITACAO, DATA_PREVISTA, DATA_ENTREGA, VALOR_COMPRA, PRAZO_PAGAMENTO, CODIGO_FILIAL, CNPJ_FORNECEDOR) VALUES (33, TO_DATE('22/07/1927','DD/MM/YYYY'), TO_DATE('18/10/1972','DD/MM/YYYY'), TO_DATE('16/05/1960','DD/MM/YYYY'), 2508, TO_DATE('20/02/1920','DD/MM/YYYY'), 7, '32.409.791/0001-73');
INSERT INTO SOLICITACAO (IDENTIFICADOR, DATA_SOLICITACAO, DATA_PREVISTA, DATA_ENTREGA, VALOR_COMPRA, PRAZO_PAGAMENTO, CODIGO_FILIAL, CNPJ_FORNECEDOR) VALUES (34, TO_DATE('27/09/2017','DD/MM/YYYY'), TO_DATE('25/01/2000','DD/MM/YYYY'), TO_DATE('04/04/1919','DD/MM/YYYY'), 6202, TO_DATE('11/10/2000','DD/MM/YYYY'), 5, '98.799.921/0001-63');
INSERT INTO SOLICITACAO (IDENTIFICADOR, DATA_SOLICITACAO, DATA_PREVISTA, DATA_ENTREGA, VALOR_COMPRA, PRAZO_PAGAMENTO, CODIGO_FILIAL, CNPJ_FORNECEDOR) VALUES (35, TO_DATE('12/10/1993','DD/MM/YYYY'), TO_DATE('11/02/2006','DD/MM/YYYY'), TO_DATE('17/02/2018','DD/MM/YYYY'), 5593, TO_DATE('19/07/2008','DD/MM/YYYY'), 9, '17.843.317/0001-72');
INSERT INTO SOLICITACAO (IDENTIFICADOR, DATA_SOLICITACAO, DATA_PREVISTA, DATA_ENTREGA, VALOR_COMPRA, PRAZO_PAGAMENTO, CODIGO_FILIAL, CNPJ_FORNECEDOR) VALUES (36, TO_DATE('06/05/1996','DD/MM/YYYY'), TO_DATE('17/12/1964','DD/MM/YYYY'), TO_DATE('15/01/1935','DD/MM/YYYY'), 9038, TO_DATE('08/05/1967','DD/MM/YYYY'), 0, '51.319.192/0001-76');
INSERT INTO SOLICITACAO (IDENTIFICADOR, DATA_SOLICITACAO, DATA_PREVISTA, DATA_ENTREGA, VALOR_COMPRA, PRAZO_PAGAMENTO, CODIGO_FILIAL, CNPJ_FORNECEDOR) VALUES (37, TO_DATE('10/05/2010','DD/MM/YYYY'), TO_DATE('19/06/1973','DD/MM/YYYY'), TO_DATE('22/07/1968','DD/MM/YYYY'), 8333, TO_DATE('10/01/1948','DD/MM/YYYY'), 5, '19.411.823/0001-21');
INSERT INTO SOLICITACAO (IDENTIFICADOR, DATA_SOLICITACAO, DATA_PREVISTA, DATA_ENTREGA, VALOR_COMPRA, PRAZO_PAGAMENTO, CODIGO_FILIAL, CNPJ_FORNECEDOR) VALUES (38, TO_DATE('18/08/1982','DD/MM/YYYY'), TO_DATE('21/10/1971','DD/MM/YYYY'), TO_DATE('04/09/1923','DD/MM/YYYY'), 3912, TO_DATE('24/08/1931','DD/MM/YYYY'), 4, '36.445.961/0001-50');
INSERT INTO SOLICITACAO (IDENTIFICADOR, DATA_SOLICITACAO, DATA_PREVISTA, DATA_ENTREGA, VALOR_COMPRA, PRAZO_PAGAMENTO, CODIGO_FILIAL, CNPJ_FORNECEDOR) VALUES (39, TO_DATE('12/06/1959','DD/MM/YYYY'), TO_DATE('18/01/1967','DD/MM/YYYY'), TO_DATE('19/04/1973','DD/MM/YYYY'), 5763, TO_DATE('24/02/2018','DD/MM/YYYY'), 7, '28.763.457/0001-40');
INSERT INTO SOLICITACAO (IDENTIFICADOR, DATA_SOLICITACAO, DATA_PREVISTA, DATA_ENTREGA, VALOR_COMPRA, PRAZO_PAGAMENTO, CODIGO_FILIAL, CNPJ_FORNECEDOR) VALUES (40, TO_DATE('08/02/1949','DD/MM/YYYY'), TO_DATE('15/03/1975','DD/MM/YYYY'), TO_DATE('15/09/1938','DD/MM/YYYY'), 9257, TO_DATE('17/11/1946','DD/MM/YYYY'), 6, '43.619.547/0001-97');
INSERT INTO SOLICITACAO (IDENTIFICADOR, DATA_SOLICITACAO, DATA_PREVISTA, DATA_ENTREGA, VALOR_COMPRA, PRAZO_PAGAMENTO, CODIGO_FILIAL, CNPJ_FORNECEDOR) VALUES (41, TO_DATE('06/06/1940','DD/MM/YYYY'), TO_DATE('08/07/1946','DD/MM/YYYY'), TO_DATE('22/05/1996','DD/MM/YYYY'), 6061, TO_DATE('08/06/1911','DD/MM/YYYY'), 5, '52.424.198/0001-50');
INSERT INTO SOLICITACAO (IDENTIFICADOR, DATA_SOLICITACAO, DATA_PREVISTA, DATA_ENTREGA, VALOR_COMPRA, PRAZO_PAGAMENTO, CODIGO_FILIAL, CNPJ_FORNECEDOR) VALUES (42, TO_DATE('16/02/1961','DD/MM/YYYY'), TO_DATE('05/01/1926','DD/MM/YYYY'), TO_DATE('25/08/1964','DD/MM/YYYY'), 8567, TO_DATE('01/11/1940','DD/MM/YYYY'), 2, '19.565.819/0001-81');
INSERT INTO SOLICITACAO (IDENTIFICADOR, DATA_SOLICITACAO, DATA_PREVISTA, DATA_ENTREGA, VALOR_COMPRA, PRAZO_PAGAMENTO, CODIGO_FILIAL, CNPJ_FORNECEDOR) VALUES (43, TO_DATE('11/03/1960','DD/MM/YYYY'), TO_DATE('10/10/2017','DD/MM/YYYY'), TO_DATE('28/04/1958','DD/MM/YYYY'), 2789, TO_DATE('18/02/1922','DD/MM/YYYY'), 8, '51.319.192/0001-76');
INSERT INTO SOLICITACAO (IDENTIFICADOR, DATA_SOLICITACAO, DATA_PREVISTA, DATA_ENTREGA, VALOR_COMPRA, PRAZO_PAGAMENTO, CODIGO_FILIAL, CNPJ_FORNECEDOR) VALUES (44, TO_DATE('17/10/2012','DD/MM/YYYY'), TO_DATE('23/01/1944','DD/MM/YYYY'), TO_DATE('13/05/2015','DD/MM/YYYY'), 1188, TO_DATE('15/04/1927','DD/MM/YYYY'), 8, '43.619.547/0001-97');
INSERT INTO SOLICITACAO (IDENTIFICADOR, DATA_SOLICITACAO, DATA_PREVISTA, DATA_ENTREGA, VALOR_COMPRA, PRAZO_PAGAMENTO, CODIGO_FILIAL, CNPJ_FORNECEDOR) VALUES (45, TO_DATE('02/04/1940','DD/MM/YYYY'), TO_DATE('26/04/1988','DD/MM/YYYY'), TO_DATE('15/11/2000','DD/MM/YYYY'), 4145, TO_DATE('08/08/1958','DD/MM/YYYY'), 8, '66.532.973/0001-79');
INSERT INTO SOLICITACAO (IDENTIFICADOR, DATA_SOLICITACAO, DATA_PREVISTA, DATA_ENTREGA, VALOR_COMPRA, PRAZO_PAGAMENTO, CODIGO_FILIAL, CNPJ_FORNECEDOR) VALUES (46, TO_DATE('11/01/1952','DD/MM/YYYY'), TO_DATE('04/05/1913','DD/MM/YYYY'), TO_DATE('27/09/1918','DD/MM/YYYY'), 7303, TO_DATE('21/04/2015','DD/MM/YYYY'), 3, '52.424.198/0001-50');
INSERT INTO SOLICITACAO (IDENTIFICADOR, DATA_SOLICITACAO, DATA_PREVISTA, DATA_ENTREGA, VALOR_COMPRA, PRAZO_PAGAMENTO, CODIGO_FILIAL, CNPJ_FORNECEDOR) VALUES (47, TO_DATE('22/05/2008','DD/MM/YYYY'), TO_DATE('14/04/1919','DD/MM/YYYY'), TO_DATE('26/04/2008','DD/MM/YYYY'), 9858, TO_DATE('09/12/1963','DD/MM/YYYY'), 7, '43.619.547/0001-97');
INSERT INTO SOLICITACAO (IDENTIFICADOR, DATA_SOLICITACAO, DATA_PREVISTA, DATA_ENTREGA, VALOR_COMPRA, PRAZO_PAGAMENTO, CODIGO_FILIAL, CNPJ_FORNECEDOR) VALUES (48, TO_DATE('01/10/1944','DD/MM/YYYY'), TO_DATE('21/12/1916','DD/MM/YYYY'), TO_DATE('13/05/1969','DD/MM/YYYY'), 6418, TO_DATE('25/09/1914','DD/MM/YYYY'), 5, '83.602.665/0001-34');
INSERT INTO SOLICITACAO (IDENTIFICADOR, DATA_SOLICITACAO, DATA_PREVISTA, DATA_ENTREGA, VALOR_COMPRA, PRAZO_PAGAMENTO, CODIGO_FILIAL, CNPJ_FORNECEDOR) VALUES (49, TO_DATE('02/06/1965','DD/MM/YYYY'), TO_DATE('18/04/1914','DD/MM/YYYY'), TO_DATE('19/07/1957','DD/MM/YYYY'), 3760, TO_DATE('17/03/1992','DD/MM/YYYY'), 2, '66.532.973/0001-79');
INSERT INTO SOLICITACAO (IDENTIFICADOR, DATA_SOLICITACAO, DATA_PREVISTA, DATA_ENTREGA, VALOR_COMPRA, PRAZO_PAGAMENTO, CODIGO_FILIAL, CNPJ_FORNECEDOR) VALUES (50, TO_DATE('25/10/2006','DD/MM/YYYY'), TO_DATE('17/06/1962','DD/MM/YYYY'), TO_DATE('24/01/1953','DD/MM/YYYY'), 6680, TO_DATE('23/06/2009','DD/MM/YYYY'), 5, '87.620.465/0001-99');
INSERT INTO SOLICITACAO (IDENTIFICADOR, DATA_SOLICITACAO, DATA_PREVISTA, DATA_ENTREGA, VALOR_COMPRA, PRAZO_PAGAMENTO, CODIGO_FILIAL, CNPJ_FORNECEDOR) VALUES (51, TO_DATE('08/05/1994','DD/MM/YYYY'), TO_DATE('23/05/1926','DD/MM/YYYY'), TO_DATE('18/09/1965','DD/MM/YYYY'), 9870, TO_DATE('19/01/1997','DD/MM/YYYY'), 3, '36.445.961/0001-50');
INSERT INTO SOLICITACAO (IDENTIFICADOR, DATA_SOLICITACAO, DATA_PREVISTA, DATA_ENTREGA, VALOR_COMPRA, PRAZO_PAGAMENTO, CODIGO_FILIAL, CNPJ_FORNECEDOR) VALUES (52, TO_DATE('17/02/2001','DD/MM/YYYY'), TO_DATE('21/01/1970','DD/MM/YYYY'), TO_DATE('12/05/1938','DD/MM/YYYY'), 6664, TO_DATE('05/07/1984','DD/MM/YYYY'), 9, '98.592.696/0001-80');
INSERT INTO SOLICITACAO (IDENTIFICADOR, DATA_SOLICITACAO, DATA_PREVISTA, DATA_ENTREGA, VALOR_COMPRA, PRAZO_PAGAMENTO, CODIGO_FILIAL, CNPJ_FORNECEDOR) VALUES (53, TO_DATE('21/07/1932','DD/MM/YYYY'), TO_DATE('11/01/1966','DD/MM/YYYY'), TO_DATE('26/06/1944','DD/MM/YYYY'), 8061, TO_DATE('19/03/1975','DD/MM/YYYY'), 7, '86.245.994/0001-78');
INSERT INTO SOLICITACAO (IDENTIFICADOR, DATA_SOLICITACAO, DATA_PREVISTA, DATA_ENTREGA, VALOR_COMPRA, PRAZO_PAGAMENTO, CODIGO_FILIAL, CNPJ_FORNECEDOR) VALUES (54, TO_DATE('27/11/1949','DD/MM/YYYY'), TO_DATE('16/06/1921','DD/MM/YYYY'), TO_DATE('22/12/2003','DD/MM/YYYY'), 8731, TO_DATE('10/03/1983','DD/MM/YYYY'), 5, '51.319.192/0001-76');
INSERT INTO SOLICITACAO (IDENTIFICADOR, DATA_SOLICITACAO, DATA_PREVISTA, DATA_ENTREGA, VALOR_COMPRA, PRAZO_PAGAMENTO, CODIGO_FILIAL, CNPJ_FORNECEDOR) VALUES (55, TO_DATE('14/03/2002','DD/MM/YYYY'), TO_DATE('20/06/1990','DD/MM/YYYY'), TO_DATE('13/11/1955','DD/MM/YYYY'), 6923, TO_DATE('14/06/2005','DD/MM/YYYY'), 4, '36.445.961/0001-50');
INSERT INTO SOLICITACAO (IDENTIFICADOR, DATA_SOLICITACAO, DATA_PREVISTA, DATA_ENTREGA, VALOR_COMPRA, PRAZO_PAGAMENTO, CODIGO_FILIAL, CNPJ_FORNECEDOR) VALUES (56, TO_DATE('21/07/1996','DD/MM/YYYY'), TO_DATE('16/01/1972','DD/MM/YYYY'), TO_DATE('19/06/1968','DD/MM/YYYY'), 6104, TO_DATE('19/08/1990','DD/MM/YYYY'), 0, '86.245.994/0001-78');
INSERT INTO SOLICITACAO (IDENTIFICADOR, DATA_SOLICITACAO, DATA_PREVISTA, DATA_ENTREGA, VALOR_COMPRA, PRAZO_PAGAMENTO, CODIGO_FILIAL, CNPJ_FORNECEDOR) VALUES (57, TO_DATE('20/09/1956','DD/MM/YYYY'), TO_DATE('06/05/1970','DD/MM/YYYY'), TO_DATE('25/09/1986','DD/MM/YYYY'), 3772, TO_DATE('14/06/1924','DD/MM/YYYY'), 6, '98.592.696/0001-80');
INSERT INTO SOLICITACAO (IDENTIFICADOR, DATA_SOLICITACAO, DATA_PREVISTA, DATA_ENTREGA, VALOR_COMPRA, PRAZO_PAGAMENTO, CODIGO_FILIAL, CNPJ_FORNECEDOR) VALUES (58, TO_DATE('08/05/1977','DD/MM/YYYY'), TO_DATE('08/05/2017','DD/MM/YYYY'), TO_DATE('28/04/1998','DD/MM/YYYY'), 3543, TO_DATE('11/03/1970','DD/MM/YYYY'), 1, '84.375.875/0001-23');
INSERT INTO SOLICITACAO (IDENTIFICADOR, DATA_SOLICITACAO, DATA_PREVISTA, DATA_ENTREGA, VALOR_COMPRA, PRAZO_PAGAMENTO, CODIGO_FILIAL, CNPJ_FORNECEDOR) VALUES (59, TO_DATE('02/03/1963','DD/MM/YYYY'), TO_DATE('16/02/1916','DD/MM/YYYY'), TO_DATE('08/02/1955','DD/MM/YYYY'), 5075, TO_DATE('25/03/2011','DD/MM/YYYY'), 4, '98.799.921/0001-63');
INSERT INTO SOLICITACAO (IDENTIFICADOR, DATA_SOLICITACAO, DATA_PREVISTA, DATA_ENTREGA, VALOR_COMPRA, PRAZO_PAGAMENTO, CODIGO_FILIAL, CNPJ_FORNECEDOR) VALUES (60, TO_DATE('11/01/2012','DD/MM/YYYY'), TO_DATE('23/06/1983','DD/MM/YYYY'), TO_DATE('20/04/1953','DD/MM/YYYY'), 8822, TO_DATE('19/01/2016','DD/MM/YYYY'), 6, '19.565.819/0001-81');
INSERT INTO SOLICITACAO (IDENTIFICADOR, DATA_SOLICITACAO, DATA_PREVISTA, DATA_ENTREGA, VALOR_COMPRA, PRAZO_PAGAMENTO, CODIGO_FILIAL, CNPJ_FORNECEDOR) VALUES (61, TO_DATE('01/10/2012','DD/MM/YYYY'), TO_DATE('26/02/1947','DD/MM/YYYY'), TO_DATE('16/07/1989','DD/MM/YYYY'), 6703, TO_DATE('20/07/1911','DD/MM/YYYY'), 7, '03.940.319/0001-15');
INSERT INTO SOLICITACAO (IDENTIFICADOR, DATA_SOLICITACAO, DATA_PREVISTA, DATA_ENTREGA, VALOR_COMPRA, PRAZO_PAGAMENTO, CODIGO_FILIAL, CNPJ_FORNECEDOR) VALUES (62, TO_DATE('23/12/1926','DD/MM/YYYY'), TO_DATE('06/02/1974','DD/MM/YYYY'), TO_DATE('24/10/2016','DD/MM/YYYY'), 8144, TO_DATE('12/12/1935','DD/MM/YYYY'), 6, '19.411.823/0001-21');
INSERT INTO SOLICITACAO (IDENTIFICADOR, DATA_SOLICITACAO, DATA_PREVISTA, DATA_ENTREGA, VALOR_COMPRA, PRAZO_PAGAMENTO, CODIGO_FILIAL, CNPJ_FORNECEDOR) VALUES (63, TO_DATE('12/05/1979','DD/MM/YYYY'), TO_DATE('05/07/1994','DD/MM/YYYY'), TO_DATE('06/05/2017','DD/MM/YYYY'), 6764, TO_DATE('27/12/1934','DD/MM/YYYY'), 0, '84.375.875/0001-23');
INSERT INTO SOLICITACAO (IDENTIFICADOR, DATA_SOLICITACAO, DATA_PREVISTA, DATA_ENTREGA, VALOR_COMPRA, PRAZO_PAGAMENTO, CODIGO_FILIAL, CNPJ_FORNECEDOR) VALUES (64, TO_DATE('10/07/2017','DD/MM/YYYY'), TO_DATE('06/01/1989','DD/MM/YYYY'), TO_DATE('06/06/1959','DD/MM/YYYY'), 3522, TO_DATE('02/09/1913','DD/MM/YYYY'), 2, '66.532.973/0001-79');
INSERT INTO SOLICITACAO (IDENTIFICADOR, DATA_SOLICITACAO, DATA_PREVISTA, DATA_ENTREGA, VALOR_COMPRA, PRAZO_PAGAMENTO, CODIGO_FILIAL, CNPJ_FORNECEDOR) VALUES (65, TO_DATE('28/10/1949','DD/MM/YYYY'), TO_DATE('03/06/1983','DD/MM/YYYY'), TO_DATE('25/05/2004','DD/MM/YYYY'), 2260, TO_DATE('11/12/1933','DD/MM/YYYY'), 6, '98.799.921/0001-63');
INSERT INTO SOLICITACAO (IDENTIFICADOR, DATA_SOLICITACAO, DATA_PREVISTA, DATA_ENTREGA, VALOR_COMPRA, PRAZO_PAGAMENTO, CODIGO_FILIAL, CNPJ_FORNECEDOR) VALUES (66, TO_DATE('13/09/1937','DD/MM/YYYY'), TO_DATE('24/10/1998','DD/MM/YYYY'), TO_DATE('15/02/1937','DD/MM/YYYY'), 3473, TO_DATE('14/03/2016','DD/MM/YYYY'), 2, '51.319.192/0001-76');
INSERT INTO SOLICITACAO (IDENTIFICADOR, DATA_SOLICITACAO, DATA_PREVISTA, DATA_ENTREGA, VALOR_COMPRA, PRAZO_PAGAMENTO, CODIGO_FILIAL, CNPJ_FORNECEDOR) VALUES (67, TO_DATE('26/01/1994','DD/MM/YYYY'), TO_DATE('16/01/1919','DD/MM/YYYY'), TO_DATE('10/12/1911','DD/MM/YYYY'), 9125, TO_DATE('02/10/1915','DD/MM/YYYY'), 0, '86.245.994/0001-78');
INSERT INTO SOLICITACAO (IDENTIFICADOR, DATA_SOLICITACAO, DATA_PREVISTA, DATA_ENTREGA, VALOR_COMPRA, PRAZO_PAGAMENTO, CODIGO_FILIAL, CNPJ_FORNECEDOR) VALUES (68, TO_DATE('15/01/1983','DD/MM/YYYY'), TO_DATE('26/06/1980','DD/MM/YYYY'), TO_DATE('26/01/1998','DD/MM/YYYY'), 4083, TO_DATE('27/06/1925','DD/MM/YYYY'), 2, '23.935.623/0001-89');
INSERT INTO SOLICITACAO (IDENTIFICADOR, DATA_SOLICITACAO, DATA_PREVISTA, DATA_ENTREGA, VALOR_COMPRA, PRAZO_PAGAMENTO, CODIGO_FILIAL, CNPJ_FORNECEDOR) VALUES (69, TO_DATE('06/01/1944','DD/MM/YYYY'), TO_DATE('23/05/1960','DD/MM/YYYY'), TO_DATE('25/05/1937','DD/MM/YYYY'), 3757, TO_DATE('21/12/2011','DD/MM/YYYY'), 7, '03.940.319/0001-15');
INSERT INTO SOLICITACAO (IDENTIFICADOR, DATA_SOLICITACAO, DATA_PREVISTA, DATA_ENTREGA, VALOR_COMPRA, PRAZO_PAGAMENTO, CODIGO_FILIAL, CNPJ_FORNECEDOR) VALUES (70, TO_DATE('01/07/1986','DD/MM/YYYY'), TO_DATE('16/07/2000','DD/MM/YYYY'), TO_DATE('21/11/1916','DD/MM/YYYY'), 1022, TO_DATE('27/06/1991','DD/MM/YYYY'), 7, '84.375.875/0001-23');
INSERT INTO SOLICITACAO (IDENTIFICADOR, DATA_SOLICITACAO, DATA_PREVISTA, DATA_ENTREGA, VALOR_COMPRA, PRAZO_PAGAMENTO, CODIGO_FILIAL, CNPJ_FORNECEDOR) VALUES (71, TO_DATE('23/11/2018','DD/MM/YYYY'), TO_DATE('18/02/1910','DD/MM/YYYY'), TO_DATE('02/09/1972','DD/MM/YYYY'), 1030, TO_DATE('03/06/1939','DD/MM/YYYY'), 5, '03.940.319/0001-15');
INSERT INTO SOLICITACAO (IDENTIFICADOR, DATA_SOLICITACAO, DATA_PREVISTA, DATA_ENTREGA, VALOR_COMPRA, PRAZO_PAGAMENTO, CODIGO_FILIAL, CNPJ_FORNECEDOR) VALUES (72, TO_DATE('19/11/1969','DD/MM/YYYY'), TO_DATE('19/03/1921','DD/MM/YYYY'), TO_DATE('07/10/1985','DD/MM/YYYY'), 4372, TO_DATE('14/09/1937','DD/MM/YYYY'), 9, '66.532.973/0001-79');
INSERT INTO SOLICITACAO (IDENTIFICADOR, DATA_SOLICITACAO, DATA_PREVISTA, DATA_ENTREGA, VALOR_COMPRA, PRAZO_PAGAMENTO, CODIGO_FILIAL, CNPJ_FORNECEDOR) VALUES (73, TO_DATE('15/04/2012','DD/MM/YYYY'), TO_DATE('21/06/1976','DD/MM/YYYY'), TO_DATE('18/02/2004','DD/MM/YYYY'), 2221, TO_DATE('21/01/1957','DD/MM/YYYY'), 0, '28.763.457/0001-40');
INSERT INTO SOLICITACAO (IDENTIFICADOR, DATA_SOLICITACAO, DATA_PREVISTA, DATA_ENTREGA, VALOR_COMPRA, PRAZO_PAGAMENTO, CODIGO_FILIAL, CNPJ_FORNECEDOR) VALUES (74, TO_DATE('10/03/1947','DD/MM/YYYY'), TO_DATE('27/03/1975','DD/MM/YYYY'), TO_DATE('27/07/1969','DD/MM/YYYY'), 2328, TO_DATE('06/12/1920','DD/MM/YYYY'), 3, '87.620.465/0001-99');
INSERT INTO SOLICITACAO (IDENTIFICADOR, DATA_SOLICITACAO, DATA_PREVISTA, DATA_ENTREGA, VALOR_COMPRA, PRAZO_PAGAMENTO, CODIGO_FILIAL, CNPJ_FORNECEDOR) VALUES (75, TO_DATE('25/07/1933','DD/MM/YYYY'), TO_DATE('04/10/1971','DD/MM/YYYY'), TO_DATE('03/07/1991','DD/MM/YYYY'), 7107, TO_DATE('28/10/2000','DD/MM/YYYY'), 3, '28.763.457/0001-40');
INSERT INTO SOLICITACAO (IDENTIFICADOR, DATA_SOLICITACAO, DATA_PREVISTA, DATA_ENTREGA, VALOR_COMPRA, PRAZO_PAGAMENTO, CODIGO_FILIAL, CNPJ_FORNECEDOR) VALUES (76, TO_DATE('03/07/1991','DD/MM/YYYY'), TO_DATE('27/11/1964','DD/MM/YYYY'), TO_DATE('25/11/1937','DD/MM/YYYY'), 9130, TO_DATE('07/04/1987','DD/MM/YYYY'), 7, '39.164.646/0001-37');
INSERT INTO SOLICITACAO (IDENTIFICADOR, DATA_SOLICITACAO, DATA_PREVISTA, DATA_ENTREGA, VALOR_COMPRA, PRAZO_PAGAMENTO, CODIGO_FILIAL, CNPJ_FORNECEDOR) VALUES (77, TO_DATE('19/09/1965','DD/MM/YYYY'), TO_DATE('28/02/1928','DD/MM/YYYY'), TO_DATE('14/11/1980','DD/MM/YYYY'), 2471, TO_DATE('02/12/1917','DD/MM/YYYY'), 8, '66.532.973/0001-79');
INSERT INTO SOLICITACAO (IDENTIFICADOR, DATA_SOLICITACAO, DATA_PREVISTA, DATA_ENTREGA, VALOR_COMPRA, PRAZO_PAGAMENTO, CODIGO_FILIAL, CNPJ_FORNECEDOR) VALUES (78, TO_DATE('26/12/1918','DD/MM/YYYY'), TO_DATE('26/11/1928','DD/MM/YYYY'), TO_DATE('25/10/1969','DD/MM/YYYY'), 4271, TO_DATE('07/05/1959','DD/MM/YYYY'), 4, '83.602.665/0001-34');
INSERT INTO SOLICITACAO (IDENTIFICADOR, DATA_SOLICITACAO, DATA_PREVISTA, DATA_ENTREGA, VALOR_COMPRA, PRAZO_PAGAMENTO, CODIGO_FILIAL, CNPJ_FORNECEDOR) VALUES (79, TO_DATE('18/12/1939','DD/MM/YYYY'), TO_DATE('08/10/1960','DD/MM/YYYY'), TO_DATE('17/02/1960','DD/MM/YYYY'), 4761, TO_DATE('23/03/2005','DD/MM/YYYY'), 8, '87.620.465/0001-99');


------ NOTA_FISCAL ------

INSERT INTO NOTA_FISCAL (NUMERO, CNPJ, QUANTIDADE, DATA, VALOR_POR_ITEM, IDENTIFICADOR_SOLICITACAO) VALUES (0, '52.424.198/0001-50', 601, TO_DATE('11/02/1935','DD/MM/YYYY'), 76, 0);
INSERT INTO NOTA_FISCAL (NUMERO, CNPJ, QUANTIDADE, DATA, VALOR_POR_ITEM, IDENTIFICADOR_SOLICITACAO) VALUES (1, '17.843.317/0001-72', 987, TO_DATE('19/09/1934','DD/MM/YYYY'), 52, 1);
INSERT INTO NOTA_FISCAL (NUMERO, CNPJ, QUANTIDADE, DATA, VALOR_POR_ITEM, IDENTIFICADOR_SOLICITACAO) VALUES (2, '19.411.823/0001-21', 893, TO_DATE('16/09/1946','DD/MM/YYYY'), 54, 2);
INSERT INTO NOTA_FISCAL (NUMERO, CNPJ, QUANTIDADE, DATA, VALOR_POR_ITEM, IDENTIFICADOR_SOLICITACAO) VALUES (3, '83.602.665/0001-34', 542, TO_DATE('04/12/2006','DD/MM/YYYY'), 64, 3);
INSERT INTO NOTA_FISCAL (NUMERO, CNPJ, QUANTIDADE, DATA, VALOR_POR_ITEM, IDENTIFICADOR_SOLICITACAO) VALUES (4, '10.326.270/0001-67', 126, TO_DATE('16/05/1986','DD/MM/YYYY'), 43, 4);
INSERT INTO NOTA_FISCAL (NUMERO, CNPJ, QUANTIDADE, DATA, VALOR_POR_ITEM, IDENTIFICADOR_SOLICITACAO) VALUES (5, '51.319.192/0001-76', 901, TO_DATE('08/01/1962','DD/MM/YYYY'), 76, 5);
INSERT INTO NOTA_FISCAL (NUMERO, CNPJ, QUANTIDADE, DATA, VALOR_POR_ITEM, IDENTIFICADOR_SOLICITACAO) VALUES (6, '10.326.270/0001-67', 100, TO_DATE('09/04/1973','DD/MM/YYYY'), 66, 6);
INSERT INTO NOTA_FISCAL (NUMERO, CNPJ, QUANTIDADE, DATA, VALOR_POR_ITEM, IDENTIFICADOR_SOLICITACAO) VALUES (7, '03.940.319/0001-15', 620, TO_DATE('04/10/1922','DD/MM/YYYY'), 91, 7);
INSERT INTO NOTA_FISCAL (NUMERO, CNPJ, QUANTIDADE, DATA, VALOR_POR_ITEM, IDENTIFICADOR_SOLICITACAO) VALUES (8, '19.411.823/0001-21', 811, TO_DATE('04/04/1917','DD/MM/YYYY'), 76, 8);
INSERT INTO NOTA_FISCAL (NUMERO, CNPJ, QUANTIDADE, DATA, VALOR_POR_ITEM, IDENTIFICADOR_SOLICITACAO) VALUES (9, '36.445.961/0001-50', 207, TO_DATE('19/01/1988','DD/MM/YYYY'), 45, 9);
INSERT INTO NOTA_FISCAL (NUMERO, CNPJ, QUANTIDADE, DATA, VALOR_POR_ITEM, IDENTIFICADOR_SOLICITACAO) VALUES (10, '84.375.875/0001-23', 830, TO_DATE('09/11/1972','DD/MM/YYYY'), 69, 10);
INSERT INTO NOTA_FISCAL (NUMERO, CNPJ, QUANTIDADE, DATA, VALOR_POR_ITEM, IDENTIFICADOR_SOLICITACAO) VALUES (11, '98.799.921/0001-63', 610, TO_DATE('05/03/1942','DD/MM/YYYY'), 10, 11);
INSERT INTO NOTA_FISCAL (NUMERO, CNPJ, QUANTIDADE, DATA, VALOR_POR_ITEM, IDENTIFICADOR_SOLICITACAO) VALUES (12, '19.411.823/0001-21', 130, TO_DATE('11/04/2018','DD/MM/YYYY'), 78, 12);
INSERT INTO NOTA_FISCAL (NUMERO, CNPJ, QUANTIDADE, DATA, VALOR_POR_ITEM, IDENTIFICADOR_SOLICITACAO) VALUES (13, '23.935.623/0001-89', 252, TO_DATE('26/12/1941','DD/MM/YYYY'), 64, 13);
INSERT INTO NOTA_FISCAL (NUMERO, CNPJ, QUANTIDADE, DATA, VALOR_POR_ITEM, IDENTIFICADOR_SOLICITACAO) VALUES (14, '51.319.192/0001-76', 358, TO_DATE('27/02/2012','DD/MM/YYYY'), 13, 14);
INSERT INTO NOTA_FISCAL (NUMERO, CNPJ, QUANTIDADE, DATA, VALOR_POR_ITEM, IDENTIFICADOR_SOLICITACAO) VALUES (15, '98.592.696/0001-80', 871, TO_DATE('10/04/1948','DD/MM/YYYY'), 23, 15);
INSERT INTO NOTA_FISCAL (NUMERO, CNPJ, QUANTIDADE, DATA, VALOR_POR_ITEM, IDENTIFICADOR_SOLICITACAO) VALUES (16, '17.843.317/0001-72', 858, TO_DATE('23/10/1930','DD/MM/YYYY'), 13, 16);
INSERT INTO NOTA_FISCAL (NUMERO, CNPJ, QUANTIDADE, DATA, VALOR_POR_ITEM, IDENTIFICADOR_SOLICITACAO) VALUES (17, '51.319.192/0001-76', 409, TO_DATE('03/01/1932','DD/MM/YYYY'), 75, 17);
INSERT INTO NOTA_FISCAL (NUMERO, CNPJ, QUANTIDADE, DATA, VALOR_POR_ITEM, IDENTIFICADOR_SOLICITACAO) VALUES (18, '43.619.547/0001-97', 105, TO_DATE('13/04/1925','DD/MM/YYYY'), 85, 18);
INSERT INTO NOTA_FISCAL (NUMERO, CNPJ, QUANTIDADE, DATA, VALOR_POR_ITEM, IDENTIFICADOR_SOLICITACAO) VALUES (19, '98.592.696/0001-80', 377, TO_DATE('20/04/2012','DD/MM/YYYY'), 59, 19);
INSERT INTO NOTA_FISCAL (NUMERO, CNPJ, QUANTIDADE, DATA, VALOR_POR_ITEM, IDENTIFICADOR_SOLICITACAO) VALUES (20, '10.326.270/0001-67', 729, TO_DATE('24/08/1962','DD/MM/YYYY'), 33, 20);
INSERT INTO NOTA_FISCAL (NUMERO, CNPJ, QUANTIDADE, DATA, VALOR_POR_ITEM, IDENTIFICADOR_SOLICITACAO) VALUES (21, '32.409.791/0001-73', 357, TO_DATE('12/01/1993','DD/MM/YYYY'), 47, 21);
INSERT INTO NOTA_FISCAL (NUMERO, CNPJ, QUANTIDADE, DATA, VALOR_POR_ITEM, IDENTIFICADOR_SOLICITACAO) VALUES (22, '17.843.317/0001-72', 183, TO_DATE('26/03/1998','DD/MM/YYYY'), 96, 22);
INSERT INTO NOTA_FISCAL (NUMERO, CNPJ, QUANTIDADE, DATA, VALOR_POR_ITEM, IDENTIFICADOR_SOLICITACAO) VALUES (23, '86.245.994/0001-78', 27, TO_DATE('20/12/1922','DD/MM/YYYY'), 29, 23);
INSERT INTO NOTA_FISCAL (NUMERO, CNPJ, QUANTIDADE, DATA, VALOR_POR_ITEM, IDENTIFICADOR_SOLICITACAO) VALUES (24, '19.411.823/0001-21', 661, TO_DATE('16/03/1928','DD/MM/YYYY'), 57, 24);
INSERT INTO NOTA_FISCAL (NUMERO, CNPJ, QUANTIDADE, DATA, VALOR_POR_ITEM, IDENTIFICADOR_SOLICITACAO) VALUES (25, '19.411.823/0001-21', 437, TO_DATE('04/03/1938','DD/MM/YYYY'), 24, 25);
INSERT INTO NOTA_FISCAL (NUMERO, CNPJ, QUANTIDADE, DATA, VALOR_POR_ITEM, IDENTIFICADOR_SOLICITACAO) VALUES (26, '51.319.192/0001-76', 588, TO_DATE('13/08/1951','DD/MM/YYYY'), 88, 26);
INSERT INTO NOTA_FISCAL (NUMERO, CNPJ, QUANTIDADE, DATA, VALOR_POR_ITEM, IDENTIFICADOR_SOLICITACAO) VALUES (27, '28.763.457/0001-40', 697, TO_DATE('22/10/1964','DD/MM/YYYY'), 53, 27);
INSERT INTO NOTA_FISCAL (NUMERO, CNPJ, QUANTIDADE, DATA, VALOR_POR_ITEM, IDENTIFICADOR_SOLICITACAO) VALUES (28, '32.409.791/0001-73', 939, TO_DATE('15/03/1910','DD/MM/YYYY'), 68, 28);
INSERT INTO NOTA_FISCAL (NUMERO, CNPJ, QUANTIDADE, DATA, VALOR_POR_ITEM, IDENTIFICADOR_SOLICITACAO) VALUES (29, '17.843.317/0001-72', 27, TO_DATE('16/05/2011','DD/MM/YYYY'), 51, 29);
INSERT INTO NOTA_FISCAL (NUMERO, CNPJ, QUANTIDADE, DATA, VALOR_POR_ITEM, IDENTIFICADOR_SOLICITACAO) VALUES (30, '32.409.791/0001-73', 534, TO_DATE('18/09/2004','DD/MM/YYYY'), 55, 30);
INSERT INTO NOTA_FISCAL (NUMERO, CNPJ, QUANTIDADE, DATA, VALOR_POR_ITEM, IDENTIFICADOR_SOLICITACAO) VALUES (31, '86.245.994/0001-78', 352, TO_DATE('25/04/1910','DD/MM/YYYY'), 46, 31);
INSERT INTO NOTA_FISCAL (NUMERO, CNPJ, QUANTIDADE, DATA, VALOR_POR_ITEM, IDENTIFICADOR_SOLICITACAO) VALUES (32, '98.799.921/0001-63', 46, TO_DATE('25/11/1914','DD/MM/YYYY'), 33, 32);
INSERT INTO NOTA_FISCAL (NUMERO, CNPJ, QUANTIDADE, DATA, VALOR_POR_ITEM, IDENTIFICADOR_SOLICITACAO) VALUES (33, '32.409.791/0001-73', 974, TO_DATE('13/05/1952','DD/MM/YYYY'), 57, 33);
INSERT INTO NOTA_FISCAL (NUMERO, CNPJ, QUANTIDADE, DATA, VALOR_POR_ITEM, IDENTIFICADOR_SOLICITACAO) VALUES (34, '98.799.921/0001-63', 574, TO_DATE('06/08/2013','DD/MM/YYYY'), 57, 34);
INSERT INTO NOTA_FISCAL (NUMERO, CNPJ, QUANTIDADE, DATA, VALOR_POR_ITEM, IDENTIFICADOR_SOLICITACAO) VALUES (35, '17.843.317/0001-72', 297, TO_DATE('03/05/2019','DD/MM/YYYY'), 96, 35);
INSERT INTO NOTA_FISCAL (NUMERO, CNPJ, QUANTIDADE, DATA, VALOR_POR_ITEM, IDENTIFICADOR_SOLICITACAO) VALUES (36, '51.319.192/0001-76', 855, TO_DATE('14/05/1965','DD/MM/YYYY'), 94, 36);
INSERT INTO NOTA_FISCAL (NUMERO, CNPJ, QUANTIDADE, DATA, VALOR_POR_ITEM, IDENTIFICADOR_SOLICITACAO) VALUES (37, '19.411.823/0001-21', 754, TO_DATE('23/05/1923','DD/MM/YYYY'), 85, 37);
INSERT INTO NOTA_FISCAL (NUMERO, CNPJ, QUANTIDADE, DATA, VALOR_POR_ITEM, IDENTIFICADOR_SOLICITACAO) VALUES (38, '36.445.961/0001-50', 496, TO_DATE('11/12/2013','DD/MM/YYYY'), 82, 38);
INSERT INTO NOTA_FISCAL (NUMERO, CNPJ, QUANTIDADE, DATA, VALOR_POR_ITEM, IDENTIFICADOR_SOLICITACAO) VALUES (39, '28.763.457/0001-40', 212, TO_DATE('01/09/2016','DD/MM/YYYY'), 55, 39);
INSERT INTO NOTA_FISCAL (NUMERO, CNPJ, QUANTIDADE, DATA, VALOR_POR_ITEM, IDENTIFICADOR_SOLICITACAO) VALUES (40, '43.619.547/0001-97', 240, TO_DATE('22/05/1926','DD/MM/YYYY'), 92, 40);
INSERT INTO NOTA_FISCAL (NUMERO, CNPJ, QUANTIDADE, DATA, VALOR_POR_ITEM, IDENTIFICADOR_SOLICITACAO) VALUES (41, '52.424.198/0001-50', 541, TO_DATE('22/09/1976','DD/MM/YYYY'), 13, 41);
INSERT INTO NOTA_FISCAL (NUMERO, CNPJ, QUANTIDADE, DATA, VALOR_POR_ITEM, IDENTIFICADOR_SOLICITACAO) VALUES (42, '19.565.819/0001-81', 973, TO_DATE('20/02/1926','DD/MM/YYYY'), 27, 42);
INSERT INTO NOTA_FISCAL (NUMERO, CNPJ, QUANTIDADE, DATA, VALOR_POR_ITEM, IDENTIFICADOR_SOLICITACAO) VALUES (43, '51.319.192/0001-76', 413, TO_DATE('16/11/1958','DD/MM/YYYY'), 39, 43);
INSERT INTO NOTA_FISCAL (NUMERO, CNPJ, QUANTIDADE, DATA, VALOR_POR_ITEM, IDENTIFICADOR_SOLICITACAO) VALUES (44, '43.619.547/0001-97', 663, TO_DATE('21/02/1927','DD/MM/YYYY'), 47, 44);
INSERT INTO NOTA_FISCAL (NUMERO, CNPJ, QUANTIDADE, DATA, VALOR_POR_ITEM, IDENTIFICADOR_SOLICITACAO) VALUES (45, '66.532.973/0001-79', 507, TO_DATE('14/01/1976','DD/MM/YYYY'), 12, 45);
INSERT INTO NOTA_FISCAL (NUMERO, CNPJ, QUANTIDADE, DATA, VALOR_POR_ITEM, IDENTIFICADOR_SOLICITACAO) VALUES (46, '52.424.198/0001-50', 181, TO_DATE('12/10/1991','DD/MM/YYYY'), 87, 46);
INSERT INTO NOTA_FISCAL (NUMERO, CNPJ, QUANTIDADE, DATA, VALOR_POR_ITEM, IDENTIFICADOR_SOLICITACAO) VALUES (47, '43.619.547/0001-97', 998, TO_DATE('20/03/1938','DD/MM/YYYY'), 73, 47);
INSERT INTO NOTA_FISCAL (NUMERO, CNPJ, QUANTIDADE, DATA, VALOR_POR_ITEM, IDENTIFICADOR_SOLICITACAO) VALUES (48, '83.602.665/0001-34', 622, TO_DATE('10/10/1922','DD/MM/YYYY'), 50, 48);
INSERT INTO NOTA_FISCAL (NUMERO, CNPJ, QUANTIDADE, DATA, VALOR_POR_ITEM, IDENTIFICADOR_SOLICITACAO) VALUES (49, '66.532.973/0001-79', 295, TO_DATE('17/01/2015','DD/MM/YYYY'), 51, 49);
INSERT INTO NOTA_FISCAL (NUMERO, CNPJ, QUANTIDADE, DATA, VALOR_POR_ITEM, IDENTIFICADOR_SOLICITACAO) VALUES (50, '87.620.465/0001-99', 767, TO_DATE('10/04/1940','DD/MM/YYYY'), 79, 50);
INSERT INTO NOTA_FISCAL (NUMERO, CNPJ, QUANTIDADE, DATA, VALOR_POR_ITEM, IDENTIFICADOR_SOLICITACAO) VALUES (51, '36.445.961/0001-50', 485, TO_DATE('07/08/1947','DD/MM/YYYY'), 98, 51);
INSERT INTO NOTA_FISCAL (NUMERO, CNPJ, QUANTIDADE, DATA, VALOR_POR_ITEM, IDENTIFICADOR_SOLICITACAO) VALUES (52, '98.592.696/0001-80', 979, TO_DATE('06/03/1948','DD/MM/YYYY'), 82, 52);
INSERT INTO NOTA_FISCAL (NUMERO, CNPJ, QUANTIDADE, DATA, VALOR_POR_ITEM, IDENTIFICADOR_SOLICITACAO) VALUES (53, '86.245.994/0001-78', 845, TO_DATE('28/07/2001','DD/MM/YYYY'), 83, 53);
INSERT INTO NOTA_FISCAL (NUMERO, CNPJ, QUANTIDADE, DATA, VALOR_POR_ITEM, IDENTIFICADOR_SOLICITACAO) VALUES (54, '51.319.192/0001-76', 195, TO_DATE('17/03/1930','DD/MM/YYYY'), 14, 54);
INSERT INTO NOTA_FISCAL (NUMERO, CNPJ, QUANTIDADE, DATA, VALOR_POR_ITEM, IDENTIFICADOR_SOLICITACAO) VALUES (55, '36.445.961/0001-50', 820, TO_DATE('13/10/1998','DD/MM/YYYY'), 84, 55);
INSERT INTO NOTA_FISCAL (NUMERO, CNPJ, QUANTIDADE, DATA, VALOR_POR_ITEM, IDENTIFICADOR_SOLICITACAO) VALUES (56, '86.245.994/0001-78', 722, TO_DATE('04/05/1966','DD/MM/YYYY'), 80, 56);
INSERT INTO NOTA_FISCAL (NUMERO, CNPJ, QUANTIDADE, DATA, VALOR_POR_ITEM, IDENTIFICADOR_SOLICITACAO) VALUES (57, '98.592.696/0001-80', 976, TO_DATE('22/05/1937','DD/MM/YYYY'), 79, 57);
INSERT INTO NOTA_FISCAL (NUMERO, CNPJ, QUANTIDADE, DATA, VALOR_POR_ITEM, IDENTIFICADOR_SOLICITACAO) VALUES (58, '84.375.875/0001-23', 137, TO_DATE('28/05/1970','DD/MM/YYYY'), 74, 58);
INSERT INTO NOTA_FISCAL (NUMERO, CNPJ, QUANTIDADE, DATA, VALOR_POR_ITEM, IDENTIFICADOR_SOLICITACAO) VALUES (59, '98.799.921/0001-63', 862, TO_DATE('16/07/2017','DD/MM/YYYY'), 77, 59);
INSERT INTO NOTA_FISCAL (NUMERO, CNPJ, QUANTIDADE, DATA, VALOR_POR_ITEM, IDENTIFICADOR_SOLICITACAO) VALUES (60, '19.565.819/0001-81', 301, TO_DATE('18/01/1925','DD/MM/YYYY'), 65, 60);
INSERT INTO NOTA_FISCAL (NUMERO, CNPJ, QUANTIDADE, DATA, VALOR_POR_ITEM, IDENTIFICADOR_SOLICITACAO) VALUES (61, '03.940.319/0001-15', 158, TO_DATE('18/11/1989','DD/MM/YYYY'), 63, 61);
INSERT INTO NOTA_FISCAL (NUMERO, CNPJ, QUANTIDADE, DATA, VALOR_POR_ITEM, IDENTIFICADOR_SOLICITACAO) VALUES (62, '19.411.823/0001-21', 481, TO_DATE('19/12/2004','DD/MM/YYYY'), 23, 62);
INSERT INTO NOTA_FISCAL (NUMERO, CNPJ, QUANTIDADE, DATA, VALOR_POR_ITEM, IDENTIFICADOR_SOLICITACAO) VALUES (63, '84.375.875/0001-23', 158, TO_DATE('04/01/1933','DD/MM/YYYY'), 52, 63);
INSERT INTO NOTA_FISCAL (NUMERO, CNPJ, QUANTIDADE, DATA, VALOR_POR_ITEM, IDENTIFICADOR_SOLICITACAO) VALUES (64, '66.532.973/0001-79', 392, TO_DATE('02/01/1929','DD/MM/YYYY'), 21, 64);
INSERT INTO NOTA_FISCAL (NUMERO, CNPJ, QUANTIDADE, DATA, VALOR_POR_ITEM, IDENTIFICADOR_SOLICITACAO) VALUES (65, '98.799.921/0001-63', 870, TO_DATE('09/05/1984','DD/MM/YYYY'), 85, 65);
INSERT INTO NOTA_FISCAL (NUMERO, CNPJ, QUANTIDADE, DATA, VALOR_POR_ITEM, IDENTIFICADOR_SOLICITACAO) VALUES (66, '51.319.192/0001-76', 688, TO_DATE('14/04/1960','DD/MM/YYYY'), 55, 66);
INSERT INTO NOTA_FISCAL (NUMERO, CNPJ, QUANTIDADE, DATA, VALOR_POR_ITEM, IDENTIFICADOR_SOLICITACAO) VALUES (67, '86.245.994/0001-78', 192, TO_DATE('10/10/1974','DD/MM/YYYY'), 43, 67);
INSERT INTO NOTA_FISCAL (NUMERO, CNPJ, QUANTIDADE, DATA, VALOR_POR_ITEM, IDENTIFICADOR_SOLICITACAO) VALUES (68, '23.935.623/0001-89', 851, TO_DATE('08/03/2016','DD/MM/YYYY'), 75, 68);
INSERT INTO NOTA_FISCAL (NUMERO, CNPJ, QUANTIDADE, DATA, VALOR_POR_ITEM, IDENTIFICADOR_SOLICITACAO) VALUES (69, '03.940.319/0001-15', 833, TO_DATE('09/12/2008','DD/MM/YYYY'), 81, 69);
INSERT INTO NOTA_FISCAL (NUMERO, CNPJ, QUANTIDADE, DATA, VALOR_POR_ITEM, IDENTIFICADOR_SOLICITACAO) VALUES (70, '84.375.875/0001-23', 362, TO_DATE('10/07/1932','DD/MM/YYYY'), 27, 70);
INSERT INTO NOTA_FISCAL (NUMERO, CNPJ, QUANTIDADE, DATA, VALOR_POR_ITEM, IDENTIFICADOR_SOLICITACAO) VALUES (71, '03.940.319/0001-15', 878, TO_DATE('25/03/1927','DD/MM/YYYY'), 65, 71);
INSERT INTO NOTA_FISCAL (NUMERO, CNPJ, QUANTIDADE, DATA, VALOR_POR_ITEM, IDENTIFICADOR_SOLICITACAO) VALUES (72, '66.532.973/0001-79', 189, TO_DATE('27/03/1923','DD/MM/YYYY'), 87, 72);
INSERT INTO NOTA_FISCAL (NUMERO, CNPJ, QUANTIDADE, DATA, VALOR_POR_ITEM, IDENTIFICADOR_SOLICITACAO) VALUES (73, '28.763.457/0001-40', 552, TO_DATE('18/11/2004','DD/MM/YYYY'), 45, 73);
INSERT INTO NOTA_FISCAL (NUMERO, CNPJ, QUANTIDADE, DATA, VALOR_POR_ITEM, IDENTIFICADOR_SOLICITACAO) VALUES (74, '87.620.465/0001-99', 422, TO_DATE('08/07/1926','DD/MM/YYYY'), 28, 74);
INSERT INTO NOTA_FISCAL (NUMERO, CNPJ, QUANTIDADE, DATA, VALOR_POR_ITEM, IDENTIFICADOR_SOLICITACAO) VALUES (75, '28.763.457/0001-40', 577, TO_DATE('11/07/1964','DD/MM/YYYY'), 35, 75);
INSERT INTO NOTA_FISCAL (NUMERO, CNPJ, QUANTIDADE, DATA, VALOR_POR_ITEM, IDENTIFICADOR_SOLICITACAO) VALUES (76, '39.164.646/0001-37', 498, TO_DATE('02/01/1945','DD/MM/YYYY'), 15, 76);
INSERT INTO NOTA_FISCAL (NUMERO, CNPJ, QUANTIDADE, DATA, VALOR_POR_ITEM, IDENTIFICADOR_SOLICITACAO) VALUES (77, '66.532.973/0001-79', 52, TO_DATE('25/10/1958','DD/MM/YYYY'), 91, 77);
INSERT INTO NOTA_FISCAL (NUMERO, CNPJ, QUANTIDADE, DATA, VALOR_POR_ITEM, IDENTIFICADOR_SOLICITACAO) VALUES (78, '83.602.665/0001-34', 983, TO_DATE('11/03/1931','DD/MM/YYYY'), 65, 78);
INSERT INTO NOTA_FISCAL (NUMERO, CNPJ, QUANTIDADE, DATA, VALOR_POR_ITEM, IDENTIFICADOR_SOLICITACAO) VALUES (79, '87.620.465/0001-99', 484, TO_DATE('28/01/1940','DD/MM/YYYY'), 32, 79);


------ TELEFONE_FORNECEDOR ------

INSERT INTO TELEFONE_FORNECEDOR (CNPJ, TELEFONE) VALUES ('87.620.465/0001-99', '(73) 93855-7651');
INSERT INTO TELEFONE_FORNECEDOR (CNPJ, TELEFONE) VALUES ('32.409.791/0001-73', '(12) 91124-8102');
INSERT INTO TELEFONE_FORNECEDOR (CNPJ, TELEFONE) VALUES ('36.445.961/0001-50', '(42) 98909-5939');
INSERT INTO TELEFONE_FORNECEDOR (CNPJ, TELEFONE) VALUES ('52.424.198/0001-50', '(21) 94655-3806');
INSERT INTO TELEFONE_FORNECEDOR (CNPJ, TELEFONE) VALUES ('36.445.961/0001-50', '(18) 92473-1468');
INSERT INTO TELEFONE_FORNECEDOR (CNPJ, TELEFONE) VALUES ('83.602.665/0001-34', '(13) 94782-6089');
INSERT INTO TELEFONE_FORNECEDOR (CNPJ, TELEFONE) VALUES ('39.164.646/0001-37', '(40) 95278-6695');
INSERT INTO TELEFONE_FORNECEDOR (CNPJ, TELEFONE) VALUES ('98.799.921/0001-63', '(26) 94899-9655');
INSERT INTO TELEFONE_FORNECEDOR (CNPJ, TELEFONE) VALUES ('28.763.457/0001-40', '(32) 90146-7567');
INSERT INTO TELEFONE_FORNECEDOR (CNPJ, TELEFONE) VALUES ('51.319.192/0001-76', '(83) 99154-7112');
INSERT INTO TELEFONE_FORNECEDOR (CNPJ, TELEFONE) VALUES ('86.245.994/0001-78', '(68) 97197-6142');
INSERT INTO TELEFONE_FORNECEDOR (CNPJ, TELEFONE) VALUES ('98.592.696/0001-80', '(23) 96131-6005');
INSERT INTO TELEFONE_FORNECEDOR (CNPJ, TELEFONE) VALUES ('28.763.457/0001-40', '(28) 99704-9341');
INSERT INTO TELEFONE_FORNECEDOR (CNPJ, TELEFONE) VALUES ('19.411.823/0001-21', '(41) 97565-6725');
INSERT INTO TELEFONE_FORNECEDOR (CNPJ, TELEFONE) VALUES ('19.565.819/0001-81', '(81) 97811-9915');
INSERT INTO TELEFONE_FORNECEDOR (CNPJ, TELEFONE) VALUES ('87.620.465/0001-99', '(52) 99245-2101');
INSERT INTO TELEFONE_FORNECEDOR (CNPJ, TELEFONE) VALUES ('84.375.875/0001-23', '(47) 98260-7113');
INSERT INTO TELEFONE_FORNECEDOR (CNPJ, TELEFONE) VALUES ('17.843.317/0001-72', '(14) 92486-2070');
INSERT INTO TELEFONE_FORNECEDOR (CNPJ, TELEFONE) VALUES ('84.375.875/0001-23', '(85) 91357-2662');
INSERT INTO TELEFONE_FORNECEDOR (CNPJ, TELEFONE) VALUES ('10.326.270/0001-67', '(38) 93434-5336');


------ ORDEM_COMPRA ------

INSERT INTO ORDEM_COMPRA (NUMERO_NOTA_FISCAL, DATA_HORA, CPF_CLIENTE, CODIGO_FILIAL, MATRICULA_FUNCIONARIO, NUMERO_CAIXA) VALUES (0, TO_TIMESTAMP('2011-10-12 03:31:20', 'YYYY-MM-DD HH24:MI:SS'), '574.580.554-46', 8, 40, 0);
INSERT INTO ORDEM_COMPRA (NUMERO_NOTA_FISCAL, DATA_HORA, CPF_CLIENTE, CODIGO_FILIAL, MATRICULA_FUNCIONARIO, NUMERO_CAIXA) VALUES (1, TO_TIMESTAMP('2005-12-16 22:11:38', 'YYYY-MM-DD HH24:MI:SS'), '937.587.229-12', 8, 52, 9);
INSERT INTO ORDEM_COMPRA (NUMERO_NOTA_FISCAL, DATA_HORA, CPF_CLIENTE, CODIGO_FILIAL, MATRICULA_FUNCIONARIO, NUMERO_CAIXA) VALUES (2, TO_TIMESTAMP('2016-12-01 16:39:55', 'YYYY-MM-DD HH24:MI:SS'), '414.342.139-15', 2, 11, 8);
INSERT INTO ORDEM_COMPRA (NUMERO_NOTA_FISCAL, DATA_HORA, CPF_CLIENTE, CODIGO_FILIAL, MATRICULA_FUNCIONARIO, NUMERO_CAIXA) VALUES (3, TO_TIMESTAMP('2016-01-08 01:18:36', 'YYYY-MM-DD HH24:MI:SS'), '747.499.418-84', 1, 42, 0);
INSERT INTO ORDEM_COMPRA (NUMERO_NOTA_FISCAL, DATA_HORA, CPF_CLIENTE, CODIGO_FILIAL, MATRICULA_FUNCIONARIO, NUMERO_CAIXA) VALUES (4, TO_TIMESTAMP('2012-02-01 16:41:14', 'YYYY-MM-DD HH24:MI:SS'), '735.333.134-88', 3, 9, 3);
INSERT INTO ORDEM_COMPRA (NUMERO_NOTA_FISCAL, DATA_HORA, CPF_CLIENTE, CODIGO_FILIAL, MATRICULA_FUNCIONARIO, NUMERO_CAIXA) VALUES (5, TO_TIMESTAMP('2019-11-22 10:03:51', 'YYYY-MM-DD HH24:MI:SS'), '994.937.484-13', 2, 98, 2);
INSERT INTO ORDEM_COMPRA (NUMERO_NOTA_FISCAL, DATA_HORA, CPF_CLIENTE, CODIGO_FILIAL, MATRICULA_FUNCIONARIO, NUMERO_CAIXA) VALUES (6, TO_TIMESTAMP('2003-04-01 20:19:22', 'YYYY-MM-DD HH24:MI:SS'), '414.342.139-15', 5, 76, 5);
INSERT INTO ORDEM_COMPRA (NUMERO_NOTA_FISCAL, DATA_HORA, CPF_CLIENTE, CODIGO_FILIAL, MATRICULA_FUNCIONARIO, NUMERO_CAIXA) VALUES (7, TO_TIMESTAMP('2007-02-06 03:45:23', 'YYYY-MM-DD HH24:MI:SS'), '145.250.540-55', 4, 144, 8);
INSERT INTO ORDEM_COMPRA (NUMERO_NOTA_FISCAL, DATA_HORA, CPF_CLIENTE, CODIGO_FILIAL, MATRICULA_FUNCIONARIO, NUMERO_CAIXA) VALUES (8, TO_TIMESTAMP('2008-05-19 09:36:04', 'YYYY-MM-DD HH24:MI:SS'), '776.787.529-56', 0, 5, 6);
INSERT INTO ORDEM_COMPRA (NUMERO_NOTA_FISCAL, DATA_HORA, CPF_CLIENTE, CODIGO_FILIAL, MATRICULA_FUNCIONARIO, NUMERO_CAIXA) VALUES (9, TO_TIMESTAMP('2002-05-07 16:57:03', 'YYYY-MM-DD HH24:MI:SS'), '100.636.736-48', 6, 69, 7);
INSERT INTO ORDEM_COMPRA (NUMERO_NOTA_FISCAL, DATA_HORA, CPF_CLIENTE, CODIGO_FILIAL, MATRICULA_FUNCIONARIO, NUMERO_CAIXA) VALUES (10, TO_TIMESTAMP('2019-07-16 06:10:57', 'YYYY-MM-DD HH24:MI:SS'), '677.786.360-67', 1, 95, 8);
INSERT INTO ORDEM_COMPRA (NUMERO_NOTA_FISCAL, DATA_HORA, CPF_CLIENTE, CODIGO_FILIAL, MATRICULA_FUNCIONARIO, NUMERO_CAIXA) VALUES (11, TO_TIMESTAMP('2010-01-12 12:13:23', 'YYYY-MM-DD HH24:MI:SS'), '450.502.837-42', 3, 53, 9);
INSERT INTO ORDEM_COMPRA (NUMERO_NOTA_FISCAL, DATA_HORA, CPF_CLIENTE, CODIGO_FILIAL, MATRICULA_FUNCIONARIO, NUMERO_CAIXA) VALUES (12, TO_TIMESTAMP('2003-12-14 12:28:33', 'YYYY-MM-DD HH24:MI:SS'), '747.499.418-84', 9, 149, 2);
INSERT INTO ORDEM_COMPRA (NUMERO_NOTA_FISCAL, DATA_HORA, CPF_CLIENTE, CODIGO_FILIAL, MATRICULA_FUNCIONARIO, NUMERO_CAIXA) VALUES (13, TO_TIMESTAMP('2014-02-19 07:12:44', 'YYYY-MM-DD HH24:MI:SS'), '356.702.610-67', 7, 56, 1);
INSERT INTO ORDEM_COMPRA (NUMERO_NOTA_FISCAL, DATA_HORA, CPF_CLIENTE, CODIGO_FILIAL, MATRICULA_FUNCIONARIO, NUMERO_CAIXA) VALUES (14, TO_TIMESTAMP('2000-06-03 07:04:37', 'YYYY-MM-DD HH24:MI:SS'), '887.102.857-27', 8, 124, 7);
INSERT INTO ORDEM_COMPRA (NUMERO_NOTA_FISCAL, DATA_HORA, CPF_CLIENTE, CODIGO_FILIAL, MATRICULA_FUNCIONARIO, NUMERO_CAIXA) VALUES (15, TO_TIMESTAMP('2005-08-06 10:19:33', 'YYYY-MM-DD HH24:MI:SS'), '215.357.776-66', 6, 103, 3);
INSERT INTO ORDEM_COMPRA (NUMERO_NOTA_FISCAL, DATA_HORA, CPF_CLIENTE, CODIGO_FILIAL, MATRICULA_FUNCIONARIO, NUMERO_CAIXA) VALUES (16, TO_TIMESTAMP('2013-12-26 19:56:15', 'YYYY-MM-DD HH24:MI:SS'), '242.493.945-86', 5, 8, 8);
INSERT INTO ORDEM_COMPRA (NUMERO_NOTA_FISCAL, DATA_HORA, CPF_CLIENTE, CODIGO_FILIAL, MATRICULA_FUNCIONARIO, NUMERO_CAIXA) VALUES (17, TO_TIMESTAMP('2002-08-22 23:49:04', 'YYYY-MM-DD HH24:MI:SS'), '240.255.703-69', 1, 60, 6);
INSERT INTO ORDEM_COMPRA (NUMERO_NOTA_FISCAL, DATA_HORA, CPF_CLIENTE, CODIGO_FILIAL, MATRICULA_FUNCIONARIO, NUMERO_CAIXA) VALUES (18, TO_TIMESTAMP('2011-12-08 08:03:36', 'YYYY-MM-DD HH24:MI:SS'), '979.623.293-90', 4, 65, 5);
INSERT INTO ORDEM_COMPRA (NUMERO_NOTA_FISCAL, DATA_HORA, CPF_CLIENTE, CODIGO_FILIAL, MATRICULA_FUNCIONARIO, NUMERO_CAIXA) VALUES (19, TO_TIMESTAMP('2011-07-24 16:32:55', 'YYYY-MM-DD HH24:MI:SS'), '519.210.735-65', 7, 81, 9);
INSERT INTO ORDEM_COMPRA (NUMERO_NOTA_FISCAL, DATA_HORA, CPF_CLIENTE, CODIGO_FILIAL, MATRICULA_FUNCIONARIO, NUMERO_CAIXA) VALUES (20, TO_TIMESTAMP('2012-02-10 20:04:59', 'YYYY-MM-DD HH24:MI:SS'), '145.250.540-55', 2, 114, 9);
INSERT INTO ORDEM_COMPRA (NUMERO_NOTA_FISCAL, DATA_HORA, CPF_CLIENTE, CODIGO_FILIAL, MATRICULA_FUNCIONARIO, NUMERO_CAIXA) VALUES (21, TO_TIMESTAMP('2003-10-04 03:54:58', 'YYYY-MM-DD HH24:MI:SS'), '851.509.170-60', 9, 131, 7);
INSERT INTO ORDEM_COMPRA (NUMERO_NOTA_FISCAL, DATA_HORA, CPF_CLIENTE, CODIGO_FILIAL, MATRICULA_FUNCIONARIO, NUMERO_CAIXA) VALUES (22, TO_TIMESTAMP('2016-07-01 03:44:49', 'YYYY-MM-DD HH24:MI:SS'), '649.315.322-55', 4, 68, 6);
INSERT INTO ORDEM_COMPRA (NUMERO_NOTA_FISCAL, DATA_HORA, CPF_CLIENTE, CODIGO_FILIAL, MATRICULA_FUNCIONARIO, NUMERO_CAIXA) VALUES (23, TO_TIMESTAMP('2010-05-25 08:25:28', 'YYYY-MM-DD HH24:MI:SS'), '888.785.283-82', 5, 84, 1);
INSERT INTO ORDEM_COMPRA (NUMERO_NOTA_FISCAL, DATA_HORA, CPF_CLIENTE, CODIGO_FILIAL, MATRICULA_FUNCIONARIO, NUMERO_CAIXA) VALUES (24, TO_TIMESTAMP('2005-06-06 14:16:52', 'YYYY-MM-DD HH24:MI:SS'), '887.102.857-27', 0, 113, 2);
INSERT INTO ORDEM_COMPRA (NUMERO_NOTA_FISCAL, DATA_HORA, CPF_CLIENTE, CODIGO_FILIAL, MATRICULA_FUNCIONARIO, NUMERO_CAIXA) VALUES (25, TO_TIMESTAMP('2011-01-04 04:05:40', 'YYYY-MM-DD HH24:MI:SS'), '159.501.867-38', 7, 115, 9);
INSERT INTO ORDEM_COMPRA (NUMERO_NOTA_FISCAL, DATA_HORA, CPF_CLIENTE, CODIGO_FILIAL, MATRICULA_FUNCIONARIO, NUMERO_CAIXA) VALUES (26, TO_TIMESTAMP('2012-10-23 00:00:14', 'YYYY-MM-DD HH24:MI:SS'), '949.775.956-92', 1, 49, 9);
INSERT INTO ORDEM_COMPRA (NUMERO_NOTA_FISCAL, DATA_HORA, CPF_CLIENTE, CODIGO_FILIAL, MATRICULA_FUNCIONARIO, NUMERO_CAIXA) VALUES (27, TO_TIMESTAMP('2018-04-21 21:22:16', 'YYYY-MM-DD HH24:MI:SS'), '404.723.881-29', 6, 7, 1);
INSERT INTO ORDEM_COMPRA (NUMERO_NOTA_FISCAL, DATA_HORA, CPF_CLIENTE, CODIGO_FILIAL, MATRICULA_FUNCIONARIO, NUMERO_CAIXA) VALUES (28, TO_TIMESTAMP('2008-07-03 22:42:36', 'YYYY-MM-DD HH24:MI:SS'), '989.796.553-83', 4, 23, 8);
INSERT INTO ORDEM_COMPRA (NUMERO_NOTA_FISCAL, DATA_HORA, CPF_CLIENTE, CODIGO_FILIAL, MATRICULA_FUNCIONARIO, NUMERO_CAIXA) VALUES (29, TO_TIMESTAMP('2015-11-28 08:15:35', 'YYYY-MM-DD HH24:MI:SS'), '705.371.685-91', 5, 87, 0);
INSERT INTO ORDEM_COMPRA (NUMERO_NOTA_FISCAL, DATA_HORA, CPF_CLIENTE, CODIGO_FILIAL, MATRICULA_FUNCIONARIO, NUMERO_CAIXA) VALUES (30, TO_TIMESTAMP('2014-12-23 13:33:47', 'YYYY-MM-DD HH24:MI:SS'), '844.687.802-57', 9, 105, 0);
INSERT INTO ORDEM_COMPRA (NUMERO_NOTA_FISCAL, DATA_HORA, CPF_CLIENTE, CODIGO_FILIAL, MATRICULA_FUNCIONARIO, NUMERO_CAIXA) VALUES (31, TO_TIMESTAMP('2006-07-25 04:28:18', 'YYYY-MM-DD HH24:MI:SS'), '904.289.348-34', 7, 107, 3);
INSERT INTO ORDEM_COMPRA (NUMERO_NOTA_FISCAL, DATA_HORA, CPF_CLIENTE, CODIGO_FILIAL, MATRICULA_FUNCIONARIO, NUMERO_CAIXA) VALUES (32, TO_TIMESTAMP('2018-10-05 05:48:07', 'YYYY-MM-DD HH24:MI:SS'), '222.502.948-38', 4, 48, 9);
INSERT INTO ORDEM_COMPRA (NUMERO_NOTA_FISCAL, DATA_HORA, CPF_CLIENTE, CODIGO_FILIAL, MATRICULA_FUNCIONARIO, NUMERO_CAIXA) VALUES (33, TO_TIMESTAMP('2017-08-13 09:54:57', 'YYYY-MM-DD HH24:MI:SS'), '564.786.773-93', 9, 58, 2);
INSERT INTO ORDEM_COMPRA (NUMERO_NOTA_FISCAL, DATA_HORA, CPF_CLIENTE, CODIGO_FILIAL, MATRICULA_FUNCIONARIO, NUMERO_CAIXA) VALUES (34, TO_TIMESTAMP('2006-02-24 17:42:49', 'YYYY-MM-DD HH24:MI:SS'), '493.589.621-14', 4, 64, 7);
INSERT INTO ORDEM_COMPRA (NUMERO_NOTA_FISCAL, DATA_HORA, CPF_CLIENTE, CODIGO_FILIAL, MATRICULA_FUNCIONARIO, NUMERO_CAIXA) VALUES (35, TO_TIMESTAMP('2018-08-04 13:39:01', 'YYYY-MM-DD HH24:MI:SS'), '902.199.537-79', 1, 74, 8);
INSERT INTO ORDEM_COMPRA (NUMERO_NOTA_FISCAL, DATA_HORA, CPF_CLIENTE, CODIGO_FILIAL, MATRICULA_FUNCIONARIO, NUMERO_CAIXA) VALUES (36, TO_TIMESTAMP('2012-04-03 21:36:24', 'YYYY-MM-DD HH24:MI:SS'), '451.962.782-71', 8, 112, 8);
INSERT INTO ORDEM_COMPRA (NUMERO_NOTA_FISCAL, DATA_HORA, CPF_CLIENTE, CODIGO_FILIAL, MATRICULA_FUNCIONARIO, NUMERO_CAIXA) VALUES (37, TO_TIMESTAMP('2009-10-23 11:26:21', 'YYYY-MM-DD HH24:MI:SS'), '674.868.966-98', 5, 130, 9);
INSERT INTO ORDEM_COMPRA (NUMERO_NOTA_FISCAL, DATA_HORA, CPF_CLIENTE, CODIGO_FILIAL, MATRICULA_FUNCIONARIO, NUMERO_CAIXA) VALUES (38, TO_TIMESTAMP('2011-05-09 08:39:45', 'YYYY-MM-DD HH24:MI:SS'), '600.715.160-45', 5, 36, 5);
INSERT INTO ORDEM_COMPRA (NUMERO_NOTA_FISCAL, DATA_HORA, CPF_CLIENTE, CODIGO_FILIAL, MATRICULA_FUNCIONARIO, NUMERO_CAIXA) VALUES (39, TO_TIMESTAMP('2011-04-25 20:56:20', 'YYYY-MM-DD HH24:MI:SS'), '747.499.418-84', 7, 114, 5);
INSERT INTO ORDEM_COMPRA (NUMERO_NOTA_FISCAL, DATA_HORA, CPF_CLIENTE, CODIGO_FILIAL, MATRICULA_FUNCIONARIO, NUMERO_CAIXA) VALUES (40, TO_TIMESTAMP('2015-05-05 22:19:42', 'YYYY-MM-DD HH24:MI:SS'), '212.372.218-58', 2, 38, 6);
INSERT INTO ORDEM_COMPRA (NUMERO_NOTA_FISCAL, DATA_HORA, CPF_CLIENTE, CODIGO_FILIAL, MATRICULA_FUNCIONARIO, NUMERO_CAIXA) VALUES (41, TO_TIMESTAMP('2003-02-01 21:32:27', 'YYYY-MM-DD HH24:MI:SS'), '128.242.402-17', 2, 81, 7);
INSERT INTO ORDEM_COMPRA (NUMERO_NOTA_FISCAL, DATA_HORA, CPF_CLIENTE, CODIGO_FILIAL, MATRICULA_FUNCIONARIO, NUMERO_CAIXA) VALUES (42, TO_TIMESTAMP('2000-03-03 16:47:02', 'YYYY-MM-DD HH24:MI:SS'), '711.284.232-75', 6, 3, 4);
INSERT INTO ORDEM_COMPRA (NUMERO_NOTA_FISCAL, DATA_HORA, CPF_CLIENTE, CODIGO_FILIAL, MATRICULA_FUNCIONARIO, NUMERO_CAIXA) VALUES (43, TO_TIMESTAMP('2003-06-13 12:11:53', 'YYYY-MM-DD HH24:MI:SS'), '522.580.730-19', 4, 36, 3);
INSERT INTO ORDEM_COMPRA (NUMERO_NOTA_FISCAL, DATA_HORA, CPF_CLIENTE, CODIGO_FILIAL, MATRICULA_FUNCIONARIO, NUMERO_CAIXA) VALUES (44, TO_TIMESTAMP('2015-08-08 15:35:26', 'YYYY-MM-DD HH24:MI:SS'), '887.102.857-27', 8, 135, 5);
INSERT INTO ORDEM_COMPRA (NUMERO_NOTA_FISCAL, DATA_HORA, CPF_CLIENTE, CODIGO_FILIAL, MATRICULA_FUNCIONARIO, NUMERO_CAIXA) VALUES (45, TO_TIMESTAMP('2007-06-02 18:19:04', 'YYYY-MM-DD HH24:MI:SS'), '765.981.591-32', 8, 77, 9);
INSERT INTO ORDEM_COMPRA (NUMERO_NOTA_FISCAL, DATA_HORA, CPF_CLIENTE, CODIGO_FILIAL, MATRICULA_FUNCIONARIO, NUMERO_CAIXA) VALUES (46, TO_TIMESTAMP('2014-02-20 08:15:33', 'YYYY-MM-DD HH24:MI:SS'), '391.145.244-56', 4, 140, 8);
INSERT INTO ORDEM_COMPRA (NUMERO_NOTA_FISCAL, DATA_HORA, CPF_CLIENTE, CODIGO_FILIAL, MATRICULA_FUNCIONARIO, NUMERO_CAIXA) VALUES (47, TO_TIMESTAMP('2010-02-19 08:51:46', 'YYYY-MM-DD HH24:MI:SS'), '711.610.335-52', 0, 149, 5);
INSERT INTO ORDEM_COMPRA (NUMERO_NOTA_FISCAL, DATA_HORA, CPF_CLIENTE, CODIGO_FILIAL, MATRICULA_FUNCIONARIO, NUMERO_CAIXA) VALUES (48, TO_TIMESTAMP('2002-07-12 11:16:19', 'YYYY-MM-DD HH24:MI:SS'), '414.880.839-76', 3, 68, 0);
INSERT INTO ORDEM_COMPRA (NUMERO_NOTA_FISCAL, DATA_HORA, CPF_CLIENTE, CODIGO_FILIAL, MATRICULA_FUNCIONARIO, NUMERO_CAIXA) VALUES (49, TO_TIMESTAMP('2001-08-28 09:06:06', 'YYYY-MM-DD HH24:MI:SS'), '343.761.816-12', 0, 49, 2);
INSERT INTO ORDEM_COMPRA (NUMERO_NOTA_FISCAL, DATA_HORA, CPF_CLIENTE, CODIGO_FILIAL, MATRICULA_FUNCIONARIO, NUMERO_CAIXA) VALUES (50, TO_TIMESTAMP('2016-10-17 05:54:59', 'YYYY-MM-DD HH24:MI:SS'), '610.926.831-56', 6, 57, 8);
INSERT INTO ORDEM_COMPRA (NUMERO_NOTA_FISCAL, DATA_HORA, CPF_CLIENTE, CODIGO_FILIAL, MATRICULA_FUNCIONARIO, NUMERO_CAIXA) VALUES (51, TO_TIMESTAMP('2007-12-21 02:40:12', 'YYYY-MM-DD HH24:MI:SS'), '391.145.244-56', 6, 1, 6);
INSERT INTO ORDEM_COMPRA (NUMERO_NOTA_FISCAL, DATA_HORA, CPF_CLIENTE, CODIGO_FILIAL, MATRICULA_FUNCIONARIO, NUMERO_CAIXA) VALUES (52, TO_TIMESTAMP('2002-02-20 22:41:03', 'YYYY-MM-DD HH24:MI:SS'), '765.981.591-32', 5, 63, 6);
INSERT INTO ORDEM_COMPRA (NUMERO_NOTA_FISCAL, DATA_HORA, CPF_CLIENTE, CODIGO_FILIAL, MATRICULA_FUNCIONARIO, NUMERO_CAIXA) VALUES (53, TO_TIMESTAMP('2003-11-05 21:38:31', 'YYYY-MM-DD HH24:MI:SS'), '178.104.821-41', 9, 101, 9);
INSERT INTO ORDEM_COMPRA (NUMERO_NOTA_FISCAL, DATA_HORA, CPF_CLIENTE, CODIGO_FILIAL, MATRICULA_FUNCIONARIO, NUMERO_CAIXA) VALUES (54, TO_TIMESTAMP('2005-05-23 05:16:07', 'YYYY-MM-DD HH24:MI:SS'), '495.940.578-83', 3, 54, 9);
INSERT INTO ORDEM_COMPRA (NUMERO_NOTA_FISCAL, DATA_HORA, CPF_CLIENTE, CODIGO_FILIAL, MATRICULA_FUNCIONARIO, NUMERO_CAIXA) VALUES (55, TO_TIMESTAMP('2007-07-14 11:55:23', 'YYYY-MM-DD HH24:MI:SS'), '357.305.796-31', 4, 81, 1);
INSERT INTO ORDEM_COMPRA (NUMERO_NOTA_FISCAL, DATA_HORA, CPF_CLIENTE, CODIGO_FILIAL, MATRICULA_FUNCIONARIO, NUMERO_CAIXA) VALUES (56, TO_TIMESTAMP('2017-02-15 19:09:34', 'YYYY-MM-DD HH24:MI:SS'), '240.255.703-69', 2, 128, 1);
INSERT INTO ORDEM_COMPRA (NUMERO_NOTA_FISCAL, DATA_HORA, CPF_CLIENTE, CODIGO_FILIAL, MATRICULA_FUNCIONARIO, NUMERO_CAIXA) VALUES (57, TO_TIMESTAMP('2014-10-05 08:47:51', 'YYYY-MM-DD HH24:MI:SS'), '387.469.201-47', 7, 138, 6);
INSERT INTO ORDEM_COMPRA (NUMERO_NOTA_FISCAL, DATA_HORA, CPF_CLIENTE, CODIGO_FILIAL, MATRICULA_FUNCIONARIO, NUMERO_CAIXA) VALUES (58, TO_TIMESTAMP('2019-05-11 16:54:24', 'YYYY-MM-DD HH24:MI:SS'), '151.406.854-96', 6, 78, 6);
INSERT INTO ORDEM_COMPRA (NUMERO_NOTA_FISCAL, DATA_HORA, CPF_CLIENTE, CODIGO_FILIAL, MATRICULA_FUNCIONARIO, NUMERO_CAIXA) VALUES (59, TO_TIMESTAMP('2007-06-16 17:52:36', 'YYYY-MM-DD HH24:MI:SS'), '462.477.750-95', 2, 31, 8);
INSERT INTO ORDEM_COMPRA (NUMERO_NOTA_FISCAL, DATA_HORA, CPF_CLIENTE, CODIGO_FILIAL, MATRICULA_FUNCIONARIO, NUMERO_CAIXA) VALUES (60, TO_TIMESTAMP('2018-12-06 08:09:23', 'YYYY-MM-DD HH24:MI:SS'), '357.305.796-31', 3, 97, 2);
INSERT INTO ORDEM_COMPRA (NUMERO_NOTA_FISCAL, DATA_HORA, CPF_CLIENTE, CODIGO_FILIAL, MATRICULA_FUNCIONARIO, NUMERO_CAIXA) VALUES (61, TO_TIMESTAMP('2011-10-10 23:05:04', 'YYYY-MM-DD HH24:MI:SS'), '705.117.228-94', 5, 142, 8);
INSERT INTO ORDEM_COMPRA (NUMERO_NOTA_FISCAL, DATA_HORA, CPF_CLIENTE, CODIGO_FILIAL, MATRICULA_FUNCIONARIO, NUMERO_CAIXA) VALUES (62, TO_TIMESTAMP('2019-10-17 07:46:31', 'YYYY-MM-DD HH24:MI:SS'), '510.233.922-70', 2, 80, 6);
INSERT INTO ORDEM_COMPRA (NUMERO_NOTA_FISCAL, DATA_HORA, CPF_CLIENTE, CODIGO_FILIAL, MATRICULA_FUNCIONARIO, NUMERO_CAIXA) VALUES (63, TO_TIMESTAMP('2013-06-11 16:23:30', 'YYYY-MM-DD HH24:MI:SS'), '382.980.843-81', 1, 0, 6);
INSERT INTO ORDEM_COMPRA (NUMERO_NOTA_FISCAL, DATA_HORA, CPF_CLIENTE, CODIGO_FILIAL, MATRICULA_FUNCIONARIO, NUMERO_CAIXA) VALUES (64, TO_TIMESTAMP('2005-05-10 22:54:09', 'YYYY-MM-DD HH24:MI:SS'), '792.799.472-21', 0, 129, 5);
INSERT INTO ORDEM_COMPRA (NUMERO_NOTA_FISCAL, DATA_HORA, CPF_CLIENTE, CODIGO_FILIAL, MATRICULA_FUNCIONARIO, NUMERO_CAIXA) VALUES (65, TO_TIMESTAMP('2010-03-07 23:42:08', 'YYYY-MM-DD HH24:MI:SS'), '267.330.735-16', 9, 53, 1);
INSERT INTO ORDEM_COMPRA (NUMERO_NOTA_FISCAL, DATA_HORA, CPF_CLIENTE, CODIGO_FILIAL, MATRICULA_FUNCIONARIO, NUMERO_CAIXA) VALUES (66, TO_TIMESTAMP('2015-10-07 07:03:19', 'YYYY-MM-DD HH24:MI:SS'), '451.962.782-71', 3, 133, 0);
INSERT INTO ORDEM_COMPRA (NUMERO_NOTA_FISCAL, DATA_HORA, CPF_CLIENTE, CODIGO_FILIAL, MATRICULA_FUNCIONARIO, NUMERO_CAIXA) VALUES (67, TO_TIMESTAMP('2010-05-13 02:18:13', 'YYYY-MM-DD HH24:MI:SS'), '404.723.881-29', 2, 4, 7);
INSERT INTO ORDEM_COMPRA (NUMERO_NOTA_FISCAL, DATA_HORA, CPF_CLIENTE, CODIGO_FILIAL, MATRICULA_FUNCIONARIO, NUMERO_CAIXA) VALUES (68, TO_TIMESTAMP('2010-04-26 06:31:20', 'YYYY-MM-DD HH24:MI:SS'), '178.104.821-41', 9, 36, 6);
INSERT INTO ORDEM_COMPRA (NUMERO_NOTA_FISCAL, DATA_HORA, CPF_CLIENTE, CODIGO_FILIAL, MATRICULA_FUNCIONARIO, NUMERO_CAIXA) VALUES (69, TO_TIMESTAMP('2010-02-16 22:52:04', 'YYYY-MM-DD HH24:MI:SS'), '574.580.554-46', 4, 46, 1);
INSERT INTO ORDEM_COMPRA (NUMERO_NOTA_FISCAL, DATA_HORA, CPF_CLIENTE, CODIGO_FILIAL, MATRICULA_FUNCIONARIO, NUMERO_CAIXA) VALUES (70, TO_TIMESTAMP('2010-01-03 21:36:11', 'YYYY-MM-DD HH24:MI:SS'), '357.305.796-31', 0, 20, 7);
INSERT INTO ORDEM_COMPRA (NUMERO_NOTA_FISCAL, DATA_HORA, CPF_CLIENTE, CODIGO_FILIAL, MATRICULA_FUNCIONARIO, NUMERO_CAIXA) VALUES (71, TO_TIMESTAMP('2003-03-19 19:23:14', 'YYYY-MM-DD HH24:MI:SS'), '181.158.990-67', 7, 140, 1);
INSERT INTO ORDEM_COMPRA (NUMERO_NOTA_FISCAL, DATA_HORA, CPF_CLIENTE, CODIGO_FILIAL, MATRICULA_FUNCIONARIO, NUMERO_CAIXA) VALUES (72, TO_TIMESTAMP('2013-02-27 18:04:43', 'YYYY-MM-DD HH24:MI:SS'), '424.208.503-81', 2, 141, 8);
INSERT INTO ORDEM_COMPRA (NUMERO_NOTA_FISCAL, DATA_HORA, CPF_CLIENTE, CODIGO_FILIAL, MATRICULA_FUNCIONARIO, NUMERO_CAIXA) VALUES (73, TO_TIMESTAMP('2009-02-04 23:04:00', 'YYYY-MM-DD HH24:MI:SS'), '705.117.228-94', 0, 63, 3);
INSERT INTO ORDEM_COMPRA (NUMERO_NOTA_FISCAL, DATA_HORA, CPF_CLIENTE, CODIGO_FILIAL, MATRICULA_FUNCIONARIO, NUMERO_CAIXA) VALUES (74, TO_TIMESTAMP('2016-06-13 07:53:39', 'YYYY-MM-DD HH24:MI:SS'), '232.886.654-76', 0, 49, 4);
INSERT INTO ORDEM_COMPRA (NUMERO_NOTA_FISCAL, DATA_HORA, CPF_CLIENTE, CODIGO_FILIAL, MATRICULA_FUNCIONARIO, NUMERO_CAIXA) VALUES (75, TO_TIMESTAMP('2018-04-14 09:31:56', 'YYYY-MM-DD HH24:MI:SS'), '776.787.529-56', 5, 23, 1);
INSERT INTO ORDEM_COMPRA (NUMERO_NOTA_FISCAL, DATA_HORA, CPF_CLIENTE, CODIGO_FILIAL, MATRICULA_FUNCIONARIO, NUMERO_CAIXA) VALUES (76, TO_TIMESTAMP('2014-06-26 02:00:38', 'YYYY-MM-DD HH24:MI:SS'), '900.708.857-24', 9, 97, 6);
INSERT INTO ORDEM_COMPRA (NUMERO_NOTA_FISCAL, DATA_HORA, CPF_CLIENTE, CODIGO_FILIAL, MATRICULA_FUNCIONARIO, NUMERO_CAIXA) VALUES (77, TO_TIMESTAMP('2018-10-16 21:29:52', 'YYYY-MM-DD HH24:MI:SS'), '832.646.769-57', 0, 16, 9);
INSERT INTO ORDEM_COMPRA (NUMERO_NOTA_FISCAL, DATA_HORA, CPF_CLIENTE, CODIGO_FILIAL, MATRICULA_FUNCIONARIO, NUMERO_CAIXA) VALUES (78, TO_TIMESTAMP('2016-06-13 14:17:33', 'YYYY-MM-DD HH24:MI:SS'), '560.880.470-93', 3, 74, 8);
INSERT INTO ORDEM_COMPRA (NUMERO_NOTA_FISCAL, DATA_HORA, CPF_CLIENTE, CODIGO_FILIAL, MATRICULA_FUNCIONARIO, NUMERO_CAIXA) VALUES (79, TO_TIMESTAMP('2010-10-23 11:06:03', 'YYYY-MM-DD HH24:MI:SS'), '506.757.409-56', 6, 100, 1);
INSERT INTO ORDEM_COMPRA (NUMERO_NOTA_FISCAL, DATA_HORA, CPF_CLIENTE, CODIGO_FILIAL, MATRICULA_FUNCIONARIO, NUMERO_CAIXA) VALUES (80, TO_TIMESTAMP('2009-09-21 16:44:45', 'YYYY-MM-DD HH24:MI:SS'), '450.502.837-42', 7, 93, 0);
INSERT INTO ORDEM_COMPRA (NUMERO_NOTA_FISCAL, DATA_HORA, CPF_CLIENTE, CODIGO_FILIAL, MATRICULA_FUNCIONARIO, NUMERO_CAIXA) VALUES (81, TO_TIMESTAMP('2018-04-22 22:39:21', 'YYYY-MM-DD HH24:MI:SS'), '501.554.878-54', 7, 14, 6);
INSERT INTO ORDEM_COMPRA (NUMERO_NOTA_FISCAL, DATA_HORA, CPF_CLIENTE, CODIGO_FILIAL, MATRICULA_FUNCIONARIO, NUMERO_CAIXA) VALUES (82, TO_TIMESTAMP('2006-06-07 07:52:42', 'YYYY-MM-DD HH24:MI:SS'), '184.457.466-25', 8, 123, 2);
INSERT INTO ORDEM_COMPRA (NUMERO_NOTA_FISCAL, DATA_HORA, CPF_CLIENTE, CODIGO_FILIAL, MATRICULA_FUNCIONARIO, NUMERO_CAIXA) VALUES (83, TO_TIMESTAMP('2012-04-17 00:15:45', 'YYYY-MM-DD HH24:MI:SS'), '886.244.255-70', 6, 35, 5);
INSERT INTO ORDEM_COMPRA (NUMERO_NOTA_FISCAL, DATA_HORA, CPF_CLIENTE, CODIGO_FILIAL, MATRICULA_FUNCIONARIO, NUMERO_CAIXA) VALUES (84, TO_TIMESTAMP('2017-06-22 11:48:07', 'YYYY-MM-DD HH24:MI:SS'), '148.466.975-97', 0, 103, 8);
INSERT INTO ORDEM_COMPRA (NUMERO_NOTA_FISCAL, DATA_HORA, CPF_CLIENTE, CODIGO_FILIAL, MATRICULA_FUNCIONARIO, NUMERO_CAIXA) VALUES (85, TO_TIMESTAMP('2018-06-05 23:12:33', 'YYYY-MM-DD HH24:MI:SS'), '525.597.710-79', 7, 26, 1);
INSERT INTO ORDEM_COMPRA (NUMERO_NOTA_FISCAL, DATA_HORA, CPF_CLIENTE, CODIGO_FILIAL, MATRICULA_FUNCIONARIO, NUMERO_CAIXA) VALUES (86, TO_TIMESTAMP('2009-06-26 08:05:12', 'YYYY-MM-DD HH24:MI:SS'), '765.981.591-32', 6, 72, 5);
INSERT INTO ORDEM_COMPRA (NUMERO_NOTA_FISCAL, DATA_HORA, CPF_CLIENTE, CODIGO_FILIAL, MATRICULA_FUNCIONARIO, NUMERO_CAIXA) VALUES (87, TO_TIMESTAMP('2009-07-18 07:44:18', 'YYYY-MM-DD HH24:MI:SS'), '833.228.619-20', 3, 65, 8);
INSERT INTO ORDEM_COMPRA (NUMERO_NOTA_FISCAL, DATA_HORA, CPF_CLIENTE, CODIGO_FILIAL, MATRICULA_FUNCIONARIO, NUMERO_CAIXA) VALUES (88, TO_TIMESTAMP('2016-06-08 02:20:08', 'YYYY-MM-DD HH24:MI:SS'), '178.104.821-41', 1, 138, 6);
INSERT INTO ORDEM_COMPRA (NUMERO_NOTA_FISCAL, DATA_HORA, CPF_CLIENTE, CODIGO_FILIAL, MATRICULA_FUNCIONARIO, NUMERO_CAIXA) VALUES (89, TO_TIMESTAMP('2015-08-11 15:49:03', 'YYYY-MM-DD HH24:MI:SS'), '754.720.328-99', 7, 96, 6);
INSERT INTO ORDEM_COMPRA (NUMERO_NOTA_FISCAL, DATA_HORA, CPF_CLIENTE, CODIGO_FILIAL, MATRICULA_FUNCIONARIO, NUMERO_CAIXA) VALUES (90, TO_TIMESTAMP('2004-07-19 22:12:29', 'YYYY-MM-DD HH24:MI:SS'), '125.586.706-79', 2, 84, 8);
INSERT INTO ORDEM_COMPRA (NUMERO_NOTA_FISCAL, DATA_HORA, CPF_CLIENTE, CODIGO_FILIAL, MATRICULA_FUNCIONARIO, NUMERO_CAIXA) VALUES (91, TO_TIMESTAMP('2015-01-11 09:06:41', 'YYYY-MM-DD HH24:MI:SS'), '430.577.125-29', 9, 119, 0);
INSERT INTO ORDEM_COMPRA (NUMERO_NOTA_FISCAL, DATA_HORA, CPF_CLIENTE, CODIGO_FILIAL, MATRICULA_FUNCIONARIO, NUMERO_CAIXA) VALUES (92, TO_TIMESTAMP('2007-04-21 08:17:52', 'YYYY-MM-DD HH24:MI:SS'), '137.904.448-17', 6, 146, 8);
INSERT INTO ORDEM_COMPRA (NUMERO_NOTA_FISCAL, DATA_HORA, CPF_CLIENTE, CODIGO_FILIAL, MATRICULA_FUNCIONARIO, NUMERO_CAIXA) VALUES (93, TO_TIMESTAMP('2010-02-18 13:16:10', 'YYYY-MM-DD HH24:MI:SS'), '510.175.115-91', 3, 80, 0);
INSERT INTO ORDEM_COMPRA (NUMERO_NOTA_FISCAL, DATA_HORA, CPF_CLIENTE, CODIGO_FILIAL, MATRICULA_FUNCIONARIO, NUMERO_CAIXA) VALUES (94, TO_TIMESTAMP('2008-10-14 03:17:48', 'YYYY-MM-DD HH24:MI:SS'), '820.427.123-27', 7, 43, 8);
INSERT INTO ORDEM_COMPRA (NUMERO_NOTA_FISCAL, DATA_HORA, CPF_CLIENTE, CODIGO_FILIAL, MATRICULA_FUNCIONARIO, NUMERO_CAIXA) VALUES (95, TO_TIMESTAMP('2015-08-10 02:09:49', 'YYYY-MM-DD HH24:MI:SS'), '833.228.619-20', 8, 41, 5);
INSERT INTO ORDEM_COMPRA (NUMERO_NOTA_FISCAL, DATA_HORA, CPF_CLIENTE, CODIGO_FILIAL, MATRICULA_FUNCIONARIO, NUMERO_CAIXA) VALUES (96, TO_TIMESTAMP('2006-02-08 04:45:00', 'YYYY-MM-DD HH24:MI:SS'), '735.416.775-58', 4, 60, 6);
INSERT INTO ORDEM_COMPRA (NUMERO_NOTA_FISCAL, DATA_HORA, CPF_CLIENTE, CODIGO_FILIAL, MATRICULA_FUNCIONARIO, NUMERO_CAIXA) VALUES (97, TO_TIMESTAMP('2001-10-21 17:22:45', 'YYYY-MM-DD HH24:MI:SS'), '962.396.834-43', 4, 41, 2);
INSERT INTO ORDEM_COMPRA (NUMERO_NOTA_FISCAL, DATA_HORA, CPF_CLIENTE, CODIGO_FILIAL, MATRICULA_FUNCIONARIO, NUMERO_CAIXA) VALUES (98, TO_TIMESTAMP('2009-03-03 07:24:53', 'YYYY-MM-DD HH24:MI:SS'), '336.635.504-19', 4, 29, 7);
INSERT INTO ORDEM_COMPRA (NUMERO_NOTA_FISCAL, DATA_HORA, CPF_CLIENTE, CODIGO_FILIAL, MATRICULA_FUNCIONARIO, NUMERO_CAIXA) VALUES (99, TO_TIMESTAMP('2016-05-22 00:34:47', 'YYYY-MM-DD HH24:MI:SS'), '738.466.525-68', 3, 140, 4);
INSERT INTO ORDEM_COMPRA (NUMERO_NOTA_FISCAL, DATA_HORA, CPF_CLIENTE, CODIGO_FILIAL, MATRICULA_FUNCIONARIO, NUMERO_CAIXA) VALUES (100, TO_TIMESTAMP('2006-07-18 23:15:42', 'YYYY-MM-DD HH24:MI:SS'), '862.124.920-69', 2, 108, 6);
INSERT INTO ORDEM_COMPRA (NUMERO_NOTA_FISCAL, DATA_HORA, CPF_CLIENTE, CODIGO_FILIAL, MATRICULA_FUNCIONARIO, NUMERO_CAIXA) VALUES (101, TO_TIMESTAMP('2007-07-22 16:15:15', 'YYYY-MM-DD HH24:MI:SS'), '501.543.309-69', 4, 36, 5);
INSERT INTO ORDEM_COMPRA (NUMERO_NOTA_FISCAL, DATA_HORA, CPF_CLIENTE, CODIGO_FILIAL, MATRICULA_FUNCIONARIO, NUMERO_CAIXA) VALUES (102, TO_TIMESTAMP('2003-05-27 03:55:48', 'YYYY-MM-DD HH24:MI:SS'), '864.734.871-16', 6, 45, 5);
INSERT INTO ORDEM_COMPRA (NUMERO_NOTA_FISCAL, DATA_HORA, CPF_CLIENTE, CODIGO_FILIAL, MATRICULA_FUNCIONARIO, NUMERO_CAIXA) VALUES (103, TO_TIMESTAMP('2012-11-16 02:18:40', 'YYYY-MM-DD HH24:MI:SS'), '880.783.793-65', 9, 149, 9);
INSERT INTO ORDEM_COMPRA (NUMERO_NOTA_FISCAL, DATA_HORA, CPF_CLIENTE, CODIGO_FILIAL, MATRICULA_FUNCIONARIO, NUMERO_CAIXA) VALUES (104, TO_TIMESTAMP('2004-01-20 19:19:02', 'YYYY-MM-DD HH24:MI:SS'), '935.880.805-66', 7, 51, 6);
INSERT INTO ORDEM_COMPRA (NUMERO_NOTA_FISCAL, DATA_HORA, CPF_CLIENTE, CODIGO_FILIAL, MATRICULA_FUNCIONARIO, NUMERO_CAIXA) VALUES (105, TO_TIMESTAMP('2014-09-15 17:41:58', 'YYYY-MM-DD HH24:MI:SS'), '564.786.773-93', 9, 15, 7);
INSERT INTO ORDEM_COMPRA (NUMERO_NOTA_FISCAL, DATA_HORA, CPF_CLIENTE, CODIGO_FILIAL, MATRICULA_FUNCIONARIO, NUMERO_CAIXA) VALUES (106, TO_TIMESTAMP('2016-02-27 10:11:52', 'YYYY-MM-DD HH24:MI:SS'), '343.761.816-12', 4, 61, 7);
INSERT INTO ORDEM_COMPRA (NUMERO_NOTA_FISCAL, DATA_HORA, CPF_CLIENTE, CODIGO_FILIAL, MATRICULA_FUNCIONARIO, NUMERO_CAIXA) VALUES (107, TO_TIMESTAMP('2004-08-12 12:15:35', 'YYYY-MM-DD HH24:MI:SS'), '460.314.834-91', 6, 5, 9);
INSERT INTO ORDEM_COMPRA (NUMERO_NOTA_FISCAL, DATA_HORA, CPF_CLIENTE, CODIGO_FILIAL, MATRICULA_FUNCIONARIO, NUMERO_CAIXA) VALUES (108, TO_TIMESTAMP('2004-06-16 13:07:00', 'YYYY-MM-DD HH24:MI:SS'), '424.208.503-81', 5, 112, 2);
INSERT INTO ORDEM_COMPRA (NUMERO_NOTA_FISCAL, DATA_HORA, CPF_CLIENTE, CODIGO_FILIAL, MATRICULA_FUNCIONARIO, NUMERO_CAIXA) VALUES (109, TO_TIMESTAMP('2009-11-06 20:55:58', 'YYYY-MM-DD HH24:MI:SS'), '328.531.493-12', 6, 30, 7);
INSERT INTO ORDEM_COMPRA (NUMERO_NOTA_FISCAL, DATA_HORA, CPF_CLIENTE, CODIGO_FILIAL, MATRICULA_FUNCIONARIO, NUMERO_CAIXA) VALUES (110, TO_TIMESTAMP('2000-04-28 11:07:52', 'YYYY-MM-DD HH24:MI:SS'), '493.589.621-14', 4, 71, 8);
INSERT INTO ORDEM_COMPRA (NUMERO_NOTA_FISCAL, DATA_HORA, CPF_CLIENTE, CODIGO_FILIAL, MATRICULA_FUNCIONARIO, NUMERO_CAIXA) VALUES (111, TO_TIMESTAMP('2008-05-28 20:23:20', 'YYYY-MM-DD HH24:MI:SS'), '334.516.510-81', 7, 108, 9);
INSERT INTO ORDEM_COMPRA (NUMERO_NOTA_FISCAL, DATA_HORA, CPF_CLIENTE, CODIGO_FILIAL, MATRICULA_FUNCIONARIO, NUMERO_CAIXA) VALUES (112, TO_TIMESTAMP('2012-10-03 02:29:06', 'YYYY-MM-DD HH24:MI:SS'), '450.748.582-27', 1, 119, 5);
INSERT INTO ORDEM_COMPRA (NUMERO_NOTA_FISCAL, DATA_HORA, CPF_CLIENTE, CODIGO_FILIAL, MATRICULA_FUNCIONARIO, NUMERO_CAIXA) VALUES (113, TO_TIMESTAMP('2007-09-12 10:55:56', 'YYYY-MM-DD HH24:MI:SS'), '880.783.793-65', 2, 97, 8);
INSERT INTO ORDEM_COMPRA (NUMERO_NOTA_FISCAL, DATA_HORA, CPF_CLIENTE, CODIGO_FILIAL, MATRICULA_FUNCIONARIO, NUMERO_CAIXA) VALUES (114, TO_TIMESTAMP('2006-09-06 01:54:39', 'YYYY-MM-DD HH24:MI:SS'), '478.295.544-38', 0, 118, 4);
INSERT INTO ORDEM_COMPRA (NUMERO_NOTA_FISCAL, DATA_HORA, CPF_CLIENTE, CODIGO_FILIAL, MATRICULA_FUNCIONARIO, NUMERO_CAIXA) VALUES (115, TO_TIMESTAMP('2019-12-26 17:17:01', 'YYYY-MM-DD HH24:MI:SS'), '158.116.173-47', 5, 42, 5);
INSERT INTO ORDEM_COMPRA (NUMERO_NOTA_FISCAL, DATA_HORA, CPF_CLIENTE, CODIGO_FILIAL, MATRICULA_FUNCIONARIO, NUMERO_CAIXA) VALUES (116, TO_TIMESTAMP('2001-12-14 15:54:02', 'YYYY-MM-DD HH24:MI:SS'), '382.980.843-81', 5, 8, 5);
INSERT INTO ORDEM_COMPRA (NUMERO_NOTA_FISCAL, DATA_HORA, CPF_CLIENTE, CODIGO_FILIAL, MATRICULA_FUNCIONARIO, NUMERO_CAIXA) VALUES (117, TO_TIMESTAMP('2012-10-22 19:34:22', 'YYYY-MM-DD HH24:MI:SS'), '935.880.805-66', 7, 56, 9);
INSERT INTO ORDEM_COMPRA (NUMERO_NOTA_FISCAL, DATA_HORA, CPF_CLIENTE, CODIGO_FILIAL, MATRICULA_FUNCIONARIO, NUMERO_CAIXA) VALUES (118, TO_TIMESTAMP('2008-09-12 14:59:58', 'YYYY-MM-DD HH24:MI:SS'), '747.499.418-84', 5, 110, 1);
INSERT INTO ORDEM_COMPRA (NUMERO_NOTA_FISCAL, DATA_HORA, CPF_CLIENTE, CODIGO_FILIAL, MATRICULA_FUNCIONARIO, NUMERO_CAIXA) VALUES (119, TO_TIMESTAMP('2014-11-25 20:10:06', 'YYYY-MM-DD HH24:MI:SS'), '327.846.994-67', 2, 148, 2);
INSERT INTO ORDEM_COMPRA (NUMERO_NOTA_FISCAL, DATA_HORA, CPF_CLIENTE, CODIGO_FILIAL, MATRICULA_FUNCIONARIO, NUMERO_CAIXA) VALUES (120, TO_TIMESTAMP('2007-04-25 21:46:16', 'YYYY-MM-DD HH24:MI:SS'), '414.880.839-76', 0, 38, 1);
INSERT INTO ORDEM_COMPRA (NUMERO_NOTA_FISCAL, DATA_HORA, CPF_CLIENTE, CODIGO_FILIAL, MATRICULA_FUNCIONARIO, NUMERO_CAIXA) VALUES (121, TO_TIMESTAMP('2002-09-25 05:46:25', 'YYYY-MM-DD HH24:MI:SS'), '960.350.526-50', 2, 123, 1);
INSERT INTO ORDEM_COMPRA (NUMERO_NOTA_FISCAL, DATA_HORA, CPF_CLIENTE, CODIGO_FILIAL, MATRICULA_FUNCIONARIO, NUMERO_CAIXA) VALUES (122, TO_TIMESTAMP('2010-11-10 13:24:17', 'YYYY-MM-DD HH24:MI:SS'), '290.453.869-51', 7, 77, 0);
INSERT INTO ORDEM_COMPRA (NUMERO_NOTA_FISCAL, DATA_HORA, CPF_CLIENTE, CODIGO_FILIAL, MATRICULA_FUNCIONARIO, NUMERO_CAIXA) VALUES (123, TO_TIMESTAMP('2018-01-22 18:45:21', 'YYYY-MM-DD HH24:MI:SS'), '213.754.171-65', 4, 94, 9);
INSERT INTO ORDEM_COMPRA (NUMERO_NOTA_FISCAL, DATA_HORA, CPF_CLIENTE, CODIGO_FILIAL, MATRICULA_FUNCIONARIO, NUMERO_CAIXA) VALUES (124, TO_TIMESTAMP('2009-12-11 01:32:46', 'YYYY-MM-DD HH24:MI:SS'), '960.350.526-50', 9, 8, 5);
INSERT INTO ORDEM_COMPRA (NUMERO_NOTA_FISCAL, DATA_HORA, CPF_CLIENTE, CODIGO_FILIAL, MATRICULA_FUNCIONARIO, NUMERO_CAIXA) VALUES (125, TO_TIMESTAMP('2015-02-08 23:42:43', 'YYYY-MM-DD HH24:MI:SS'), '394.529.173-47', 6, 65, 3);
INSERT INTO ORDEM_COMPRA (NUMERO_NOTA_FISCAL, DATA_HORA, CPF_CLIENTE, CODIGO_FILIAL, MATRICULA_FUNCIONARIO, NUMERO_CAIXA) VALUES (126, TO_TIMESTAMP('2008-02-22 03:48:04', 'YYYY-MM-DD HH24:MI:SS'), '178.104.821-41', 8, 57, 9);
INSERT INTO ORDEM_COMPRA (NUMERO_NOTA_FISCAL, DATA_HORA, CPF_CLIENTE, CODIGO_FILIAL, MATRICULA_FUNCIONARIO, NUMERO_CAIXA) VALUES (127, TO_TIMESTAMP('2015-07-02 03:07:37', 'YYYY-MM-DD HH24:MI:SS'), '705.371.685-91', 4, 67, 2);
INSERT INTO ORDEM_COMPRA (NUMERO_NOTA_FISCAL, DATA_HORA, CPF_CLIENTE, CODIGO_FILIAL, MATRICULA_FUNCIONARIO, NUMERO_CAIXA) VALUES (128, TO_TIMESTAMP('2012-01-04 10:33:57', 'YYYY-MM-DD HH24:MI:SS'), '605.645.193-40', 9, 39, 7);
INSERT INTO ORDEM_COMPRA (NUMERO_NOTA_FISCAL, DATA_HORA, CPF_CLIENTE, CODIGO_FILIAL, MATRICULA_FUNCIONARIO, NUMERO_CAIXA) VALUES (129, TO_TIMESTAMP('2018-12-03 08:09:46', 'YYYY-MM-DD HH24:MI:SS'), '519.210.735-65', 2, 109, 9);
INSERT INTO ORDEM_COMPRA (NUMERO_NOTA_FISCAL, DATA_HORA, CPF_CLIENTE, CODIGO_FILIAL, MATRICULA_FUNCIONARIO, NUMERO_CAIXA) VALUES (130, TO_TIMESTAMP('2002-09-18 23:27:14', 'YYYY-MM-DD HH24:MI:SS'), '935.880.805-66', 3, 36, 5);
INSERT INTO ORDEM_COMPRA (NUMERO_NOTA_FISCAL, DATA_HORA, CPF_CLIENTE, CODIGO_FILIAL, MATRICULA_FUNCIONARIO, NUMERO_CAIXA) VALUES (131, TO_TIMESTAMP('2002-06-07 08:36:51', 'YYYY-MM-DD HH24:MI:SS'), '911.294.522-97', 2, 17, 3);
INSERT INTO ORDEM_COMPRA (NUMERO_NOTA_FISCAL, DATA_HORA, CPF_CLIENTE, CODIGO_FILIAL, MATRICULA_FUNCIONARIO, NUMERO_CAIXA) VALUES (132, TO_TIMESTAMP('2014-05-26 00:03:40', 'YYYY-MM-DD HH24:MI:SS'), '748.187.553-52', 3, 7, 1);
INSERT INTO ORDEM_COMPRA (NUMERO_NOTA_FISCAL, DATA_HORA, CPF_CLIENTE, CODIGO_FILIAL, MATRICULA_FUNCIONARIO, NUMERO_CAIXA) VALUES (133, TO_TIMESTAMP('2011-06-03 04:40:50', 'YYYY-MM-DD HH24:MI:SS'), '705.117.228-94', 2, 104, 9);
INSERT INTO ORDEM_COMPRA (NUMERO_NOTA_FISCAL, DATA_HORA, CPF_CLIENTE, CODIGO_FILIAL, MATRICULA_FUNCIONARIO, NUMERO_CAIXA) VALUES (134, TO_TIMESTAMP('2006-02-14 06:54:02', 'YYYY-MM-DD HH24:MI:SS'), '827.407.251-97', 1, 33, 6);
INSERT INTO ORDEM_COMPRA (NUMERO_NOTA_FISCAL, DATA_HORA, CPF_CLIENTE, CODIGO_FILIAL, MATRICULA_FUNCIONARIO, NUMERO_CAIXA) VALUES (135, TO_TIMESTAMP('2002-02-14 16:20:04', 'YYYY-MM-DD HH24:MI:SS'), '949.775.956-92', 4, 25, 8);
INSERT INTO ORDEM_COMPRA (NUMERO_NOTA_FISCAL, DATA_HORA, CPF_CLIENTE, CODIGO_FILIAL, MATRICULA_FUNCIONARIO, NUMERO_CAIXA) VALUES (136, TO_TIMESTAMP('2006-04-23 00:26:15', 'YYYY-MM-DD HH24:MI:SS'), '823.295.579-60', 1, 146, 4);
INSERT INTO ORDEM_COMPRA (NUMERO_NOTA_FISCAL, DATA_HORA, CPF_CLIENTE, CODIGO_FILIAL, MATRICULA_FUNCIONARIO, NUMERO_CAIXA) VALUES (137, TO_TIMESTAMP('2017-05-13 05:44:47', 'YYYY-MM-DD HH24:MI:SS'), '989.796.553-83', 5, 29, 4);
INSERT INTO ORDEM_COMPRA (NUMERO_NOTA_FISCAL, DATA_HORA, CPF_CLIENTE, CODIGO_FILIAL, MATRICULA_FUNCIONARIO, NUMERO_CAIXA) VALUES (138, TO_TIMESTAMP('2003-07-04 12:49:31', 'YYYY-MM-DD HH24:MI:SS'), '832.646.769-57', 2, 67, 7);
INSERT INTO ORDEM_COMPRA (NUMERO_NOTA_FISCAL, DATA_HORA, CPF_CLIENTE, CODIGO_FILIAL, MATRICULA_FUNCIONARIO, NUMERO_CAIXA) VALUES (139, TO_TIMESTAMP('2013-04-22 13:57:54', 'YYYY-MM-DD HH24:MI:SS'), '493.452.282-39', 2, 86, 6);
INSERT INTO ORDEM_COMPRA (NUMERO_NOTA_FISCAL, DATA_HORA, CPF_CLIENTE, CODIGO_FILIAL, MATRICULA_FUNCIONARIO, NUMERO_CAIXA) VALUES (140, TO_TIMESTAMP('2015-11-20 20:00:33', 'YYYY-MM-DD HH24:MI:SS'), '343.761.816-12', 0, 107, 6);
INSERT INTO ORDEM_COMPRA (NUMERO_NOTA_FISCAL, DATA_HORA, CPF_CLIENTE, CODIGO_FILIAL, MATRICULA_FUNCIONARIO, NUMERO_CAIXA) VALUES (141, TO_TIMESTAMP('2017-01-24 23:34:50', 'YYYY-MM-DD HH24:MI:SS'), '666.657.575-68', 0, 18, 1);
INSERT INTO ORDEM_COMPRA (NUMERO_NOTA_FISCAL, DATA_HORA, CPF_CLIENTE, CODIGO_FILIAL, MATRICULA_FUNCIONARIO, NUMERO_CAIXA) VALUES (142, TO_TIMESTAMP('2011-07-20 03:56:51', 'YYYY-MM-DD HH24:MI:SS'), '385.469.965-68', 5, 110, 6);
INSERT INTO ORDEM_COMPRA (NUMERO_NOTA_FISCAL, DATA_HORA, CPF_CLIENTE, CODIGO_FILIAL, MATRICULA_FUNCIONARIO, NUMERO_CAIXA) VALUES (143, TO_TIMESTAMP('2016-10-02 07:34:04', 'YYYY-MM-DD HH24:MI:SS'), '765.981.591-32', 6, 55, 0);
INSERT INTO ORDEM_COMPRA (NUMERO_NOTA_FISCAL, DATA_HORA, CPF_CLIENTE, CODIGO_FILIAL, MATRICULA_FUNCIONARIO, NUMERO_CAIXA) VALUES (144, TO_TIMESTAMP('2010-03-17 12:16:52', 'YYYY-MM-DD HH24:MI:SS'), '414.880.839-76', 2, 132, 7);
INSERT INTO ORDEM_COMPRA (NUMERO_NOTA_FISCAL, DATA_HORA, CPF_CLIENTE, CODIGO_FILIAL, MATRICULA_FUNCIONARIO, NUMERO_CAIXA) VALUES (145, TO_TIMESTAMP('2003-12-24 06:42:11', 'YYYY-MM-DD HH24:MI:SS'), '499.578.748-57', 0, 70, 2);
INSERT INTO ORDEM_COMPRA (NUMERO_NOTA_FISCAL, DATA_HORA, CPF_CLIENTE, CODIGO_FILIAL, MATRICULA_FUNCIONARIO, NUMERO_CAIXA) VALUES (146, TO_TIMESTAMP('2007-12-27 08:29:40', 'YYYY-MM-DD HH24:MI:SS'), '600.728.786-85', 2, 43, 6);
INSERT INTO ORDEM_COMPRA (NUMERO_NOTA_FISCAL, DATA_HORA, CPF_CLIENTE, CODIGO_FILIAL, MATRICULA_FUNCIONARIO, NUMERO_CAIXA) VALUES (147, TO_TIMESTAMP('2012-03-08 22:42:15', 'YYYY-MM-DD HH24:MI:SS'), '182.731.730-94', 0, 44, 1);
INSERT INTO ORDEM_COMPRA (NUMERO_NOTA_FISCAL, DATA_HORA, CPF_CLIENTE, CODIGO_FILIAL, MATRICULA_FUNCIONARIO, NUMERO_CAIXA) VALUES (148, TO_TIMESTAMP('2016-10-28 03:41:28', 'YYYY-MM-DD HH24:MI:SS'), '556.180.694-55', 5, 77, 2);
INSERT INTO ORDEM_COMPRA (NUMERO_NOTA_FISCAL, DATA_HORA, CPF_CLIENTE, CODIGO_FILIAL, MATRICULA_FUNCIONARIO, NUMERO_CAIXA) VALUES (149, TO_TIMESTAMP('2013-10-05 13:58:21', 'YYYY-MM-DD HH24:MI:SS'), '232.886.654-76', 6, 45, 2);
INSERT INTO ORDEM_COMPRA (NUMERO_NOTA_FISCAL, DATA_HORA, CPF_CLIENTE, CODIGO_FILIAL, MATRICULA_FUNCIONARIO, NUMERO_CAIXA) VALUES (150, TO_TIMESTAMP('2002-07-19 02:37:06', 'YYYY-MM-DD HH24:MI:SS'), '510.175.115-91', 4, 9, 1);
INSERT INTO ORDEM_COMPRA (NUMERO_NOTA_FISCAL, DATA_HORA, CPF_CLIENTE, CODIGO_FILIAL, MATRICULA_FUNCIONARIO, NUMERO_CAIXA) VALUES (151, TO_TIMESTAMP('2006-10-17 23:18:25', 'YYYY-MM-DD HH24:MI:SS'), '208.478.180-66', 9, 46, 9);
INSERT INTO ORDEM_COMPRA (NUMERO_NOTA_FISCAL, DATA_HORA, CPF_CLIENTE, CODIGO_FILIAL, MATRICULA_FUNCIONARIO, NUMERO_CAIXA) VALUES (152, TO_TIMESTAMP('2000-05-17 14:02:12', 'YYYY-MM-DD HH24:MI:SS'), '404.723.881-29', 2, 18, 7);
INSERT INTO ORDEM_COMPRA (NUMERO_NOTA_FISCAL, DATA_HORA, CPF_CLIENTE, CODIGO_FILIAL, MATRICULA_FUNCIONARIO, NUMERO_CAIXA) VALUES (153, TO_TIMESTAMP('2006-05-20 16:28:33', 'YYYY-MM-DD HH24:MI:SS'), '417.620.940-29', 2, 75, 6);
INSERT INTO ORDEM_COMPRA (NUMERO_NOTA_FISCAL, DATA_HORA, CPF_CLIENTE, CODIGO_FILIAL, MATRICULA_FUNCIONARIO, NUMERO_CAIXA) VALUES (154, TO_TIMESTAMP('2000-01-18 22:06:06', 'YYYY-MM-DD HH24:MI:SS'), '249.611.422-61', 2, 144, 1);
INSERT INTO ORDEM_COMPRA (NUMERO_NOTA_FISCAL, DATA_HORA, CPF_CLIENTE, CODIGO_FILIAL, MATRICULA_FUNCIONARIO, NUMERO_CAIXA) VALUES (155, TO_TIMESTAMP('2016-10-09 17:53:16', 'YYYY-MM-DD HH24:MI:SS'), '502.149.957-81', 8, 71, 0);
INSERT INTO ORDEM_COMPRA (NUMERO_NOTA_FISCAL, DATA_HORA, CPF_CLIENTE, CODIGO_FILIAL, MATRICULA_FUNCIONARIO, NUMERO_CAIXA) VALUES (156, TO_TIMESTAMP('2011-02-13 19:29:00', 'YYYY-MM-DD HH24:MI:SS'), '677.786.360-67', 1, 149, 6);
INSERT INTO ORDEM_COMPRA (NUMERO_NOTA_FISCAL, DATA_HORA, CPF_CLIENTE, CODIGO_FILIAL, MATRICULA_FUNCIONARIO, NUMERO_CAIXA) VALUES (157, TO_TIMESTAMP('2009-09-26 20:50:24', 'YYYY-MM-DD HH24:MI:SS'), '523.569.345-65', 4, 61, 6);
INSERT INTO ORDEM_COMPRA (NUMERO_NOTA_FISCAL, DATA_HORA, CPF_CLIENTE, CODIGO_FILIAL, MATRICULA_FUNCIONARIO, NUMERO_CAIXA) VALUES (158, TO_TIMESTAMP('2000-10-05 08:55:59', 'YYYY-MM-DD HH24:MI:SS'), '864.734.871-16', 0, 64, 1);
INSERT INTO ORDEM_COMPRA (NUMERO_NOTA_FISCAL, DATA_HORA, CPF_CLIENTE, CODIGO_FILIAL, MATRICULA_FUNCIONARIO, NUMERO_CAIXA) VALUES (159, TO_TIMESTAMP('2003-02-24 18:41:19', 'YYYY-MM-DD HH24:MI:SS'), '212.372.218-58', 5, 75, 2);
INSERT INTO ORDEM_COMPRA (NUMERO_NOTA_FISCAL, DATA_HORA, CPF_CLIENTE, CODIGO_FILIAL, MATRICULA_FUNCIONARIO, NUMERO_CAIXA) VALUES (160, TO_TIMESTAMP('2009-06-13 03:17:41', 'YYYY-MM-DD HH24:MI:SS'), '145.250.540-55', 3, 42, 3);
INSERT INTO ORDEM_COMPRA (NUMERO_NOTA_FISCAL, DATA_HORA, CPF_CLIENTE, CODIGO_FILIAL, MATRICULA_FUNCIONARIO, NUMERO_CAIXA) VALUES (161, TO_TIMESTAMP('2016-07-03 22:01:03', 'YYYY-MM-DD HH24:MI:SS'), '979.623.293-90', 9, 72, 5);
INSERT INTO ORDEM_COMPRA (NUMERO_NOTA_FISCAL, DATA_HORA, CPF_CLIENTE, CODIGO_FILIAL, MATRICULA_FUNCIONARIO, NUMERO_CAIXA) VALUES (162, TO_TIMESTAMP('2001-04-19 18:09:35', 'YYYY-MM-DD HH24:MI:SS'), '880.783.793-65', 4, 62, 8);
INSERT INTO ORDEM_COMPRA (NUMERO_NOTA_FISCAL, DATA_HORA, CPF_CLIENTE, CODIGO_FILIAL, MATRICULA_FUNCIONARIO, NUMERO_CAIXA) VALUES (163, TO_TIMESTAMP('2003-06-27 11:43:36', 'YYYY-MM-DD HH24:MI:SS'), '864.734.871-16', 0, 145, 0);
INSERT INTO ORDEM_COMPRA (NUMERO_NOTA_FISCAL, DATA_HORA, CPF_CLIENTE, CODIGO_FILIAL, MATRICULA_FUNCIONARIO, NUMERO_CAIXA) VALUES (164, TO_TIMESTAMP('2006-03-20 06:29:48', 'YYYY-MM-DD HH24:MI:SS'), '186.258.891-78', 2, 135, 0);
INSERT INTO ORDEM_COMPRA (NUMERO_NOTA_FISCAL, DATA_HORA, CPF_CLIENTE, CODIGO_FILIAL, MATRICULA_FUNCIONARIO, NUMERO_CAIXA) VALUES (165, TO_TIMESTAMP('2007-12-19 15:56:44', 'YYYY-MM-DD HH24:MI:SS'), '525.597.710-79', 0, 53, 0);
INSERT INTO ORDEM_COMPRA (NUMERO_NOTA_FISCAL, DATA_HORA, CPF_CLIENTE, CODIGO_FILIAL, MATRICULA_FUNCIONARIO, NUMERO_CAIXA) VALUES (166, TO_TIMESTAMP('2005-05-23 13:26:06', 'YYYY-MM-DD HH24:MI:SS'), '211.315.554-10', 2, 43, 9);
INSERT INTO ORDEM_COMPRA (NUMERO_NOTA_FISCAL, DATA_HORA, CPF_CLIENTE, CODIGO_FILIAL, MATRICULA_FUNCIONARIO, NUMERO_CAIXA) VALUES (167, TO_TIMESTAMP('2019-08-17 17:45:09', 'YYYY-MM-DD HH24:MI:SS'), '462.477.750-95', 9, 37, 9);
INSERT INTO ORDEM_COMPRA (NUMERO_NOTA_FISCAL, DATA_HORA, CPF_CLIENTE, CODIGO_FILIAL, MATRICULA_FUNCIONARIO, NUMERO_CAIXA) VALUES (168, TO_TIMESTAMP('2001-06-05 13:02:06', 'YYYY-MM-DD HH24:MI:SS'), '396.536.800-16', 1, 53, 7);
INSERT INTO ORDEM_COMPRA (NUMERO_NOTA_FISCAL, DATA_HORA, CPF_CLIENTE, CODIGO_FILIAL, MATRICULA_FUNCIONARIO, NUMERO_CAIXA) VALUES (169, TO_TIMESTAMP('2004-07-09 19:17:28', 'YYYY-MM-DD HH24:MI:SS'), '935.880.805-66', 1, 135, 0);
INSERT INTO ORDEM_COMPRA (NUMERO_NOTA_FISCAL, DATA_HORA, CPF_CLIENTE, CODIGO_FILIAL, MATRICULA_FUNCIONARIO, NUMERO_CAIXA) VALUES (170, TO_TIMESTAMP('2017-02-10 18:06:05', 'YYYY-MM-DD HH24:MI:SS'), '100.636.736-48', 0, 119, 2);
INSERT INTO ORDEM_COMPRA (NUMERO_NOTA_FISCAL, DATA_HORA, CPF_CLIENTE, CODIGO_FILIAL, MATRICULA_FUNCIONARIO, NUMERO_CAIXA) VALUES (171, TO_TIMESTAMP('2008-10-03 12:18:17', 'YYYY-MM-DD HH24:MI:SS'), '239.250.347-74', 3, 99, 2);
INSERT INTO ORDEM_COMPRA (NUMERO_NOTA_FISCAL, DATA_HORA, CPF_CLIENTE, CODIGO_FILIAL, MATRICULA_FUNCIONARIO, NUMERO_CAIXA) VALUES (172, TO_TIMESTAMP('2004-09-07 23:26:20', 'YYYY-MM-DD HH24:MI:SS'), '506.757.409-56', 7, 52, 1);
INSERT INTO ORDEM_COMPRA (NUMERO_NOTA_FISCAL, DATA_HORA, CPF_CLIENTE, CODIGO_FILIAL, MATRICULA_FUNCIONARIO, NUMERO_CAIXA) VALUES (173, TO_TIMESTAMP('2019-07-11 08:45:21', 'YYYY-MM-DD HH24:MI:SS'), '911.294.522-97', 8, 13, 4);
INSERT INTO ORDEM_COMPRA (NUMERO_NOTA_FISCAL, DATA_HORA, CPF_CLIENTE, CODIGO_FILIAL, MATRICULA_FUNCIONARIO, NUMERO_CAIXA) VALUES (174, TO_TIMESTAMP('2012-11-05 02:38:34', 'YYYY-MM-DD HH24:MI:SS'), '232.886.654-76', 6, 92, 5);
INSERT INTO ORDEM_COMPRA (NUMERO_NOTA_FISCAL, DATA_HORA, CPF_CLIENTE, CODIGO_FILIAL, MATRICULA_FUNCIONARIO, NUMERO_CAIXA) VALUES (175, TO_TIMESTAMP('2016-02-09 22:44:26', 'YYYY-MM-DD HH24:MI:SS'), '865.552.369-40', 3, 28, 1);
INSERT INTO ORDEM_COMPRA (NUMERO_NOTA_FISCAL, DATA_HORA, CPF_CLIENTE, CODIGO_FILIAL, MATRICULA_FUNCIONARIO, NUMERO_CAIXA) VALUES (176, TO_TIMESTAMP('2005-01-11 01:14:45', 'YYYY-MM-DD HH24:MI:SS'), '414.342.139-15', 2, 42, 7);
INSERT INTO ORDEM_COMPRA (NUMERO_NOTA_FISCAL, DATA_HORA, CPF_CLIENTE, CODIGO_FILIAL, MATRICULA_FUNCIONARIO, NUMERO_CAIXA) VALUES (177, TO_TIMESTAMP('2014-08-01 13:47:45', 'YYYY-MM-DD HH24:MI:SS'), '239.250.347-74', 4, 31, 7);
INSERT INTO ORDEM_COMPRA (NUMERO_NOTA_FISCAL, DATA_HORA, CPF_CLIENTE, CODIGO_FILIAL, MATRICULA_FUNCIONARIO, NUMERO_CAIXA) VALUES (178, TO_TIMESTAMP('2018-11-12 23:30:41', 'YYYY-MM-DD HH24:MI:SS'), '962.222.380-26', 3, 148, 5);
INSERT INTO ORDEM_COMPRA (NUMERO_NOTA_FISCAL, DATA_HORA, CPF_CLIENTE, CODIGO_FILIAL, MATRICULA_FUNCIONARIO, NUMERO_CAIXA) VALUES (179, TO_TIMESTAMP('2005-05-26 21:43:43', 'YYYY-MM-DD HH24:MI:SS'), '887.102.857-27', 1, 68, 0);
INSERT INTO ORDEM_COMPRA (NUMERO_NOTA_FISCAL, DATA_HORA, CPF_CLIENTE, CODIGO_FILIAL, MATRICULA_FUNCIONARIO, NUMERO_CAIXA) VALUES (180, TO_TIMESTAMP('2005-09-28 02:36:18', 'YYYY-MM-DD HH24:MI:SS'), '788.792.275-59', 8, 32, 2);
INSERT INTO ORDEM_COMPRA (NUMERO_NOTA_FISCAL, DATA_HORA, CPF_CLIENTE, CODIGO_FILIAL, MATRICULA_FUNCIONARIO, NUMERO_CAIXA) VALUES (181, TO_TIMESTAMP('2016-10-21 19:53:40', 'YYYY-MM-DD HH24:MI:SS'), '911.294.522-97', 4, 94, 6);
INSERT INTO ORDEM_COMPRA (NUMERO_NOTA_FISCAL, DATA_HORA, CPF_CLIENTE, CODIGO_FILIAL, MATRICULA_FUNCIONARIO, NUMERO_CAIXA) VALUES (182, TO_TIMESTAMP('2017-11-03 03:41:07', 'YYYY-MM-DD HH24:MI:SS'), '842.957.895-15', 8, 72, 9);
INSERT INTO ORDEM_COMPRA (NUMERO_NOTA_FISCAL, DATA_HORA, CPF_CLIENTE, CODIGO_FILIAL, MATRICULA_FUNCIONARIO, NUMERO_CAIXA) VALUES (183, TO_TIMESTAMP('2007-06-13 03:59:12', 'YYYY-MM-DD HH24:MI:SS'), '931.153.133-98', 2, 92, 1);
INSERT INTO ORDEM_COMPRA (NUMERO_NOTA_FISCAL, DATA_HORA, CPF_CLIENTE, CODIGO_FILIAL, MATRICULA_FUNCIONARIO, NUMERO_CAIXA) VALUES (184, TO_TIMESTAMP('2015-12-23 19:22:09', 'YYYY-MM-DD HH24:MI:SS'), '178.104.821-41', 5, 104, 7);
INSERT INTO ORDEM_COMPRA (NUMERO_NOTA_FISCAL, DATA_HORA, CPF_CLIENTE, CODIGO_FILIAL, MATRICULA_FUNCIONARIO, NUMERO_CAIXA) VALUES (185, TO_TIMESTAMP('2018-09-13 13:41:10', 'YYYY-MM-DD HH24:MI:SS'), '600.728.786-85', 5, 97, 6);
INSERT INTO ORDEM_COMPRA (NUMERO_NOTA_FISCAL, DATA_HORA, CPF_CLIENTE, CODIGO_FILIAL, MATRICULA_FUNCIONARIO, NUMERO_CAIXA) VALUES (186, TO_TIMESTAMP('2013-12-07 03:24:00', 'YYYY-MM-DD HH24:MI:SS'), '192.711.929-20', 0, 28, 7);
INSERT INTO ORDEM_COMPRA (NUMERO_NOTA_FISCAL, DATA_HORA, CPF_CLIENTE, CODIGO_FILIAL, MATRICULA_FUNCIONARIO, NUMERO_CAIXA) VALUES (187, TO_TIMESTAMP('2018-02-19 04:09:28', 'YYYY-MM-DD HH24:MI:SS'), '184.457.466-25', 3, 5, 6);
INSERT INTO ORDEM_COMPRA (NUMERO_NOTA_FISCAL, DATA_HORA, CPF_CLIENTE, CODIGO_FILIAL, MATRICULA_FUNCIONARIO, NUMERO_CAIXA) VALUES (188, TO_TIMESTAMP('2000-06-03 14:58:33', 'YYYY-MM-DD HH24:MI:SS'), '738.466.525-68', 0, 115, 6);
INSERT INTO ORDEM_COMPRA (NUMERO_NOTA_FISCAL, DATA_HORA, CPF_CLIENTE, CODIGO_FILIAL, MATRICULA_FUNCIONARIO, NUMERO_CAIXA) VALUES (189, TO_TIMESTAMP('2019-05-04 19:24:10', 'YYYY-MM-DD HH24:MI:SS'), '428.985.391-57', 2, 127, 9);
INSERT INTO ORDEM_COMPRA (NUMERO_NOTA_FISCAL, DATA_HORA, CPF_CLIENTE, CODIGO_FILIAL, MATRICULA_FUNCIONARIO, NUMERO_CAIXA) VALUES (190, TO_TIMESTAMP('2004-03-15 19:46:04', 'YYYY-MM-DD HH24:MI:SS'), '649.315.322-55', 8, 56, 1);
INSERT INTO ORDEM_COMPRA (NUMERO_NOTA_FISCAL, DATA_HORA, CPF_CLIENTE, CODIGO_FILIAL, MATRICULA_FUNCIONARIO, NUMERO_CAIXA) VALUES (191, TO_TIMESTAMP('2002-02-01 09:02:02', 'YYYY-MM-DD HH24:MI:SS'), '151.406.854-96', 4, 136, 1);
INSERT INTO ORDEM_COMPRA (NUMERO_NOTA_FISCAL, DATA_HORA, CPF_CLIENTE, CODIGO_FILIAL, MATRICULA_FUNCIONARIO, NUMERO_CAIXA) VALUES (192, TO_TIMESTAMP('2009-01-27 19:02:29', 'YYYY-MM-DD HH24:MI:SS'), '212.372.218-58', 8, 124, 4);
INSERT INTO ORDEM_COMPRA (NUMERO_NOTA_FISCAL, DATA_HORA, CPF_CLIENTE, CODIGO_FILIAL, MATRICULA_FUNCIONARIO, NUMERO_CAIXA) VALUES (193, TO_TIMESTAMP('2004-11-21 13:17:10', 'YYYY-MM-DD HH24:MI:SS'), '877.813.702-23', 8, 93, 3);
INSERT INTO ORDEM_COMPRA (NUMERO_NOTA_FISCAL, DATA_HORA, CPF_CLIENTE, CODIGO_FILIAL, MATRICULA_FUNCIONARIO, NUMERO_CAIXA) VALUES (194, TO_TIMESTAMP('2010-08-20 20:51:17', 'YYYY-MM-DD HH24:MI:SS'), '820.427.123-27', 2, 2, 1);
INSERT INTO ORDEM_COMPRA (NUMERO_NOTA_FISCAL, DATA_HORA, CPF_CLIENTE, CODIGO_FILIAL, MATRICULA_FUNCIONARIO, NUMERO_CAIXA) VALUES (195, TO_TIMESTAMP('2014-02-04 00:32:38', 'YYYY-MM-DD HH24:MI:SS'), '404.723.881-29', 1, 39, 5);
INSERT INTO ORDEM_COMPRA (NUMERO_NOTA_FISCAL, DATA_HORA, CPF_CLIENTE, CODIGO_FILIAL, MATRICULA_FUNCIONARIO, NUMERO_CAIXA) VALUES (196, TO_TIMESTAMP('2003-08-23 20:34:30', 'YYYY-MM-DD HH24:MI:SS'), '151.406.854-96', 6, 115, 2);
INSERT INTO ORDEM_COMPRA (NUMERO_NOTA_FISCAL, DATA_HORA, CPF_CLIENTE, CODIGO_FILIAL, MATRICULA_FUNCIONARIO, NUMERO_CAIXA) VALUES (197, TO_TIMESTAMP('2006-10-15 03:17:26', 'YYYY-MM-DD HH24:MI:SS'), '858.747.932-47', 3, 10, 1);
INSERT INTO ORDEM_COMPRA (NUMERO_NOTA_FISCAL, DATA_HORA, CPF_CLIENTE, CODIGO_FILIAL, MATRICULA_FUNCIONARIO, NUMERO_CAIXA) VALUES (198, TO_TIMESTAMP('2013-08-26 07:24:10', 'YYYY-MM-DD HH24:MI:SS'), '677.786.360-67', 5, 7, 5);
INSERT INTO ORDEM_COMPRA (NUMERO_NOTA_FISCAL, DATA_HORA, CPF_CLIENTE, CODIGO_FILIAL, MATRICULA_FUNCIONARIO, NUMERO_CAIXA) VALUES (199, TO_TIMESTAMP('2012-09-27 16:15:16', 'YYYY-MM-DD HH24:MI:SS'), '738.466.525-68', 2, 22, 4);


------ ITEM ------

INSERT INTO ITEM (IDENTIFICADOR, NUM_NOTA_FISCAL_ORDEM, NUMERO_NOTA_FISCAL, QUANTIDADE, PRECO_PRODUTO, DESCONTO) VALUES (0, 161, 69, 67, 30.32, 0.10);
INSERT INTO ITEM (IDENTIFICADOR, NUM_NOTA_FISCAL_ORDEM, NUMERO_NOTA_FISCAL, QUANTIDADE, PRECO_PRODUTO, DESCONTO) VALUES (1, 155, 25, 79, 10.05, 0.10);
INSERT INTO ITEM (IDENTIFICADOR, NUM_NOTA_FISCAL_ORDEM, NUMERO_NOTA_FISCAL, QUANTIDADE, PRECO_PRODUTO, DESCONTO) VALUES (2, 194, 36, 96, 55.78, 0.08);
INSERT INTO ITEM (IDENTIFICADOR, NUM_NOTA_FISCAL_ORDEM, NUMERO_NOTA_FISCAL, QUANTIDADE, PRECO_PRODUTO, DESCONTO) VALUES (3, 99, 46, 80, 27.79, 0.08);
INSERT INTO ITEM (IDENTIFICADOR, NUM_NOTA_FISCAL_ORDEM, NUMERO_NOTA_FISCAL, QUANTIDADE, PRECO_PRODUTO, DESCONTO) VALUES (4, 51, 65, 50, 39.99, 0.19);
INSERT INTO ITEM (IDENTIFICADOR, NUM_NOTA_FISCAL_ORDEM, NUMERO_NOTA_FISCAL, QUANTIDADE, PRECO_PRODUTO, DESCONTO) VALUES (5, 64, 57, 99, 100.85, 0.16);
INSERT INTO ITEM (IDENTIFICADOR, NUM_NOTA_FISCAL_ORDEM, NUMERO_NOTA_FISCAL, QUANTIDADE, PRECO_PRODUTO, DESCONTO) VALUES (6, 184, 65, 78, 42.92, 0.06);
INSERT INTO ITEM (IDENTIFICADOR, NUM_NOTA_FISCAL_ORDEM, NUMERO_NOTA_FISCAL, QUANTIDADE, PRECO_PRODUTO, DESCONTO) VALUES (7, 198, 38, 53, 30.63, 0.20);
INSERT INTO ITEM (IDENTIFICADOR, NUM_NOTA_FISCAL_ORDEM, NUMERO_NOTA_FISCAL, QUANTIDADE, PRECO_PRODUTO, DESCONTO) VALUES (8, 163, 5, 69, 38.92, 0.07);
INSERT INTO ITEM (IDENTIFICADOR, NUM_NOTA_FISCAL_ORDEM, NUMERO_NOTA_FISCAL, QUANTIDADE, PRECO_PRODUTO, DESCONTO) VALUES (9, 155, 13, 42, 47.46, 0.14);
INSERT INTO ITEM (IDENTIFICADOR, NUM_NOTA_FISCAL_ORDEM, NUMERO_NOTA_FISCAL, QUANTIDADE, PRECO_PRODUTO, DESCONTO) VALUES (10, 25, 40, 49, 10.20, 0.09);
INSERT INTO ITEM (IDENTIFICADOR, NUM_NOTA_FISCAL_ORDEM, NUMERO_NOTA_FISCAL, QUANTIDADE, PRECO_PRODUTO, DESCONTO) VALUES (11, 167, 14, 14, 31.96, 0.17);
INSERT INTO ITEM (IDENTIFICADOR, NUM_NOTA_FISCAL_ORDEM, NUMERO_NOTA_FISCAL, QUANTIDADE, PRECO_PRODUTO, DESCONTO) VALUES (12, 95, 41, 49, 31.41, 0.02);
INSERT INTO ITEM (IDENTIFICADOR, NUM_NOTA_FISCAL_ORDEM, NUMERO_NOTA_FISCAL, QUANTIDADE, PRECO_PRODUTO, DESCONTO) VALUES (13, 151, 38, 49, 91.62, 0.00);
INSERT INTO ITEM (IDENTIFICADOR, NUM_NOTA_FISCAL_ORDEM, NUMERO_NOTA_FISCAL, QUANTIDADE, PRECO_PRODUTO, DESCONTO) VALUES (14, 10, 5, 98, 8.41, 0.01);
INSERT INTO ITEM (IDENTIFICADOR, NUM_NOTA_FISCAL_ORDEM, NUMERO_NOTA_FISCAL, QUANTIDADE, PRECO_PRODUTO, DESCONTO) VALUES (15, 91, 64, 40, 28.55, 0.15);
INSERT INTO ITEM (IDENTIFICADOR, NUM_NOTA_FISCAL_ORDEM, NUMERO_NOTA_FISCAL, QUANTIDADE, PRECO_PRODUTO, DESCONTO) VALUES (16, 80, 11, 57, 24.40, 0.20);
INSERT INTO ITEM (IDENTIFICADOR, NUM_NOTA_FISCAL_ORDEM, NUMERO_NOTA_FISCAL, QUANTIDADE, PRECO_PRODUTO, DESCONTO) VALUES (17, 84, 57, 56, 96.63, 0.05);
INSERT INTO ITEM (IDENTIFICADOR, NUM_NOTA_FISCAL_ORDEM, NUMERO_NOTA_FISCAL, QUANTIDADE, PRECO_PRODUTO, DESCONTO) VALUES (18, 165, 14, 10, 40.65, 0.03);
INSERT INTO ITEM (IDENTIFICADOR, NUM_NOTA_FISCAL_ORDEM, NUMERO_NOTA_FISCAL, QUANTIDADE, PRECO_PRODUTO, DESCONTO) VALUES (19, 154, 76, 46, 6.33, 0.15);
INSERT INTO ITEM (IDENTIFICADOR, NUM_NOTA_FISCAL_ORDEM, NUMERO_NOTA_FISCAL, QUANTIDADE, PRECO_PRODUTO, DESCONTO) VALUES (20, 38, 36, 81, 24.82, 0.10);
INSERT INTO ITEM (IDENTIFICADOR, NUM_NOTA_FISCAL_ORDEM, NUMERO_NOTA_FISCAL, QUANTIDADE, PRECO_PRODUTO, DESCONTO) VALUES (21, 47, 4, 55, 63.71, 0.15);
INSERT INTO ITEM (IDENTIFICADOR, NUM_NOTA_FISCAL_ORDEM, NUMERO_NOTA_FISCAL, QUANTIDADE, PRECO_PRODUTO, DESCONTO) VALUES (22, 198, 58, 76, 24.45, 0.15);
INSERT INTO ITEM (IDENTIFICADOR, NUM_NOTA_FISCAL_ORDEM, NUMERO_NOTA_FISCAL, QUANTIDADE, PRECO_PRODUTO, DESCONTO) VALUES (23, 44, 76, 43, 59.54, 0.13);
INSERT INTO ITEM (IDENTIFICADOR, NUM_NOTA_FISCAL_ORDEM, NUMERO_NOTA_FISCAL, QUANTIDADE, PRECO_PRODUTO, DESCONTO) VALUES (24, 45, 76, 32, 94.20, 0.13);
INSERT INTO ITEM (IDENTIFICADOR, NUM_NOTA_FISCAL_ORDEM, NUMERO_NOTA_FISCAL, QUANTIDADE, PRECO_PRODUTO, DESCONTO) VALUES (25, 13, 65, 30, 27.43, 0.12);
INSERT INTO ITEM (IDENTIFICADOR, NUM_NOTA_FISCAL_ORDEM, NUMERO_NOTA_FISCAL, QUANTIDADE, PRECO_PRODUTO, DESCONTO) VALUES (26, 14, 33, 81, 12.29, 0.17);
INSERT INTO ITEM (IDENTIFICADOR, NUM_NOTA_FISCAL_ORDEM, NUMERO_NOTA_FISCAL, QUANTIDADE, PRECO_PRODUTO, DESCONTO) VALUES (27, 179, 6, 72, 61.76, 0.17);
INSERT INTO ITEM (IDENTIFICADOR, NUM_NOTA_FISCAL_ORDEM, NUMERO_NOTA_FISCAL, QUANTIDADE, PRECO_PRODUTO, DESCONTO) VALUES (28, 103, 64, 2, 1.15, 0.03);
INSERT INTO ITEM (IDENTIFICADOR, NUM_NOTA_FISCAL_ORDEM, NUMERO_NOTA_FISCAL, QUANTIDADE, PRECO_PRODUTO, DESCONTO) VALUES (29, 54, 45, 70, 80.04, 0.20);
INSERT INTO ITEM (IDENTIFICADOR, NUM_NOTA_FISCAL_ORDEM, NUMERO_NOTA_FISCAL, QUANTIDADE, PRECO_PRODUTO, DESCONTO) VALUES (30, 120, 71, 24, 4.30, 0.08);
INSERT INTO ITEM (IDENTIFICADOR, NUM_NOTA_FISCAL_ORDEM, NUMERO_NOTA_FISCAL, QUANTIDADE, PRECO_PRODUTO, DESCONTO) VALUES (31, 161, 2, 28, 59.74, 0.16);
INSERT INTO ITEM (IDENTIFICADOR, NUM_NOTA_FISCAL_ORDEM, NUMERO_NOTA_FISCAL, QUANTIDADE, PRECO_PRODUTO, DESCONTO) VALUES (32, 183, 42, 48, 96.17, 0.14);
INSERT INTO ITEM (IDENTIFICADOR, NUM_NOTA_FISCAL_ORDEM, NUMERO_NOTA_FISCAL, QUANTIDADE, PRECO_PRODUTO, DESCONTO) VALUES (33, 150, 68, 76, 97.55, 0.20);
INSERT INTO ITEM (IDENTIFICADOR, NUM_NOTA_FISCAL_ORDEM, NUMERO_NOTA_FISCAL, QUANTIDADE, PRECO_PRODUTO, DESCONTO) VALUES (34, 175, 41, 95, 95.93, 0.02);
INSERT INTO ITEM (IDENTIFICADOR, NUM_NOTA_FISCAL_ORDEM, NUMERO_NOTA_FISCAL, QUANTIDADE, PRECO_PRODUTO, DESCONTO) VALUES (35, 27, 46, 14, 31.43, 0.03);
INSERT INTO ITEM (IDENTIFICADOR, NUM_NOTA_FISCAL_ORDEM, NUMERO_NOTA_FISCAL, QUANTIDADE, PRECO_PRODUTO, DESCONTO) VALUES (36, 155, 23, 13, 33.43, 0.18);
INSERT INTO ITEM (IDENTIFICADOR, NUM_NOTA_FISCAL_ORDEM, NUMERO_NOTA_FISCAL, QUANTIDADE, PRECO_PRODUTO, DESCONTO) VALUES (37, 142, 27, 75, 48.05, 0.20);
INSERT INTO ITEM (IDENTIFICADOR, NUM_NOTA_FISCAL_ORDEM, NUMERO_NOTA_FISCAL, QUANTIDADE, PRECO_PRODUTO, DESCONTO) VALUES (38, 172, 37, 35, 67.99, 0.10);
INSERT INTO ITEM (IDENTIFICADOR, NUM_NOTA_FISCAL_ORDEM, NUMERO_NOTA_FISCAL, QUANTIDADE, PRECO_PRODUTO, DESCONTO) VALUES (39, 116, 4, 28, 38.81, 0.06);
INSERT INTO ITEM (IDENTIFICADOR, NUM_NOTA_FISCAL_ORDEM, NUMERO_NOTA_FISCAL, QUANTIDADE, PRECO_PRODUTO, DESCONTO) VALUES (40, 108, 27, 74, 26.83, 0.15);
INSERT INTO ITEM (IDENTIFICADOR, NUM_NOTA_FISCAL_ORDEM, NUMERO_NOTA_FISCAL, QUANTIDADE, PRECO_PRODUTO, DESCONTO) VALUES (41, 195, 20, 24, 99.94, 0.12);
INSERT INTO ITEM (IDENTIFICADOR, NUM_NOTA_FISCAL_ORDEM, NUMERO_NOTA_FISCAL, QUANTIDADE, PRECO_PRODUTO, DESCONTO) VALUES (42, 35, 6, 80, 92.02, 0.19);
INSERT INTO ITEM (IDENTIFICADOR, NUM_NOTA_FISCAL_ORDEM, NUMERO_NOTA_FISCAL, QUANTIDADE, PRECO_PRODUTO, DESCONTO) VALUES (43, 42, 10, 63, 28.20, 0.02);
INSERT INTO ITEM (IDENTIFICADOR, NUM_NOTA_FISCAL_ORDEM, NUMERO_NOTA_FISCAL, QUANTIDADE, PRECO_PRODUTO, DESCONTO) VALUES (44, 141, 56, 69, 13.83, 0.09);
INSERT INTO ITEM (IDENTIFICADOR, NUM_NOTA_FISCAL_ORDEM, NUMERO_NOTA_FISCAL, QUANTIDADE, PRECO_PRODUTO, DESCONTO) VALUES (45, 180, 56, 16, 45.89, 0.10);
INSERT INTO ITEM (IDENTIFICADOR, NUM_NOTA_FISCAL_ORDEM, NUMERO_NOTA_FISCAL, QUANTIDADE, PRECO_PRODUTO, DESCONTO) VALUES (46, 105, 24, 15, 69.67, 0.17);
INSERT INTO ITEM (IDENTIFICADOR, NUM_NOTA_FISCAL_ORDEM, NUMERO_NOTA_FISCAL, QUANTIDADE, PRECO_PRODUTO, DESCONTO) VALUES (47, 162, 53, 34, 26.32, 0.09);
INSERT INTO ITEM (IDENTIFICADOR, NUM_NOTA_FISCAL_ORDEM, NUMERO_NOTA_FISCAL, QUANTIDADE, PRECO_PRODUTO, DESCONTO) VALUES (48, 122, 23, 3, 18.30, 0.11);
INSERT INTO ITEM (IDENTIFICADOR, NUM_NOTA_FISCAL_ORDEM, NUMERO_NOTA_FISCAL, QUANTIDADE, PRECO_PRODUTO, DESCONTO) VALUES (49, 199, 78, 65, 18.41, 0.19);
INSERT INTO ITEM (IDENTIFICADOR, NUM_NOTA_FISCAL_ORDEM, NUMERO_NOTA_FISCAL, QUANTIDADE, PRECO_PRODUTO, DESCONTO) VALUES (50, 171, 71, 41, 87.57, 0.02);
INSERT INTO ITEM (IDENTIFICADOR, NUM_NOTA_FISCAL_ORDEM, NUMERO_NOTA_FISCAL, QUANTIDADE, PRECO_PRODUTO, DESCONTO) VALUES (51, 25, 24, 6, 45.06, 0.05);
INSERT INTO ITEM (IDENTIFICADOR, NUM_NOTA_FISCAL_ORDEM, NUMERO_NOTA_FISCAL, QUANTIDADE, PRECO_PRODUTO, DESCONTO) VALUES (52, 3, 57, 72, 27.80, 0.05);
INSERT INTO ITEM (IDENTIFICADOR, NUM_NOTA_FISCAL_ORDEM, NUMERO_NOTA_FISCAL, QUANTIDADE, PRECO_PRODUTO, DESCONTO) VALUES (53, 112, 42, 7, 19.77, 0.04);
INSERT INTO ITEM (IDENTIFICADOR, NUM_NOTA_FISCAL_ORDEM, NUMERO_NOTA_FISCAL, QUANTIDADE, PRECO_PRODUTO, DESCONTO) VALUES (54, 174, 75, 50, 20.74, 0.05);
INSERT INTO ITEM (IDENTIFICADOR, NUM_NOTA_FISCAL_ORDEM, NUMERO_NOTA_FISCAL, QUANTIDADE, PRECO_PRODUTO, DESCONTO) VALUES (55, 78, 75, 93, 74.67, 0.03);
INSERT INTO ITEM (IDENTIFICADOR, NUM_NOTA_FISCAL_ORDEM, NUMERO_NOTA_FISCAL, QUANTIDADE, PRECO_PRODUTO, DESCONTO) VALUES (56, 147, 29, 28, 6.39, 0.02);
INSERT INTO ITEM (IDENTIFICADOR, NUM_NOTA_FISCAL_ORDEM, NUMERO_NOTA_FISCAL, QUANTIDADE, PRECO_PRODUTO, DESCONTO) VALUES (57, 106, 23, 71, 31.07, 0.17);
INSERT INTO ITEM (IDENTIFICADOR, NUM_NOTA_FISCAL_ORDEM, NUMERO_NOTA_FISCAL, QUANTIDADE, PRECO_PRODUTO, DESCONTO) VALUES (58, 128, 72, 44, 24.16, 0.15);
INSERT INTO ITEM (IDENTIFICADOR, NUM_NOTA_FISCAL_ORDEM, NUMERO_NOTA_FISCAL, QUANTIDADE, PRECO_PRODUTO, DESCONTO) VALUES (59, 150, 10, 54, 19.61, 0.10);
INSERT INTO ITEM (IDENTIFICADOR, NUM_NOTA_FISCAL_ORDEM, NUMERO_NOTA_FISCAL, QUANTIDADE, PRECO_PRODUTO, DESCONTO) VALUES (60, 118, 70, 99, 64.11, 0.18);
INSERT INTO ITEM (IDENTIFICADOR, NUM_NOTA_FISCAL_ORDEM, NUMERO_NOTA_FISCAL, QUANTIDADE, PRECO_PRODUTO, DESCONTO) VALUES (61, 38, 59, 20, 64.57, 0.15);
INSERT INTO ITEM (IDENTIFICADOR, NUM_NOTA_FISCAL_ORDEM, NUMERO_NOTA_FISCAL, QUANTIDADE, PRECO_PRODUTO, DESCONTO) VALUES (62, 27, 23, 99, 12.06, 0.04);
INSERT INTO ITEM (IDENTIFICADOR, NUM_NOTA_FISCAL_ORDEM, NUMERO_NOTA_FISCAL, QUANTIDADE, PRECO_PRODUTO, DESCONTO) VALUES (63, 31, 28, 82, 43.38, 0.16);
INSERT INTO ITEM (IDENTIFICADOR, NUM_NOTA_FISCAL_ORDEM, NUMERO_NOTA_FISCAL, QUANTIDADE, PRECO_PRODUTO, DESCONTO) VALUES (64, 118, 69, 35, 18.12, 0.20);
INSERT INTO ITEM (IDENTIFICADOR, NUM_NOTA_FISCAL_ORDEM, NUMERO_NOTA_FISCAL, QUANTIDADE, PRECO_PRODUTO, DESCONTO) VALUES (65, 86, 0, 12, 77.21, 0.06);
INSERT INTO ITEM (IDENTIFICADOR, NUM_NOTA_FISCAL_ORDEM, NUMERO_NOTA_FISCAL, QUANTIDADE, PRECO_PRODUTO, DESCONTO) VALUES (66, 115, 67, 64, 82.20, 0.16);
INSERT INTO ITEM (IDENTIFICADOR, NUM_NOTA_FISCAL_ORDEM, NUMERO_NOTA_FISCAL, QUANTIDADE, PRECO_PRODUTO, DESCONTO) VALUES (67, 103, 59, 8, 31.30, 0.14);
INSERT INTO ITEM (IDENTIFICADOR, NUM_NOTA_FISCAL_ORDEM, NUMERO_NOTA_FISCAL, QUANTIDADE, PRECO_PRODUTO, DESCONTO) VALUES (68, 55, 66, 51, 18.52, 0.15);
INSERT INTO ITEM (IDENTIFICADOR, NUM_NOTA_FISCAL_ORDEM, NUMERO_NOTA_FISCAL, QUANTIDADE, PRECO_PRODUTO, DESCONTO) VALUES (69, 49, 31, 20, 21.44, 0.01);
INSERT INTO ITEM (IDENTIFICADOR, NUM_NOTA_FISCAL_ORDEM, NUMERO_NOTA_FISCAL, QUANTIDADE, PRECO_PRODUTO, DESCONTO) VALUES (70, 108, 77, 19, 29.99, 0.16);
INSERT INTO ITEM (IDENTIFICADOR, NUM_NOTA_FISCAL_ORDEM, NUMERO_NOTA_FISCAL, QUANTIDADE, PRECO_PRODUTO, DESCONTO) VALUES (71, 113, 3, 78, 28.92, 0.16);
INSERT INTO ITEM (IDENTIFICADOR, NUM_NOTA_FISCAL_ORDEM, NUMERO_NOTA_FISCAL, QUANTIDADE, PRECO_PRODUTO, DESCONTO) VALUES (72, 154, 12, 27, 53.85, 0.07);
INSERT INTO ITEM (IDENTIFICADOR, NUM_NOTA_FISCAL_ORDEM, NUMERO_NOTA_FISCAL, QUANTIDADE, PRECO_PRODUTO, DESCONTO) VALUES (73, 148, 70, 21, 83.60, 0.20);
INSERT INTO ITEM (IDENTIFICADOR, NUM_NOTA_FISCAL_ORDEM, NUMERO_NOTA_FISCAL, QUANTIDADE, PRECO_PRODUTO, DESCONTO) VALUES (74, 111, 73, 43, 88.70, 0.20);
INSERT INTO ITEM (IDENTIFICADOR, NUM_NOTA_FISCAL_ORDEM, NUMERO_NOTA_FISCAL, QUANTIDADE, PRECO_PRODUTO, DESCONTO) VALUES (75, 4, 39, 9, 21.94, 0.14);
INSERT INTO ITEM (IDENTIFICADOR, NUM_NOTA_FISCAL_ORDEM, NUMERO_NOTA_FISCAL, QUANTIDADE, PRECO_PRODUTO, DESCONTO) VALUES (76, 171, 79, 53, 6.67, 0.02);
INSERT INTO ITEM (IDENTIFICADOR, NUM_NOTA_FISCAL_ORDEM, NUMERO_NOTA_FISCAL, QUANTIDADE, PRECO_PRODUTO, DESCONTO) VALUES (77, 44, 50, 8, 24.10, 0.10);
INSERT INTO ITEM (IDENTIFICADOR, NUM_NOTA_FISCAL_ORDEM, NUMERO_NOTA_FISCAL, QUANTIDADE, PRECO_PRODUTO, DESCONTO) VALUES (78, 184, 62, 57, 8.76, 0.04);
INSERT INTO ITEM (IDENTIFICADOR, NUM_NOTA_FISCAL_ORDEM, NUMERO_NOTA_FISCAL, QUANTIDADE, PRECO_PRODUTO, DESCONTO) VALUES (79, 196, 42, 2, 1.71, 0.03);
INSERT INTO ITEM (IDENTIFICADOR, NUM_NOTA_FISCAL_ORDEM, NUMERO_NOTA_FISCAL, QUANTIDADE, PRECO_PRODUTO, DESCONTO) VALUES (80, 187, 65, 87, 42.98, 0.04);
INSERT INTO ITEM (IDENTIFICADOR, NUM_NOTA_FISCAL_ORDEM, NUMERO_NOTA_FISCAL, QUANTIDADE, PRECO_PRODUTO, DESCONTO) VALUES (81, 7, 26, 83, 4.98, 0.04);
INSERT INTO ITEM (IDENTIFICADOR, NUM_NOTA_FISCAL_ORDEM, NUMERO_NOTA_FISCAL, QUANTIDADE, PRECO_PRODUTO, DESCONTO) VALUES (82, 27, 12, 40, 21.46, 0.15);
INSERT INTO ITEM (IDENTIFICADOR, NUM_NOTA_FISCAL_ORDEM, NUMERO_NOTA_FISCAL, QUANTIDADE, PRECO_PRODUTO, DESCONTO) VALUES (83, 76, 44, 22, 60.48, 0.13);
INSERT INTO ITEM (IDENTIFICADOR, NUM_NOTA_FISCAL_ORDEM, NUMERO_NOTA_FISCAL, QUANTIDADE, PRECO_PRODUTO, DESCONTO) VALUES (84, 152, 43, 21, 97.04, 0.07);
INSERT INTO ITEM (IDENTIFICADOR, NUM_NOTA_FISCAL_ORDEM, NUMERO_NOTA_FISCAL, QUANTIDADE, PRECO_PRODUTO, DESCONTO) VALUES (85, 10, 40, 63, 6.16, 0.00);
INSERT INTO ITEM (IDENTIFICADOR, NUM_NOTA_FISCAL_ORDEM, NUMERO_NOTA_FISCAL, QUANTIDADE, PRECO_PRODUTO, DESCONTO) VALUES (86, 91, 32, 20, 2.71, 0.06);
INSERT INTO ITEM (IDENTIFICADOR, NUM_NOTA_FISCAL_ORDEM, NUMERO_NOTA_FISCAL, QUANTIDADE, PRECO_PRODUTO, DESCONTO) VALUES (87, 195, 7, 2, 97.28, 0.00);
INSERT INTO ITEM (IDENTIFICADOR, NUM_NOTA_FISCAL_ORDEM, NUMERO_NOTA_FISCAL, QUANTIDADE, PRECO_PRODUTO, DESCONTO) VALUES (88, 59, 78, 45, 38.87, 0.03);
INSERT INTO ITEM (IDENTIFICADOR, NUM_NOTA_FISCAL_ORDEM, NUMERO_NOTA_FISCAL, QUANTIDADE, PRECO_PRODUTO, DESCONTO) VALUES (89, 178, 25, 70, 40.20, 0.09);
INSERT INTO ITEM (IDENTIFICADOR, NUM_NOTA_FISCAL_ORDEM, NUMERO_NOTA_FISCAL, QUANTIDADE, PRECO_PRODUTO, DESCONTO) VALUES (90, 171, 38, 48, 75.40, 0.13);
INSERT INTO ITEM (IDENTIFICADOR, NUM_NOTA_FISCAL_ORDEM, NUMERO_NOTA_FISCAL, QUANTIDADE, PRECO_PRODUTO, DESCONTO) VALUES (91, 2, 23, 68, 71.65, 0.10);
INSERT INTO ITEM (IDENTIFICADOR, NUM_NOTA_FISCAL_ORDEM, NUMERO_NOTA_FISCAL, QUANTIDADE, PRECO_PRODUTO, DESCONTO) VALUES (92, 71, 6, 85, 32.55, 0.01);
INSERT INTO ITEM (IDENTIFICADOR, NUM_NOTA_FISCAL_ORDEM, NUMERO_NOTA_FISCAL, QUANTIDADE, PRECO_PRODUTO, DESCONTO) VALUES (93, 99, 5, 12, 22.69, 0.02);
INSERT INTO ITEM (IDENTIFICADOR, NUM_NOTA_FISCAL_ORDEM, NUMERO_NOTA_FISCAL, QUANTIDADE, PRECO_PRODUTO, DESCONTO) VALUES (94, 115, 20, 10, 8.08, 0.20);
INSERT INTO ITEM (IDENTIFICADOR, NUM_NOTA_FISCAL_ORDEM, NUMERO_NOTA_FISCAL, QUANTIDADE, PRECO_PRODUTO, DESCONTO) VALUES (95, 58, 45, 14, 56.73, 0.06);
INSERT INTO ITEM (IDENTIFICADOR, NUM_NOTA_FISCAL_ORDEM, NUMERO_NOTA_FISCAL, QUANTIDADE, PRECO_PRODUTO, DESCONTO) VALUES (96, 159, 0, 54, 74.96, 0.10);
INSERT INTO ITEM (IDENTIFICADOR, NUM_NOTA_FISCAL_ORDEM, NUMERO_NOTA_FISCAL, QUANTIDADE, PRECO_PRODUTO, DESCONTO) VALUES (97, 68, 12, 46, 12.55, 0.13);
INSERT INTO ITEM (IDENTIFICADOR, NUM_NOTA_FISCAL_ORDEM, NUMERO_NOTA_FISCAL, QUANTIDADE, PRECO_PRODUTO, DESCONTO) VALUES (98, 156, 40, 96, 59.53, 0.14);
INSERT INTO ITEM (IDENTIFICADOR, NUM_NOTA_FISCAL_ORDEM, NUMERO_NOTA_FISCAL, QUANTIDADE, PRECO_PRODUTO, DESCONTO) VALUES (99, 184, 61, 37, 14.75, 0.19);
INSERT INTO ITEM (IDENTIFICADOR, NUM_NOTA_FISCAL_ORDEM, NUMERO_NOTA_FISCAL, QUANTIDADE, PRECO_PRODUTO, DESCONTO) VALUES (100, 187, 66, 70, 35.99, 0.19);
INSERT INTO ITEM (IDENTIFICADOR, NUM_NOTA_FISCAL_ORDEM, NUMERO_NOTA_FISCAL, QUANTIDADE, PRECO_PRODUTO, DESCONTO) VALUES (101, 40, 35, 5, 89.15, 0.15);
INSERT INTO ITEM (IDENTIFICADOR, NUM_NOTA_FISCAL_ORDEM, NUMERO_NOTA_FISCAL, QUANTIDADE, PRECO_PRODUTO, DESCONTO) VALUES (102, 169, 73, 29, 88.38, 0.08);
INSERT INTO ITEM (IDENTIFICADOR, NUM_NOTA_FISCAL_ORDEM, NUMERO_NOTA_FISCAL, QUANTIDADE, PRECO_PRODUTO, DESCONTO) VALUES (103, 156, 47, 72, 85.50, 0.07);
INSERT INTO ITEM (IDENTIFICADOR, NUM_NOTA_FISCAL_ORDEM, NUMERO_NOTA_FISCAL, QUANTIDADE, PRECO_PRODUTO, DESCONTO) VALUES (104, 33, 55, 53, 16.38, 0.00);
INSERT INTO ITEM (IDENTIFICADOR, NUM_NOTA_FISCAL_ORDEM, NUMERO_NOTA_FISCAL, QUANTIDADE, PRECO_PRODUTO, DESCONTO) VALUES (105, 109, 9, 99, 14.46, 0.05);
INSERT INTO ITEM (IDENTIFICADOR, NUM_NOTA_FISCAL_ORDEM, NUMERO_NOTA_FISCAL, QUANTIDADE, PRECO_PRODUTO, DESCONTO) VALUES (106, 38, 26, 31, 88.53, 0.08);
INSERT INTO ITEM (IDENTIFICADOR, NUM_NOTA_FISCAL_ORDEM, NUMERO_NOTA_FISCAL, QUANTIDADE, PRECO_PRODUTO, DESCONTO) VALUES (107, 115, 7, 29, 3.53, 0.14);
INSERT INTO ITEM (IDENTIFICADOR, NUM_NOTA_FISCAL_ORDEM, NUMERO_NOTA_FISCAL, QUANTIDADE, PRECO_PRODUTO, DESCONTO) VALUES (108, 137, 11, 58, 80.38, 0.05);
INSERT INTO ITEM (IDENTIFICADOR, NUM_NOTA_FISCAL_ORDEM, NUMERO_NOTA_FISCAL, QUANTIDADE, PRECO_PRODUTO, DESCONTO) VALUES (109, 189, 39, 3, 89.65, 0.20);
INSERT INTO ITEM (IDENTIFICADOR, NUM_NOTA_FISCAL_ORDEM, NUMERO_NOTA_FISCAL, QUANTIDADE, PRECO_PRODUTO, DESCONTO) VALUES (110, 132, 45, 17, 22.59, 0.10);
INSERT INTO ITEM (IDENTIFICADOR, NUM_NOTA_FISCAL_ORDEM, NUMERO_NOTA_FISCAL, QUANTIDADE, PRECO_PRODUTO, DESCONTO) VALUES (111, 139, 2, 14, 37.37, 0.18);
INSERT INTO ITEM (IDENTIFICADOR, NUM_NOTA_FISCAL_ORDEM, NUMERO_NOTA_FISCAL, QUANTIDADE, PRECO_PRODUTO, DESCONTO) VALUES (112, 182, 58, 83, 21.02, 0.19);
INSERT INTO ITEM (IDENTIFICADOR, NUM_NOTA_FISCAL_ORDEM, NUMERO_NOTA_FISCAL, QUANTIDADE, PRECO_PRODUTO, DESCONTO) VALUES (113, 147, 32, 61, 29.52, 0.15);
INSERT INTO ITEM (IDENTIFICADOR, NUM_NOTA_FISCAL_ORDEM, NUMERO_NOTA_FISCAL, QUANTIDADE, PRECO_PRODUTO, DESCONTO) VALUES (114, 124, 54, 5, 14.69, 0.13);
INSERT INTO ITEM (IDENTIFICADOR, NUM_NOTA_FISCAL_ORDEM, NUMERO_NOTA_FISCAL, QUANTIDADE, PRECO_PRODUTO, DESCONTO) VALUES (115, 90, 64, 43, 52.47, 0.11);
INSERT INTO ITEM (IDENTIFICADOR, NUM_NOTA_FISCAL_ORDEM, NUMERO_NOTA_FISCAL, QUANTIDADE, PRECO_PRODUTO, DESCONTO) VALUES (116, 26, 0, 11, 46.33, 0.08);
INSERT INTO ITEM (IDENTIFICADOR, NUM_NOTA_FISCAL_ORDEM, NUMERO_NOTA_FISCAL, QUANTIDADE, PRECO_PRODUTO, DESCONTO) VALUES (117, 80, 28, 33, 67.06, 0.09);
INSERT INTO ITEM (IDENTIFICADOR, NUM_NOTA_FISCAL_ORDEM, NUMERO_NOTA_FISCAL, QUANTIDADE, PRECO_PRODUTO, DESCONTO) VALUES (118, 188, 68, 3, 7.71, 0.01);
INSERT INTO ITEM (IDENTIFICADOR, NUM_NOTA_FISCAL_ORDEM, NUMERO_NOTA_FISCAL, QUANTIDADE, PRECO_PRODUTO, DESCONTO) VALUES (119, 191, 52, 65, 25.98, 0.16);
INSERT INTO ITEM (IDENTIFICADOR, NUM_NOTA_FISCAL_ORDEM, NUMERO_NOTA_FISCAL, QUANTIDADE, PRECO_PRODUTO, DESCONTO) VALUES (120, 193, 17, 96, 97.58, 0.19);
INSERT INTO ITEM (IDENTIFICADOR, NUM_NOTA_FISCAL_ORDEM, NUMERO_NOTA_FISCAL, QUANTIDADE, PRECO_PRODUTO, DESCONTO) VALUES (121, 106, 61, 17, 38.71, 0.14);
INSERT INTO ITEM (IDENTIFICADOR, NUM_NOTA_FISCAL_ORDEM, NUMERO_NOTA_FISCAL, QUANTIDADE, PRECO_PRODUTO, DESCONTO) VALUES (122, 35, 16, 22, 36.47, 0.05);
INSERT INTO ITEM (IDENTIFICADOR, NUM_NOTA_FISCAL_ORDEM, NUMERO_NOTA_FISCAL, QUANTIDADE, PRECO_PRODUTO, DESCONTO) VALUES (123, 68, 3, 23, 15.75, 0.09);
INSERT INTO ITEM (IDENTIFICADOR, NUM_NOTA_FISCAL_ORDEM, NUMERO_NOTA_FISCAL, QUANTIDADE, PRECO_PRODUTO, DESCONTO) VALUES (124, 161, 8, 73, 91.18, 0.15);
INSERT INTO ITEM (IDENTIFICADOR, NUM_NOTA_FISCAL_ORDEM, NUMERO_NOTA_FISCAL, QUANTIDADE, PRECO_PRODUTO, DESCONTO) VALUES (125, 118, 29, 50, 81.41, 0.09);
INSERT INTO ITEM (IDENTIFICADOR, NUM_NOTA_FISCAL_ORDEM, NUMERO_NOTA_FISCAL, QUANTIDADE, PRECO_PRODUTO, DESCONTO) VALUES (126, 176, 72, 30, 63.74, 0.09);
INSERT INTO ITEM (IDENTIFICADOR, NUM_NOTA_FISCAL_ORDEM, NUMERO_NOTA_FISCAL, QUANTIDADE, PRECO_PRODUTO, DESCONTO) VALUES (127, 122, 37, 27, 39.89, 0.00);
INSERT INTO ITEM (IDENTIFICADOR, NUM_NOTA_FISCAL_ORDEM, NUMERO_NOTA_FISCAL, QUANTIDADE, PRECO_PRODUTO, DESCONTO) VALUES (128, 155, 79, 68, 97.93, 0.15);
INSERT INTO ITEM (IDENTIFICADOR, NUM_NOTA_FISCAL_ORDEM, NUMERO_NOTA_FISCAL, QUANTIDADE, PRECO_PRODUTO, DESCONTO) VALUES (129, 124, 2, 30, 20.67, 0.00);
INSERT INTO ITEM (IDENTIFICADOR, NUM_NOTA_FISCAL_ORDEM, NUMERO_NOTA_FISCAL, QUANTIDADE, PRECO_PRODUTO, DESCONTO) VALUES (130, 115, 35, 76, 45.17, 0.02);
INSERT INTO ITEM (IDENTIFICADOR, NUM_NOTA_FISCAL_ORDEM, NUMERO_NOTA_FISCAL, QUANTIDADE, PRECO_PRODUTO, DESCONTO) VALUES (131, 176, 76, 86, 99.18, 0.16);
INSERT INTO ITEM (IDENTIFICADOR, NUM_NOTA_FISCAL_ORDEM, NUMERO_NOTA_FISCAL, QUANTIDADE, PRECO_PRODUTO, DESCONTO) VALUES (132, 85, 44, 97, 76.99, 0.14);
INSERT INTO ITEM (IDENTIFICADOR, NUM_NOTA_FISCAL_ORDEM, NUMERO_NOTA_FISCAL, QUANTIDADE, PRECO_PRODUTO, DESCONTO) VALUES (133, 119, 79, 18, 20.63, 0.00);
INSERT INTO ITEM (IDENTIFICADOR, NUM_NOTA_FISCAL_ORDEM, NUMERO_NOTA_FISCAL, QUANTIDADE, PRECO_PRODUTO, DESCONTO) VALUES (134, 162, 36, 63, 68.43, 0.20);
INSERT INTO ITEM (IDENTIFICADOR, NUM_NOTA_FISCAL_ORDEM, NUMERO_NOTA_FISCAL, QUANTIDADE, PRECO_PRODUTO, DESCONTO) VALUES (135, 172, 51, 41, 21.74, 0.18);
INSERT INTO ITEM (IDENTIFICADOR, NUM_NOTA_FISCAL_ORDEM, NUMERO_NOTA_FISCAL, QUANTIDADE, PRECO_PRODUTO, DESCONTO) VALUES (136, 35, 26, 44, 7.39, 0.08);
INSERT INTO ITEM (IDENTIFICADOR, NUM_NOTA_FISCAL_ORDEM, NUMERO_NOTA_FISCAL, QUANTIDADE, PRECO_PRODUTO, DESCONTO) VALUES (137, 42, 53, 21, 28.65, 0.06);
INSERT INTO ITEM (IDENTIFICADOR, NUM_NOTA_FISCAL_ORDEM, NUMERO_NOTA_FISCAL, QUANTIDADE, PRECO_PRODUTO, DESCONTO) VALUES (138, 25, 61, 97, 63.84, 0.00);
INSERT INTO ITEM (IDENTIFICADOR, NUM_NOTA_FISCAL_ORDEM, NUMERO_NOTA_FISCAL, QUANTIDADE, PRECO_PRODUTO, DESCONTO) VALUES (139, 147, 70, 53, 11.65, 0.06);
INSERT INTO ITEM (IDENTIFICADOR, NUM_NOTA_FISCAL_ORDEM, NUMERO_NOTA_FISCAL, QUANTIDADE, PRECO_PRODUTO, DESCONTO) VALUES (140, 134, 54, 53, 11.31, 0.16);
INSERT INTO ITEM (IDENTIFICADOR, NUM_NOTA_FISCAL_ORDEM, NUMERO_NOTA_FISCAL, QUANTIDADE, PRECO_PRODUTO, DESCONTO) VALUES (141, 159, 3, 33, 54.91, 0.15);
INSERT INTO ITEM (IDENTIFICADOR, NUM_NOTA_FISCAL_ORDEM, NUMERO_NOTA_FISCAL, QUANTIDADE, PRECO_PRODUTO, DESCONTO) VALUES (142, 162, 40, 19, 11.27, 0.19);
INSERT INTO ITEM (IDENTIFICADOR, NUM_NOTA_FISCAL_ORDEM, NUMERO_NOTA_FISCAL, QUANTIDADE, PRECO_PRODUTO, DESCONTO) VALUES (143, 161, 52, 50, 65.25, 0.20);
INSERT INTO ITEM (IDENTIFICADOR, NUM_NOTA_FISCAL_ORDEM, NUMERO_NOTA_FISCAL, QUANTIDADE, PRECO_PRODUTO, DESCONTO) VALUES (144, 130, 60, 98, 24.88, 0.14);
INSERT INTO ITEM (IDENTIFICADOR, NUM_NOTA_FISCAL_ORDEM, NUMERO_NOTA_FISCAL, QUANTIDADE, PRECO_PRODUTO, DESCONTO) VALUES (145, 126, 57, 59, 70.09, 0.14);
INSERT INTO ITEM (IDENTIFICADOR, NUM_NOTA_FISCAL_ORDEM, NUMERO_NOTA_FISCAL, QUANTIDADE, PRECO_PRODUTO, DESCONTO) VALUES (146, 88, 39, 36, 41.17, 0.19);
INSERT INTO ITEM (IDENTIFICADOR, NUM_NOTA_FISCAL_ORDEM, NUMERO_NOTA_FISCAL, QUANTIDADE, PRECO_PRODUTO, DESCONTO) VALUES (147, 120, 73, 75, 67.89, 0.19);
INSERT INTO ITEM (IDENTIFICADOR, NUM_NOTA_FISCAL_ORDEM, NUMERO_NOTA_FISCAL, QUANTIDADE, PRECO_PRODUTO, DESCONTO) VALUES (148, 23, 17, 36, 66.50, 0.16);
INSERT INTO ITEM (IDENTIFICADOR, NUM_NOTA_FISCAL_ORDEM, NUMERO_NOTA_FISCAL, QUANTIDADE, PRECO_PRODUTO, DESCONTO) VALUES (149, 58, 51, 58, 98.82, 0.02);
INSERT INTO ITEM (IDENTIFICADOR, NUM_NOTA_FISCAL_ORDEM, NUMERO_NOTA_FISCAL, QUANTIDADE, PRECO_PRODUTO, DESCONTO) VALUES (150, 148, 41, 21, 97.19, 0.12);
INSERT INTO ITEM (IDENTIFICADOR, NUM_NOTA_FISCAL_ORDEM, NUMERO_NOTA_FISCAL, QUANTIDADE, PRECO_PRODUTO, DESCONTO) VALUES (151, 152, 47, 47, 37.20, 0.04);
INSERT INTO ITEM (IDENTIFICADOR, NUM_NOTA_FISCAL_ORDEM, NUMERO_NOTA_FISCAL, QUANTIDADE, PRECO_PRODUTO, DESCONTO) VALUES (152, 18, 50, 67, 24.64, 0.02);
INSERT INTO ITEM (IDENTIFICADOR, NUM_NOTA_FISCAL_ORDEM, NUMERO_NOTA_FISCAL, QUANTIDADE, PRECO_PRODUTO, DESCONTO) VALUES (153, 107, 71, 52, 22.04, 0.19);
INSERT INTO ITEM (IDENTIFICADOR, NUM_NOTA_FISCAL_ORDEM, NUMERO_NOTA_FISCAL, QUANTIDADE, PRECO_PRODUTO, DESCONTO) VALUES (154, 163, 4, 88, 49.23, 0.14);
INSERT INTO ITEM (IDENTIFICADOR, NUM_NOTA_FISCAL_ORDEM, NUMERO_NOTA_FISCAL, QUANTIDADE, PRECO_PRODUTO, DESCONTO) VALUES (155, 167, 19, 56, 44.78, 0.00);
INSERT INTO ITEM (IDENTIFICADOR, NUM_NOTA_FISCAL_ORDEM, NUMERO_NOTA_FISCAL, QUANTIDADE, PRECO_PRODUTO, DESCONTO) VALUES (156, 146, 29, 18, 46.80, 0.17);
INSERT INTO ITEM (IDENTIFICADOR, NUM_NOTA_FISCAL_ORDEM, NUMERO_NOTA_FISCAL, QUANTIDADE, PRECO_PRODUTO, DESCONTO) VALUES (157, 36, 1, 6, 42.69, 0.12);
INSERT INTO ITEM (IDENTIFICADOR, NUM_NOTA_FISCAL_ORDEM, NUMERO_NOTA_FISCAL, QUANTIDADE, PRECO_PRODUTO, DESCONTO) VALUES (158, 160, 67, 88, 86.41, 0.12);
INSERT INTO ITEM (IDENTIFICADOR, NUM_NOTA_FISCAL_ORDEM, NUMERO_NOTA_FISCAL, QUANTIDADE, PRECO_PRODUTO, DESCONTO) VALUES (159, 11, 71, 74, 45.84, 0.08);
INSERT INTO ITEM (IDENTIFICADOR, NUM_NOTA_FISCAL_ORDEM, NUMERO_NOTA_FISCAL, QUANTIDADE, PRECO_PRODUTO, DESCONTO) VALUES (160, 174, 30, 78, 35.60, 0.20);
INSERT INTO ITEM (IDENTIFICADOR, NUM_NOTA_FISCAL_ORDEM, NUMERO_NOTA_FISCAL, QUANTIDADE, PRECO_PRODUTO, DESCONTO) VALUES (161, 6, 65, 22, 74.14, 0.17);
INSERT INTO ITEM (IDENTIFICADOR, NUM_NOTA_FISCAL_ORDEM, NUMERO_NOTA_FISCAL, QUANTIDADE, PRECO_PRODUTO, DESCONTO) VALUES (162, 92, 1, 57, 25.53, 0.15);
INSERT INTO ITEM (IDENTIFICADOR, NUM_NOTA_FISCAL_ORDEM, NUMERO_NOTA_FISCAL, QUANTIDADE, PRECO_PRODUTO, DESCONTO) VALUES (163, 143, 56, 80, 50.26, 0.11);
INSERT INTO ITEM (IDENTIFICADOR, NUM_NOTA_FISCAL_ORDEM, NUMERO_NOTA_FISCAL, QUANTIDADE, PRECO_PRODUTO, DESCONTO) VALUES (164, 128, 16, 79, 40.60, 0.11);
INSERT INTO ITEM (IDENTIFICADOR, NUM_NOTA_FISCAL_ORDEM, NUMERO_NOTA_FISCAL, QUANTIDADE, PRECO_PRODUTO, DESCONTO) VALUES (165, 188, 78, 69, 23.15, 0.05);
INSERT INTO ITEM (IDENTIFICADOR, NUM_NOTA_FISCAL_ORDEM, NUMERO_NOTA_FISCAL, QUANTIDADE, PRECO_PRODUTO, DESCONTO) VALUES (166, 15, 45, 60, 37.58, 0.08);
INSERT INTO ITEM (IDENTIFICADOR, NUM_NOTA_FISCAL_ORDEM, NUMERO_NOTA_FISCAL, QUANTIDADE, PRECO_PRODUTO, DESCONTO) VALUES (167, 12, 70, 39, 39.31, 0.01);
INSERT INTO ITEM (IDENTIFICADOR, NUM_NOTA_FISCAL_ORDEM, NUMERO_NOTA_FISCAL, QUANTIDADE, PRECO_PRODUTO, DESCONTO) VALUES (168, 3, 52, 97, 13.96, 0.20);
INSERT INTO ITEM (IDENTIFICADOR, NUM_NOTA_FISCAL_ORDEM, NUMERO_NOTA_FISCAL, QUANTIDADE, PRECO_PRODUTO, DESCONTO) VALUES (169, 14, 12, 73, 68.54, 0.11);
INSERT INTO ITEM (IDENTIFICADOR, NUM_NOTA_FISCAL_ORDEM, NUMERO_NOTA_FISCAL, QUANTIDADE, PRECO_PRODUTO, DESCONTO) VALUES (170, 65, 11, 61, 100.19, 0.17);
INSERT INTO ITEM (IDENTIFICADOR, NUM_NOTA_FISCAL_ORDEM, NUMERO_NOTA_FISCAL, QUANTIDADE, PRECO_PRODUTO, DESCONTO) VALUES (171, 170, 66, 50, 95.31, 0.19);
INSERT INTO ITEM (IDENTIFICADOR, NUM_NOTA_FISCAL_ORDEM, NUMERO_NOTA_FISCAL, QUANTIDADE, PRECO_PRODUTO, DESCONTO) VALUES (172, 56, 29, 41, 66.39, 0.12);
INSERT INTO ITEM (IDENTIFICADOR, NUM_NOTA_FISCAL_ORDEM, NUMERO_NOTA_FISCAL, QUANTIDADE, PRECO_PRODUTO, DESCONTO) VALUES (173, 182, 0, 3, 98.78, 0.04);
INSERT INTO ITEM (IDENTIFICADOR, NUM_NOTA_FISCAL_ORDEM, NUMERO_NOTA_FISCAL, QUANTIDADE, PRECO_PRODUTO, DESCONTO) VALUES (174, 38, 18, 100, 25.98, 0.07);
INSERT INTO ITEM (IDENTIFICADOR, NUM_NOTA_FISCAL_ORDEM, NUMERO_NOTA_FISCAL, QUANTIDADE, PRECO_PRODUTO, DESCONTO) VALUES (175, 11, 56, 45, 43.84, 0.20);
INSERT INTO ITEM (IDENTIFICADOR, NUM_NOTA_FISCAL_ORDEM, NUMERO_NOTA_FISCAL, QUANTIDADE, PRECO_PRODUTO, DESCONTO) VALUES (176, 160, 73, 29, 40.64, 0.07);
INSERT INTO ITEM (IDENTIFICADOR, NUM_NOTA_FISCAL_ORDEM, NUMERO_NOTA_FISCAL, QUANTIDADE, PRECO_PRODUTO, DESCONTO) VALUES (177, 126, 67, 71, 88.56, 0.08);
INSERT INTO ITEM (IDENTIFICADOR, NUM_NOTA_FISCAL_ORDEM, NUMERO_NOTA_FISCAL, QUANTIDADE, PRECO_PRODUTO, DESCONTO) VALUES (178, 82, 37, 65, 36.82, 0.06);
INSERT INTO ITEM (IDENTIFICADOR, NUM_NOTA_FISCAL_ORDEM, NUMERO_NOTA_FISCAL, QUANTIDADE, PRECO_PRODUTO, DESCONTO) VALUES (179, 56, 12, 59, 17.93, 0.07);
INSERT INTO ITEM (IDENTIFICADOR, NUM_NOTA_FISCAL_ORDEM, NUMERO_NOTA_FISCAL, QUANTIDADE, PRECO_PRODUTO, DESCONTO) VALUES (180, 162, 21, 10, 61.93, 0.07);
INSERT INTO ITEM (IDENTIFICADOR, NUM_NOTA_FISCAL_ORDEM, NUMERO_NOTA_FISCAL, QUANTIDADE, PRECO_PRODUTO, DESCONTO) VALUES (181, 133, 53, 10, 33.26, 0.14);
INSERT INTO ITEM (IDENTIFICADOR, NUM_NOTA_FISCAL_ORDEM, NUMERO_NOTA_FISCAL, QUANTIDADE, PRECO_PRODUTO, DESCONTO) VALUES (182, 167, 63, 83, 72.08, 0.10);
INSERT INTO ITEM (IDENTIFICADOR, NUM_NOTA_FISCAL_ORDEM, NUMERO_NOTA_FISCAL, QUANTIDADE, PRECO_PRODUTO, DESCONTO) VALUES (183, 55, 63, 51, 12.33, 0.20);
INSERT INTO ITEM (IDENTIFICADOR, NUM_NOTA_FISCAL_ORDEM, NUMERO_NOTA_FISCAL, QUANTIDADE, PRECO_PRODUTO, DESCONTO) VALUES (184, 110, 21, 63, 9.79, 0.11);
INSERT INTO ITEM (IDENTIFICADOR, NUM_NOTA_FISCAL_ORDEM, NUMERO_NOTA_FISCAL, QUANTIDADE, PRECO_PRODUTO, DESCONTO) VALUES (185, 1, 76, 35, 60.53, 0.17);
INSERT INTO ITEM (IDENTIFICADOR, NUM_NOTA_FISCAL_ORDEM, NUMERO_NOTA_FISCAL, QUANTIDADE, PRECO_PRODUTO, DESCONTO) VALUES (186, 16, 4, 80, 2.98, 0.06);
INSERT INTO ITEM (IDENTIFICADOR, NUM_NOTA_FISCAL_ORDEM, NUMERO_NOTA_FISCAL, QUANTIDADE, PRECO_PRODUTO, DESCONTO) VALUES (187, 163, 12, 69, 61.90, 0.15);
INSERT INTO ITEM (IDENTIFICADOR, NUM_NOTA_FISCAL_ORDEM, NUMERO_NOTA_FISCAL, QUANTIDADE, PRECO_PRODUTO, DESCONTO) VALUES (188, 67, 79, 85, 28.97, 0.04);
INSERT INTO ITEM (IDENTIFICADOR, NUM_NOTA_FISCAL_ORDEM, NUMERO_NOTA_FISCAL, QUANTIDADE, PRECO_PRODUTO, DESCONTO) VALUES (189, 111, 35, 64, 58.54, 0.10);
INSERT INTO ITEM (IDENTIFICADOR, NUM_NOTA_FISCAL_ORDEM, NUMERO_NOTA_FISCAL, QUANTIDADE, PRECO_PRODUTO, DESCONTO) VALUES (190, 182, 10, 33, 73.53, 0.09);
INSERT INTO ITEM (IDENTIFICADOR, NUM_NOTA_FISCAL_ORDEM, NUMERO_NOTA_FISCAL, QUANTIDADE, PRECO_PRODUTO, DESCONTO) VALUES (191, 174, 54, 96, 86.72, 0.19);
INSERT INTO ITEM (IDENTIFICADOR, NUM_NOTA_FISCAL_ORDEM, NUMERO_NOTA_FISCAL, QUANTIDADE, PRECO_PRODUTO, DESCONTO) VALUES (192, 3, 14, 74, 22.80, 0.06);
INSERT INTO ITEM (IDENTIFICADOR, NUM_NOTA_FISCAL_ORDEM, NUMERO_NOTA_FISCAL, QUANTIDADE, PRECO_PRODUTO, DESCONTO) VALUES (193, 132, 28, 49, 29.49, 0.03);
INSERT INTO ITEM (IDENTIFICADOR, NUM_NOTA_FISCAL_ORDEM, NUMERO_NOTA_FISCAL, QUANTIDADE, PRECO_PRODUTO, DESCONTO) VALUES (194, 73, 19, 63, 64.39, 0.09);
INSERT INTO ITEM (IDENTIFICADOR, NUM_NOTA_FISCAL_ORDEM, NUMERO_NOTA_FISCAL, QUANTIDADE, PRECO_PRODUTO, DESCONTO) VALUES (195, 125, 25, 31, 100.13, 0.16);
INSERT INTO ITEM (IDENTIFICADOR, NUM_NOTA_FISCAL_ORDEM, NUMERO_NOTA_FISCAL, QUANTIDADE, PRECO_PRODUTO, DESCONTO) VALUES (196, 34, 4, 26, 19.77, 0.03);
INSERT INTO ITEM (IDENTIFICADOR, NUM_NOTA_FISCAL_ORDEM, NUMERO_NOTA_FISCAL, QUANTIDADE, PRECO_PRODUTO, DESCONTO) VALUES (197, 161, 11, 13, 52.57, 0.12);
INSERT INTO ITEM (IDENTIFICADOR, NUM_NOTA_FISCAL_ORDEM, NUMERO_NOTA_FISCAL, QUANTIDADE, PRECO_PRODUTO, DESCONTO) VALUES (198, 56, 66, 25, 20.49, 0.13);
INSERT INTO ITEM (IDENTIFICADOR, NUM_NOTA_FISCAL_ORDEM, NUMERO_NOTA_FISCAL, QUANTIDADE, PRECO_PRODUTO, DESCONTO) VALUES (199, 171, 35, 95, 28.03, 0.20);
INSERT INTO ITEM (IDENTIFICADOR, NUM_NOTA_FISCAL_ORDEM, NUMERO_NOTA_FISCAL, QUANTIDADE, PRECO_PRODUTO, DESCONTO) VALUES (200, 10, 55, 88, 8.99, 0.19);
INSERT INTO ITEM (IDENTIFICADOR, NUM_NOTA_FISCAL_ORDEM, NUMERO_NOTA_FISCAL, QUANTIDADE, PRECO_PRODUTO, DESCONTO) VALUES (201, 142, 35, 38, 92.39, 0.05);
INSERT INTO ITEM (IDENTIFICADOR, NUM_NOTA_FISCAL_ORDEM, NUMERO_NOTA_FISCAL, QUANTIDADE, PRECO_PRODUTO, DESCONTO) VALUES (202, 118, 24, 60, 97.74, 0.09);
INSERT INTO ITEM (IDENTIFICADOR, NUM_NOTA_FISCAL_ORDEM, NUMERO_NOTA_FISCAL, QUANTIDADE, PRECO_PRODUTO, DESCONTO) VALUES (203, 43, 69, 34, 80.36, 0.18);
INSERT INTO ITEM (IDENTIFICADOR, NUM_NOTA_FISCAL_ORDEM, NUMERO_NOTA_FISCAL, QUANTIDADE, PRECO_PRODUTO, DESCONTO) VALUES (204, 194, 69, 51, 10.95, 0.14);
INSERT INTO ITEM (IDENTIFICADOR, NUM_NOTA_FISCAL_ORDEM, NUMERO_NOTA_FISCAL, QUANTIDADE, PRECO_PRODUTO, DESCONTO) VALUES (205, 38, 48, 30, 15.52, 0.03);
INSERT INTO ITEM (IDENTIFICADOR, NUM_NOTA_FISCAL_ORDEM, NUMERO_NOTA_FISCAL, QUANTIDADE, PRECO_PRODUTO, DESCONTO) VALUES (206, 80, 43, 19, 87.87, 0.17);
INSERT INTO ITEM (IDENTIFICADOR, NUM_NOTA_FISCAL_ORDEM, NUMERO_NOTA_FISCAL, QUANTIDADE, PRECO_PRODUTO, DESCONTO) VALUES (207, 78, 11, 88, 45.96, 0.12);
INSERT INTO ITEM (IDENTIFICADOR, NUM_NOTA_FISCAL_ORDEM, NUMERO_NOTA_FISCAL, QUANTIDADE, PRECO_PRODUTO, DESCONTO) VALUES (208, 39, 60, 38, 100.10, 0.00);
INSERT INTO ITEM (IDENTIFICADOR, NUM_NOTA_FISCAL_ORDEM, NUMERO_NOTA_FISCAL, QUANTIDADE, PRECO_PRODUTO, DESCONTO) VALUES (209, 41, 58, 91, 66.13, 0.06);
INSERT INTO ITEM (IDENTIFICADOR, NUM_NOTA_FISCAL_ORDEM, NUMERO_NOTA_FISCAL, QUANTIDADE, PRECO_PRODUTO, DESCONTO) VALUES (210, 176, 19, 54, 13.57, 0.16);
INSERT INTO ITEM (IDENTIFICADOR, NUM_NOTA_FISCAL_ORDEM, NUMERO_NOTA_FISCAL, QUANTIDADE, PRECO_PRODUTO, DESCONTO) VALUES (211, 107, 64, 41, 99.71, 0.16);
INSERT INTO ITEM (IDENTIFICADOR, NUM_NOTA_FISCAL_ORDEM, NUMERO_NOTA_FISCAL, QUANTIDADE, PRECO_PRODUTO, DESCONTO) VALUES (212, 45, 76, 29, 34.94, 0.10);
INSERT INTO ITEM (IDENTIFICADOR, NUM_NOTA_FISCAL_ORDEM, NUMERO_NOTA_FISCAL, QUANTIDADE, PRECO_PRODUTO, DESCONTO) VALUES (213, 186, 40, 11, 35.83, 0.08);
INSERT INTO ITEM (IDENTIFICADOR, NUM_NOTA_FISCAL_ORDEM, NUMERO_NOTA_FISCAL, QUANTIDADE, PRECO_PRODUTO, DESCONTO) VALUES (214, 193, 12, 80, 4.34, 0.04);
INSERT INTO ITEM (IDENTIFICADOR, NUM_NOTA_FISCAL_ORDEM, NUMERO_NOTA_FISCAL, QUANTIDADE, PRECO_PRODUTO, DESCONTO) VALUES (215, 59, 63, 30, 43.19, 0.00);
INSERT INTO ITEM (IDENTIFICADOR, NUM_NOTA_FISCAL_ORDEM, NUMERO_NOTA_FISCAL, QUANTIDADE, PRECO_PRODUTO, DESCONTO) VALUES (216, 131, 32, 90, 9.53, 0.15);
INSERT INTO ITEM (IDENTIFICADOR, NUM_NOTA_FISCAL_ORDEM, NUMERO_NOTA_FISCAL, QUANTIDADE, PRECO_PRODUTO, DESCONTO) VALUES (217, 128, 61, 9, 35.17, 0.12);
INSERT INTO ITEM (IDENTIFICADOR, NUM_NOTA_FISCAL_ORDEM, NUMERO_NOTA_FISCAL, QUANTIDADE, PRECO_PRODUTO, DESCONTO) VALUES (218, 39, 64, 35, 71.08, 0.16);
INSERT INTO ITEM (IDENTIFICADOR, NUM_NOTA_FISCAL_ORDEM, NUMERO_NOTA_FISCAL, QUANTIDADE, PRECO_PRODUTO, DESCONTO) VALUES (219, 29, 78, 56, 89.83, 0.04);
INSERT INTO ITEM (IDENTIFICADOR, NUM_NOTA_FISCAL_ORDEM, NUMERO_NOTA_FISCAL, QUANTIDADE, PRECO_PRODUTO, DESCONTO) VALUES (220, 123, 63, 42, 13.15, 0.12);
INSERT INTO ITEM (IDENTIFICADOR, NUM_NOTA_FISCAL_ORDEM, NUMERO_NOTA_FISCAL, QUANTIDADE, PRECO_PRODUTO, DESCONTO) VALUES (221, 13, 5, 6, 59.69, 0.12);
INSERT INTO ITEM (IDENTIFICADOR, NUM_NOTA_FISCAL_ORDEM, NUMERO_NOTA_FISCAL, QUANTIDADE, PRECO_PRODUTO, DESCONTO) VALUES (222, 66, 0, 6, 14.98, 0.08);
INSERT INTO ITEM (IDENTIFICADOR, NUM_NOTA_FISCAL_ORDEM, NUMERO_NOTA_FISCAL, QUANTIDADE, PRECO_PRODUTO, DESCONTO) VALUES (223, 106, 9, 95, 53.12, 0.12);
INSERT INTO ITEM (IDENTIFICADOR, NUM_NOTA_FISCAL_ORDEM, NUMERO_NOTA_FISCAL, QUANTIDADE, PRECO_PRODUTO, DESCONTO) VALUES (224, 104, 54, 41, 4.04, 0.08);
INSERT INTO ITEM (IDENTIFICADOR, NUM_NOTA_FISCAL_ORDEM, NUMERO_NOTA_FISCAL, QUANTIDADE, PRECO_PRODUTO, DESCONTO) VALUES (225, 193, 40, 52, 4.92, 0.05);
INSERT INTO ITEM (IDENTIFICADOR, NUM_NOTA_FISCAL_ORDEM, NUMERO_NOTA_FISCAL, QUANTIDADE, PRECO_PRODUTO, DESCONTO) VALUES (226, 38, 21, 92, 96.99, 0.04);
INSERT INTO ITEM (IDENTIFICADOR, NUM_NOTA_FISCAL_ORDEM, NUMERO_NOTA_FISCAL, QUANTIDADE, PRECO_PRODUTO, DESCONTO) VALUES (227, 56, 46, 27, 16.11, 0.12);
INSERT INTO ITEM (IDENTIFICADOR, NUM_NOTA_FISCAL_ORDEM, NUMERO_NOTA_FISCAL, QUANTIDADE, PRECO_PRODUTO, DESCONTO) VALUES (228, 136, 28, 91, 76.48, 0.17);
INSERT INTO ITEM (IDENTIFICADOR, NUM_NOTA_FISCAL_ORDEM, NUMERO_NOTA_FISCAL, QUANTIDADE, PRECO_PRODUTO, DESCONTO) VALUES (229, 109, 8, 10, 59.39, 0.08);
INSERT INTO ITEM (IDENTIFICADOR, NUM_NOTA_FISCAL_ORDEM, NUMERO_NOTA_FISCAL, QUANTIDADE, PRECO_PRODUTO, DESCONTO) VALUES (230, 86, 4, 13, 18.79, 0.17);
INSERT INTO ITEM (IDENTIFICADOR, NUM_NOTA_FISCAL_ORDEM, NUMERO_NOTA_FISCAL, QUANTIDADE, PRECO_PRODUTO, DESCONTO) VALUES (231, 99, 66, 38, 15.26, 0.04);
INSERT INTO ITEM (IDENTIFICADOR, NUM_NOTA_FISCAL_ORDEM, NUMERO_NOTA_FISCAL, QUANTIDADE, PRECO_PRODUTO, DESCONTO) VALUES (232, 23, 51, 49, 2.27, 0.17);
INSERT INTO ITEM (IDENTIFICADOR, NUM_NOTA_FISCAL_ORDEM, NUMERO_NOTA_FISCAL, QUANTIDADE, PRECO_PRODUTO, DESCONTO) VALUES (233, 149, 21, 17, 3.79, 0.17);
INSERT INTO ITEM (IDENTIFICADOR, NUM_NOTA_FISCAL_ORDEM, NUMERO_NOTA_FISCAL, QUANTIDADE, PRECO_PRODUTO, DESCONTO) VALUES (234, 124, 28, 34, 9.90, 0.16);
INSERT INTO ITEM (IDENTIFICADOR, NUM_NOTA_FISCAL_ORDEM, NUMERO_NOTA_FISCAL, QUANTIDADE, PRECO_PRODUTO, DESCONTO) VALUES (235, 88, 39, 70, 83.84, 0.10);
INSERT INTO ITEM (IDENTIFICADOR, NUM_NOTA_FISCAL_ORDEM, NUMERO_NOTA_FISCAL, QUANTIDADE, PRECO_PRODUTO, DESCONTO) VALUES (236, 152, 11, 76, 75.79, 0.19);
INSERT INTO ITEM (IDENTIFICADOR, NUM_NOTA_FISCAL_ORDEM, NUMERO_NOTA_FISCAL, QUANTIDADE, PRECO_PRODUTO, DESCONTO) VALUES (237, 191, 8, 14, 20.51, 0.11);
INSERT INTO ITEM (IDENTIFICADOR, NUM_NOTA_FISCAL_ORDEM, NUMERO_NOTA_FISCAL, QUANTIDADE, PRECO_PRODUTO, DESCONTO) VALUES (238, 180, 78, 46, 100.47, 0.13);
INSERT INTO ITEM (IDENTIFICADOR, NUM_NOTA_FISCAL_ORDEM, NUMERO_NOTA_FISCAL, QUANTIDADE, PRECO_PRODUTO, DESCONTO) VALUES (239, 109, 58, 52, 61.41, 0.03);
INSERT INTO ITEM (IDENTIFICADOR, NUM_NOTA_FISCAL_ORDEM, NUMERO_NOTA_FISCAL, QUANTIDADE, PRECO_PRODUTO, DESCONTO) VALUES (240, 103, 47, 79, 76.68, 0.13);
INSERT INTO ITEM (IDENTIFICADOR, NUM_NOTA_FISCAL_ORDEM, NUMERO_NOTA_FISCAL, QUANTIDADE, PRECO_PRODUTO, DESCONTO) VALUES (241, 78, 20, 71, 92.99, 0.10);
INSERT INTO ITEM (IDENTIFICADOR, NUM_NOTA_FISCAL_ORDEM, NUMERO_NOTA_FISCAL, QUANTIDADE, PRECO_PRODUTO, DESCONTO) VALUES (242, 28, 1, 94, 43.89, 0.02);
INSERT INTO ITEM (IDENTIFICADOR, NUM_NOTA_FISCAL_ORDEM, NUMERO_NOTA_FISCAL, QUANTIDADE, PRECO_PRODUTO, DESCONTO) VALUES (243, 143, 62, 66, 48.17, 0.03);
INSERT INTO ITEM (IDENTIFICADOR, NUM_NOTA_FISCAL_ORDEM, NUMERO_NOTA_FISCAL, QUANTIDADE, PRECO_PRODUTO, DESCONTO) VALUES (244, 44, 78, 99, 51.25, 0.04);
INSERT INTO ITEM (IDENTIFICADOR, NUM_NOTA_FISCAL_ORDEM, NUMERO_NOTA_FISCAL, QUANTIDADE, PRECO_PRODUTO, DESCONTO) VALUES (245, 133, 9, 3, 98.60, 0.07);
INSERT INTO ITEM (IDENTIFICADOR, NUM_NOTA_FISCAL_ORDEM, NUMERO_NOTA_FISCAL, QUANTIDADE, PRECO_PRODUTO, DESCONTO) VALUES (246, 111, 13, 85, 80.30, 0.03);
INSERT INTO ITEM (IDENTIFICADOR, NUM_NOTA_FISCAL_ORDEM, NUMERO_NOTA_FISCAL, QUANTIDADE, PRECO_PRODUTO, DESCONTO) VALUES (247, 44, 20, 93, 60.18, 0.14);
INSERT INTO ITEM (IDENTIFICADOR, NUM_NOTA_FISCAL_ORDEM, NUMERO_NOTA_FISCAL, QUANTIDADE, PRECO_PRODUTO, DESCONTO) VALUES (248, 184, 33, 7, 57.47, 0.20);
INSERT INTO ITEM (IDENTIFICADOR, NUM_NOTA_FISCAL_ORDEM, NUMERO_NOTA_FISCAL, QUANTIDADE, PRECO_PRODUTO, DESCONTO) VALUES (249, 85, 35, 14, 81.18, 0.04);
INSERT INTO ITEM (IDENTIFICADOR, NUM_NOTA_FISCAL_ORDEM, NUMERO_NOTA_FISCAL, QUANTIDADE, PRECO_PRODUTO, DESCONTO) VALUES (250, 111, 13, 61, 64.28, 0.18);
INSERT INTO ITEM (IDENTIFICADOR, NUM_NOTA_FISCAL_ORDEM, NUMERO_NOTA_FISCAL, QUANTIDADE, PRECO_PRODUTO, DESCONTO) VALUES (251, 188, 43, 52, 41.69, 0.06);
INSERT INTO ITEM (IDENTIFICADOR, NUM_NOTA_FISCAL_ORDEM, NUMERO_NOTA_FISCAL, QUANTIDADE, PRECO_PRODUTO, DESCONTO) VALUES (252, 9, 5, 25, 54.28, 0.18);
INSERT INTO ITEM (IDENTIFICADOR, NUM_NOTA_FISCAL_ORDEM, NUMERO_NOTA_FISCAL, QUANTIDADE, PRECO_PRODUTO, DESCONTO) VALUES (253, 47, 12, 19, 29.20, 0.12);
INSERT INTO ITEM (IDENTIFICADOR, NUM_NOTA_FISCAL_ORDEM, NUMERO_NOTA_FISCAL, QUANTIDADE, PRECO_PRODUTO, DESCONTO) VALUES (254, 82, 2, 32, 77.34, 0.08);
INSERT INTO ITEM (IDENTIFICADOR, NUM_NOTA_FISCAL_ORDEM, NUMERO_NOTA_FISCAL, QUANTIDADE, PRECO_PRODUTO, DESCONTO) VALUES (255, 71, 44, 73, 66.27, 0.15);
INSERT INTO ITEM (IDENTIFICADOR, NUM_NOTA_FISCAL_ORDEM, NUMERO_NOTA_FISCAL, QUANTIDADE, PRECO_PRODUTO, DESCONTO) VALUES (256, 196, 18, 48, 13.45, 0.01);
INSERT INTO ITEM (IDENTIFICADOR, NUM_NOTA_FISCAL_ORDEM, NUMERO_NOTA_FISCAL, QUANTIDADE, PRECO_PRODUTO, DESCONTO) VALUES (257, 158, 79, 50, 49.42, 0.11);
INSERT INTO ITEM (IDENTIFICADOR, NUM_NOTA_FISCAL_ORDEM, NUMERO_NOTA_FISCAL, QUANTIDADE, PRECO_PRODUTO, DESCONTO) VALUES (258, 129, 60, 3, 85.16, 0.01);
INSERT INTO ITEM (IDENTIFICADOR, NUM_NOTA_FISCAL_ORDEM, NUMERO_NOTA_FISCAL, QUANTIDADE, PRECO_PRODUTO, DESCONTO) VALUES (259, 154, 59, 63, 80.63, 0.12);
INSERT INTO ITEM (IDENTIFICADOR, NUM_NOTA_FISCAL_ORDEM, NUMERO_NOTA_FISCAL, QUANTIDADE, PRECO_PRODUTO, DESCONTO) VALUES (260, 59, 28, 75, 96.84, 0.17);
INSERT INTO ITEM (IDENTIFICADOR, NUM_NOTA_FISCAL_ORDEM, NUMERO_NOTA_FISCAL, QUANTIDADE, PRECO_PRODUTO, DESCONTO) VALUES (261, 182, 15, 40, 14.70, 0.17);
INSERT INTO ITEM (IDENTIFICADOR, NUM_NOTA_FISCAL_ORDEM, NUMERO_NOTA_FISCAL, QUANTIDADE, PRECO_PRODUTO, DESCONTO) VALUES (262, 168, 35, 64, 35.61, 0.05);
INSERT INTO ITEM (IDENTIFICADOR, NUM_NOTA_FISCAL_ORDEM, NUMERO_NOTA_FISCAL, QUANTIDADE, PRECO_PRODUTO, DESCONTO) VALUES (263, 143, 12, 4, 70.44, 0.17);
INSERT INTO ITEM (IDENTIFICADOR, NUM_NOTA_FISCAL_ORDEM, NUMERO_NOTA_FISCAL, QUANTIDADE, PRECO_PRODUTO, DESCONTO) VALUES (264, 188, 33, 69, 21.29, 0.19);
INSERT INTO ITEM (IDENTIFICADOR, NUM_NOTA_FISCAL_ORDEM, NUMERO_NOTA_FISCAL, QUANTIDADE, PRECO_PRODUTO, DESCONTO) VALUES (265, 118, 13, 12, 23.32, 0.16);
INSERT INTO ITEM (IDENTIFICADOR, NUM_NOTA_FISCAL_ORDEM, NUMERO_NOTA_FISCAL, QUANTIDADE, PRECO_PRODUTO, DESCONTO) VALUES (266, 66, 52, 41, 86.33, 0.14);
INSERT INTO ITEM (IDENTIFICADOR, NUM_NOTA_FISCAL_ORDEM, NUMERO_NOTA_FISCAL, QUANTIDADE, PRECO_PRODUTO, DESCONTO) VALUES (267, 171, 12, 61, 10.64, 0.01);
INSERT INTO ITEM (IDENTIFICADOR, NUM_NOTA_FISCAL_ORDEM, NUMERO_NOTA_FISCAL, QUANTIDADE, PRECO_PRODUTO, DESCONTO) VALUES (268, 96, 74, 99, 21.35, 0.04);
INSERT INTO ITEM (IDENTIFICADOR, NUM_NOTA_FISCAL_ORDEM, NUMERO_NOTA_FISCAL, QUANTIDADE, PRECO_PRODUTO, DESCONTO) VALUES (269, 57, 47, 94, 11.53, 0.00);
INSERT INTO ITEM (IDENTIFICADOR, NUM_NOTA_FISCAL_ORDEM, NUMERO_NOTA_FISCAL, QUANTIDADE, PRECO_PRODUTO, DESCONTO) VALUES (270, 48, 41, 81, 80.05, 0.06);
INSERT INTO ITEM (IDENTIFICADOR, NUM_NOTA_FISCAL_ORDEM, NUMERO_NOTA_FISCAL, QUANTIDADE, PRECO_PRODUTO, DESCONTO) VALUES (271, 44, 44, 67, 39.44, 0.11);
INSERT INTO ITEM (IDENTIFICADOR, NUM_NOTA_FISCAL_ORDEM, NUMERO_NOTA_FISCAL, QUANTIDADE, PRECO_PRODUTO, DESCONTO) VALUES (272, 112, 36, 8, 21.56, 0.09);
INSERT INTO ITEM (IDENTIFICADOR, NUM_NOTA_FISCAL_ORDEM, NUMERO_NOTA_FISCAL, QUANTIDADE, PRECO_PRODUTO, DESCONTO) VALUES (273, 11, 58, 41, 61.49, 0.07);
INSERT INTO ITEM (IDENTIFICADOR, NUM_NOTA_FISCAL_ORDEM, NUMERO_NOTA_FISCAL, QUANTIDADE, PRECO_PRODUTO, DESCONTO) VALUES (274, 182, 72, 2, 44.96, 0.09);
INSERT INTO ITEM (IDENTIFICADOR, NUM_NOTA_FISCAL_ORDEM, NUMERO_NOTA_FISCAL, QUANTIDADE, PRECO_PRODUTO, DESCONTO) VALUES (275, 150, 60, 33, 48.78, 0.20);
INSERT INTO ITEM (IDENTIFICADOR, NUM_NOTA_FISCAL_ORDEM, NUMERO_NOTA_FISCAL, QUANTIDADE, PRECO_PRODUTO, DESCONTO) VALUES (276, 63, 37, 81, 24.07, 0.18);
INSERT INTO ITEM (IDENTIFICADOR, NUM_NOTA_FISCAL_ORDEM, NUMERO_NOTA_FISCAL, QUANTIDADE, PRECO_PRODUTO, DESCONTO) VALUES (277, 168, 58, 76, 94.36, 0.16);
INSERT INTO ITEM (IDENTIFICADOR, NUM_NOTA_FISCAL_ORDEM, NUMERO_NOTA_FISCAL, QUANTIDADE, PRECO_PRODUTO, DESCONTO) VALUES (278, 77, 31, 56, 31.25, 0.05);
INSERT INTO ITEM (IDENTIFICADOR, NUM_NOTA_FISCAL_ORDEM, NUMERO_NOTA_FISCAL, QUANTIDADE, PRECO_PRODUTO, DESCONTO) VALUES (279, 99, 35, 55, 29.79, 0.10);
INSERT INTO ITEM (IDENTIFICADOR, NUM_NOTA_FISCAL_ORDEM, NUMERO_NOTA_FISCAL, QUANTIDADE, PRECO_PRODUTO, DESCONTO) VALUES (280, 121, 50, 87, 94.31, 0.20);
INSERT INTO ITEM (IDENTIFICADOR, NUM_NOTA_FISCAL_ORDEM, NUMERO_NOTA_FISCAL, QUANTIDADE, PRECO_PRODUTO, DESCONTO) VALUES (281, 89, 10, 1, 34.28, 0.01);
INSERT INTO ITEM (IDENTIFICADOR, NUM_NOTA_FISCAL_ORDEM, NUMERO_NOTA_FISCAL, QUANTIDADE, PRECO_PRODUTO, DESCONTO) VALUES (282, 163, 2, 88, 4.07, 0.20);
INSERT INTO ITEM (IDENTIFICADOR, NUM_NOTA_FISCAL_ORDEM, NUMERO_NOTA_FISCAL, QUANTIDADE, PRECO_PRODUTO, DESCONTO) VALUES (283, 44, 38, 19, 62.75, 0.11);
INSERT INTO ITEM (IDENTIFICADOR, NUM_NOTA_FISCAL_ORDEM, NUMERO_NOTA_FISCAL, QUANTIDADE, PRECO_PRODUTO, DESCONTO) VALUES (284, 100, 41, 9, 3.22, 0.14);
INSERT INTO ITEM (IDENTIFICADOR, NUM_NOTA_FISCAL_ORDEM, NUMERO_NOTA_FISCAL, QUANTIDADE, PRECO_PRODUTO, DESCONTO) VALUES (285, 36, 18, 91, 25.08, 0.17);
INSERT INTO ITEM (IDENTIFICADOR, NUM_NOTA_FISCAL_ORDEM, NUMERO_NOTA_FISCAL, QUANTIDADE, PRECO_PRODUTO, DESCONTO) VALUES (286, 104, 64, 31, 61.70, 0.11);
INSERT INTO ITEM (IDENTIFICADOR, NUM_NOTA_FISCAL_ORDEM, NUMERO_NOTA_FISCAL, QUANTIDADE, PRECO_PRODUTO, DESCONTO) VALUES (287, 105, 38, 77, 13.83, 0.03);
INSERT INTO ITEM (IDENTIFICADOR, NUM_NOTA_FISCAL_ORDEM, NUMERO_NOTA_FISCAL, QUANTIDADE, PRECO_PRODUTO, DESCONTO) VALUES (288, 34, 21, 46, 79.82, 0.07);
INSERT INTO ITEM (IDENTIFICADOR, NUM_NOTA_FISCAL_ORDEM, NUMERO_NOTA_FISCAL, QUANTIDADE, PRECO_PRODUTO, DESCONTO) VALUES (289, 139, 38, 92, 1.64, 0.11);
INSERT INTO ITEM (IDENTIFICADOR, NUM_NOTA_FISCAL_ORDEM, NUMERO_NOTA_FISCAL, QUANTIDADE, PRECO_PRODUTO, DESCONTO) VALUES (290, 5, 12, 12, 54.41, 0.16);
INSERT INTO ITEM (IDENTIFICADOR, NUM_NOTA_FISCAL_ORDEM, NUMERO_NOTA_FISCAL, QUANTIDADE, PRECO_PRODUTO, DESCONTO) VALUES (291, 37, 46, 99, 30.67, 0.01);
INSERT INTO ITEM (IDENTIFICADOR, NUM_NOTA_FISCAL_ORDEM, NUMERO_NOTA_FISCAL, QUANTIDADE, PRECO_PRODUTO, DESCONTO) VALUES (292, 133, 18, 17, 16.08, 0.06);
INSERT INTO ITEM (IDENTIFICADOR, NUM_NOTA_FISCAL_ORDEM, NUMERO_NOTA_FISCAL, QUANTIDADE, PRECO_PRODUTO, DESCONTO) VALUES (293, 162, 30, 87, 23.98, 0.19);
INSERT INTO ITEM (IDENTIFICADOR, NUM_NOTA_FISCAL_ORDEM, NUMERO_NOTA_FISCAL, QUANTIDADE, PRECO_PRODUTO, DESCONTO) VALUES (294, 165, 39, 86, 43.98, 0.09);
INSERT INTO ITEM (IDENTIFICADOR, NUM_NOTA_FISCAL_ORDEM, NUMERO_NOTA_FISCAL, QUANTIDADE, PRECO_PRODUTO, DESCONTO) VALUES (295, 77, 76, 51, 34.12, 0.00);
INSERT INTO ITEM (IDENTIFICADOR, NUM_NOTA_FISCAL_ORDEM, NUMERO_NOTA_FISCAL, QUANTIDADE, PRECO_PRODUTO, DESCONTO) VALUES (296, 177, 12, 68, 74.47, 0.03);
INSERT INTO ITEM (IDENTIFICADOR, NUM_NOTA_FISCAL_ORDEM, NUMERO_NOTA_FISCAL, QUANTIDADE, PRECO_PRODUTO, DESCONTO) VALUES (297, 140, 74, 75, 42.34, 0.06);
INSERT INTO ITEM (IDENTIFICADOR, NUM_NOTA_FISCAL_ORDEM, NUMERO_NOTA_FISCAL, QUANTIDADE, PRECO_PRODUTO, DESCONTO) VALUES (298, 78, 53, 85, 88.22, 0.00);
INSERT INTO ITEM (IDENTIFICADOR, NUM_NOTA_FISCAL_ORDEM, NUMERO_NOTA_FISCAL, QUANTIDADE, PRECO_PRODUTO, DESCONTO) VALUES (299, 157, 48, 85, 16.99, 0.03);


------ REALIZA_RECLAMACAO ------

INSERT INTO REALIZA_RECLAMACAO (ID_RECLAMACAO, DATA_HORA, DESCRICAO, CODIGO_FILIAL, CPF_CLIENTE) VALUES (0, TO_TIMESTAMP('2012-12-03 08:05:36', 'YYYY-MM-DD HH24:MI:SS'), 'Descrio da Reclamao 0', 7, '764.460.335-73');
INSERT INTO REALIZA_RECLAMACAO (ID_RECLAMACAO, DATA_HORA, DESCRICAO, CODIGO_FILIAL, CPF_CLIENTE) VALUES (1, TO_TIMESTAMP('2005-08-15 15:52:50', 'YYYY-MM-DD HH24:MI:SS'), 'Descrio da Reclamao 1', 0, '989.796.553-83');
INSERT INTO REALIZA_RECLAMACAO (ID_RECLAMACAO, DATA_HORA, DESCRICAO, CODIGO_FILIAL, CPF_CLIENTE) VALUES (2, TO_TIMESTAMP('2016-10-01 15:01:15', 'YYYY-MM-DD HH24:MI:SS'), 'Descrio da Reclamao 2', 9, '513.525.838-92');
INSERT INTO REALIZA_RECLAMACAO (ID_RECLAMACAO, DATA_HORA, DESCRICAO, CODIGO_FILIAL, CPF_CLIENTE) VALUES (3, TO_TIMESTAMP('2006-04-05 02:27:34', 'YYYY-MM-DD HH24:MI:SS'), 'Descrio da Reclamao 3', 0, '848.193.513-50');
INSERT INTO REALIZA_RECLAMACAO (ID_RECLAMACAO, DATA_HORA, DESCRICAO, CODIGO_FILIAL, CPF_CLIENTE) VALUES (4, TO_TIMESTAMP('2010-12-06 03:48:14', 'YYYY-MM-DD HH24:MI:SS'), 'Descrio da Reclamao 4', 2, '657.604.322-44');
INSERT INTO REALIZA_RECLAMACAO (ID_RECLAMACAO, DATA_HORA, DESCRICAO, CODIGO_FILIAL, CPF_CLIENTE) VALUES (5, TO_TIMESTAMP('2011-06-06 23:13:40', 'YYYY-MM-DD HH24:MI:SS'), 'Descrio da Reclamao 5', 4, '902.199.537-79');
INSERT INTO REALIZA_RECLAMACAO (ID_RECLAMACAO, DATA_HORA, DESCRICAO, CODIGO_FILIAL, CPF_CLIENTE) VALUES (6, TO_TIMESTAMP('2003-11-16 06:47:00', 'YYYY-MM-DD HH24:MI:SS'), 'Descrio da Reclamao 6', 5, '548.836.435-56');
INSERT INTO REALIZA_RECLAMACAO (ID_RECLAMACAO, DATA_HORA, DESCRICAO, CODIGO_FILIAL, CPF_CLIENTE) VALUES (7, TO_TIMESTAMP('2005-09-18 03:41:32', 'YYYY-MM-DD HH24:MI:SS'), 'Descrio da Reclamao 7', 4, '493.452.282-39');
INSERT INTO REALIZA_RECLAMACAO (ID_RECLAMACAO, DATA_HORA, DESCRICAO, CODIGO_FILIAL, CPF_CLIENTE) VALUES (8, TO_TIMESTAMP('2016-11-21 15:19:25', 'YYYY-MM-DD HH24:MI:SS'), 'Descrio da Reclamao 8', 1, '928.702.656-93');
INSERT INTO REALIZA_RECLAMACAO (ID_RECLAMACAO, DATA_HORA, DESCRICAO, CODIGO_FILIAL, CPF_CLIENTE) VALUES (9, TO_TIMESTAMP('2000-01-28 03:39:05', 'YYYY-MM-DD HH24:MI:SS'), 'Descrio da Reclamao 9', 2, '765.981.591-32');
INSERT INTO REALIZA_RECLAMACAO (ID_RECLAMACAO, DATA_HORA, DESCRICAO, CODIGO_FILIAL, CPF_CLIENTE) VALUES (10, TO_TIMESTAMP('2011-06-25 19:05:53', 'YYYY-MM-DD HH24:MI:SS'), 'Descrio da Reclamao 10', 1, '211.788.588-79');
INSERT INTO REALIZA_RECLAMACAO (ID_RECLAMACAO, DATA_HORA, DESCRICAO, CODIGO_FILIAL, CPF_CLIENTE) VALUES (11, TO_TIMESTAMP('2011-01-01 22:10:01', 'YYYY-MM-DD HH24:MI:SS'), 'Descrio da Reclamao 11', 6, '949.775.956-92');
INSERT INTO REALIZA_RECLAMACAO (ID_RECLAMACAO, DATA_HORA, DESCRICAO, CODIGO_FILIAL, CPF_CLIENTE) VALUES (12, TO_TIMESTAMP('2011-08-22 09:10:48', 'YYYY-MM-DD HH24:MI:SS'), 'Descrio da Reclamao 12', 9, '796.844.873-91');
INSERT INTO REALIZA_RECLAMACAO (ID_RECLAMACAO, DATA_HORA, DESCRICAO, CODIGO_FILIAL, CPF_CLIENTE) VALUES (13, TO_TIMESTAMP('2018-08-07 12:24:58', 'YYYY-MM-DD HH24:MI:SS'), 'Descrio da Reclamao 13', 6, '765.981.591-32');
INSERT INTO REALIZA_RECLAMACAO (ID_RECLAMACAO, DATA_HORA, DESCRICAO, CODIGO_FILIAL, CPF_CLIENTE) VALUES (14, TO_TIMESTAMP('2019-11-17 15:52:08', 'YYYY-MM-DD HH24:MI:SS'), 'Descrio da Reclamao 14', 5, '212.372.218-58');
INSERT INTO REALIZA_RECLAMACAO (ID_RECLAMACAO, DATA_HORA, DESCRICAO, CODIGO_FILIAL, CPF_CLIENTE) VALUES (15, TO_TIMESTAMP('2008-05-24 18:30:08', 'YYYY-MM-DD HH24:MI:SS'), 'Descrio da Reclamao 15', 8, '554.500.696-37');
INSERT INTO REALIZA_RECLAMACAO (ID_RECLAMACAO, DATA_HORA, DESCRICAO, CODIGO_FILIAL, CPF_CLIENTE) VALUES (16, TO_TIMESTAMP('2001-04-27 20:44:15', 'YYYY-MM-DD HH24:MI:SS'), 'Descrio da Reclamao 16', 3, '705.117.228-94');
INSERT INTO REALIZA_RECLAMACAO (ID_RECLAMACAO, DATA_HORA, DESCRICAO, CODIGO_FILIAL, CPF_CLIENTE) VALUES (17, TO_TIMESTAMP('2008-09-06 00:59:44', 'YYYY-MM-DD HH24:MI:SS'), 'Descrio da Reclamao 17', 5, '450.748.582-27');
INSERT INTO REALIZA_RECLAMACAO (ID_RECLAMACAO, DATA_HORA, DESCRICAO, CODIGO_FILIAL, CPF_CLIENTE) VALUES (18, TO_TIMESTAMP('2012-11-04 08:39:31', 'YYYY-MM-DD HH24:MI:SS'), 'Descrio da Reclamao 18', 0, '276.170.773-14');
INSERT INTO REALIZA_RECLAMACAO (ID_RECLAMACAO, DATA_HORA, DESCRICAO, CODIGO_FILIAL, CPF_CLIENTE) VALUES (19, TO_TIMESTAMP('2010-06-14 12:46:30', 'YYYY-MM-DD HH24:MI:SS'), 'Descrio da Reclamao 19', 5, '513.185.268-57');
INSERT INTO REALIZA_RECLAMACAO (ID_RECLAMACAO, DATA_HORA, DESCRICAO, CODIGO_FILIAL, CPF_CLIENTE) VALUES (20, TO_TIMESTAMP('2006-05-09 18:57:38', 'YYYY-MM-DD HH24:MI:SS'), 'Descrio da Reclamao 20', 9, '747.499.418-84');
INSERT INTO REALIZA_RECLAMACAO (ID_RECLAMACAO, DATA_HORA, DESCRICAO, CODIGO_FILIAL, CPF_CLIENTE) VALUES (21, TO_TIMESTAMP('2008-06-16 06:27:02', 'YYYY-MM-DD HH24:MI:SS'), 'Descrio da Reclamao 21', 5, '305.546.630-42');
INSERT INTO REALIZA_RECLAMACAO (ID_RECLAMACAO, DATA_HORA, DESCRICAO, CODIGO_FILIAL, CPF_CLIENTE) VALUES (22, TO_TIMESTAMP('2013-12-28 04:41:32', 'YYYY-MM-DD HH24:MI:SS'), 'Descrio da Reclamao 22', 4, '962.285.619-41');
INSERT INTO REALIZA_RECLAMACAO (ID_RECLAMACAO, DATA_HORA, DESCRICAO, CODIGO_FILIAL, CPF_CLIENTE) VALUES (23, TO_TIMESTAMP('2006-02-11 04:49:18', 'YYYY-MM-DD HH24:MI:SS'), 'Descrio da Reclamao 23', 5, '935.880.805-66');
INSERT INTO REALIZA_RECLAMACAO (ID_RECLAMACAO, DATA_HORA, DESCRICAO, CODIGO_FILIAL, CPF_CLIENTE) VALUES (24, TO_TIMESTAMP('2011-10-18 03:31:05', 'YYYY-MM-DD HH24:MI:SS'), 'Descrio da Reclamao 24', 8, '151.406.854-96');
INSERT INTO REALIZA_RECLAMACAO (ID_RECLAMACAO, DATA_HORA, DESCRICAO, CODIGO_FILIAL, CPF_CLIENTE) VALUES (25, TO_TIMESTAMP('2003-11-13 06:41:40', 'YYYY-MM-DD HH24:MI:SS'), 'Descrio da Reclamao 25', 5, '601.606.617-70');
INSERT INTO REALIZA_RECLAMACAO (ID_RECLAMACAO, DATA_HORA, DESCRICAO, CODIGO_FILIAL, CPF_CLIENTE) VALUES (26, TO_TIMESTAMP('2011-04-28 09:39:43', 'YYYY-MM-DD HH24:MI:SS'), 'Descrio da Reclamao 26', 0, '501.543.309-69');
INSERT INTO REALIZA_RECLAMACAO (ID_RECLAMACAO, DATA_HORA, DESCRICAO, CODIGO_FILIAL, CPF_CLIENTE) VALUES (27, TO_TIMESTAMP('2008-04-16 16:48:11', 'YYYY-MM-DD HH24:MI:SS'), 'Descrio da Reclamao 27', 5, '792.799.472-21');
INSERT INTO REALIZA_RECLAMACAO (ID_RECLAMACAO, DATA_HORA, DESCRICAO, CODIGO_FILIAL, CPF_CLIENTE) VALUES (28, TO_TIMESTAMP('2012-03-01 13:43:34', 'YYYY-MM-DD HH24:MI:SS'), 'Descrio da Reclamao 28', 4, '962.396.834-43');
INSERT INTO REALIZA_RECLAMACAO (ID_RECLAMACAO, DATA_HORA, DESCRICAO, CODIGO_FILIAL, CPF_CLIENTE) VALUES (29, TO_TIMESTAMP('2003-05-02 17:22:58', 'YYYY-MM-DD HH24:MI:SS'), 'Descrio da Reclamao 29', 0, '460.314.834-91');


------ UPDATE FUNCIONARIO ------

UPDATE FUNCIONARIO SET CODIGO_FILIAL = 5 WHERE MATRICULA = 0;
UPDATE FUNCIONARIO SET CODIGO_FILIAL = 8 WHERE MATRICULA = 1;
UPDATE FUNCIONARIO SET CODIGO_FILIAL = 5 WHERE MATRICULA = 2;
UPDATE FUNCIONARIO SET CODIGO_FILIAL = 8 WHERE MATRICULA = 3;
UPDATE FUNCIONARIO SET CODIGO_FILIAL = 0 WHERE MATRICULA = 4;
UPDATE FUNCIONARIO SET CODIGO_FILIAL = 9 WHERE MATRICULA = 5;
UPDATE FUNCIONARIO SET CODIGO_FILIAL = 5 WHERE MATRICULA = 6;
UPDATE FUNCIONARIO SET CODIGO_FILIAL = 1 WHERE MATRICULA = 7;
UPDATE FUNCIONARIO SET CODIGO_FILIAL = 7 WHERE MATRICULA = 8;
UPDATE FUNCIONARIO SET CODIGO_FILIAL = 3 WHERE MATRICULA = 9;
UPDATE FUNCIONARIO SET CODIGO_FILIAL = 0 WHERE MATRICULA = 10;
UPDATE FUNCIONARIO SET CODIGO_FILIAL = 3 WHERE MATRICULA = 11;
UPDATE FUNCIONARIO SET CODIGO_FILIAL = 4 WHERE MATRICULA = 12;
UPDATE FUNCIONARIO SET CODIGO_FILIAL = 6 WHERE MATRICULA = 13;
UPDATE FUNCIONARIO SET CODIGO_FILIAL = 2 WHERE MATRICULA = 14;
UPDATE FUNCIONARIO SET CODIGO_FILIAL = 5 WHERE MATRICULA = 15;
UPDATE FUNCIONARIO SET CODIGO_FILIAL = 8 WHERE MATRICULA = 16;
UPDATE FUNCIONARIO SET CODIGO_FILIAL = 0 WHERE MATRICULA = 17;
UPDATE FUNCIONARIO SET CODIGO_FILIAL = 4 WHERE MATRICULA = 18;
UPDATE FUNCIONARIO SET CODIGO_FILIAL = 5 WHERE MATRICULA = 19;
UPDATE FUNCIONARIO SET CODIGO_FILIAL = 3 WHERE MATRICULA = 20;
UPDATE FUNCIONARIO SET CODIGO_FILIAL = 1 WHERE MATRICULA = 21;
UPDATE FUNCIONARIO SET CODIGO_FILIAL = 8 WHERE MATRICULA = 22;
UPDATE FUNCIONARIO SET CODIGO_FILIAL = 4 WHERE MATRICULA = 23;
UPDATE FUNCIONARIO SET CODIGO_FILIAL = 7 WHERE MATRICULA = 24;
UPDATE FUNCIONARIO SET CODIGO_FILIAL = 4 WHERE MATRICULA = 25;
UPDATE FUNCIONARIO SET CODIGO_FILIAL = 1 WHERE MATRICULA = 26;
UPDATE FUNCIONARIO SET CODIGO_FILIAL = 9 WHERE MATRICULA = 27;
UPDATE FUNCIONARIO SET CODIGO_FILIAL = 4 WHERE MATRICULA = 28;
UPDATE FUNCIONARIO SET CODIGO_FILIAL = 2 WHERE MATRICULA = 29;
UPDATE FUNCIONARIO SET CODIGO_FILIAL = 3 WHERE MATRICULA = 30;
UPDATE FUNCIONARIO SET CODIGO_FILIAL = 1 WHERE MATRICULA = 31;
UPDATE FUNCIONARIO SET CODIGO_FILIAL = 0 WHERE MATRICULA = 32;
UPDATE FUNCIONARIO SET CODIGO_FILIAL = 9 WHERE MATRICULA = 33;
UPDATE FUNCIONARIO SET CODIGO_FILIAL = 1 WHERE MATRICULA = 34;
UPDATE FUNCIONARIO SET CODIGO_FILIAL = 8 WHERE MATRICULA = 35;
UPDATE FUNCIONARIO SET CODIGO_FILIAL = 7 WHERE MATRICULA = 36;
UPDATE FUNCIONARIO SET CODIGO_FILIAL = 6 WHERE MATRICULA = 37;
UPDATE FUNCIONARIO SET CODIGO_FILIAL = 0 WHERE MATRICULA = 38;
UPDATE FUNCIONARIO SET CODIGO_FILIAL = 9 WHERE MATRICULA = 39;
UPDATE FUNCIONARIO SET CODIGO_FILIAL = 6 WHERE MATRICULA = 40;
UPDATE FUNCIONARIO SET CODIGO_FILIAL = 2 WHERE MATRICULA = 41;
UPDATE FUNCIONARIO SET CODIGO_FILIAL = 8 WHERE MATRICULA = 42;
UPDATE FUNCIONARIO SET CODIGO_FILIAL = 7 WHERE MATRICULA = 43;
UPDATE FUNCIONARIO SET CODIGO_FILIAL = 3 WHERE MATRICULA = 44;
UPDATE FUNCIONARIO SET CODIGO_FILIAL = 7 WHERE MATRICULA = 45;
UPDATE FUNCIONARIO SET CODIGO_FILIAL = 7 WHERE MATRICULA = 46;
UPDATE FUNCIONARIO SET CODIGO_FILIAL = 2 WHERE MATRICULA = 47;
UPDATE FUNCIONARIO SET CODIGO_FILIAL = 7 WHERE MATRICULA = 48;
UPDATE FUNCIONARIO SET CODIGO_FILIAL = 0 WHERE MATRICULA = 49;
UPDATE FUNCIONARIO SET CODIGO_FILIAL = 2 WHERE MATRICULA = 50;
UPDATE FUNCIONARIO SET CODIGO_FILIAL = 2 WHERE MATRICULA = 51;
UPDATE FUNCIONARIO SET CODIGO_FILIAL = 0 WHERE MATRICULA = 52;
UPDATE FUNCIONARIO SET CODIGO_FILIAL = 4 WHERE MATRICULA = 53;
UPDATE FUNCIONARIO SET CODIGO_FILIAL = 0 WHERE MATRICULA = 54;
UPDATE FUNCIONARIO SET CODIGO_FILIAL = 3 WHERE MATRICULA = 55;
UPDATE FUNCIONARIO SET CODIGO_FILIAL = 8 WHERE MATRICULA = 56;
UPDATE FUNCIONARIO SET CODIGO_FILIAL = 1 WHERE MATRICULA = 57;
UPDATE FUNCIONARIO SET CODIGO_FILIAL = 8 WHERE MATRICULA = 58;
UPDATE FUNCIONARIO SET CODIGO_FILIAL = 1 WHERE MATRICULA = 59;
UPDATE FUNCIONARIO SET CODIGO_FILIAL = 5 WHERE MATRICULA = 60;
UPDATE FUNCIONARIO SET CODIGO_FILIAL = 4 WHERE MATRICULA = 61;
UPDATE FUNCIONARIO SET CODIGO_FILIAL = 6 WHERE MATRICULA = 62;
UPDATE FUNCIONARIO SET CODIGO_FILIAL = 5 WHERE MATRICULA = 63;
UPDATE FUNCIONARIO SET CODIGO_FILIAL = 8 WHERE MATRICULA = 64;
UPDATE FUNCIONARIO SET CODIGO_FILIAL = 5 WHERE MATRICULA = 65;
UPDATE FUNCIONARIO SET CODIGO_FILIAL = 9 WHERE MATRICULA = 66;
UPDATE FUNCIONARIO SET CODIGO_FILIAL = 8 WHERE MATRICULA = 67;
UPDATE FUNCIONARIO SET CODIGO_FILIAL = 4 WHERE MATRICULA = 68;
UPDATE FUNCIONARIO SET CODIGO_FILIAL = 7 WHERE MATRICULA = 69;
UPDATE FUNCIONARIO SET CODIGO_FILIAL = 3 WHERE MATRICULA = 70;
UPDATE FUNCIONARIO SET CODIGO_FILIAL = 0 WHERE MATRICULA = 71;
UPDATE FUNCIONARIO SET CODIGO_FILIAL = 6 WHERE MATRICULA = 72;
UPDATE FUNCIONARIO SET CODIGO_FILIAL = 0 WHERE MATRICULA = 73;
UPDATE FUNCIONARIO SET CODIGO_FILIAL = 3 WHERE MATRICULA = 74;
UPDATE FUNCIONARIO SET CODIGO_FILIAL = 6 WHERE MATRICULA = 75;
UPDATE FUNCIONARIO SET CODIGO_FILIAL = 9 WHERE MATRICULA = 76;
UPDATE FUNCIONARIO SET CODIGO_FILIAL = 2 WHERE MATRICULA = 77;
UPDATE FUNCIONARIO SET CODIGO_FILIAL = 3 WHERE MATRICULA = 78;
UPDATE FUNCIONARIO SET CODIGO_FILIAL = 3 WHERE MATRICULA = 79;
UPDATE FUNCIONARIO SET CODIGO_FILIAL = 0 WHERE MATRICULA = 80;
UPDATE FUNCIONARIO SET CODIGO_FILIAL = 6 WHERE MATRICULA = 81;
UPDATE FUNCIONARIO SET CODIGO_FILIAL = 1 WHERE MATRICULA = 82;
UPDATE FUNCIONARIO SET CODIGO_FILIAL = 8 WHERE MATRICULA = 83;
UPDATE FUNCIONARIO SET CODIGO_FILIAL = 9 WHERE MATRICULA = 84;
UPDATE FUNCIONARIO SET CODIGO_FILIAL = 5 WHERE MATRICULA = 85;
UPDATE FUNCIONARIO SET CODIGO_FILIAL = 3 WHERE MATRICULA = 86;
UPDATE FUNCIONARIO SET CODIGO_FILIAL = 5 WHERE MATRICULA = 87;
UPDATE FUNCIONARIO SET CODIGO_FILIAL = 4 WHERE MATRICULA = 88;
UPDATE FUNCIONARIO SET CODIGO_FILIAL = 1 WHERE MATRICULA = 89;
UPDATE FUNCIONARIO SET CODIGO_FILIAL = 0 WHERE MATRICULA = 90;
UPDATE FUNCIONARIO SET CODIGO_FILIAL = 7 WHERE MATRICULA = 91;
UPDATE FUNCIONARIO SET CODIGO_FILIAL = 1 WHERE MATRICULA = 92;
UPDATE FUNCIONARIO SET CODIGO_FILIAL = 8 WHERE MATRICULA = 93;
UPDATE FUNCIONARIO SET CODIGO_FILIAL = 2 WHERE MATRICULA = 94;
UPDATE FUNCIONARIO SET CODIGO_FILIAL = 3 WHERE MATRICULA = 95;
UPDATE FUNCIONARIO SET CODIGO_FILIAL = 8 WHERE MATRICULA = 96;
UPDATE FUNCIONARIO SET CODIGO_FILIAL = 6 WHERE MATRICULA = 97;
UPDATE FUNCIONARIO SET CODIGO_FILIAL = 3 WHERE MATRICULA = 98;
UPDATE FUNCIONARIO SET CODIGO_FILIAL = 8 WHERE MATRICULA = 99;
UPDATE FUNCIONARIO SET CODIGO_FILIAL = 6 WHERE MATRICULA = 100;
UPDATE FUNCIONARIO SET CODIGO_FILIAL = 5 WHERE MATRICULA = 101;
UPDATE FUNCIONARIO SET CODIGO_FILIAL = 7 WHERE MATRICULA = 102;
UPDATE FUNCIONARIO SET CODIGO_FILIAL = 8 WHERE MATRICULA = 103;
UPDATE FUNCIONARIO SET CODIGO_FILIAL = 6 WHERE MATRICULA = 104;
UPDATE FUNCIONARIO SET CODIGO_FILIAL = 7 WHERE MATRICULA = 105;
UPDATE FUNCIONARIO SET CODIGO_FILIAL = 5 WHERE MATRICULA = 106;
UPDATE FUNCIONARIO SET CODIGO_FILIAL = 3 WHERE MATRICULA = 107;
UPDATE FUNCIONARIO SET CODIGO_FILIAL = 3 WHERE MATRICULA = 108;
UPDATE FUNCIONARIO SET CODIGO_FILIAL = 3 WHERE MATRICULA = 109;
UPDATE FUNCIONARIO SET CODIGO_FILIAL = 6 WHERE MATRICULA = 110;
UPDATE FUNCIONARIO SET CODIGO_FILIAL = 8 WHERE MATRICULA = 111;
UPDATE FUNCIONARIO SET CODIGO_FILIAL = 6 WHERE MATRICULA = 112;
UPDATE FUNCIONARIO SET CODIGO_FILIAL = 3 WHERE MATRICULA = 113;
UPDATE FUNCIONARIO SET CODIGO_FILIAL = 4 WHERE MATRICULA = 114;
UPDATE FUNCIONARIO SET CODIGO_FILIAL = 5 WHERE MATRICULA = 115;
UPDATE FUNCIONARIO SET CODIGO_FILIAL = 2 WHERE MATRICULA = 116;
UPDATE FUNCIONARIO SET CODIGO_FILIAL = 9 WHERE MATRICULA = 117;
UPDATE FUNCIONARIO SET CODIGO_FILIAL = 6 WHERE MATRICULA = 118;
UPDATE FUNCIONARIO SET CODIGO_FILIAL = 0 WHERE MATRICULA = 119;
UPDATE FUNCIONARIO SET CODIGO_FILIAL = 3 WHERE MATRICULA = 120;
UPDATE FUNCIONARIO SET CODIGO_FILIAL = 0 WHERE MATRICULA = 121;
UPDATE FUNCIONARIO SET CODIGO_FILIAL = 1 WHERE MATRICULA = 122;
UPDATE FUNCIONARIO SET CODIGO_FILIAL = 5 WHERE MATRICULA = 123;
UPDATE FUNCIONARIO SET CODIGO_FILIAL = 0 WHERE MATRICULA = 124;
UPDATE FUNCIONARIO SET CODIGO_FILIAL = 5 WHERE MATRICULA = 125;
UPDATE FUNCIONARIO SET CODIGO_FILIAL = 6 WHERE MATRICULA = 126;
UPDATE FUNCIONARIO SET CODIGO_FILIAL = 4 WHERE MATRICULA = 127;
UPDATE FUNCIONARIO SET CODIGO_FILIAL = 0 WHERE MATRICULA = 128;
UPDATE FUNCIONARIO SET CODIGO_FILIAL = 3 WHERE MATRICULA = 129;
UPDATE FUNCIONARIO SET CODIGO_FILIAL = 2 WHERE MATRICULA = 130;
UPDATE FUNCIONARIO SET CODIGO_FILIAL = 9 WHERE MATRICULA = 131;
UPDATE FUNCIONARIO SET CODIGO_FILIAL = 0 WHERE MATRICULA = 132;
UPDATE FUNCIONARIO SET CODIGO_FILIAL = 3 WHERE MATRICULA = 133;
UPDATE FUNCIONARIO SET CODIGO_FILIAL = 2 WHERE MATRICULA = 134;
UPDATE FUNCIONARIO SET CODIGO_FILIAL = 5 WHERE MATRICULA = 135;
UPDATE FUNCIONARIO SET CODIGO_FILIAL = 3 WHERE MATRICULA = 136;
UPDATE FUNCIONARIO SET CODIGO_FILIAL = 5 WHERE MATRICULA = 137;
UPDATE FUNCIONARIO SET CODIGO_FILIAL = 8 WHERE MATRICULA = 138;
UPDATE FUNCIONARIO SET CODIGO_FILIAL = 2 WHERE MATRICULA = 139;
UPDATE FUNCIONARIO SET CODIGO_FILIAL = 5 WHERE MATRICULA = 140;
UPDATE FUNCIONARIO SET CODIGO_FILIAL = 5 WHERE MATRICULA = 141;
UPDATE FUNCIONARIO SET CODIGO_FILIAL = 2 WHERE MATRICULA = 142;
UPDATE FUNCIONARIO SET CODIGO_FILIAL = 9 WHERE MATRICULA = 143;
UPDATE FUNCIONARIO SET CODIGO_FILIAL = 2 WHERE MATRICULA = 144;
UPDATE FUNCIONARIO SET CODIGO_FILIAL = 2 WHERE MATRICULA = 145;
UPDATE FUNCIONARIO SET CODIGO_FILIAL = 1 WHERE MATRICULA = 146;
UPDATE FUNCIONARIO SET CODIGO_FILIAL = 9 WHERE MATRICULA = 147;
UPDATE FUNCIONARIO SET CODIGO_FILIAL = 6 WHERE MATRICULA = 148;
UPDATE FUNCIONARIO SET CODIGO_FILIAL = 2 WHERE MATRICULA = 149;
