

------ CLIENTE ------

INSERT INTO CLIENTE (CPF, NOME, EMAIL, PONTOS_CRM, RUA, NUM, CIDADE, ESTADO, BAIRRO) VALUES ('851.292.471-57', 'Cliente 00', 'cliente00@gmail.com', 1899, 'Rua 70', 'Num 737', 'Cidade 55', 'Estado 64', 'Bairro 72');
INSERT INTO CLIENTE (CPF, NOME, EMAIL, PONTOS_CRM, RUA, NUM, CIDADE, ESTADO, BAIRRO) VALUES ('827.751.331-49', 'Cliente 01', 'cliente01@gmail.com', 1964, 'Rua 28', 'Num 640', 'Cidade 25', 'Estado 85', 'Bairro 61');
INSERT INTO CLIENTE (CPF, NOME, EMAIL, PONTOS_CRM, RUA, NUM, CIDADE, ESTADO, BAIRRO) VALUES ('753.361.189-37', 'Cliente 02', 'cliente02@gmail.com', 971, 'Rua 39', 'Num 733', 'Cidade 23', 'Estado 40', 'Bairro 53');
INSERT INTO CLIENTE (CPF, NOME, EMAIL, PONTOS_CRM, RUA, NUM, CIDADE, ESTADO, BAIRRO) VALUES ('824.128.724-72', 'Cliente 03', 'cliente03@gmail.com', 97, 'Rua 41', 'Num 984', 'Cidade 84', 'Estado 56', 'Bairro 58');
INSERT INTO CLIENTE (CPF, NOME, EMAIL, PONTOS_CRM, RUA, NUM, CIDADE, ESTADO, BAIRRO) VALUES ('503.694.343-66', 'Cliente 04', 'cliente04@gmail.com', 705, 'Rua 35', 'Num 879', 'Cidade 29', 'Estado 77', 'Bairro 13');
INSERT INTO CLIENTE (CPF, NOME, EMAIL, PONTOS_CRM, RUA, NUM, CIDADE, ESTADO, BAIRRO) VALUES ('234.244.201-74', 'Cliente 05', 'cliente05@gmail.com', 1327, 'Rua 46', 'Num 69', 'Cidade 43', 'Estado 22', 'Bairro 78');
INSERT INTO CLIENTE (CPF, NOME, EMAIL, PONTOS_CRM, RUA, NUM, CIDADE, ESTADO, BAIRRO) VALUES ('248.310.160-55', 'Cliente 06', 'cliente06@gmail.com', 1206, 'Rua 84', 'Num 292', 'Cidade 40', 'Estado 89', 'Bairro 97');
INSERT INTO CLIENTE (CPF, NOME, EMAIL, PONTOS_CRM, RUA, NUM, CIDADE, ESTADO, BAIRRO) VALUES ('291.840.983-15', 'Cliente 07', 'cliente07@gmail.com', 1552, 'Rua 72', 'Num 973', 'Cidade 51', 'Estado 37', 'Bairro 29');
INSERT INTO CLIENTE (CPF, NOME, EMAIL, PONTOS_CRM, RUA, NUM, CIDADE, ESTADO, BAIRRO) VALUES ('912.716.753-75', 'Cliente 08', 'cliente08@gmail.com', 106, 'Rua 36', 'Num 808', 'Cidade 46', 'Estado 41', 'Bairro 32');
INSERT INTO CLIENTE (CPF, NOME, EMAIL, PONTOS_CRM, RUA, NUM, CIDADE, ESTADO, BAIRRO) VALUES ('145.858.963-92', 'Cliente 09', 'cliente09@gmail.com', 1070, 'Rua 91', 'Num 858', 'Cidade 52', 'Estado 56', 'Bairro 48');
INSERT INTO CLIENTE (CPF, NOME, EMAIL, PONTOS_CRM, RUA, NUM, CIDADE, ESTADO, BAIRRO) VALUES ('683.302.631-69', 'Cliente 010', 'cliente010@gmail.com', 921, 'Rua 80', 'Num 805', 'Cidade 11', 'Estado 21', 'Bairro 86');
INSERT INTO CLIENTE (CPF, NOME, EMAIL, PONTOS_CRM, RUA, NUM, CIDADE, ESTADO, BAIRRO) VALUES ('485.872.187-67', 'Cliente 011', 'cliente011@gmail.com', 1297, 'Rua 62', 'Num 712', 'Cidade 99', 'Estado 19', 'Bairro 32');
INSERT INTO CLIENTE (CPF, NOME, EMAIL, PONTOS_CRM, RUA, NUM, CIDADE, ESTADO, BAIRRO) VALUES ('391.152.396-41', 'Cliente 012', 'cliente012@gmail.com', 880, 'Rua 24', 'Num 436', 'Cidade 37', 'Estado 71', 'Bairro 47');
INSERT INTO CLIENTE (CPF, NOME, EMAIL, PONTOS_CRM, RUA, NUM, CIDADE, ESTADO, BAIRRO) VALUES ('338.365.216-48', 'Cliente 013', 'cliente013@gmail.com', 1507, 'Rua 97', 'Num 233', 'Cidade 11', 'Estado 80', 'Bairro 92');
INSERT INTO CLIENTE (CPF, NOME, EMAIL, PONTOS_CRM, RUA, NUM, CIDADE, ESTADO, BAIRRO) VALUES ('939.410.325-24', 'Cliente 014', 'cliente014@gmail.com', 304, 'Rua 93', 'Num 951', 'Cidade 59', 'Estado 22', 'Bairro 59');
INSERT INTO CLIENTE (CPF, NOME, EMAIL, PONTOS_CRM, RUA, NUM, CIDADE, ESTADO, BAIRRO) VALUES ('748.425.610-38', 'Cliente 015', 'cliente015@gmail.com', 96, 'Rua 23', 'Num 255', 'Cidade 94', 'Estado 42', 'Bairro 84');
INSERT INTO CLIENTE (CPF, NOME, EMAIL, PONTOS_CRM, RUA, NUM, CIDADE, ESTADO, BAIRRO) VALUES ('326.831.451-76', 'Cliente 016', 'cliente016@gmail.com', 14, 'Rua 23', 'Num 342', 'Cidade 37', 'Estado 22', 'Bairro 72');
INSERT INTO CLIENTE (CPF, NOME, EMAIL, PONTOS_CRM, RUA, NUM, CIDADE, ESTADO, BAIRRO) VALUES ('304.258.589-63', 'Cliente 017', 'cliente017@gmail.com', 395, 'Rua 17', 'Num 359', 'Cidade 34', 'Estado 87', 'Bairro 28');
INSERT INTO CLIENTE (CPF, NOME, EMAIL, PONTOS_CRM, RUA, NUM, CIDADE, ESTADO, BAIRRO) VALUES ('575.116.156-52', 'Cliente 018', 'cliente018@gmail.com', 1904, 'Rua 96', 'Num 870', 'Cidade 85', 'Estado 93', 'Bairro 70');
INSERT INTO CLIENTE (CPF, NOME, EMAIL, PONTOS_CRM, RUA, NUM, CIDADE, ESTADO, BAIRRO) VALUES ('821.369.801-32', 'Cliente 019', 'cliente019@gmail.com', 992, 'Rua 18', 'Num 407', 'Cidade 23', 'Estado 67', 'Bairro 18');
INSERT INTO CLIENTE (CPF, NOME, EMAIL, PONTOS_CRM, RUA, NUM, CIDADE, ESTADO, BAIRRO) VALUES ('585.355.649-49', 'Cliente 020', 'cliente020@gmail.com', 272, 'Rua 33', 'Num 786', 'Cidade 12', 'Estado 65', 'Bairro 81');
INSERT INTO CLIENTE (CPF, NOME, EMAIL, PONTOS_CRM, RUA, NUM, CIDADE, ESTADO, BAIRRO) VALUES ('561.102.811-12', 'Cliente 021', 'cliente021@gmail.com', 972, 'Rua 94', 'Num 546', 'Cidade 57', 'Estado 14', 'Bairro 39');
INSERT INTO CLIENTE (CPF, NOME, EMAIL, PONTOS_CRM, RUA, NUM, CIDADE, ESTADO, BAIRRO) VALUES ('753.212.130-47', 'Cliente 022', 'cliente022@gmail.com', 211, 'Rua 93', 'Num 347', 'Cidade 29', 'Estado 93', 'Bairro 65');
INSERT INTO CLIENTE (CPF, NOME, EMAIL, PONTOS_CRM, RUA, NUM, CIDADE, ESTADO, BAIRRO) VALUES ('449.533.966-95', 'Cliente 023', 'cliente023@gmail.com', 1696, 'Rua 32', 'Num 104', 'Cidade 90', 'Estado 40', 'Bairro 83');
INSERT INTO CLIENTE (CPF, NOME, EMAIL, PONTOS_CRM, RUA, NUM, CIDADE, ESTADO, BAIRRO) VALUES ('184.421.564-85', 'Cliente 024', 'cliente024@gmail.com', 1237, 'Rua 50', 'Num 115', 'Cidade 25', 'Estado 26', 'Bairro 68');
INSERT INTO CLIENTE (CPF, NOME, EMAIL, PONTOS_CRM, RUA, NUM, CIDADE, ESTADO, BAIRRO) VALUES ('146.717.740-96', 'Cliente 025', 'cliente025@gmail.com', 1846, 'Rua 38', 'Num 274', 'Cidade 40', 'Estado 40', 'Bairro 92');
INSERT INTO CLIENTE (CPF, NOME, EMAIL, PONTOS_CRM, RUA, NUM, CIDADE, ESTADO, BAIRRO) VALUES ('776.321.588-22', 'Cliente 026', 'cliente026@gmail.com', 155, 'Rua 28', 'Num 135', 'Cidade 53', 'Estado 26', 'Bairro 20');
INSERT INTO CLIENTE (CPF, NOME, EMAIL, PONTOS_CRM, RUA, NUM, CIDADE, ESTADO, BAIRRO) VALUES ('325.192.173-82', 'Cliente 027', 'cliente027@gmail.com', 1766, 'Rua 10', 'Num 666', 'Cidade 28', 'Estado 34', 'Bairro 47');
INSERT INTO CLIENTE (CPF, NOME, EMAIL, PONTOS_CRM, RUA, NUM, CIDADE, ESTADO, BAIRRO) VALUES ('323.736.238-91', 'Cliente 028', 'cliente028@gmail.com', 304, 'Rua 28', 'Num 107', 'Cidade 41', 'Estado 37', 'Bairro 93');
INSERT INTO CLIENTE (CPF, NOME, EMAIL, PONTOS_CRM, RUA, NUM, CIDADE, ESTADO, BAIRRO) VALUES ('464.289.155-41', 'Cliente 029', 'cliente029@gmail.com', 612, 'Rua 79', 'Num 484', 'Cidade 16', 'Estado 39', 'Bairro 47');
INSERT INTO CLIENTE (CPF, NOME, EMAIL, PONTOS_CRM, RUA, NUM, CIDADE, ESTADO, BAIRRO) VALUES ('581.995.335-66', 'Cliente 030', 'cliente030@gmail.com', 1520, 'Rua 12', 'Num 162', 'Cidade 87', 'Estado 83', 'Bairro 46');
INSERT INTO CLIENTE (CPF, NOME, EMAIL, PONTOS_CRM, RUA, NUM, CIDADE, ESTADO, BAIRRO) VALUES ('725.851.415-27', 'Cliente 031', 'cliente031@gmail.com', 923, 'Rua 81', 'Num 267', 'Cidade 93', 'Estado 92', 'Bairro 88');
INSERT INTO CLIENTE (CPF, NOME, EMAIL, PONTOS_CRM, RUA, NUM, CIDADE, ESTADO, BAIRRO) VALUES ('784.978.352-40', 'Cliente 032', 'cliente032@gmail.com', 1808, 'Rua 20', 'Num 1000', 'Cidade 51', 'Estado 36', 'Bairro 92');
INSERT INTO CLIENTE (CPF, NOME, EMAIL, PONTOS_CRM, RUA, NUM, CIDADE, ESTADO, BAIRRO) VALUES ('966.205.109-92', 'Cliente 033', 'cliente033@gmail.com', 1550, 'Rua 18', 'Num 337', 'Cidade 81', 'Estado 77', 'Bairro 28');
INSERT INTO CLIENTE (CPF, NOME, EMAIL, PONTOS_CRM, RUA, NUM, CIDADE, ESTADO, BAIRRO) VALUES ('684.660.556-27', 'Cliente 034', 'cliente034@gmail.com', 376, 'Rua 28', 'Num 767', 'Cidade 83', 'Estado 40', 'Bairro 49');
INSERT INTO CLIENTE (CPF, NOME, EMAIL, PONTOS_CRM, RUA, NUM, CIDADE, ESTADO, BAIRRO) VALUES ('492.639.842-56', 'Cliente 035', 'cliente035@gmail.com', 1010, 'Rua 47', 'Num 742', 'Cidade 34', 'Estado 40', 'Bairro 66');
INSERT INTO CLIENTE (CPF, NOME, EMAIL, PONTOS_CRM, RUA, NUM, CIDADE, ESTADO, BAIRRO) VALUES ('350.305.664-38', 'Cliente 036', 'cliente036@gmail.com', 457, 'Rua 39', 'Num 600', 'Cidade 55', 'Estado 11', 'Bairro 39');
INSERT INTO CLIENTE (CPF, NOME, EMAIL, PONTOS_CRM, RUA, NUM, CIDADE, ESTADO, BAIRRO) VALUES ('625.189.590-81', 'Cliente 037', 'cliente037@gmail.com', 1362, 'Rua 81', 'Num 465', 'Cidade 83', 'Estado 37', 'Bairro 72');
INSERT INTO CLIENTE (CPF, NOME, EMAIL, PONTOS_CRM, RUA, NUM, CIDADE, ESTADO, BAIRRO) VALUES ('470.538.560-76', 'Cliente 038', 'cliente038@gmail.com', 89, 'Rua 53', 'Num 487', 'Cidade 70', 'Estado 68', 'Bairro 97');
INSERT INTO CLIENTE (CPF, NOME, EMAIL, PONTOS_CRM, RUA, NUM, CIDADE, ESTADO, BAIRRO) VALUES ('609.579.403-30', 'Cliente 039', 'cliente039@gmail.com', 1059, 'Rua 71', 'Num 470', 'Cidade 23', 'Estado 64', 'Bairro 68');
INSERT INTO CLIENTE (CPF, NOME, EMAIL, PONTOS_CRM, RUA, NUM, CIDADE, ESTADO, BAIRRO) VALUES ('808.580.924-41', 'Cliente 040', 'cliente040@gmail.com', 133, 'Rua 38', 'Num 577', 'Cidade 21', 'Estado 75', 'Bairro 43');
INSERT INTO CLIENTE (CPF, NOME, EMAIL, PONTOS_CRM, RUA, NUM, CIDADE, ESTADO, BAIRRO) VALUES ('316.595.617-90', 'Cliente 041', 'cliente041@gmail.com', 1546, 'Rua 89', 'Num 683', 'Cidade 88', 'Estado 13', 'Bairro 54');
INSERT INTO CLIENTE (CPF, NOME, EMAIL, PONTOS_CRM, RUA, NUM, CIDADE, ESTADO, BAIRRO) VALUES ('957.805.559-16', 'Cliente 042', 'cliente042@gmail.com', 1426, 'Rua 81', 'Num 712', 'Cidade 94', 'Estado 12', 'Bairro 89');
INSERT INTO CLIENTE (CPF, NOME, EMAIL, PONTOS_CRM, RUA, NUM, CIDADE, ESTADO, BAIRRO) VALUES ('613.194.889-74', 'Cliente 043', 'cliente043@gmail.com', 1693, 'Rua 21', 'Num 395', 'Cidade 88', 'Estado 63', 'Bairro 42');
INSERT INTO CLIENTE (CPF, NOME, EMAIL, PONTOS_CRM, RUA, NUM, CIDADE, ESTADO, BAIRRO) VALUES ('630.236.508-34', 'Cliente 044', 'cliente044@gmail.com', 1732, 'Rua 71', 'Num 295', 'Cidade 95', 'Estado 29', 'Bairro 95');
INSERT INTO CLIENTE (CPF, NOME, EMAIL, PONTOS_CRM, RUA, NUM, CIDADE, ESTADO, BAIRRO) VALUES ('688.783.292-62', 'Cliente 045', 'cliente045@gmail.com', 493, 'Rua 94', 'Num 935', 'Cidade 74', 'Estado 71', 'Bairro 32');
INSERT INTO CLIENTE (CPF, NOME, EMAIL, PONTOS_CRM, RUA, NUM, CIDADE, ESTADO, BAIRRO) VALUES ('232.273.812-92', 'Cliente 046', 'cliente046@gmail.com', 76, 'Rua 34', 'Num 90', 'Cidade 64', 'Estado 66', 'Bairro 22');
INSERT INTO CLIENTE (CPF, NOME, EMAIL, PONTOS_CRM, RUA, NUM, CIDADE, ESTADO, BAIRRO) VALUES ('645.675.317-84', 'Cliente 047', 'cliente047@gmail.com', 215, 'Rua 71', 'Num 680', 'Cidade 99', 'Estado 67', 'Bairro 62');
INSERT INTO CLIENTE (CPF, NOME, EMAIL, PONTOS_CRM, RUA, NUM, CIDADE, ESTADO, BAIRRO) VALUES ('605.501.789-89', 'Cliente 048', 'cliente048@gmail.com', 203, 'Rua 97', 'Num 501', 'Cidade 74', 'Estado 79', 'Bairro 90');
INSERT INTO CLIENTE (CPF, NOME, EMAIL, PONTOS_CRM, RUA, NUM, CIDADE, ESTADO, BAIRRO) VALUES ('634.974.620-92', 'Cliente 049', 'cliente049@gmail.com', 1628, 'Rua 96', 'Num 913', 'Cidade 46', 'Estado 14', 'Bairro 92');
INSERT INTO CLIENTE (CPF, NOME, EMAIL, PONTOS_CRM, RUA, NUM, CIDADE, ESTADO, BAIRRO) VALUES ('487.531.261-50', 'Cliente 050', 'cliente050@gmail.com', 1298, 'Rua 89', 'Num 984', 'Cidade 13', 'Estado 74', 'Bairro 98');
INSERT INTO CLIENTE (CPF, NOME, EMAIL, PONTOS_CRM, RUA, NUM, CIDADE, ESTADO, BAIRRO) VALUES ('526.354.905-35', 'Cliente 051', 'cliente051@gmail.com', 1832, 'Rua 28', 'Num 551', 'Cidade 36', 'Estado 90', 'Bairro 85');
INSERT INTO CLIENTE (CPF, NOME, EMAIL, PONTOS_CRM, RUA, NUM, CIDADE, ESTADO, BAIRRO) VALUES ('603.922.782-21', 'Cliente 052', 'cliente052@gmail.com', 203, 'Rua 10', 'Num 286', 'Cidade 31', 'Estado 84', 'Bairro 79');
INSERT INTO CLIENTE (CPF, NOME, EMAIL, PONTOS_CRM, RUA, NUM, CIDADE, ESTADO, BAIRRO) VALUES ('793.474.125-62', 'Cliente 053', 'cliente053@gmail.com', 57, 'Rua 40', 'Num 978', 'Cidade 16', 'Estado 94', 'Bairro 78');
INSERT INTO CLIENTE (CPF, NOME, EMAIL, PONTOS_CRM, RUA, NUM, CIDADE, ESTADO, BAIRRO) VALUES ('841.902.666-70', 'Cliente 054', 'cliente054@gmail.com', 420, 'Rua 18', 'Num 187', 'Cidade 47', 'Estado 84', 'Bairro 58');
INSERT INTO CLIENTE (CPF, NOME, EMAIL, PONTOS_CRM, RUA, NUM, CIDADE, ESTADO, BAIRRO) VALUES ('509.908.357-70', 'Cliente 055', 'cliente055@gmail.com', 1207, 'Rua 35', 'Num 372', 'Cidade 26', 'Estado 42', 'Bairro 61');
INSERT INTO CLIENTE (CPF, NOME, EMAIL, PONTOS_CRM, RUA, NUM, CIDADE, ESTADO, BAIRRO) VALUES ('371.953.228-83', 'Cliente 056', 'cliente056@gmail.com', 1584, 'Rua 11', 'Num 457', 'Cidade 99', 'Estado 98', 'Bairro 26');
INSERT INTO CLIENTE (CPF, NOME, EMAIL, PONTOS_CRM, RUA, NUM, CIDADE, ESTADO, BAIRRO) VALUES ('929.355.477-12', 'Cliente 057', 'cliente057@gmail.com', 737, 'Rua 90', 'Num 103', 'Cidade 91', 'Estado 42', 'Bairro 83');
INSERT INTO CLIENTE (CPF, NOME, EMAIL, PONTOS_CRM, RUA, NUM, CIDADE, ESTADO, BAIRRO) VALUES ('135.132.256-20', 'Cliente 058', 'cliente058@gmail.com', 1401, 'Rua 35', 'Num 680', 'Cidade 83', 'Estado 59', 'Bairro 69');
INSERT INTO CLIENTE (CPF, NOME, EMAIL, PONTOS_CRM, RUA, NUM, CIDADE, ESTADO, BAIRRO) VALUES ('329.522.965-16', 'Cliente 059', 'cliente059@gmail.com', 1975, 'Rua 98', 'Num 278', 'Cidade 49', 'Estado 44', 'Bairro 24');
INSERT INTO CLIENTE (CPF, NOME, EMAIL, PONTOS_CRM, RUA, NUM, CIDADE, ESTADO, BAIRRO) VALUES ('345.233.990-21', 'Cliente 060', 'cliente060@gmail.com', 556, 'Rua 51', 'Num 513', 'Cidade 57', 'Estado 32', 'Bairro 14');
INSERT INTO CLIENTE (CPF, NOME, EMAIL, PONTOS_CRM, RUA, NUM, CIDADE, ESTADO, BAIRRO) VALUES ('823.995.744-29', 'Cliente 061', 'cliente061@gmail.com', 1897, 'Rua 94', 'Num 140', 'Cidade 37', 'Estado 88', 'Bairro 48');
INSERT INTO CLIENTE (CPF, NOME, EMAIL, PONTOS_CRM, RUA, NUM, CIDADE, ESTADO, BAIRRO) VALUES ('733.116.908-65', 'Cliente 062', 'cliente062@gmail.com', 1692, 'Rua 10', 'Num 420', 'Cidade 83', 'Estado 29', 'Bairro 90');
INSERT INTO CLIENTE (CPF, NOME, EMAIL, PONTOS_CRM, RUA, NUM, CIDADE, ESTADO, BAIRRO) VALUES ('547.497.913-56', 'Cliente 063', 'cliente063@gmail.com', 1545, 'Rua 23', 'Num 795', 'Cidade 90', 'Estado 38', 'Bairro 38');
INSERT INTO CLIENTE (CPF, NOME, EMAIL, PONTOS_CRM, RUA, NUM, CIDADE, ESTADO, BAIRRO) VALUES ('476.242.875-89', 'Cliente 064', 'cliente064@gmail.com', 3, 'Rua 71', 'Num 468', 'Cidade 40', 'Estado 97', 'Bairro 68');
INSERT INTO CLIENTE (CPF, NOME, EMAIL, PONTOS_CRM, RUA, NUM, CIDADE, ESTADO, BAIRRO) VALUES ('448.483.744-68', 'Cliente 065', 'cliente065@gmail.com', 1336, 'Rua 55', 'Num 566', 'Cidade 100', 'Estado 81', 'Bairro 18');
INSERT INTO CLIENTE (CPF, NOME, EMAIL, PONTOS_CRM, RUA, NUM, CIDADE, ESTADO, BAIRRO) VALUES ('159.202.742-93', 'Cliente 066', 'cliente066@gmail.com', 1933, 'Rua 97', 'Num 707', 'Cidade 36', 'Estado 53', 'Bairro 34');
INSERT INTO CLIENTE (CPF, NOME, EMAIL, PONTOS_CRM, RUA, NUM, CIDADE, ESTADO, BAIRRO) VALUES ('686.903.307-13', 'Cliente 067', 'cliente067@gmail.com', 811, 'Rua 43', 'Num 151', 'Cidade 84', 'Estado 95', 'Bairro 78');
INSERT INTO CLIENTE (CPF, NOME, EMAIL, PONTOS_CRM, RUA, NUM, CIDADE, ESTADO, BAIRRO) VALUES ('948.909.520-46', 'Cliente 068', 'cliente068@gmail.com', 866, 'Rua 97', 'Num 391', 'Cidade 71', 'Estado 46', 'Bairro 43');
INSERT INTO CLIENTE (CPF, NOME, EMAIL, PONTOS_CRM, RUA, NUM, CIDADE, ESTADO, BAIRRO) VALUES ('930.567.615-34', 'Cliente 069', 'cliente069@gmail.com', 99, 'Rua 20', 'Num 551', 'Cidade 63', 'Estado 10', 'Bairro 97');
INSERT INTO CLIENTE (CPF, NOME, EMAIL, PONTOS_CRM, RUA, NUM, CIDADE, ESTADO, BAIRRO) VALUES ('158.444.367-62', 'Cliente 070', 'cliente070@gmail.com', 729, 'Rua 73', 'Num 324', 'Cidade 94', 'Estado 33', 'Bairro 11');
INSERT INTO CLIENTE (CPF, NOME, EMAIL, PONTOS_CRM, RUA, NUM, CIDADE, ESTADO, BAIRRO) VALUES ('694.429.898-36', 'Cliente 071', 'cliente071@gmail.com', 1022, 'Rua 57', 'Num 290', 'Cidade 45', 'Estado 57', 'Bairro 99');
INSERT INTO CLIENTE (CPF, NOME, EMAIL, PONTOS_CRM, RUA, NUM, CIDADE, ESTADO, BAIRRO) VALUES ('188.965.963-54', 'Cliente 072', 'cliente072@gmail.com', 1670, 'Rua 26', 'Num 58', 'Cidade 81', 'Estado 89', 'Bairro 60');
INSERT INTO CLIENTE (CPF, NOME, EMAIL, PONTOS_CRM, RUA, NUM, CIDADE, ESTADO, BAIRRO) VALUES ('340.619.355-71', 'Cliente 073', 'cliente073@gmail.com', 1106, 'Rua 52', 'Num 113', 'Cidade 78', 'Estado 72', 'Bairro 47');
INSERT INTO CLIENTE (CPF, NOME, EMAIL, PONTOS_CRM, RUA, NUM, CIDADE, ESTADO, BAIRRO) VALUES ('687.259.639-91', 'Cliente 074', 'cliente074@gmail.com', 1485, 'Rua 71', 'Num 285', 'Cidade 52', 'Estado 57', 'Bairro 30');
INSERT INTO CLIENTE (CPF, NOME, EMAIL, PONTOS_CRM, RUA, NUM, CIDADE, ESTADO, BAIRRO) VALUES ('848.846.724-39', 'Cliente 075', 'cliente075@gmail.com', 1086, 'Rua 94', 'Num 81', 'Cidade 13', 'Estado 80', 'Bairro 87');
INSERT INTO CLIENTE (CPF, NOME, EMAIL, PONTOS_CRM, RUA, NUM, CIDADE, ESTADO, BAIRRO) VALUES ('917.783.968-51', 'Cliente 076', 'cliente076@gmail.com', 43, 'Rua 30', 'Num 765', 'Cidade 23', 'Estado 31', 'Bairro 64');
INSERT INTO CLIENTE (CPF, NOME, EMAIL, PONTOS_CRM, RUA, NUM, CIDADE, ESTADO, BAIRRO) VALUES ('696.602.416-54', 'Cliente 077', 'cliente077@gmail.com', 1478, 'Rua 28', 'Num 123', 'Cidade 89', 'Estado 34', 'Bairro 95');
INSERT INTO CLIENTE (CPF, NOME, EMAIL, PONTOS_CRM, RUA, NUM, CIDADE, ESTADO, BAIRRO) VALUES ('434.804.230-94', 'Cliente 078', 'cliente078@gmail.com', 1992, 'Rua 59', 'Num 700', 'Cidade 80', 'Estado 55', 'Bairro 15');
INSERT INTO CLIENTE (CPF, NOME, EMAIL, PONTOS_CRM, RUA, NUM, CIDADE, ESTADO, BAIRRO) VALUES ('712.481.264-82', 'Cliente 079', 'cliente079@gmail.com', 1850, 'Rua 95', 'Num 545', 'Cidade 61', 'Estado 92', 'Bairro 11');
INSERT INTO CLIENTE (CPF, NOME, EMAIL, PONTOS_CRM, RUA, NUM, CIDADE, ESTADO, BAIRRO) VALUES ('652.250.653-65', 'Cliente 080', 'cliente080@gmail.com', 1291, 'Rua 49', 'Num 573', 'Cidade 58', 'Estado 13', 'Bairro 85');
INSERT INTO CLIENTE (CPF, NOME, EMAIL, PONTOS_CRM, RUA, NUM, CIDADE, ESTADO, BAIRRO) VALUES ('686.223.552-86', 'Cliente 081', 'cliente081@gmail.com', 1323, 'Rua 98', 'Num 700', 'Cidade 27', 'Estado 67', 'Bairro 92');
INSERT INTO CLIENTE (CPF, NOME, EMAIL, PONTOS_CRM, RUA, NUM, CIDADE, ESTADO, BAIRRO) VALUES ('962.826.808-31', 'Cliente 082', 'cliente082@gmail.com', 211, 'Rua 10', 'Num 23', 'Cidade 12', 'Estado 94', 'Bairro 48');
INSERT INTO CLIENTE (CPF, NOME, EMAIL, PONTOS_CRM, RUA, NUM, CIDADE, ESTADO, BAIRRO) VALUES ('971.213.656-32', 'Cliente 083', 'cliente083@gmail.com', 1139, 'Rua 97', 'Num 856', 'Cidade 22', 'Estado 34', 'Bairro 56');
INSERT INTO CLIENTE (CPF, NOME, EMAIL, PONTOS_CRM, RUA, NUM, CIDADE, ESTADO, BAIRRO) VALUES ('554.363.309-61', 'Cliente 084', 'cliente084@gmail.com', 1002, 'Rua 86', 'Num 547', 'Cidade 51', 'Estado 48', 'Bairro 27');
INSERT INTO CLIENTE (CPF, NOME, EMAIL, PONTOS_CRM, RUA, NUM, CIDADE, ESTADO, BAIRRO) VALUES ('685.106.671-88', 'Cliente 085', 'cliente085@gmail.com', 1037, 'Rua 92', 'Num 752', 'Cidade 89', 'Estado 99', 'Bairro 45');
INSERT INTO CLIENTE (CPF, NOME, EMAIL, PONTOS_CRM, RUA, NUM, CIDADE, ESTADO, BAIRRO) VALUES ('521.455.423-60', 'Cliente 086', 'cliente086@gmail.com', 752, 'Rua 92', 'Num 740', 'Cidade 63', 'Estado 29', 'Bairro 21');
INSERT INTO CLIENTE (CPF, NOME, EMAIL, PONTOS_CRM, RUA, NUM, CIDADE, ESTADO, BAIRRO) VALUES ('131.523.676-74', 'Cliente 087', 'cliente087@gmail.com', 424, 'Rua 18', 'Num 264', 'Cidade 79', 'Estado 30', 'Bairro 50');
INSERT INTO CLIENTE (CPF, NOME, EMAIL, PONTOS_CRM, RUA, NUM, CIDADE, ESTADO, BAIRRO) VALUES ('266.704.846-65', 'Cliente 088', 'cliente088@gmail.com', 1545, 'Rua 53', 'Num 66', 'Cidade 57', 'Estado 64', 'Bairro 89');
INSERT INTO CLIENTE (CPF, NOME, EMAIL, PONTOS_CRM, RUA, NUM, CIDADE, ESTADO, BAIRRO) VALUES ('401.105.131-64', 'Cliente 089', 'cliente089@gmail.com', 1296, 'Rua 15', 'Num 211', 'Cidade 37', 'Estado 65', 'Bairro 58');
INSERT INTO CLIENTE (CPF, NOME, EMAIL, PONTOS_CRM, RUA, NUM, CIDADE, ESTADO, BAIRRO) VALUES ('403.214.402-25', 'Cliente 090', 'cliente090@gmail.com', 41, 'Rua 46', 'Num 198', 'Cidade 70', 'Estado 38', 'Bairro 12');
INSERT INTO CLIENTE (CPF, NOME, EMAIL, PONTOS_CRM, RUA, NUM, CIDADE, ESTADO, BAIRRO) VALUES ('601.989.839-80', 'Cliente 091', 'cliente091@gmail.com', 710, 'Rua 86', 'Num 187', 'Cidade 72', 'Estado 71', 'Bairro 46');
INSERT INTO CLIENTE (CPF, NOME, EMAIL, PONTOS_CRM, RUA, NUM, CIDADE, ESTADO, BAIRRO) VALUES ('503.154.164-52', 'Cliente 092', 'cliente092@gmail.com', 1327, 'Rua 68', 'Num 242', 'Cidade 26', 'Estado 90', 'Bairro 51');
INSERT INTO CLIENTE (CPF, NOME, EMAIL, PONTOS_CRM, RUA, NUM, CIDADE, ESTADO, BAIRRO) VALUES ('173.709.965-24', 'Cliente 093', 'cliente093@gmail.com', 423, 'Rua 15', 'Num 589', 'Cidade 76', 'Estado 80', 'Bairro 41');
INSERT INTO CLIENTE (CPF, NOME, EMAIL, PONTOS_CRM, RUA, NUM, CIDADE, ESTADO, BAIRRO) VALUES ('431.617.500-49', 'Cliente 094', 'cliente094@gmail.com', 881, 'Rua 86', 'Num 465', 'Cidade 55', 'Estado 97', 'Bairro 69');
INSERT INTO CLIENTE (CPF, NOME, EMAIL, PONTOS_CRM, RUA, NUM, CIDADE, ESTADO, BAIRRO) VALUES ('869.391.926-42', 'Cliente 095', 'cliente095@gmail.com', 1255, 'Rua 89', 'Num 675', 'Cidade 94', 'Estado 43', 'Bairro 60');
INSERT INTO CLIENTE (CPF, NOME, EMAIL, PONTOS_CRM, RUA, NUM, CIDADE, ESTADO, BAIRRO) VALUES ('284.607.479-71', 'Cliente 096', 'cliente096@gmail.com', 1963, 'Rua 43', 'Num 988', 'Cidade 98', 'Estado 34', 'Bairro 92');
INSERT INTO CLIENTE (CPF, NOME, EMAIL, PONTOS_CRM, RUA, NUM, CIDADE, ESTADO, BAIRRO) VALUES ('747.343.696-34', 'Cliente 097', 'cliente097@gmail.com', 367, 'Rua 82', 'Num 607', 'Cidade 49', 'Estado 17', 'Bairro 74');
INSERT INTO CLIENTE (CPF, NOME, EMAIL, PONTOS_CRM, RUA, NUM, CIDADE, ESTADO, BAIRRO) VALUES ('219.185.643-98', 'Cliente 098', 'cliente098@gmail.com', 1204, 'Rua 10', 'Num 599', 'Cidade 19', 'Estado 14', 'Bairro 14');
INSERT INTO CLIENTE (CPF, NOME, EMAIL, PONTOS_CRM, RUA, NUM, CIDADE, ESTADO, BAIRRO) VALUES ('415.594.789-48', 'Cliente 099', 'cliente099@gmail.com', 23, 'Rua 13', 'Num 195', 'Cidade 27', 'Estado 73', 'Bairro 51');
INSERT INTO CLIENTE (CPF, NOME, EMAIL, PONTOS_CRM, RUA, NUM, CIDADE, ESTADO, BAIRRO) VALUES ('400.837.687-82', 'Cliente 0100', 'cliente0100@gmail.com', 133, 'Rua 80', 'Num 213', 'Cidade 35', 'Estado 44', 'Bairro 22');
INSERT INTO CLIENTE (CPF, NOME, EMAIL, PONTOS_CRM, RUA, NUM, CIDADE, ESTADO, BAIRRO) VALUES ('186.122.290-36', 'Cliente 0101', 'cliente0101@gmail.com', 1178, 'Rua 31', 'Num 711', 'Cidade 48', 'Estado 68', 'Bairro 58');
INSERT INTO CLIENTE (CPF, NOME, EMAIL, PONTOS_CRM, RUA, NUM, CIDADE, ESTADO, BAIRRO) VALUES ('942.667.459-74', 'Cliente 0102', 'cliente0102@gmail.com', 1058, 'Rua 78', 'Num 333', 'Cidade 58', 'Estado 63', 'Bairro 59');
INSERT INTO CLIENTE (CPF, NOME, EMAIL, PONTOS_CRM, RUA, NUM, CIDADE, ESTADO, BAIRRO) VALUES ('720.154.934-71', 'Cliente 0103', 'cliente0103@gmail.com', 686, 'Rua 60', 'Num 139', 'Cidade 90', 'Estado 64', 'Bairro 39');
INSERT INTO CLIENTE (CPF, NOME, EMAIL, PONTOS_CRM, RUA, NUM, CIDADE, ESTADO, BAIRRO) VALUES ('290.692.851-10', 'Cliente 0104', 'cliente0104@gmail.com', 1271, 'Rua 66', 'Num 659', 'Cidade 70', 'Estado 84', 'Bairro 39');
INSERT INTO CLIENTE (CPF, NOME, EMAIL, PONTOS_CRM, RUA, NUM, CIDADE, ESTADO, BAIRRO) VALUES ('109.930.771-59', 'Cliente 0105', 'cliente0105@gmail.com', 1041, 'Rua 44', 'Num 231', 'Cidade 50', 'Estado 29', 'Bairro 67');
INSERT INTO CLIENTE (CPF, NOME, EMAIL, PONTOS_CRM, RUA, NUM, CIDADE, ESTADO, BAIRRO) VALUES ('206.318.509-48', 'Cliente 0106', 'cliente0106@gmail.com', 1736, 'Rua 51', 'Num 602', 'Cidade 95', 'Estado 16', 'Bairro 39');
INSERT INTO CLIENTE (CPF, NOME, EMAIL, PONTOS_CRM, RUA, NUM, CIDADE, ESTADO, BAIRRO) VALUES ('756.273.900-52', 'Cliente 0107', 'cliente0107@gmail.com', 37, 'Rua 100', 'Num 667', 'Cidade 11', 'Estado 83', 'Bairro 68');
INSERT INTO CLIENTE (CPF, NOME, EMAIL, PONTOS_CRM, RUA, NUM, CIDADE, ESTADO, BAIRRO) VALUES ('230.979.899-25', 'Cliente 0108', 'cliente0108@gmail.com', 1019, 'Rua 100', 'Num 430', 'Cidade 64', 'Estado 86', 'Bairro 24');
INSERT INTO CLIENTE (CPF, NOME, EMAIL, PONTOS_CRM, RUA, NUM, CIDADE, ESTADO, BAIRRO) VALUES ('314.502.401-24', 'Cliente 0109', 'cliente0109@gmail.com', 1437, 'Rua 70', 'Num 310', 'Cidade 23', 'Estado 22', 'Bairro 18');
INSERT INTO CLIENTE (CPF, NOME, EMAIL, PONTOS_CRM, RUA, NUM, CIDADE, ESTADO, BAIRRO) VALUES ('448.129.950-52', 'Cliente 0110', 'cliente0110@gmail.com', 576, 'Rua 78', 'Num 563', 'Cidade 17', 'Estado 86', 'Bairro 67');
INSERT INTO CLIENTE (CPF, NOME, EMAIL, PONTOS_CRM, RUA, NUM, CIDADE, ESTADO, BAIRRO) VALUES ('175.808.800-27', 'Cliente 0111', 'cliente0111@gmail.com', 1801, 'Rua 82', 'Num 819', 'Cidade 29', 'Estado 57', 'Bairro 87');
INSERT INTO CLIENTE (CPF, NOME, EMAIL, PONTOS_CRM, RUA, NUM, CIDADE, ESTADO, BAIRRO) VALUES ('459.110.400-31', 'Cliente 0112', 'cliente0112@gmail.com', 1203, 'Rua 84', 'Num 778', 'Cidade 82', 'Estado 76', 'Bairro 99');
INSERT INTO CLIENTE (CPF, NOME, EMAIL, PONTOS_CRM, RUA, NUM, CIDADE, ESTADO, BAIRRO) VALUES ('175.910.770-74', 'Cliente 0113', 'cliente0113@gmail.com', 705, 'Rua 25', 'Num 580', 'Cidade 78', 'Estado 95', 'Bairro 78');
INSERT INTO CLIENTE (CPF, NOME, EMAIL, PONTOS_CRM, RUA, NUM, CIDADE, ESTADO, BAIRRO) VALUES ('879.940.827-11', 'Cliente 0114', 'cliente0114@gmail.com', 1881, 'Rua 49', 'Num 622', 'Cidade 47', 'Estado 36', 'Bairro 12');
INSERT INTO CLIENTE (CPF, NOME, EMAIL, PONTOS_CRM, RUA, NUM, CIDADE, ESTADO, BAIRRO) VALUES ('721.223.541-23', 'Cliente 0115', 'cliente0115@gmail.com', 948, 'Rua 23', 'Num 321', 'Cidade 93', 'Estado 26', 'Bairro 81');
INSERT INTO CLIENTE (CPF, NOME, EMAIL, PONTOS_CRM, RUA, NUM, CIDADE, ESTADO, BAIRRO) VALUES ('774.709.307-43', 'Cliente 0116', 'cliente0116@gmail.com', 1192, 'Rua 37', 'Num 460', 'Cidade 27', 'Estado 85', 'Bairro 96');
INSERT INTO CLIENTE (CPF, NOME, EMAIL, PONTOS_CRM, RUA, NUM, CIDADE, ESTADO, BAIRRO) VALUES ('554.746.121-10', 'Cliente 0117', 'cliente0117@gmail.com', 1414, 'Rua 11', 'Num 614', 'Cidade 98', 'Estado 42', 'Bairro 76');
INSERT INTO CLIENTE (CPF, NOME, EMAIL, PONTOS_CRM, RUA, NUM, CIDADE, ESTADO, BAIRRO) VALUES ('493.659.173-77', 'Cliente 0118', 'cliente0118@gmail.com', 1139, 'Rua 42', 'Num 571', 'Cidade 71', 'Estado 95', 'Bairro 85');
INSERT INTO CLIENTE (CPF, NOME, EMAIL, PONTOS_CRM, RUA, NUM, CIDADE, ESTADO, BAIRRO) VALUES ('422.255.767-85', 'Cliente 0119', 'cliente0119@gmail.com', 614, 'Rua 58', 'Num 343', 'Cidade 79', 'Estado 99', 'Bairro 54');
INSERT INTO CLIENTE (CPF, NOME, EMAIL, PONTOS_CRM, RUA, NUM, CIDADE, ESTADO, BAIRRO) VALUES ('833.915.821-48', 'Cliente 0120', 'cliente0120@gmail.com', 1623, 'Rua 17', 'Num 990', 'Cidade 85', 'Estado 94', 'Bairro 51');
INSERT INTO CLIENTE (CPF, NOME, EMAIL, PONTOS_CRM, RUA, NUM, CIDADE, ESTADO, BAIRRO) VALUES ('204.686.821-48', 'Cliente 0121', 'cliente0121@gmail.com', 1975, 'Rua 100', 'Num 32', 'Cidade 11', 'Estado 35', 'Bairro 77');
INSERT INTO CLIENTE (CPF, NOME, EMAIL, PONTOS_CRM, RUA, NUM, CIDADE, ESTADO, BAIRRO) VALUES ('895.201.888-61', 'Cliente 0122', 'cliente0122@gmail.com', 132, 'Rua 33', 'Num 364', 'Cidade 80', 'Estado 66', 'Bairro 25');
INSERT INTO CLIENTE (CPF, NOME, EMAIL, PONTOS_CRM, RUA, NUM, CIDADE, ESTADO, BAIRRO) VALUES ('360.640.317-86', 'Cliente 0123', 'cliente0123@gmail.com', 1379, 'Rua 88', 'Num 436', 'Cidade 68', 'Estado 98', 'Bairro 29');
INSERT INTO CLIENTE (CPF, NOME, EMAIL, PONTOS_CRM, RUA, NUM, CIDADE, ESTADO, BAIRRO) VALUES ('289.743.760-54', 'Cliente 0124', 'cliente0124@gmail.com', 527, 'Rua 26', 'Num 165', 'Cidade 33', 'Estado 10', 'Bairro 60');
INSERT INTO CLIENTE (CPF, NOME, EMAIL, PONTOS_CRM, RUA, NUM, CIDADE, ESTADO, BAIRRO) VALUES ('503.814.463-47', 'Cliente 0125', 'cliente0125@gmail.com', 75, 'Rua 75', 'Num 26', 'Cidade 31', 'Estado 44', 'Bairro 31');
INSERT INTO CLIENTE (CPF, NOME, EMAIL, PONTOS_CRM, RUA, NUM, CIDADE, ESTADO, BAIRRO) VALUES ('655.173.374-54', 'Cliente 0126', 'cliente0126@gmail.com', 1217, 'Rua 87', 'Num 280', 'Cidade 20', 'Estado 94', 'Bairro 41');
INSERT INTO CLIENTE (CPF, NOME, EMAIL, PONTOS_CRM, RUA, NUM, CIDADE, ESTADO, BAIRRO) VALUES ('617.182.357-68', 'Cliente 0127', 'cliente0127@gmail.com', 363, 'Rua 67', 'Num 866', 'Cidade 11', 'Estado 15', 'Bairro 85');
INSERT INTO CLIENTE (CPF, NOME, EMAIL, PONTOS_CRM, RUA, NUM, CIDADE, ESTADO, BAIRRO) VALUES ('185.740.463-32', 'Cliente 0128', 'cliente0128@gmail.com', 1886, 'Rua 41', 'Num 423', 'Cidade 83', 'Estado 28', 'Bairro 19');
INSERT INTO CLIENTE (CPF, NOME, EMAIL, PONTOS_CRM, RUA, NUM, CIDADE, ESTADO, BAIRRO) VALUES ('203.146.472-37', 'Cliente 0129', 'cliente0129@gmail.com', 535, 'Rua 74', 'Num 681', 'Cidade 30', 'Estado 96', 'Bairro 97');
INSERT INTO CLIENTE (CPF, NOME, EMAIL, PONTOS_CRM, RUA, NUM, CIDADE, ESTADO, BAIRRO) VALUES ('957.714.816-48', 'Cliente 0130', 'cliente0130@gmail.com', 929, 'Rua 64', 'Num 746', 'Cidade 53', 'Estado 58', 'Bairro 22');
INSERT INTO CLIENTE (CPF, NOME, EMAIL, PONTOS_CRM, RUA, NUM, CIDADE, ESTADO, BAIRRO) VALUES ('780.552.246-62', 'Cliente 0131', 'cliente0131@gmail.com', 1181, 'Rua 62', 'Num 131', 'Cidade 100', 'Estado 29', 'Bairro 76');
INSERT INTO CLIENTE (CPF, NOME, EMAIL, PONTOS_CRM, RUA, NUM, CIDADE, ESTADO, BAIRRO) VALUES ('477.603.421-81', 'Cliente 0132', 'cliente0132@gmail.com', 678, 'Rua 87', 'Num 675', 'Cidade 45', 'Estado 100', 'Bairro 70');
INSERT INTO CLIENTE (CPF, NOME, EMAIL, PONTOS_CRM, RUA, NUM, CIDADE, ESTADO, BAIRRO) VALUES ('511.620.691-66', 'Cliente 0133', 'cliente0133@gmail.com', 401, 'Rua 37', 'Num 468', 'Cidade 36', 'Estado 13', 'Bairro 61');
INSERT INTO CLIENTE (CPF, NOME, EMAIL, PONTOS_CRM, RUA, NUM, CIDADE, ESTADO, BAIRRO) VALUES ('686.273.928-60', 'Cliente 0134', 'cliente0134@gmail.com', 1110, 'Rua 76', 'Num 841', 'Cidade 83', 'Estado 67', 'Bairro 43');
INSERT INTO CLIENTE (CPF, NOME, EMAIL, PONTOS_CRM, RUA, NUM, CIDADE, ESTADO, BAIRRO) VALUES ('767.959.842-55', 'Cliente 0135', 'cliente0135@gmail.com', 774, 'Rua 15', 'Num 794', 'Cidade 92', 'Estado 72', 'Bairro 20');
INSERT INTO CLIENTE (CPF, NOME, EMAIL, PONTOS_CRM, RUA, NUM, CIDADE, ESTADO, BAIRRO) VALUES ('895.237.685-30', 'Cliente 0136', 'cliente0136@gmail.com', 1504, 'Rua 18', 'Num 424', 'Cidade 79', 'Estado 17', 'Bairro 62');
INSERT INTO CLIENTE (CPF, NOME, EMAIL, PONTOS_CRM, RUA, NUM, CIDADE, ESTADO, BAIRRO) VALUES ('847.662.935-92', 'Cliente 0137', 'cliente0137@gmail.com', 444, 'Rua 63', 'Num 607', 'Cidade 25', 'Estado 25', 'Bairro 40');
INSERT INTO CLIENTE (CPF, NOME, EMAIL, PONTOS_CRM, RUA, NUM, CIDADE, ESTADO, BAIRRO) VALUES ('834.373.270-66', 'Cliente 0138', 'cliente0138@gmail.com', 198, 'Rua 58', 'Num 162', 'Cidade 77', 'Estado 41', 'Bairro 60');
INSERT INTO CLIENTE (CPF, NOME, EMAIL, PONTOS_CRM, RUA, NUM, CIDADE, ESTADO, BAIRRO) VALUES ('716.206.884-76', 'Cliente 0139', 'cliente0139@gmail.com', 154, 'Rua 66', 'Num 162', 'Cidade 82', 'Estado 65', 'Bairro 62');
INSERT INTO CLIENTE (CPF, NOME, EMAIL, PONTOS_CRM, RUA, NUM, CIDADE, ESTADO, BAIRRO) VALUES ('277.368.344-92', 'Cliente 0140', 'cliente0140@gmail.com', 589, 'Rua 42', 'Num 332', 'Cidade 93', 'Estado 88', 'Bairro 85');
INSERT INTO CLIENTE (CPF, NOME, EMAIL, PONTOS_CRM, RUA, NUM, CIDADE, ESTADO, BAIRRO) VALUES ('198.472.486-42', 'Cliente 0141', 'cliente0141@gmail.com', 177, 'Rua 14', 'Num 474', 'Cidade 73', 'Estado 17', 'Bairro 34');
INSERT INTO CLIENTE (CPF, NOME, EMAIL, PONTOS_CRM, RUA, NUM, CIDADE, ESTADO, BAIRRO) VALUES ('561.134.272-78', 'Cliente 0142', 'cliente0142@gmail.com', 1595, 'Rua 70', 'Num 64', 'Cidade 36', 'Estado 38', 'Bairro 12');
INSERT INTO CLIENTE (CPF, NOME, EMAIL, PONTOS_CRM, RUA, NUM, CIDADE, ESTADO, BAIRRO) VALUES ('251.428.111-61', 'Cliente 0143', 'cliente0143@gmail.com', 1630, 'Rua 68', 'Num 708', 'Cidade 66', 'Estado 12', 'Bairro 30');
INSERT INTO CLIENTE (CPF, NOME, EMAIL, PONTOS_CRM, RUA, NUM, CIDADE, ESTADO, BAIRRO) VALUES ('563.997.988-12', 'Cliente 0144', 'cliente0144@gmail.com', 80, 'Rua 11', 'Num 671', 'Cidade 74', 'Estado 27', 'Bairro 96');
INSERT INTO CLIENTE (CPF, NOME, EMAIL, PONTOS_CRM, RUA, NUM, CIDADE, ESTADO, BAIRRO) VALUES ('484.785.165-70', 'Cliente 0145', 'cliente0145@gmail.com', 1296, 'Rua 58', 'Num 679', 'Cidade 19', 'Estado 44', 'Bairro 46');
INSERT INTO CLIENTE (CPF, NOME, EMAIL, PONTOS_CRM, RUA, NUM, CIDADE, ESTADO, BAIRRO) VALUES ('211.778.416-60', 'Cliente 0146', 'cliente0146@gmail.com', 1196, 'Rua 37', 'Num 407', 'Cidade 90', 'Estado 38', 'Bairro 95');
INSERT INTO CLIENTE (CPF, NOME, EMAIL, PONTOS_CRM, RUA, NUM, CIDADE, ESTADO, BAIRRO) VALUES ('443.290.462-77', 'Cliente 0147', 'cliente0147@gmail.com', 1426, 'Rua 13', 'Num 668', 'Cidade 25', 'Estado 51', 'Bairro 72');
INSERT INTO CLIENTE (CPF, NOME, EMAIL, PONTOS_CRM, RUA, NUM, CIDADE, ESTADO, BAIRRO) VALUES ('714.489.533-17', 'Cliente 0148', 'cliente0148@gmail.com', 442, 'Rua 80', 'Num 610', 'Cidade 29', 'Estado 22', 'Bairro 98');
INSERT INTO CLIENTE (CPF, NOME, EMAIL, PONTOS_CRM, RUA, NUM, CIDADE, ESTADO, BAIRRO) VALUES ('206.290.956-37', 'Cliente 0149', 'cliente0149@gmail.com', 1808, 'Rua 35', 'Num 361', 'Cidade 89', 'Estado 80', 'Bairro 11');
INSERT INTO CLIENTE (CPF, NOME, EMAIL, PONTOS_CRM, RUA, NUM, CIDADE, ESTADO, BAIRRO) VALUES ('399.334.435-94', 'Cliente 0150', 'cliente0150@gmail.com', 586, 'Rua 65', 'Num 547', 'Cidade 31', 'Estado 64', 'Bairro 78');
INSERT INTO CLIENTE (CPF, NOME, EMAIL, PONTOS_CRM, RUA, NUM, CIDADE, ESTADO, BAIRRO) VALUES ('726.615.380-20', 'Cliente 0151', 'cliente0151@gmail.com', 1320, 'Rua 16', 'Num 350', 'Cidade 57', 'Estado 30', 'Bairro 45');
INSERT INTO CLIENTE (CPF, NOME, EMAIL, PONTOS_CRM, RUA, NUM, CIDADE, ESTADO, BAIRRO) VALUES ('587.902.265-84', 'Cliente 0152', 'cliente0152@gmail.com', 1491, 'Rua 25', 'Num 767', 'Cidade 46', 'Estado 94', 'Bairro 79');
INSERT INTO CLIENTE (CPF, NOME, EMAIL, PONTOS_CRM, RUA, NUM, CIDADE, ESTADO, BAIRRO) VALUES ('392.823.253-66', 'Cliente 0153', 'cliente0153@gmail.com', 1748, 'Rua 95', 'Num 416', 'Cidade 13', 'Estado 63', 'Bairro 97');
INSERT INTO CLIENTE (CPF, NOME, EMAIL, PONTOS_CRM, RUA, NUM, CIDADE, ESTADO, BAIRRO) VALUES ('631.433.852-12', 'Cliente 0154', 'cliente0154@gmail.com', 233, 'Rua 94', 'Num 15', 'Cidade 21', 'Estado 13', 'Bairro 12');
INSERT INTO CLIENTE (CPF, NOME, EMAIL, PONTOS_CRM, RUA, NUM, CIDADE, ESTADO, BAIRRO) VALUES ('381.901.486-68', 'Cliente 0155', 'cliente0155@gmail.com', 700, 'Rua 60', 'Num 442', 'Cidade 24', 'Estado 38', 'Bairro 61');
INSERT INTO CLIENTE (CPF, NOME, EMAIL, PONTOS_CRM, RUA, NUM, CIDADE, ESTADO, BAIRRO) VALUES ('343.649.364-29', 'Cliente 0156', 'cliente0156@gmail.com', 1134, 'Rua 32', 'Num 760', 'Cidade 82', 'Estado 34', 'Bairro 69');
INSERT INTO CLIENTE (CPF, NOME, EMAIL, PONTOS_CRM, RUA, NUM, CIDADE, ESTADO, BAIRRO) VALUES ('820.678.345-41', 'Cliente 0157', 'cliente0157@gmail.com', 1663, 'Rua 35', 'Num 394', 'Cidade 57', 'Estado 93', 'Bairro 56');
INSERT INTO CLIENTE (CPF, NOME, EMAIL, PONTOS_CRM, RUA, NUM, CIDADE, ESTADO, BAIRRO) VALUES ('167.503.641-26', 'Cliente 0158', 'cliente0158@gmail.com', 1461, 'Rua 44', 'Num 982', 'Cidade 21', 'Estado 47', 'Bairro 48');
INSERT INTO CLIENTE (CPF, NOME, EMAIL, PONTOS_CRM, RUA, NUM, CIDADE, ESTADO, BAIRRO) VALUES ('561.438.770-94', 'Cliente 0159', 'cliente0159@gmail.com', 1705, 'Rua 72', 'Num 282', 'Cidade 63', 'Estado 86', 'Bairro 73');
INSERT INTO CLIENTE (CPF, NOME, EMAIL, PONTOS_CRM, RUA, NUM, CIDADE, ESTADO, BAIRRO) VALUES ('358.137.539-44', 'Cliente 0160', 'cliente0160@gmail.com', 266, 'Rua 18', 'Num 943', 'Cidade 67', 'Estado 49', 'Bairro 99');
INSERT INTO CLIENTE (CPF, NOME, EMAIL, PONTOS_CRM, RUA, NUM, CIDADE, ESTADO, BAIRRO) VALUES ('171.302.117-13', 'Cliente 0161', 'cliente0161@gmail.com', 275, 'Rua 18', 'Num 113', 'Cidade 84', 'Estado 95', 'Bairro 29');
INSERT INTO CLIENTE (CPF, NOME, EMAIL, PONTOS_CRM, RUA, NUM, CIDADE, ESTADO, BAIRRO) VALUES ('479.329.688-58', 'Cliente 0162', 'cliente0162@gmail.com', 1398, 'Rua 39', 'Num 868', 'Cidade 20', 'Estado 19', 'Bairro 12');
INSERT INTO CLIENTE (CPF, NOME, EMAIL, PONTOS_CRM, RUA, NUM, CIDADE, ESTADO, BAIRRO) VALUES ('887.783.167-75', 'Cliente 0163', 'cliente0163@gmail.com', 1236, 'Rua 97', 'Num 180', 'Cidade 10', 'Estado 91', 'Bairro 41');
INSERT INTO CLIENTE (CPF, NOME, EMAIL, PONTOS_CRM, RUA, NUM, CIDADE, ESTADO, BAIRRO) VALUES ('877.739.460-26', 'Cliente 0164', 'cliente0164@gmail.com', 974, 'Rua 36', 'Num 413', 'Cidade 75', 'Estado 82', 'Bairro 27');
INSERT INTO CLIENTE (CPF, NOME, EMAIL, PONTOS_CRM, RUA, NUM, CIDADE, ESTADO, BAIRRO) VALUES ('827.521.339-17', 'Cliente 0165', 'cliente0165@gmail.com', 820, 'Rua 23', 'Num 882', 'Cidade 85', 'Estado 91', 'Bairro 94');
INSERT INTO CLIENTE (CPF, NOME, EMAIL, PONTOS_CRM, RUA, NUM, CIDADE, ESTADO, BAIRRO) VALUES ('533.903.723-95', 'Cliente 0166', 'cliente0166@gmail.com', 387, 'Rua 60', 'Num 248', 'Cidade 54', 'Estado 49', 'Bairro 55');
INSERT INTO CLIENTE (CPF, NOME, EMAIL, PONTOS_CRM, RUA, NUM, CIDADE, ESTADO, BAIRRO) VALUES ('234.718.980-63', 'Cliente 0167', 'cliente0167@gmail.com', 71, 'Rua 71', 'Num 584', 'Cidade 72', 'Estado 67', 'Bairro 16');
INSERT INTO CLIENTE (CPF, NOME, EMAIL, PONTOS_CRM, RUA, NUM, CIDADE, ESTADO, BAIRRO) VALUES ('236.352.926-97', 'Cliente 0168', 'cliente0168@gmail.com', 1649, 'Rua 29', 'Num 112', 'Cidade 36', 'Estado 90', 'Bairro 80');
INSERT INTO CLIENTE (CPF, NOME, EMAIL, PONTOS_CRM, RUA, NUM, CIDADE, ESTADO, BAIRRO) VALUES ('234.803.552-11', 'Cliente 0169', 'cliente0169@gmail.com', 139, 'Rua 10', 'Num 350', 'Cidade 89', 'Estado 99', 'Bairro 100');
INSERT INTO CLIENTE (CPF, NOME, EMAIL, PONTOS_CRM, RUA, NUM, CIDADE, ESTADO, BAIRRO) VALUES ('153.150.261-59', 'Cliente 0170', 'cliente0170@gmail.com', 992, 'Rua 58', 'Num 259', 'Cidade 66', 'Estado 14', 'Bairro 63');
INSERT INTO CLIENTE (CPF, NOME, EMAIL, PONTOS_CRM, RUA, NUM, CIDADE, ESTADO, BAIRRO) VALUES ('821.453.126-51', 'Cliente 0171', 'cliente0171@gmail.com', 1260, 'Rua 95', 'Num 463', 'Cidade 57', 'Estado 41', 'Bairro 75');
INSERT INTO CLIENTE (CPF, NOME, EMAIL, PONTOS_CRM, RUA, NUM, CIDADE, ESTADO, BAIRRO) VALUES ('818.681.806-83', 'Cliente 0172', 'cliente0172@gmail.com', 1038, 'Rua 53', 'Num 592', 'Cidade 37', 'Estado 26', 'Bairro 48');
INSERT INTO CLIENTE (CPF, NOME, EMAIL, PONTOS_CRM, RUA, NUM, CIDADE, ESTADO, BAIRRO) VALUES ('965.940.461-93', 'Cliente 0173', 'cliente0173@gmail.com', 818, 'Rua 84', 'Num 95', 'Cidade 23', 'Estado 88', 'Bairro 30');
INSERT INTO CLIENTE (CPF, NOME, EMAIL, PONTOS_CRM, RUA, NUM, CIDADE, ESTADO, BAIRRO) VALUES ('827.270.914-39', 'Cliente 0174', 'cliente0174@gmail.com', 589, 'Rua 20', 'Num 761', 'Cidade 54', 'Estado 73', 'Bairro 52');
INSERT INTO CLIENTE (CPF, NOME, EMAIL, PONTOS_CRM, RUA, NUM, CIDADE, ESTADO, BAIRRO) VALUES ('771.542.332-45', 'Cliente 0175', 'cliente0175@gmail.com', 1192, 'Rua 51', 'Num 688', 'Cidade 15', 'Estado 31', 'Bairro 100');
INSERT INTO CLIENTE (CPF, NOME, EMAIL, PONTOS_CRM, RUA, NUM, CIDADE, ESTADO, BAIRRO) VALUES ('248.544.296-72', 'Cliente 0176', 'cliente0176@gmail.com', 1545, 'Rua 20', 'Num 604', 'Cidade 46', 'Estado 72', 'Bairro 82');
INSERT INTO CLIENTE (CPF, NOME, EMAIL, PONTOS_CRM, RUA, NUM, CIDADE, ESTADO, BAIRRO) VALUES ('632.841.953-98', 'Cliente 0177', 'cliente0177@gmail.com', 914, 'Rua 99', 'Num 54', 'Cidade 74', 'Estado 66', 'Bairro 44');
INSERT INTO CLIENTE (CPF, NOME, EMAIL, PONTOS_CRM, RUA, NUM, CIDADE, ESTADO, BAIRRO) VALUES ('984.753.801-45', 'Cliente 0178', 'cliente0178@gmail.com', 1073, 'Rua 24', 'Num 713', 'Cidade 77', 'Estado 24', 'Bairro 70');
INSERT INTO CLIENTE (CPF, NOME, EMAIL, PONTOS_CRM, RUA, NUM, CIDADE, ESTADO, BAIRRO) VALUES ('484.286.249-57', 'Cliente 0179', 'cliente0179@gmail.com', 963, 'Rua 26', 'Num 256', 'Cidade 64', 'Estado 17', 'Bairro 43');
INSERT INTO CLIENTE (CPF, NOME, EMAIL, PONTOS_CRM, RUA, NUM, CIDADE, ESTADO, BAIRRO) VALUES ('793.665.933-58', 'Cliente 0180', 'cliente0180@gmail.com', 976, 'Rua 63', 'Num 643', 'Cidade 94', 'Estado 27', 'Bairro 48');
INSERT INTO CLIENTE (CPF, NOME, EMAIL, PONTOS_CRM, RUA, NUM, CIDADE, ESTADO, BAIRRO) VALUES ('295.306.442-68', 'Cliente 0181', 'cliente0181@gmail.com', 1968, 'Rua 18', 'Num 430', 'Cidade 50', 'Estado 48', 'Bairro 75');
INSERT INTO CLIENTE (CPF, NOME, EMAIL, PONTOS_CRM, RUA, NUM, CIDADE, ESTADO, BAIRRO) VALUES ('405.976.462-97', 'Cliente 0182', 'cliente0182@gmail.com', 899, 'Rua 59', 'Num 677', 'Cidade 69', 'Estado 40', 'Bairro 26');
INSERT INTO CLIENTE (CPF, NOME, EMAIL, PONTOS_CRM, RUA, NUM, CIDADE, ESTADO, BAIRRO) VALUES ('328.736.669-41', 'Cliente 0183', 'cliente0183@gmail.com', 384, 'Rua 85', 'Num 78', 'Cidade 25', 'Estado 27', 'Bairro 75');
INSERT INTO CLIENTE (CPF, NOME, EMAIL, PONTOS_CRM, RUA, NUM, CIDADE, ESTADO, BAIRRO) VALUES ('577.836.650-28', 'Cliente 0184', 'cliente0184@gmail.com', 647, 'Rua 34', 'Num 442', 'Cidade 30', 'Estado 35', 'Bairro 75');
INSERT INTO CLIENTE (CPF, NOME, EMAIL, PONTOS_CRM, RUA, NUM, CIDADE, ESTADO, BAIRRO) VALUES ('680.799.118-23', 'Cliente 0185', 'cliente0185@gmail.com', 327, 'Rua 93', 'Num 954', 'Cidade 90', 'Estado 44', 'Bairro 85');
INSERT INTO CLIENTE (CPF, NOME, EMAIL, PONTOS_CRM, RUA, NUM, CIDADE, ESTADO, BAIRRO) VALUES ('997.795.407-77', 'Cliente 0186', 'cliente0186@gmail.com', 967, 'Rua 46', 'Num 42', 'Cidade 57', 'Estado 40', 'Bairro 78');
INSERT INTO CLIENTE (CPF, NOME, EMAIL, PONTOS_CRM, RUA, NUM, CIDADE, ESTADO, BAIRRO) VALUES ('763.752.647-92', 'Cliente 0187', 'cliente0187@gmail.com', 777, 'Rua 47', 'Num 948', 'Cidade 38', 'Estado 90', 'Bairro 12');
INSERT INTO CLIENTE (CPF, NOME, EMAIL, PONTOS_CRM, RUA, NUM, CIDADE, ESTADO, BAIRRO) VALUES ('625.837.493-23', 'Cliente 0188', 'cliente0188@gmail.com', 345, 'Rua 46', 'Num 35', 'Cidade 99', 'Estado 49', 'Bairro 11');
INSERT INTO CLIENTE (CPF, NOME, EMAIL, PONTOS_CRM, RUA, NUM, CIDADE, ESTADO, BAIRRO) VALUES ('675.576.913-34', 'Cliente 0189', 'cliente0189@gmail.com', 1783, 'Rua 56', 'Num 279', 'Cidade 79', 'Estado 13', 'Bairro 48');
INSERT INTO CLIENTE (CPF, NOME, EMAIL, PONTOS_CRM, RUA, NUM, CIDADE, ESTADO, BAIRRO) VALUES ('292.645.750-68', 'Cliente 0190', 'cliente0190@gmail.com', 93, 'Rua 72', 'Num 789', 'Cidade 47', 'Estado 58', 'Bairro 19');
INSERT INTO CLIENTE (CPF, NOME, EMAIL, PONTOS_CRM, RUA, NUM, CIDADE, ESTADO, BAIRRO) VALUES ('186.664.482-95', 'Cliente 0191', 'cliente0191@gmail.com', 805, 'Rua 80', 'Num 862', 'Cidade 21', 'Estado 72', 'Bairro 76');
INSERT INTO CLIENTE (CPF, NOME, EMAIL, PONTOS_CRM, RUA, NUM, CIDADE, ESTADO, BAIRRO) VALUES ('873.542.678-36', 'Cliente 0192', 'cliente0192@gmail.com', 1176, 'Rua 89', 'Num 486', 'Cidade 96', 'Estado 59', 'Bairro 94');
INSERT INTO CLIENTE (CPF, NOME, EMAIL, PONTOS_CRM, RUA, NUM, CIDADE, ESTADO, BAIRRO) VALUES ('418.111.923-81', 'Cliente 0193', 'cliente0193@gmail.com', 1858, 'Rua 52', 'Num 384', 'Cidade 42', 'Estado 49', 'Bairro 32');
INSERT INTO CLIENTE (CPF, NOME, EMAIL, PONTOS_CRM, RUA, NUM, CIDADE, ESTADO, BAIRRO) VALUES ('664.716.671-70', 'Cliente 0194', 'cliente0194@gmail.com', 386, 'Rua 22', 'Num 638', 'Cidade 12', 'Estado 59', 'Bairro 34');
INSERT INTO CLIENTE (CPF, NOME, EMAIL, PONTOS_CRM, RUA, NUM, CIDADE, ESTADO, BAIRRO) VALUES ('379.192.447-93', 'Cliente 0195', 'cliente0195@gmail.com', 887, 'Rua 23', 'Num 766', 'Cidade 39', 'Estado 72', 'Bairro 68');
INSERT INTO CLIENTE (CPF, NOME, EMAIL, PONTOS_CRM, RUA, NUM, CIDADE, ESTADO, BAIRRO) VALUES ('826.676.481-13', 'Cliente 0196', 'cliente0196@gmail.com', 382, 'Rua 52', 'Num 960', 'Cidade 86', 'Estado 79', 'Bairro 50');
INSERT INTO CLIENTE (CPF, NOME, EMAIL, PONTOS_CRM, RUA, NUM, CIDADE, ESTADO, BAIRRO) VALUES ('465.478.945-65', 'Cliente 0197', 'cliente0197@gmail.com', 1262, 'Rua 51', 'Num 522', 'Cidade 94', 'Estado 34', 'Bairro 31');
INSERT INTO CLIENTE (CPF, NOME, EMAIL, PONTOS_CRM, RUA, NUM, CIDADE, ESTADO, BAIRRO) VALUES ('663.690.794-63', 'Cliente 0198', 'cliente0198@gmail.com', 814, 'Rua 57', 'Num 198', 'Cidade 79', 'Estado 69', 'Bairro 38');
INSERT INTO CLIENTE (CPF, NOME, EMAIL, PONTOS_CRM, RUA, NUM, CIDADE, ESTADO, BAIRRO) VALUES ('559.307.406-67', 'Cliente 0199', 'cliente0199@gmail.com', 479, 'Rua 55', 'Num 91', 'Cidade 17', 'Estado 27', 'Bairro 91');


------ TELEFONE_CLIENTE ------

INSERT INTO TELEFONE_CLIENTE (CPF_CLIENTE, TELEFONE) VALUES ('392.823.253-66', '(76) 92279-7295');
INSERT INTO TELEFONE_CLIENTE (CPF_CLIENTE, TELEFONE) VALUES ('694.429.898-36', '(57) 91391-8213');
INSERT INTO TELEFONE_CLIENTE (CPF_CLIENTE, TELEFONE) VALUES ('712.481.264-82', '(28) 94236-2104');
INSERT INTO TELEFONE_CLIENTE (CPF_CLIENTE, TELEFONE) VALUES ('688.783.292-62', '(20) 99736-3202');
INSERT INTO TELEFONE_CLIENTE (CPF_CLIENTE, TELEFONE) VALUES ('314.502.401-24', '(86) 91740-9032');
INSERT INTO TELEFONE_CLIENTE (CPF_CLIENTE, TELEFONE) VALUES ('561.438.770-94', '(55) 99999-2385');
INSERT INTO TELEFONE_CLIENTE (CPF_CLIENTE, TELEFONE) VALUES ('284.607.479-71', '(10) 97611-7150');
INSERT INTO TELEFONE_CLIENTE (CPF_CLIENTE, TELEFONE) VALUES ('236.352.926-97', '(37) 90353-3911');
INSERT INTO TELEFONE_CLIENTE (CPF_CLIENTE, TELEFONE) VALUES ('316.595.617-90', '(56) 92625-5621');
INSERT INTO TELEFONE_CLIENTE (CPF_CLIENTE, TELEFONE) VALUES ('284.607.479-71', '(75) 99329-3734');
INSERT INTO TELEFONE_CLIENTE (CPF_CLIENTE, TELEFONE) VALUES ('316.595.617-90', '(23) 99066-4629');
INSERT INTO TELEFONE_CLIENTE (CPF_CLIENTE, TELEFONE) VALUES ('329.522.965-16', '(59) 95957-9701');
INSERT INTO TELEFONE_CLIENTE (CPF_CLIENTE, TELEFONE) VALUES ('917.783.968-51', '(71) 95558-9174');
INSERT INTO TELEFONE_CLIENTE (CPF_CLIENTE, TELEFONE) VALUES ('289.743.760-54', '(81) 98676-7976');
INSERT INTO TELEFONE_CLIENTE (CPF_CLIENTE, TELEFONE) VALUES ('232.273.812-92', '(20) 96277-6939');
INSERT INTO TELEFONE_CLIENTE (CPF_CLIENTE, TELEFONE) VALUES ('185.740.463-32', '(18) 91924-3537');
INSERT INTO TELEFONE_CLIENTE (CPF_CLIENTE, TELEFONE) VALUES ('720.154.934-71', '(44) 90261-7507');
INSERT INTO TELEFONE_CLIENTE (CPF_CLIENTE, TELEFONE) VALUES ('712.481.264-82', '(41) 97953-8117');
INSERT INTO TELEFONE_CLIENTE (CPF_CLIENTE, TELEFONE) VALUES ('381.901.486-68', '(80) 98883-8444');
INSERT INTO TELEFONE_CLIENTE (CPF_CLIENTE, TELEFONE) VALUES ('971.213.656-32', '(53) 94393-8996');
INSERT INTO TELEFONE_CLIENTE (CPF_CLIENTE, TELEFONE) VALUES ('547.497.913-56', '(18) 96015-5265');
INSERT INTO TELEFONE_CLIENTE (CPF_CLIENTE, TELEFONE) VALUES ('655.173.374-54', '(88) 93365-6794');
INSERT INTO TELEFONE_CLIENTE (CPF_CLIENTE, TELEFONE) VALUES ('847.662.935-92', '(84) 99712-3324');
INSERT INTO TELEFONE_CLIENTE (CPF_CLIENTE, TELEFONE) VALUES ('392.823.253-66', '(26) 92922-5199');
INSERT INTO TELEFONE_CLIENTE (CPF_CLIENTE, TELEFONE) VALUES ('632.841.953-98', '(57) 95608-6743');
INSERT INTO TELEFONE_CLIENTE (CPF_CLIENTE, TELEFONE) VALUES ('776.321.588-22', '(85) 90061-4175');
INSERT INTO TELEFONE_CLIENTE (CPF_CLIENTE, TELEFONE) VALUES ('771.542.332-45', '(18) 99221-3230');
INSERT INTO TELEFONE_CLIENTE (CPF_CLIENTE, TELEFONE) VALUES ('448.129.950-52', '(74) 91770-6278');
INSERT INTO TELEFONE_CLIENTE (CPF_CLIENTE, TELEFONE) VALUES ('503.694.343-66', '(79) 91745-7160');
INSERT INTO TELEFONE_CLIENTE (CPF_CLIENTE, TELEFONE) VALUES ('929.355.477-12', '(31) 96027-6761');
INSERT INTO TELEFONE_CLIENTE (CPF_CLIENTE, TELEFONE) VALUES ('609.579.403-30', '(77) 97804-6471');
INSERT INTO TELEFONE_CLIENTE (CPF_CLIENTE, TELEFONE) VALUES ('167.503.641-26', '(12) 94721-9496');
INSERT INTO TELEFONE_CLIENTE (CPF_CLIENTE, TELEFONE) VALUES ('379.192.447-93', '(46) 90314-8090');
INSERT INTO TELEFONE_CLIENTE (CPF_CLIENTE, TELEFONE) VALUES ('694.429.898-36', '(59) 90391-6400');
INSERT INTO TELEFONE_CLIENTE (CPF_CLIENTE, TELEFONE) VALUES ('295.306.442-68', '(50) 96870-9577');
INSERT INTO TELEFONE_CLIENTE (CPF_CLIENTE, TELEFONE) VALUES ('929.355.477-12', '(62) 98563-9350');
INSERT INTO TELEFONE_CLIENTE (CPF_CLIENTE, TELEFONE) VALUES ('767.959.842-55', '(10) 92635-2276');
INSERT INTO TELEFONE_CLIENTE (CPF_CLIENTE, TELEFONE) VALUES ('680.799.118-23', '(41) 96366-7715');
INSERT INTO TELEFONE_CLIENTE (CPF_CLIENTE, TELEFONE) VALUES ('464.289.155-41', '(44) 95075-7214');
INSERT INTO TELEFONE_CLIENTE (CPF_CLIENTE, TELEFONE) VALUES ('338.365.216-48', '(43) 94456-6325');
INSERT INTO TELEFONE_CLIENTE (CPF_CLIENTE, TELEFONE) VALUES ('485.872.187-67', '(68) 91454-5692');
INSERT INTO TELEFONE_CLIENTE (CPF_CLIENTE, TELEFONE) VALUES ('696.602.416-54', '(46) 92508-6892');
INSERT INTO TELEFONE_CLIENTE (CPF_CLIENTE, TELEFONE) VALUES ('747.343.696-34', '(99) 96078-5386');
INSERT INTO TELEFONE_CLIENTE (CPF_CLIENTE, TELEFONE) VALUES ('793.474.125-62', '(30) 90270-2412');
INSERT INTO TELEFONE_CLIENTE (CPF_CLIENTE, TELEFONE) VALUES ('401.105.131-64', '(59) 97569-9843');
INSERT INTO TELEFONE_CLIENTE (CPF_CLIENTE, TELEFONE) VALUES ('266.704.846-65', '(88) 99284-2011');
INSERT INTO TELEFONE_CLIENTE (CPF_CLIENTE, TELEFONE) VALUES ('675.576.913-34', '(36) 97243-5139');
INSERT INTO TELEFONE_CLIENTE (CPF_CLIENTE, TELEFONE) VALUES ('585.355.649-49', '(78) 93538-4659');
INSERT INTO TELEFONE_CLIENTE (CPF_CLIENTE, TELEFONE) VALUES ('625.837.493-23', '(52) 92122-8810');
INSERT INTO TELEFONE_CLIENTE (CPF_CLIENTE, TELEFONE) VALUES ('323.736.238-91', '(34) 92852-7895');
INSERT INTO TELEFONE_CLIENTE (CPF_CLIENTE, TELEFONE) VALUES ('957.714.816-48', '(42) 94046-4554');
INSERT INTO TELEFONE_CLIENTE (CPF_CLIENTE, TELEFONE) VALUES ('559.307.406-67', '(25) 95959-8501');
INSERT INTO TELEFONE_CLIENTE (CPF_CLIENTE, TELEFONE) VALUES ('776.321.588-22', '(63) 94961-6304');
INSERT INTO TELEFONE_CLIENTE (CPF_CLIENTE, TELEFONE) VALUES ('733.116.908-65', '(88) 97272-2099');
INSERT INTO TELEFONE_CLIENTE (CPF_CLIENTE, TELEFONE) VALUES ('284.607.479-71', '(17) 94057-3502');
INSERT INTO TELEFONE_CLIENTE (CPF_CLIENTE, TELEFONE) VALUES ('358.137.539-44', '(92) 90113-3969');
INSERT INTO TELEFONE_CLIENTE (CPF_CLIENTE, TELEFONE) VALUES ('997.795.407-77', '(76) 96515-1752');
INSERT INTO TELEFONE_CLIENTE (CPF_CLIENTE, TELEFONE) VALUES ('827.270.914-39', '(14) 93837-9237');
INSERT INTO TELEFONE_CLIENTE (CPF_CLIENTE, TELEFONE) VALUES ('326.831.451-76', '(34) 92584-5437');
INSERT INTO TELEFONE_CLIENTE (CPF_CLIENTE, TELEFONE) VALUES ('617.182.357-68', '(26) 99746-2456');
INSERT INTO TELEFONE_CLIENTE (CPF_CLIENTE, TELEFONE) VALUES ('284.607.479-71', '(81) 93659-5279');
INSERT INTO TELEFONE_CLIENTE (CPF_CLIENTE, TELEFONE) VALUES ('652.250.653-65', '(14) 97717-8739');
INSERT INTO TELEFONE_CLIENTE (CPF_CLIENTE, TELEFONE) VALUES ('652.250.653-65', '(88) 97983-8203');
INSERT INTO TELEFONE_CLIENTE (CPF_CLIENTE, TELEFONE) VALUES ('291.840.983-15', '(81) 99831-4762');
INSERT INTO TELEFONE_CLIENTE (CPF_CLIENTE, TELEFONE) VALUES ('153.150.261-59', '(38) 95904-5906');
INSERT INTO TELEFONE_CLIENTE (CPF_CLIENTE, TELEFONE) VALUES ('663.690.794-63', '(97) 96401-6524');
INSERT INTO TELEFONE_CLIENTE (CPF_CLIENTE, TELEFONE) VALUES ('793.474.125-62', '(90) 91558-3965');
INSERT INTO TELEFONE_CLIENTE (CPF_CLIENTE, TELEFONE) VALUES ('186.664.482-95', '(91) 94030-2200');
INSERT INTO TELEFONE_CLIENTE (CPF_CLIENTE, TELEFONE) VALUES ('145.858.963-92', '(67) 94995-2106');
INSERT INTO TELEFONE_CLIENTE (CPF_CLIENTE, TELEFONE) VALUES ('630.236.508-34', '(96) 99104-4127');
INSERT INTO TELEFONE_CLIENTE (CPF_CLIENTE, TELEFONE) VALUES ('547.497.913-56', '(33) 96275-1879');
INSERT INTO TELEFONE_CLIENTE (CPF_CLIENTE, TELEFONE) VALUES ('585.355.649-49', '(44) 98441-3972');
INSERT INTO TELEFONE_CLIENTE (CPF_CLIENTE, TELEFONE) VALUES ('403.214.402-25', '(92) 94403-7278');
INSERT INTO TELEFONE_CLIENTE (CPF_CLIENTE, TELEFONE) VALUES ('175.808.800-27', '(54) 91770-1567');
INSERT INTO TELEFONE_CLIENTE (CPF_CLIENTE, TELEFONE) VALUES ('827.751.331-49', '(99) 96032-5891');
INSERT INTO TELEFONE_CLIENTE (CPF_CLIENTE, TELEFONE) VALUES ('476.242.875-89', '(93) 90844-6975');
INSERT INTO TELEFONE_CLIENTE (CPF_CLIENTE, TELEFONE) VALUES ('625.837.493-23', '(54) 94860-3823');
INSERT INTO TELEFONE_CLIENTE (CPF_CLIENTE, TELEFONE) VALUES ('680.799.118-23', '(84) 98076-8744');
INSERT INTO TELEFONE_CLIENTE (CPF_CLIENTE, TELEFONE) VALUES ('587.902.265-84', '(19) 93673-7094');
INSERT INTO TELEFONE_CLIENTE (CPF_CLIENTE, TELEFONE) VALUES ('833.915.821-48', '(42) 95331-4164');
INSERT INTO TELEFONE_CLIENTE (CPF_CLIENTE, TELEFONE) VALUES ('554.363.309-61', '(99) 90895-7881');
INSERT INTO TELEFONE_CLIENTE (CPF_CLIENTE, TELEFONE) VALUES ('206.318.509-48', '(50) 99838-5272');
INSERT INTO TELEFONE_CLIENTE (CPF_CLIENTE, TELEFONE) VALUES ('186.122.290-36', '(88) 91369-4770');
INSERT INTO TELEFONE_CLIENTE (CPF_CLIENTE, TELEFONE) VALUES ('793.474.125-62', '(78) 90632-3291');
INSERT INTO TELEFONE_CLIENTE (CPF_CLIENTE, TELEFONE) VALUES ('680.799.118-23', '(93) 90378-2598');
INSERT INTO TELEFONE_CLIENTE (CPF_CLIENTE, TELEFONE) VALUES ('448.129.950-52', '(51) 99019-3662');
INSERT INTO TELEFONE_CLIENTE (CPF_CLIENTE, TELEFONE) VALUES ('767.959.842-55', '(56) 92664-8014');
INSERT INTO TELEFONE_CLIENTE (CPF_CLIENTE, TELEFONE) VALUES ('971.213.656-32', '(47) 91068-5101');
INSERT INTO TELEFONE_CLIENTE (CPF_CLIENTE, TELEFONE) VALUES ('159.202.742-93', '(41) 98409-7244');
INSERT INTO TELEFONE_CLIENTE (CPF_CLIENTE, TELEFONE) VALUES ('234.803.552-11', '(49) 99121-2466');
INSERT INTO TELEFONE_CLIENTE (CPF_CLIENTE, TELEFONE) VALUES ('942.667.459-74', '(75) 93307-2681');
INSERT INTO TELEFONE_CLIENTE (CPF_CLIENTE, TELEFONE) VALUES ('186.664.482-95', '(97) 90741-4421');
INSERT INTO TELEFONE_CLIENTE (CPF_CLIENTE, TELEFONE) VALUES ('175.910.770-74', '(31) 90729-1743');
INSERT INTO TELEFONE_CLIENTE (CPF_CLIENTE, TELEFONE) VALUES ('725.851.415-27', '(44) 99565-5444');
INSERT INTO TELEFONE_CLIENTE (CPF_CLIENTE, TELEFONE) VALUES ('465.478.945-65', '(26) 98152-6284');
INSERT INTO TELEFONE_CLIENTE (CPF_CLIENTE, TELEFONE) VALUES ('329.522.965-16', '(40) 91559-1208');
INSERT INTO TELEFONE_CLIENTE (CPF_CLIENTE, TELEFONE) VALUES ('135.132.256-20', '(76) 90592-9522');
INSERT INTO TELEFONE_CLIENTE (CPF_CLIENTE, TELEFONE) VALUES ('350.305.664-38', '(33) 90839-7633');
INSERT INTO TELEFONE_CLIENTE (CPF_CLIENTE, TELEFONE) VALUES ('687.259.639-91', '(19) 99476-9205');
INSERT INTO TELEFONE_CLIENTE (CPF_CLIENTE, TELEFONE) VALUES ('323.736.238-91', '(78) 93701-7071');
INSERT INTO TELEFONE_CLIENTE (CPF_CLIENTE, TELEFONE) VALUES ('895.201.888-61', '(19) 91661-1523');
INSERT INTO TELEFONE_CLIENTE (CPF_CLIENTE, TELEFONE) VALUES ('685.106.671-88', '(74) 96903-1328');
INSERT INTO TELEFONE_CLIENTE (CPF_CLIENTE, TELEFONE) VALUES ('895.237.685-30', '(60) 98505-1939');
INSERT INTO TELEFONE_CLIENTE (CPF_CLIENTE, TELEFONE) VALUES ('204.686.821-48', '(22) 97233-6698');
INSERT INTO TELEFONE_CLIENTE (CPF_CLIENTE, TELEFONE) VALUES ('747.343.696-34', '(67) 95519-3641');
INSERT INTO TELEFONE_CLIENTE (CPF_CLIENTE, TELEFONE) VALUES ('725.851.415-27', '(88) 95045-2290');
INSERT INTO TELEFONE_CLIENTE (CPF_CLIENTE, TELEFONE) VALUES ('756.273.900-52', '(49) 97171-3588');
INSERT INTO TELEFONE_CLIENTE (CPF_CLIENTE, TELEFONE) VALUES ('684.660.556-27', '(54) 91861-1571');
INSERT INTO TELEFONE_CLIENTE (CPF_CLIENTE, TELEFONE) VALUES ('547.497.913-56', '(86) 98099-6262');
INSERT INTO TELEFONE_CLIENTE (CPF_CLIENTE, TELEFONE) VALUES ('808.580.924-41', '(41) 98546-9387');
INSERT INTO TELEFONE_CLIENTE (CPF_CLIENTE, TELEFONE) VALUES ('984.753.801-45', '(20) 90969-3452');
INSERT INTO TELEFONE_CLIENTE (CPF_CLIENTE, TELEFONE) VALUES ('609.579.403-30', '(96) 96983-6015');
INSERT INTO TELEFONE_CLIENTE (CPF_CLIENTE, TELEFONE) VALUES ('391.152.396-41', '(37) 98804-3934');
INSERT INTO TELEFONE_CLIENTE (CPF_CLIENTE, TELEFONE) VALUES ('503.154.164-52', '(96) 99356-6566');
INSERT INTO TELEFONE_CLIENTE (CPF_CLIENTE, TELEFONE) VALUES ('776.321.588-22', '(34) 91911-5985');
INSERT INTO TELEFONE_CLIENTE (CPF_CLIENTE, TELEFONE) VALUES ('443.290.462-77', '(84) 90368-9552');
INSERT INTO TELEFONE_CLIENTE (CPF_CLIENTE, TELEFONE) VALUES ('484.785.165-70', '(93) 97274-5037');
INSERT INTO TELEFONE_CLIENTE (CPF_CLIENTE, TELEFONE) VALUES ('422.255.767-85', '(90) 94680-8936');
INSERT INTO TELEFONE_CLIENTE (CPF_CLIENTE, TELEFONE) VALUES ('725.851.415-27', '(96) 97303-7698');
INSERT INTO TELEFONE_CLIENTE (CPF_CLIENTE, TELEFONE) VALUES ('400.837.687-82', '(67) 92596-2771');
INSERT INTO TELEFONE_CLIENTE (CPF_CLIENTE, TELEFONE) VALUES ('328.736.669-41', '(45) 97855-1167');
INSERT INTO TELEFONE_CLIENTE (CPF_CLIENTE, TELEFONE) VALUES ('459.110.400-31', '(94) 93299-6541');
INSERT INTO TELEFONE_CLIENTE (CPF_CLIENTE, TELEFONE) VALUES ('171.302.117-13', '(76) 99832-9020');
INSERT INTO TELEFONE_CLIENTE (CPF_CLIENTE, TELEFONE) VALUES ('712.481.264-82', '(24) 95645-6830');
INSERT INTO TELEFONE_CLIENTE (CPF_CLIENTE, TELEFONE) VALUES ('971.213.656-32', '(58) 93427-2386');
INSERT INTO TELEFONE_CLIENTE (CPF_CLIENTE, TELEFONE) VALUES ('314.502.401-24', '(83) 98962-1673');
INSERT INTO TELEFONE_CLIENTE (CPF_CLIENTE, TELEFONE) VALUES ('929.355.477-12', '(59) 92631-9427');
INSERT INTO TELEFONE_CLIENTE (CPF_CLIENTE, TELEFONE) VALUES ('323.736.238-91', '(95) 92248-6122');
INSERT INTO TELEFONE_CLIENTE (CPF_CLIENTE, TELEFONE) VALUES ('325.192.173-82', '(49) 99222-4518');
INSERT INTO TELEFONE_CLIENTE (CPF_CLIENTE, TELEFONE) VALUES ('625.189.590-81', '(36) 90221-6348');
INSERT INTO TELEFONE_CLIENTE (CPF_CLIENTE, TELEFONE) VALUES ('581.995.335-66', '(79) 93321-3751');
INSERT INTO TELEFONE_CLIENTE (CPF_CLIENTE, TELEFONE) VALUES ('449.533.966-95', '(40) 96193-2255');
INSERT INTO TELEFONE_CLIENTE (CPF_CLIENTE, TELEFONE) VALUES ('391.152.396-41', '(52) 98410-4095');
INSERT INTO TELEFONE_CLIENTE (CPF_CLIENTE, TELEFONE) VALUES ('381.901.486-68', '(75) 97473-3264');
INSERT INTO TELEFONE_CLIENTE (CPF_CLIENTE, TELEFONE) VALUES ('688.783.292-62', '(77) 97656-2926');
INSERT INTO TELEFONE_CLIENTE (CPF_CLIENTE, TELEFONE) VALUES ('942.667.459-74', '(61) 91824-8396');
INSERT INTO TELEFONE_CLIENTE (CPF_CLIENTE, TELEFONE) VALUES ('464.289.155-41', '(15) 95246-3995');
INSERT INTO TELEFONE_CLIENTE (CPF_CLIENTE, TELEFONE) VALUES ('686.223.552-86', '(23) 91942-2779');
INSERT INTO TELEFONE_CLIENTE (CPF_CLIENTE, TELEFONE) VALUES ('887.783.167-75', '(45) 96171-2450');
INSERT INTO TELEFONE_CLIENTE (CPF_CLIENTE, TELEFONE) VALUES ('725.851.415-27', '(25) 97413-9074');
INSERT INTO TELEFONE_CLIENTE (CPF_CLIENTE, TELEFONE) VALUES ('175.910.770-74', '(96) 93162-1607');
INSERT INTO TELEFONE_CLIENTE (CPF_CLIENTE, TELEFONE) VALUES ('554.746.121-10', '(94) 95273-9466');
INSERT INTO TELEFONE_CLIENTE (CPF_CLIENTE, TELEFONE) VALUES ('997.795.407-77', '(29) 96378-7552');
INSERT INTO TELEFONE_CLIENTE (CPF_CLIENTE, TELEFONE) VALUES ('965.940.461-93', '(15) 98069-4580');
INSERT INTO TELEFONE_CLIENTE (CPF_CLIENTE, TELEFONE) VALUES ('554.363.309-61', '(72) 91655-2722');
INSERT INTO TELEFONE_CLIENTE (CPF_CLIENTE, TELEFONE) VALUES ('184.421.564-85', '(99) 94332-1133');
INSERT INTO TELEFONE_CLIENTE (CPF_CLIENTE, TELEFONE) VALUES ('696.602.416-54', '(43) 93773-3898');
INSERT INTO TELEFONE_CLIENTE (CPF_CLIENTE, TELEFONE) VALUES ('780.552.246-62', '(20) 96582-4752');
INSERT INTO TELEFONE_CLIENTE (CPF_CLIENTE, TELEFONE) VALUES ('340.619.355-71', '(35) 91799-7696');
INSERT INTO TELEFONE_CLIENTE (CPF_CLIENTE, TELEFONE) VALUES ('325.192.173-82', '(85) 94351-4460');
INSERT INTO TELEFONE_CLIENTE (CPF_CLIENTE, TELEFONE) VALUES ('962.826.808-31', '(72) 91445-4378');
INSERT INTO TELEFONE_CLIENTE (CPF_CLIENTE, TELEFONE) VALUES ('748.425.610-38', '(71) 92816-3174');
INSERT INTO TELEFONE_CLIENTE (CPF_CLIENTE, TELEFONE) VALUES ('655.173.374-54', '(19) 99952-6336');
INSERT INTO TELEFONE_CLIENTE (CPF_CLIENTE, TELEFONE) VALUES ('686.903.307-13', '(80) 99712-2231');
INSERT INTO TELEFONE_CLIENTE (CPF_CLIENTE, TELEFONE) VALUES ('645.675.317-84', '(45) 90196-1810');
INSERT INTO TELEFONE_CLIENTE (CPF_CLIENTE, TELEFONE) VALUES ('827.521.339-17', '(22) 98623-1876');
INSERT INTO TELEFONE_CLIENTE (CPF_CLIENTE, TELEFONE) VALUES ('714.489.533-17', '(89) 97223-8778');
INSERT INTO TELEFONE_CLIENTE (CPF_CLIENTE, TELEFONE) VALUES ('509.908.357-70', '(36) 91640-2721');
INSERT INTO TELEFONE_CLIENTE (CPF_CLIENTE, TELEFONE) VALUES ('645.675.317-84', '(32) 97604-5689');
INSERT INTO TELEFONE_CLIENTE (CPF_CLIENTE, TELEFONE) VALUES ('448.129.950-52', '(30) 90823-6583');
INSERT INTO TELEFONE_CLIENTE (CPF_CLIENTE, TELEFONE) VALUES ('652.250.653-65', '(39) 92726-2044');
INSERT INTO TELEFONE_CLIENTE (CPF_CLIENTE, TELEFONE) VALUES ('340.619.355-71', '(31) 92785-5709');
INSERT INTO TELEFONE_CLIENTE (CPF_CLIENTE, TELEFONE) VALUES ('561.438.770-94', '(75) 96703-2315');
INSERT INTO TELEFONE_CLIENTE (CPF_CLIENTE, TELEFONE) VALUES ('818.681.806-83', '(67) 95104-5727');
INSERT INTO TELEFONE_CLIENTE (CPF_CLIENTE, TELEFONE) VALUES ('175.808.800-27', '(71) 99423-1644');
INSERT INTO TELEFONE_CLIENTE (CPF_CLIENTE, TELEFONE) VALUES ('687.259.639-91', '(97) 95442-8120');
INSERT INTO TELEFONE_CLIENTE (CPF_CLIENTE, TELEFONE) VALUES ('405.976.462-97', '(44) 90516-1592');
INSERT INTO TELEFONE_CLIENTE (CPF_CLIENTE, TELEFONE) VALUES ('971.213.656-32', '(57) 97440-2094');
INSERT INTO TELEFONE_CLIENTE (CPF_CLIENTE, TELEFONE) VALUES ('663.690.794-63', '(54) 97144-4550');
INSERT INTO TELEFONE_CLIENTE (CPF_CLIENTE, TELEFONE) VALUES ('251.428.111-61', '(66) 94150-9857');
INSERT INTO TELEFONE_CLIENTE (CPF_CLIENTE, TELEFONE) VALUES ('211.778.416-60', '(71) 92083-8310');
INSERT INTO TELEFONE_CLIENTE (CPF_CLIENTE, TELEFONE) VALUES ('153.150.261-59', '(82) 93325-5950');
INSERT INTO TELEFONE_CLIENTE (CPF_CLIENTE, TELEFONE) VALUES ('847.662.935-92', '(93) 97266-9857');
INSERT INTO TELEFONE_CLIENTE (CPF_CLIENTE, TELEFONE) VALUES ('477.603.421-81', '(97) 94865-2969');
INSERT INTO TELEFONE_CLIENTE (CPF_CLIENTE, TELEFONE) VALUES ('684.660.556-27', '(55) 90160-1212');
INSERT INTO TELEFONE_CLIENTE (CPF_CLIENTE, TELEFONE) VALUES ('328.736.669-41', '(45) 98604-9574');
INSERT INTO TELEFONE_CLIENTE (CPF_CLIENTE, TELEFONE) VALUES ('577.836.650-28', '(24) 92618-4377');
INSERT INTO TELEFONE_CLIENTE (CPF_CLIENTE, TELEFONE) VALUES ('171.302.117-13', '(81) 91801-2996');
INSERT INTO TELEFONE_CLIENTE (CPF_CLIENTE, TELEFONE) VALUES ('957.714.816-48', '(95) 93317-2319');
INSERT INTO TELEFONE_CLIENTE (CPF_CLIENTE, TELEFONE) VALUES ('603.922.782-21', '(98) 95811-5194');
INSERT INTO TELEFONE_CLIENTE (CPF_CLIENTE, TELEFONE) VALUES ('585.355.649-49', '(21) 91790-5218');
INSERT INTO TELEFONE_CLIENTE (CPF_CLIENTE, TELEFONE) VALUES ('559.307.406-67', '(65) 96126-8053');
INSERT INTO TELEFONE_CLIENTE (CPF_CLIENTE, TELEFONE) VALUES ('712.481.264-82', '(32) 91638-2911');
INSERT INTO TELEFONE_CLIENTE (CPF_CLIENTE, TELEFONE) VALUES ('459.110.400-31', '(39) 98510-6206');
INSERT INTO TELEFONE_CLIENTE (CPF_CLIENTE, TELEFONE) VALUES ('131.523.676-74', '(73) 92503-3311');
INSERT INTO TELEFONE_CLIENTE (CPF_CLIENTE, TELEFONE) VALUES ('526.354.905-35', '(72) 95593-1711');
INSERT INTO TELEFONE_CLIENTE (CPF_CLIENTE, TELEFONE) VALUES ('554.746.121-10', '(49) 98358-5940');
INSERT INTO TELEFONE_CLIENTE (CPF_CLIENTE, TELEFONE) VALUES ('448.129.950-52', '(99) 99597-7399');
INSERT INTO TELEFONE_CLIENTE (CPF_CLIENTE, TELEFONE) VALUES ('503.154.164-52', '(26) 93828-7388');
INSERT INTO TELEFONE_CLIENTE (CPF_CLIENTE, TELEFONE) VALUES ('328.736.669-41', '(85) 98547-5566');
INSERT INTO TELEFONE_CLIENTE (CPF_CLIENTE, TELEFONE) VALUES ('167.503.641-26', '(47) 98116-5196');
INSERT INTO TELEFONE_CLIENTE (CPF_CLIENTE, TELEFONE) VALUES ('526.354.905-35', '(72) 97282-4563');
INSERT INTO TELEFONE_CLIENTE (CPF_CLIENTE, TELEFONE) VALUES ('834.373.270-66', '(76) 97405-8428');
INSERT INTO TELEFONE_CLIENTE (CPF_CLIENTE, TELEFONE) VALUES ('784.978.352-40', '(17) 98331-7117');
INSERT INTO TELEFONE_CLIENTE (CPF_CLIENTE, TELEFONE) VALUES ('942.667.459-74', '(42) 93748-3532');
INSERT INTO TELEFONE_CLIENTE (CPF_CLIENTE, TELEFONE) VALUES ('776.321.588-22', '(89) 99823-5474');
INSERT INTO TELEFONE_CLIENTE (CPF_CLIENTE, TELEFONE) VALUES ('827.751.331-49', '(76) 94149-8874');
INSERT INTO TELEFONE_CLIENTE (CPF_CLIENTE, TELEFONE) VALUES ('291.840.983-15', '(72) 94485-6349');
INSERT INTO TELEFONE_CLIENTE (CPF_CLIENTE, TELEFONE) VALUES ('431.617.500-49', '(67) 99198-4762');
INSERT INTO TELEFONE_CLIENTE (CPF_CLIENTE, TELEFONE) VALUES ('895.237.685-30', '(66) 97822-9432');


------ FUNCIONARIO ------

INSERT INTO FUNCIONARIO (MATRICULA, CPF, IDENTIDADE, NOME, ENDERECO, SALARIO, FUNCAO, MATRICULA_SUPERVISOR, CODIGO_FILIAL) VALUES (0, '963.330.311-30', '711739', 'Funcionario 00', 'Rua 30', 9160, 'Limpeza', null, null);
INSERT INTO FUNCIONARIO (MATRICULA, CPF, IDENTIDADE, NOME, ENDERECO, SALARIO, FUNCAO, MATRICULA_SUPERVISOR, CODIGO_FILIAL) VALUES (1, '575.425.990-16', '879341', 'Funcionario 01', 'Rua 97', 5117, 'Aougueiro', 0, null);
INSERT INTO FUNCIONARIO (MATRICULA, CPF, IDENTIDADE, NOME, ENDERECO, SALARIO, FUNCAO, MATRICULA_SUPERVISOR, CODIGO_FILIAL) VALUES (2, '391.693.522-94', '291511', 'Funcionario 02', 'Rua 46', 6159, 'Aougueiro', 2, null);
INSERT INTO FUNCIONARIO (MATRICULA, CPF, IDENTIDADE, NOME, ENDERECO, SALARIO, FUNCAO, MATRICULA_SUPERVISOR, CODIGO_FILIAL) VALUES (3, '219.382.549-47', '488722', 'Funcionario 03', 'Rua 23', 8050, 'Aougueiro', 2, null);
INSERT INTO FUNCIONARIO (MATRICULA, CPF, IDENTIDADE, NOME, ENDERECO, SALARIO, FUNCAO, MATRICULA_SUPERVISOR, CODIGO_FILIAL) VALUES (4, '722.137.625-30', '439791', 'Funcionario 04', 'Rua 28', 6477, 'Padeiro', 0, null);
INSERT INTO FUNCIONARIO (MATRICULA, CPF, IDENTIDADE, NOME, ENDERECO, SALARIO, FUNCAO, MATRICULA_SUPERVISOR, CODIGO_FILIAL) VALUES (5, '428.476.354-75', '230552', 'Funcionario 05', 'Rua 88', 2746, 'Aougueiro', 0, null);
INSERT INTO FUNCIONARIO (MATRICULA, CPF, IDENTIDADE, NOME, ENDERECO, SALARIO, FUNCAO, MATRICULA_SUPERVISOR, CODIGO_FILIAL) VALUES (6, '151.551.170-60', '347418', 'Funcionario 06', 'Rua 76', 7312, 'Limpeza', 0, null);
INSERT INTO FUNCIONARIO (MATRICULA, CPF, IDENTIDADE, NOME, ENDERECO, SALARIO, FUNCAO, MATRICULA_SUPERVISOR, CODIGO_FILIAL) VALUES (7, '656.153.387-75', '367439', 'Funcionario 07', 'Rua 68', 6911, 'Caixa', 7, null);
INSERT INTO FUNCIONARIO (MATRICULA, CPF, IDENTIDADE, NOME, ENDERECO, SALARIO, FUNCAO, MATRICULA_SUPERVISOR, CODIGO_FILIAL) VALUES (8, '688.427.811-74', '680464', 'Funcionario 08', 'Rua 29', 6192, 'Limpeza', 8, null);
INSERT INTO FUNCIONARIO (MATRICULA, CPF, IDENTIDADE, NOME, ENDERECO, SALARIO, FUNCAO, MATRICULA_SUPERVISOR, CODIGO_FILIAL) VALUES (9, '390.850.956-31', '660084', 'Funcionario 09', 'Rua 26', 5157, 'Caixa', 1, null);
INSERT INTO FUNCIONARIO (MATRICULA, CPF, IDENTIDADE, NOME, ENDERECO, SALARIO, FUNCAO, MATRICULA_SUPERVISOR, CODIGO_FILIAL) VALUES (10, '338.272.437-67', '340068', 'Funcionario 010', 'Rua 50', 8725, 'Limpeza', 6, null);
INSERT INTO FUNCIONARIO (MATRICULA, CPF, IDENTIDADE, NOME, ENDERECO, SALARIO, FUNCAO, MATRICULA_SUPERVISOR, CODIGO_FILIAL) VALUES (11, '750.899.501-16', '609442', 'Funcionario 011', 'Rua 22', 3533, 'Aougueiro', 1, null);
INSERT INTO FUNCIONARIO (MATRICULA, CPF, IDENTIDADE, NOME, ENDERECO, SALARIO, FUNCAO, MATRICULA_SUPERVISOR, CODIGO_FILIAL) VALUES (12, '756.343.695-55', '600283', 'Funcionario 012', 'Rua 56', 5430, 'Padeiro', 2, null);
INSERT INTO FUNCIONARIO (MATRICULA, CPF, IDENTIDADE, NOME, ENDERECO, SALARIO, FUNCAO, MATRICULA_SUPERVISOR, CODIGO_FILIAL) VALUES (13, '652.825.604-79', '244576', 'Funcionario 013', 'Rua 76', 6260, 'Padeiro', 3, null);
INSERT INTO FUNCIONARIO (MATRICULA, CPF, IDENTIDADE, NOME, ENDERECO, SALARIO, FUNCAO, MATRICULA_SUPERVISOR, CODIGO_FILIAL) VALUES (14, '707.992.884-78', '577444', 'Funcionario 014', 'Rua 63', 9635, 'Segurana', 10, null);
INSERT INTO FUNCIONARIO (MATRICULA, CPF, IDENTIDADE, NOME, ENDERECO, SALARIO, FUNCAO, MATRICULA_SUPERVISOR, CODIGO_FILIAL) VALUES (15, '380.739.337-98', '540465', 'Funcionario 015', 'Rua 12', 8419, 'Limpeza', 7, null);
INSERT INTO FUNCIONARIO (MATRICULA, CPF, IDENTIDADE, NOME, ENDERECO, SALARIO, FUNCAO, MATRICULA_SUPERVISOR, CODIGO_FILIAL) VALUES (16, '284.684.392-39', '877805', 'Funcionario 016', 'Rua 38', 5454, 'Empacotador', 13, null);
INSERT INTO FUNCIONARIO (MATRICULA, CPF, IDENTIDADE, NOME, ENDERECO, SALARIO, FUNCAO, MATRICULA_SUPERVISOR, CODIGO_FILIAL) VALUES (17, '928.887.909-55', '766991', 'Funcionario 017', 'Rua 39', 8083, 'Empacotador', 0, null);
INSERT INTO FUNCIONARIO (MATRICULA, CPF, IDENTIDADE, NOME, ENDERECO, SALARIO, FUNCAO, MATRICULA_SUPERVISOR, CODIGO_FILIAL) VALUES (18, '631.700.490-64', '151499', 'Funcionario 018', 'Rua 59', 9287, 'Empacotador', 1, null);
INSERT INTO FUNCIONARIO (MATRICULA, CPF, IDENTIDADE, NOME, ENDERECO, SALARIO, FUNCAO, MATRICULA_SUPERVISOR, CODIGO_FILIAL) VALUES (19, '434.570.964-71', '356257', 'Funcionario 019', 'Rua 20', 3746, 'Caixa', 5, null);
INSERT INTO FUNCIONARIO (MATRICULA, CPF, IDENTIDADE, NOME, ENDERECO, SALARIO, FUNCAO, MATRICULA_SUPERVISOR, CODIGO_FILIAL) VALUES (20, '878.654.396-13', '262742', 'Funcionario 020', 'Rua 15', 6425, 'Limpeza', 14, null);
INSERT INTO FUNCIONARIO (MATRICULA, CPF, IDENTIDADE, NOME, ENDERECO, SALARIO, FUNCAO, MATRICULA_SUPERVISOR, CODIGO_FILIAL) VALUES (21, '874.512.519-20', '528701', 'Funcionario 021', 'Rua 68', 9049, 'Padeiro', 9, null);
INSERT INTO FUNCIONARIO (MATRICULA, CPF, IDENTIDADE, NOME, ENDERECO, SALARIO, FUNCAO, MATRICULA_SUPERVISOR, CODIGO_FILIAL) VALUES (22, '749.490.773-25', '156155', 'Funcionario 022', 'Rua 85', 4965, 'Empacotador', 0, null);
INSERT INTO FUNCIONARIO (MATRICULA, CPF, IDENTIDADE, NOME, ENDERECO, SALARIO, FUNCAO, MATRICULA_SUPERVISOR, CODIGO_FILIAL) VALUES (23, '837.323.137-91', '412649', 'Funcionario 023', 'Rua 42', 6552, 'Padeiro', 7, null);
INSERT INTO FUNCIONARIO (MATRICULA, CPF, IDENTIDADE, NOME, ENDERECO, SALARIO, FUNCAO, MATRICULA_SUPERVISOR, CODIGO_FILIAL) VALUES (24, '107.847.571-37', '746904', 'Funcionario 024', 'Rua 78', 6749, 'Empacotador', 20, null);
INSERT INTO FUNCIONARIO (MATRICULA, CPF, IDENTIDADE, NOME, ENDERECO, SALARIO, FUNCAO, MATRICULA_SUPERVISOR, CODIGO_FILIAL) VALUES (25, '164.915.648-30', '378027', 'Funcionario 025', 'Rua 90', 4303, 'Padeiro', 4, null);
INSERT INTO FUNCIONARIO (MATRICULA, CPF, IDENTIDADE, NOME, ENDERECO, SALARIO, FUNCAO, MATRICULA_SUPERVISOR, CODIGO_FILIAL) VALUES (26, '860.282.248-38', '715234', 'Funcionario 026', 'Rua 98', 3278, 'Limpeza', 0, null);
INSERT INTO FUNCIONARIO (MATRICULA, CPF, IDENTIDADE, NOME, ENDERECO, SALARIO, FUNCAO, MATRICULA_SUPERVISOR, CODIGO_FILIAL) VALUES (27, '985.438.588-43', '496109', 'Funcionario 027', 'Rua 46', 7078, 'Padeiro', 7, null);
INSERT INTO FUNCIONARIO (MATRICULA, CPF, IDENTIDADE, NOME, ENDERECO, SALARIO, FUNCAO, MATRICULA_SUPERVISOR, CODIGO_FILIAL) VALUES (28, '680.457.725-57', '614814', 'Funcionario 028', 'Rua 34', 2363, 'Padeiro', 22, null);
INSERT INTO FUNCIONARIO (MATRICULA, CPF, IDENTIDADE, NOME, ENDERECO, SALARIO, FUNCAO, MATRICULA_SUPERVISOR, CODIGO_FILIAL) VALUES (29, '253.767.295-61', '863016', 'Funcionario 029', 'Rua 47', 2301, 'Aougueiro', 13, null);
INSERT INTO FUNCIONARIO (MATRICULA, CPF, IDENTIDADE, NOME, ENDERECO, SALARIO, FUNCAO, MATRICULA_SUPERVISOR, CODIGO_FILIAL) VALUES (30, '728.584.923-92', '568579', 'Funcionario 030', 'Rua 72', 8084, 'Aougueiro', 1, null);
INSERT INTO FUNCIONARIO (MATRICULA, CPF, IDENTIDADE, NOME, ENDERECO, SALARIO, FUNCAO, MATRICULA_SUPERVISOR, CODIGO_FILIAL) VALUES (31, '793.451.746-12', '555722', 'Funcionario 031', 'Rua 12', 3715, 'Aougueiro', 28, null);
INSERT INTO FUNCIONARIO (MATRICULA, CPF, IDENTIDADE, NOME, ENDERECO, SALARIO, FUNCAO, MATRICULA_SUPERVISOR, CODIGO_FILIAL) VALUES (32, '593.299.792-74', '261883', 'Funcionario 032', 'Rua 100', 4329, 'Limpeza', 17, null);
INSERT INTO FUNCIONARIO (MATRICULA, CPF, IDENTIDADE, NOME, ENDERECO, SALARIO, FUNCAO, MATRICULA_SUPERVISOR, CODIGO_FILIAL) VALUES (33, '112.138.735-71', '224971', 'Funcionario 033', 'Rua 27', 3700, 'Aougueiro', 30, null);
INSERT INTO FUNCIONARIO (MATRICULA, CPF, IDENTIDADE, NOME, ENDERECO, SALARIO, FUNCAO, MATRICULA_SUPERVISOR, CODIGO_FILIAL) VALUES (34, '986.111.418-97', '236882', 'Funcionario 034', 'Rua 95', 8753, 'Caixa', 9, null);
INSERT INTO FUNCIONARIO (MATRICULA, CPF, IDENTIDADE, NOME, ENDERECO, SALARIO, FUNCAO, MATRICULA_SUPERVISOR, CODIGO_FILIAL) VALUES (35, '536.263.715-56', '714304', 'Funcionario 035', 'Rua 84', 7971, 'Segurana', 10, null);
INSERT INTO FUNCIONARIO (MATRICULA, CPF, IDENTIDADE, NOME, ENDERECO, SALARIO, FUNCAO, MATRICULA_SUPERVISOR, CODIGO_FILIAL) VALUES (36, '810.877.674-39', '378155', 'Funcionario 036', 'Rua 88', 4592, 'Segurana', 14, null);
INSERT INTO FUNCIONARIO (MATRICULA, CPF, IDENTIDADE, NOME, ENDERECO, SALARIO, FUNCAO, MATRICULA_SUPERVISOR, CODIGO_FILIAL) VALUES (37, '101.622.572-58', '594119', 'Funcionario 037', 'Rua 33', 4687, 'Padeiro', 12, null);
INSERT INTO FUNCIONARIO (MATRICULA, CPF, IDENTIDADE, NOME, ENDERECO, SALARIO, FUNCAO, MATRICULA_SUPERVISOR, CODIGO_FILIAL) VALUES (38, '753.220.468-83', '801217', 'Funcionario 038', 'Rua 93', 9301, 'Segurana', 22, null);
INSERT INTO FUNCIONARIO (MATRICULA, CPF, IDENTIDADE, NOME, ENDERECO, SALARIO, FUNCAO, MATRICULA_SUPERVISOR, CODIGO_FILIAL) VALUES (39, '537.765.263-56', '670977', 'Funcionario 039', 'Rua 29', 9976, 'Empacotador', 33, null);
INSERT INTO FUNCIONARIO (MATRICULA, CPF, IDENTIDADE, NOME, ENDERECO, SALARIO, FUNCAO, MATRICULA_SUPERVISOR, CODIGO_FILIAL) VALUES (40, '483.615.813-72', '511502', 'Funcionario 040', 'Rua 10', 1721, 'Limpeza', 5, null);
INSERT INTO FUNCIONARIO (MATRICULA, CPF, IDENTIDADE, NOME, ENDERECO, SALARIO, FUNCAO, MATRICULA_SUPERVISOR, CODIGO_FILIAL) VALUES (41, '757.414.866-58', '599367', 'Funcionario 041', 'Rua 42', 1825, 'Caixa', 0, null);
INSERT INTO FUNCIONARIO (MATRICULA, CPF, IDENTIDADE, NOME, ENDERECO, SALARIO, FUNCAO, MATRICULA_SUPERVISOR, CODIGO_FILIAL) VALUES (42, '414.910.343-65', '575732', 'Funcionario 042', 'Rua 96', 7211, 'Segurana', 28, null);
INSERT INTO FUNCIONARIO (MATRICULA, CPF, IDENTIDADE, NOME, ENDERECO, SALARIO, FUNCAO, MATRICULA_SUPERVISOR, CODIGO_FILIAL) VALUES (43, '981.370.905-41', '173158', 'Funcionario 043', 'Rua 12', 9651, 'Empacotador', 8, null);
INSERT INTO FUNCIONARIO (MATRICULA, CPF, IDENTIDADE, NOME, ENDERECO, SALARIO, FUNCAO, MATRICULA_SUPERVISOR, CODIGO_FILIAL) VALUES (44, '990.527.619-53', '131039', 'Funcionario 044', 'Rua 53', 5640, 'Limpeza', 19, null);
INSERT INTO FUNCIONARIO (MATRICULA, CPF, IDENTIDADE, NOME, ENDERECO, SALARIO, FUNCAO, MATRICULA_SUPERVISOR, CODIGO_FILIAL) VALUES (45, '491.599.109-20', '672994', 'Funcionario 045', 'Rua 17', 7667, 'Empacotador', 1, null);
INSERT INTO FUNCIONARIO (MATRICULA, CPF, IDENTIDADE, NOME, ENDERECO, SALARIO, FUNCAO, MATRICULA_SUPERVISOR, CODIGO_FILIAL) VALUES (46, '329.116.510-15', '212485', 'Funcionario 046', 'Rua 19', 1367, 'Empacotador', 20, null);
INSERT INTO FUNCIONARIO (MATRICULA, CPF, IDENTIDADE, NOME, ENDERECO, SALARIO, FUNCAO, MATRICULA_SUPERVISOR, CODIGO_FILIAL) VALUES (47, '632.448.471-74', '679692', 'Funcionario 047', 'Rua 69', 8069, 'Empacotador', 32, null);
INSERT INTO FUNCIONARIO (MATRICULA, CPF, IDENTIDADE, NOME, ENDERECO, SALARIO, FUNCAO, MATRICULA_SUPERVISOR, CODIGO_FILIAL) VALUES (48, '104.243.204-90', '747143', 'Funcionario 048', 'Rua 35', 5836, 'Caixa', 0, null);
INSERT INTO FUNCIONARIO (MATRICULA, CPF, IDENTIDADE, NOME, ENDERECO, SALARIO, FUNCAO, MATRICULA_SUPERVISOR, CODIGO_FILIAL) VALUES (49, '996.780.714-39', '371005', 'Funcionario 049', 'Rua 82', 9361, 'Aougueiro', 36, null);
INSERT INTO FUNCIONARIO (MATRICULA, CPF, IDENTIDADE, NOME, ENDERECO, SALARIO, FUNCAO, MATRICULA_SUPERVISOR, CODIGO_FILIAL) VALUES (50, '910.156.805-37', '762151', 'Funcionario 050', 'Rua 36', 6761, 'Padeiro', 1, null);
INSERT INTO FUNCIONARIO (MATRICULA, CPF, IDENTIDADE, NOME, ENDERECO, SALARIO, FUNCAO, MATRICULA_SUPERVISOR, CODIGO_FILIAL) VALUES (51, '850.358.431-45', '531786', 'Funcionario 051', 'Rua 23', 8453, 'Padeiro', 19, null);
INSERT INTO FUNCIONARIO (MATRICULA, CPF, IDENTIDADE, NOME, ENDERECO, SALARIO, FUNCAO, MATRICULA_SUPERVISOR, CODIGO_FILIAL) VALUES (52, '237.839.964-75', '444059', 'Funcionario 052', 'Rua 24', 2886, 'Segurana', 12, null);
INSERT INTO FUNCIONARIO (MATRICULA, CPF, IDENTIDADE, NOME, ENDERECO, SALARIO, FUNCAO, MATRICULA_SUPERVISOR, CODIGO_FILIAL) VALUES (53, '575.626.972-25', '138557', 'Funcionario 053', 'Rua 52', 3972, 'Empacotador', 45, null);
INSERT INTO FUNCIONARIO (MATRICULA, CPF, IDENTIDADE, NOME, ENDERECO, SALARIO, FUNCAO, MATRICULA_SUPERVISOR, CODIGO_FILIAL) VALUES (54, '982.492.734-24', '461146', 'Funcionario 054', 'Rua 11', 5875, 'Padeiro', 42, null);
INSERT INTO FUNCIONARIO (MATRICULA, CPF, IDENTIDADE, NOME, ENDERECO, SALARIO, FUNCAO, MATRICULA_SUPERVISOR, CODIGO_FILIAL) VALUES (55, '222.867.907-76', '210594', 'Funcionario 055', 'Rua 24', 7465, 'Limpeza', 9, null);
INSERT INTO FUNCIONARIO (MATRICULA, CPF, IDENTIDADE, NOME, ENDERECO, SALARIO, FUNCAO, MATRICULA_SUPERVISOR, CODIGO_FILIAL) VALUES (56, '597.712.700-89', '854569', 'Funcionario 056', 'Rua 93', 6243, 'Empacotador', 49, null);
INSERT INTO FUNCIONARIO (MATRICULA, CPF, IDENTIDADE, NOME, ENDERECO, SALARIO, FUNCAO, MATRICULA_SUPERVISOR, CODIGO_FILIAL) VALUES (57, '751.939.303-86', '597147', 'Funcionario 057', 'Rua 75', 5917, 'Caixa', 16, null);
INSERT INTO FUNCIONARIO (MATRICULA, CPF, IDENTIDADE, NOME, ENDERECO, SALARIO, FUNCAO, MATRICULA_SUPERVISOR, CODIGO_FILIAL) VALUES (58, '510.369.479-62', '517586', 'Funcionario 058', 'Rua 81', 4823, 'Empacotador', 31, null);
INSERT INTO FUNCIONARIO (MATRICULA, CPF, IDENTIDADE, NOME, ENDERECO, SALARIO, FUNCAO, MATRICULA_SUPERVISOR, CODIGO_FILIAL) VALUES (59, '341.307.184-52', '627475', 'Funcionario 059', 'Rua 14', 4545, 'Segurana', 53, null);
INSERT INTO FUNCIONARIO (MATRICULA, CPF, IDENTIDADE, NOME, ENDERECO, SALARIO, FUNCAO, MATRICULA_SUPERVISOR, CODIGO_FILIAL) VALUES (60, '702.646.130-13', '367850', 'Funcionario 060', 'Rua 10', 7710, 'Caixa', 10, null);
INSERT INTO FUNCIONARIO (MATRICULA, CPF, IDENTIDADE, NOME, ENDERECO, SALARIO, FUNCAO, MATRICULA_SUPERVISOR, CODIGO_FILIAL) VALUES (61, '101.661.478-37', '143026', 'Funcionario 061', 'Rua 80', 2530, 'Limpeza', 31, null);
INSERT INTO FUNCIONARIO (MATRICULA, CPF, IDENTIDADE, NOME, ENDERECO, SALARIO, FUNCAO, MATRICULA_SUPERVISOR, CODIGO_FILIAL) VALUES (62, '810.511.980-29', '151444', 'Funcionario 062', 'Rua 45', 1078, 'Padeiro', 38, null);
INSERT INTO FUNCIONARIO (MATRICULA, CPF, IDENTIDADE, NOME, ENDERECO, SALARIO, FUNCAO, MATRICULA_SUPERVISOR, CODIGO_FILIAL) VALUES (63, '469.750.205-75', '697648', 'Funcionario 063', 'Rua 61', 9698, 'Padeiro', 52, null);
INSERT INTO FUNCIONARIO (MATRICULA, CPF, IDENTIDADE, NOME, ENDERECO, SALARIO, FUNCAO, MATRICULA_SUPERVISOR, CODIGO_FILIAL) VALUES (64, '732.353.263-83', '899831', 'Funcionario 064', 'Rua 83', 2796, 'Segurana', 54, null);
INSERT INTO FUNCIONARIO (MATRICULA, CPF, IDENTIDADE, NOME, ENDERECO, SALARIO, FUNCAO, MATRICULA_SUPERVISOR, CODIGO_FILIAL) VALUES (65, '958.987.699-17', '725379', 'Funcionario 065', 'Rua 23', 1447, 'Segurana', 29, null);
INSERT INTO FUNCIONARIO (MATRICULA, CPF, IDENTIDADE, NOME, ENDERECO, SALARIO, FUNCAO, MATRICULA_SUPERVISOR, CODIGO_FILIAL) VALUES (66, '944.377.258-68', '784003', 'Funcionario 066', 'Rua 56', 3422, 'Padeiro', 23, null);
INSERT INTO FUNCIONARIO (MATRICULA, CPF, IDENTIDADE, NOME, ENDERECO, SALARIO, FUNCAO, MATRICULA_SUPERVISOR, CODIGO_FILIAL) VALUES (67, '432.949.687-18', '553069', 'Funcionario 067', 'Rua 20', 3144, 'Empacotador', 40, null);
INSERT INTO FUNCIONARIO (MATRICULA, CPF, IDENTIDADE, NOME, ENDERECO, SALARIO, FUNCAO, MATRICULA_SUPERVISOR, CODIGO_FILIAL) VALUES (68, '307.181.305-51', '133285', 'Funcionario 068', 'Rua 90', 8297, 'Padeiro', 32, null);
INSERT INTO FUNCIONARIO (MATRICULA, CPF, IDENTIDADE, NOME, ENDERECO, SALARIO, FUNCAO, MATRICULA_SUPERVISOR, CODIGO_FILIAL) VALUES (69, '775.403.328-38', '691163', 'Funcionario 069', 'Rua 48', 4076, 'Aougueiro', 49, null);
INSERT INTO FUNCIONARIO (MATRICULA, CPF, IDENTIDADE, NOME, ENDERECO, SALARIO, FUNCAO, MATRICULA_SUPERVISOR, CODIGO_FILIAL) VALUES (70, '540.797.329-47', '205605', 'Funcionario 070', 'Rua 45', 8575, 'Padeiro', 26, null);
INSERT INTO FUNCIONARIO (MATRICULA, CPF, IDENTIDADE, NOME, ENDERECO, SALARIO, FUNCAO, MATRICULA_SUPERVISOR, CODIGO_FILIAL) VALUES (71, '863.766.296-57', '211456', 'Funcionario 071', 'Rua 26', 7066, 'Caixa', 6, null);
INSERT INTO FUNCIONARIO (MATRICULA, CPF, IDENTIDADE, NOME, ENDERECO, SALARIO, FUNCAO, MATRICULA_SUPERVISOR, CODIGO_FILIAL) VALUES (72, '601.572.542-55', '589753', 'Funcionario 072', 'Rua 48', 6464, 'Segurana', 52, null);
INSERT INTO FUNCIONARIO (MATRICULA, CPF, IDENTIDADE, NOME, ENDERECO, SALARIO, FUNCAO, MATRICULA_SUPERVISOR, CODIGO_FILIAL) VALUES (73, '597.885.469-42', '863976', 'Funcionario 073', 'Rua 20', 8406, 'Empacotador', 12, null);
INSERT INTO FUNCIONARIO (MATRICULA, CPF, IDENTIDADE, NOME, ENDERECO, SALARIO, FUNCAO, MATRICULA_SUPERVISOR, CODIGO_FILIAL) VALUES (74, '549.889.684-74', '424548', 'Funcionario 074', 'Rua 63', 1028, 'Padeiro', 41, null);
INSERT INTO FUNCIONARIO (MATRICULA, CPF, IDENTIDADE, NOME, ENDERECO, SALARIO, FUNCAO, MATRICULA_SUPERVISOR, CODIGO_FILIAL) VALUES (75, '663.860.935-71', '550291', 'Funcionario 075', 'Rua 17', 8958, 'Segurana', 52, null);
INSERT INTO FUNCIONARIO (MATRICULA, CPF, IDENTIDADE, NOME, ENDERECO, SALARIO, FUNCAO, MATRICULA_SUPERVISOR, CODIGO_FILIAL) VALUES (76, '126.685.425-13', '711544', 'Funcionario 076', 'Rua 19', 6716, 'Aougueiro', 19, null);
INSERT INTO FUNCIONARIO (MATRICULA, CPF, IDENTIDADE, NOME, ENDERECO, SALARIO, FUNCAO, MATRICULA_SUPERVISOR, CODIGO_FILIAL) VALUES (77, '627.629.724-95', '168349', 'Funcionario 077', 'Rua 56', 9527, 'Padeiro', 41, null);
INSERT INTO FUNCIONARIO (MATRICULA, CPF, IDENTIDADE, NOME, ENDERECO, SALARIO, FUNCAO, MATRICULA_SUPERVISOR, CODIGO_FILIAL) VALUES (78, '959.786.619-13', '279337', 'Funcionario 078', 'Rua 30', 8983, 'Caixa', 5, null);
INSERT INTO FUNCIONARIO (MATRICULA, CPF, IDENTIDADE, NOME, ENDERECO, SALARIO, FUNCAO, MATRICULA_SUPERVISOR, CODIGO_FILIAL) VALUES (79, '187.343.541-73', '752653', 'Funcionario 079', 'Rua 49', 5878, 'Segurana', 2, null);
INSERT INTO FUNCIONARIO (MATRICULA, CPF, IDENTIDADE, NOME, ENDERECO, SALARIO, FUNCAO, MATRICULA_SUPERVISOR, CODIGO_FILIAL) VALUES (80, '834.652.762-31', '130243', 'Funcionario 080', 'Rua 28', 3314, 'Padeiro', 32, null);
INSERT INTO FUNCIONARIO (MATRICULA, CPF, IDENTIDADE, NOME, ENDERECO, SALARIO, FUNCAO, MATRICULA_SUPERVISOR, CODIGO_FILIAL) VALUES (81, '151.233.543-99', '534006', 'Funcionario 081', 'Rua 36', 3022, 'Segurana', 50, null);
INSERT INTO FUNCIONARIO (MATRICULA, CPF, IDENTIDADE, NOME, ENDERECO, SALARIO, FUNCAO, MATRICULA_SUPERVISOR, CODIGO_FILIAL) VALUES (82, '611.240.397-10', '395256', 'Funcionario 082', 'Rua 59', 8946, 'Padeiro', 37, null);
INSERT INTO FUNCIONARIO (MATRICULA, CPF, IDENTIDADE, NOME, ENDERECO, SALARIO, FUNCAO, MATRICULA_SUPERVISOR, CODIGO_FILIAL) VALUES (83, '507.727.787-29', '660512', 'Funcionario 083', 'Rua 34', 8245, 'Segurana', 46, null);
INSERT INTO FUNCIONARIO (MATRICULA, CPF, IDENTIDADE, NOME, ENDERECO, SALARIO, FUNCAO, MATRICULA_SUPERVISOR, CODIGO_FILIAL) VALUES (84, '397.235.345-16', '432287', 'Funcionario 084', 'Rua 67', 4565, 'Aougueiro', 5, null);
INSERT INTO FUNCIONARIO (MATRICULA, CPF, IDENTIDADE, NOME, ENDERECO, SALARIO, FUNCAO, MATRICULA_SUPERVISOR, CODIGO_FILIAL) VALUES (85, '414.224.780-93', '825249', 'Funcionario 085', 'Rua 26', 7764, 'Caixa', 13, null);
INSERT INTO FUNCIONARIO (MATRICULA, CPF, IDENTIDADE, NOME, ENDERECO, SALARIO, FUNCAO, MATRICULA_SUPERVISOR, CODIGO_FILIAL) VALUES (86, '132.464.606-52', '598996', 'Funcionario 086', 'Rua 73', 4557, 'Segurana', 45, null);
INSERT INTO FUNCIONARIO (MATRICULA, CPF, IDENTIDADE, NOME, ENDERECO, SALARIO, FUNCAO, MATRICULA_SUPERVISOR, CODIGO_FILIAL) VALUES (87, '814.368.941-32', '613728', 'Funcionario 087', 'Rua 95', 5891, 'Empacotador', 60, null);
INSERT INTO FUNCIONARIO (MATRICULA, CPF, IDENTIDADE, NOME, ENDERECO, SALARIO, FUNCAO, MATRICULA_SUPERVISOR, CODIGO_FILIAL) VALUES (88, '718.654.578-81', '748476', 'Funcionario 088', 'Rua 94', 9102, 'Segurana', 31, null);
INSERT INTO FUNCIONARIO (MATRICULA, CPF, IDENTIDADE, NOME, ENDERECO, SALARIO, FUNCAO, MATRICULA_SUPERVISOR, CODIGO_FILIAL) VALUES (89, '398.623.739-65', '837879', 'Funcionario 089', 'Rua 44', 2065, 'Segurana', 89, null);
INSERT INTO FUNCIONARIO (MATRICULA, CPF, IDENTIDADE, NOME, ENDERECO, SALARIO, FUNCAO, MATRICULA_SUPERVISOR, CODIGO_FILIAL) VALUES (90, '549.639.317-29', '481420', 'Funcionario 090', 'Rua 46', 7575, 'Limpeza', 7, null);
INSERT INTO FUNCIONARIO (MATRICULA, CPF, IDENTIDADE, NOME, ENDERECO, SALARIO, FUNCAO, MATRICULA_SUPERVISOR, CODIGO_FILIAL) VALUES (91, '901.779.308-90', '295567', 'Funcionario 091', 'Rua 65', 6860, 'Segurana', 4, null);
INSERT INTO FUNCIONARIO (MATRICULA, CPF, IDENTIDADE, NOME, ENDERECO, SALARIO, FUNCAO, MATRICULA_SUPERVISOR, CODIGO_FILIAL) VALUES (92, '874.859.263-49', '867391', 'Funcionario 092', 'Rua 59', 9037, 'Aougueiro', 86, null);
INSERT INTO FUNCIONARIO (MATRICULA, CPF, IDENTIDADE, NOME, ENDERECO, SALARIO, FUNCAO, MATRICULA_SUPERVISOR, CODIGO_FILIAL) VALUES (93, '973.502.390-73', '146418', 'Funcionario 093', 'Rua 86', 9124, 'Aougueiro', 46, null);
INSERT INTO FUNCIONARIO (MATRICULA, CPF, IDENTIDADE, NOME, ENDERECO, SALARIO, FUNCAO, MATRICULA_SUPERVISOR, CODIGO_FILIAL) VALUES (94, '731.954.930-38', '203917', 'Funcionario 094', 'Rua 50', 3024, 'Padeiro', 73, null);
INSERT INTO FUNCIONARIO (MATRICULA, CPF, IDENTIDADE, NOME, ENDERECO, SALARIO, FUNCAO, MATRICULA_SUPERVISOR, CODIGO_FILIAL) VALUES (95, '404.931.248-37', '311050', 'Funcionario 095', 'Rua 94', 6332, 'Empacotador', 34, null);
INSERT INTO FUNCIONARIO (MATRICULA, CPF, IDENTIDADE, NOME, ENDERECO, SALARIO, FUNCAO, MATRICULA_SUPERVISOR, CODIGO_FILIAL) VALUES (96, '138.840.101-37', '350286', 'Funcionario 096', 'Rua 54', 1337, 'Empacotador', 61, null);
INSERT INTO FUNCIONARIO (MATRICULA, CPF, IDENTIDADE, NOME, ENDERECO, SALARIO, FUNCAO, MATRICULA_SUPERVISOR, CODIGO_FILIAL) VALUES (97, '308.559.276-63', '351588', 'Funcionario 097', 'Rua 22', 1116, 'Limpeza', 78, null);
INSERT INTO FUNCIONARIO (MATRICULA, CPF, IDENTIDADE, NOME, ENDERECO, SALARIO, FUNCAO, MATRICULA_SUPERVISOR, CODIGO_FILIAL) VALUES (98, '201.921.569-35', '434874', 'Funcionario 098', 'Rua 90', 4975, 'Padeiro', 71, null);
INSERT INTO FUNCIONARIO (MATRICULA, CPF, IDENTIDADE, NOME, ENDERECO, SALARIO, FUNCAO, MATRICULA_SUPERVISOR, CODIGO_FILIAL) VALUES (99, '845.605.665-47', '227940', 'Funcionario 099', 'Rua 85', 7676, 'Padeiro', 7, null);
INSERT INTO FUNCIONARIO (MATRICULA, CPF, IDENTIDADE, NOME, ENDERECO, SALARIO, FUNCAO, MATRICULA_SUPERVISOR, CODIGO_FILIAL) VALUES (100, '126.216.655-32', '236419', 'Funcionario 0100', 'Rua 41', 9003, 'Padeiro', 76, null);
INSERT INTO FUNCIONARIO (MATRICULA, CPF, IDENTIDADE, NOME, ENDERECO, SALARIO, FUNCAO, MATRICULA_SUPERVISOR, CODIGO_FILIAL) VALUES (101, '535.597.397-32', '302972', 'Funcionario 0101', 'Rua 25', 5070, 'Caixa', 23, null);
INSERT INTO FUNCIONARIO (MATRICULA, CPF, IDENTIDADE, NOME, ENDERECO, SALARIO, FUNCAO, MATRICULA_SUPERVISOR, CODIGO_FILIAL) VALUES (102, '553.338.353-91', '250003', 'Funcionario 0102', 'Rua 48', 2794, 'Limpeza', 98, null);
INSERT INTO FUNCIONARIO (MATRICULA, CPF, IDENTIDADE, NOME, ENDERECO, SALARIO, FUNCAO, MATRICULA_SUPERVISOR, CODIGO_FILIAL) VALUES (103, '521.365.103-50', '270054', 'Funcionario 0103', 'Rua 58', 6269, 'Caixa', 59, null);
INSERT INTO FUNCIONARIO (MATRICULA, CPF, IDENTIDADE, NOME, ENDERECO, SALARIO, FUNCAO, MATRICULA_SUPERVISOR, CODIGO_FILIAL) VALUES (104, '227.603.286-29', '668835', 'Funcionario 0104', 'Rua 17', 5908, 'Limpeza', 10, null);
INSERT INTO FUNCIONARIO (MATRICULA, CPF, IDENTIDADE, NOME, ENDERECO, SALARIO, FUNCAO, MATRICULA_SUPERVISOR, CODIGO_FILIAL) VALUES (105, '969.713.671-97', '635427', 'Funcionario 0105', 'Rua 67', 1666, 'Padeiro', 47, null);
INSERT INTO FUNCIONARIO (MATRICULA, CPF, IDENTIDADE, NOME, ENDERECO, SALARIO, FUNCAO, MATRICULA_SUPERVISOR, CODIGO_FILIAL) VALUES (106, '484.862.414-51', '583759', 'Funcionario 0106', 'Rua 91', 2075, 'Limpeza', 104, null);
INSERT INTO FUNCIONARIO (MATRICULA, CPF, IDENTIDADE, NOME, ENDERECO, SALARIO, FUNCAO, MATRICULA_SUPERVISOR, CODIGO_FILIAL) VALUES (107, '617.329.301-13', '133418', 'Funcionario 0107', 'Rua 69', 4953, 'Caixa', 81, null);
INSERT INTO FUNCIONARIO (MATRICULA, CPF, IDENTIDADE, NOME, ENDERECO, SALARIO, FUNCAO, MATRICULA_SUPERVISOR, CODIGO_FILIAL) VALUES (108, '165.828.688-45', '176292', 'Funcionario 0108', 'Rua 35', 7767, 'Segurana', 96, null);
INSERT INTO FUNCIONARIO (MATRICULA, CPF, IDENTIDADE, NOME, ENDERECO, SALARIO, FUNCAO, MATRICULA_SUPERVISOR, CODIGO_FILIAL) VALUES (109, '507.505.292-11', '838638', 'Funcionario 0109', 'Rua 84', 1404, 'Limpeza', 9, null);
INSERT INTO FUNCIONARIO (MATRICULA, CPF, IDENTIDADE, NOME, ENDERECO, SALARIO, FUNCAO, MATRICULA_SUPERVISOR, CODIGO_FILIAL) VALUES (110, '331.677.525-56', '225285', 'Funcionario 0110', 'Rua 90', 4288, 'Caixa', 23, null);
INSERT INTO FUNCIONARIO (MATRICULA, CPF, IDENTIDADE, NOME, ENDERECO, SALARIO, FUNCAO, MATRICULA_SUPERVISOR, CODIGO_FILIAL) VALUES (111, '207.626.681-53', '551884', 'Funcionario 0111', 'Rua 35', 7704, 'Aougueiro', 24, null);
INSERT INTO FUNCIONARIO (MATRICULA, CPF, IDENTIDADE, NOME, ENDERECO, SALARIO, FUNCAO, MATRICULA_SUPERVISOR, CODIGO_FILIAL) VALUES (112, '548.739.223-19', '555980', 'Funcionario 0112', 'Rua 70', 8309, 'Empacotador', 58, null);
INSERT INTO FUNCIONARIO (MATRICULA, CPF, IDENTIDADE, NOME, ENDERECO, SALARIO, FUNCAO, MATRICULA_SUPERVISOR, CODIGO_FILIAL) VALUES (113, '788.548.263-50', '568093', 'Funcionario 0113', 'Rua 84', 7105, 'Caixa', 83, null);
INSERT INTO FUNCIONARIO (MATRICULA, CPF, IDENTIDADE, NOME, ENDERECO, SALARIO, FUNCAO, MATRICULA_SUPERVISOR, CODIGO_FILIAL) VALUES (114, '829.116.193-36', '297708', 'Funcionario 0114', 'Rua 80', 7640, 'Aougueiro', 17, null);
INSERT INTO FUNCIONARIO (MATRICULA, CPF, IDENTIDADE, NOME, ENDERECO, SALARIO, FUNCAO, MATRICULA_SUPERVISOR, CODIGO_FILIAL) VALUES (115, '572.188.238-55', '749010', 'Funcionario 0115', 'Rua 69', 8167, 'Segurana', 45, null);
INSERT INTO FUNCIONARIO (MATRICULA, CPF, IDENTIDADE, NOME, ENDERECO, SALARIO, FUNCAO, MATRICULA_SUPERVISOR, CODIGO_FILIAL) VALUES (116, '881.159.668-70', '720191', 'Funcionario 0116', 'Rua 57', 2732, 'Empacotador', 111, null);
INSERT INTO FUNCIONARIO (MATRICULA, CPF, IDENTIDADE, NOME, ENDERECO, SALARIO, FUNCAO, MATRICULA_SUPERVISOR, CODIGO_FILIAL) VALUES (117, '768.545.879-92', '343707', 'Funcionario 0117', 'Rua 16', 2031, 'Limpeza', 66, null);
INSERT INTO FUNCIONARIO (MATRICULA, CPF, IDENTIDADE, NOME, ENDERECO, SALARIO, FUNCAO, MATRICULA_SUPERVISOR, CODIGO_FILIAL) VALUES (118, '659.116.759-70', '378934', 'Funcionario 0118', 'Rua 73', 5717, 'Caixa', 90, null);
INSERT INTO FUNCIONARIO (MATRICULA, CPF, IDENTIDADE, NOME, ENDERECO, SALARIO, FUNCAO, MATRICULA_SUPERVISOR, CODIGO_FILIAL) VALUES (119, '943.376.874-99', '114291', 'Funcionario 0119', 'Rua 40', 1589, 'Padeiro', 79, null);
INSERT INTO FUNCIONARIO (MATRICULA, CPF, IDENTIDADE, NOME, ENDERECO, SALARIO, FUNCAO, MATRICULA_SUPERVISOR, CODIGO_FILIAL) VALUES (120, '297.580.413-44', '280218', 'Funcionario 0120', 'Rua 77', 9473, 'Limpeza', 40, null);
INSERT INTO FUNCIONARIO (MATRICULA, CPF, IDENTIDADE, NOME, ENDERECO, SALARIO, FUNCAO, MATRICULA_SUPERVISOR, CODIGO_FILIAL) VALUES (121, '879.499.770-23', '211545', 'Funcionario 0121', 'Rua 88', 9401, 'Limpeza', 7, null);
INSERT INTO FUNCIONARIO (MATRICULA, CPF, IDENTIDADE, NOME, ENDERECO, SALARIO, FUNCAO, MATRICULA_SUPERVISOR, CODIGO_FILIAL) VALUES (122, '716.139.631-39', '748482', 'Funcionario 0122', 'Rua 37', 3070, 'Limpeza', 79, null);
INSERT INTO FUNCIONARIO (MATRICULA, CPF, IDENTIDADE, NOME, ENDERECO, SALARIO, FUNCAO, MATRICULA_SUPERVISOR, CODIGO_FILIAL) VALUES (123, '934.421.128-32', '686942', 'Funcionario 0123', 'Rua 73', 9096, 'Limpeza', 55, null);
INSERT INTO FUNCIONARIO (MATRICULA, CPF, IDENTIDADE, NOME, ENDERECO, SALARIO, FUNCAO, MATRICULA_SUPERVISOR, CODIGO_FILIAL) VALUES (124, '850.847.261-44', '746500', 'Funcionario 0124', 'Rua 66', 6839, 'Caixa', 29, null);
INSERT INTO FUNCIONARIO (MATRICULA, CPF, IDENTIDADE, NOME, ENDERECO, SALARIO, FUNCAO, MATRICULA_SUPERVISOR, CODIGO_FILIAL) VALUES (125, '621.120.832-91', '610619', 'Funcionario 0125', 'Rua 23', 3209, 'Aougueiro', 7, null);
INSERT INTO FUNCIONARIO (MATRICULA, CPF, IDENTIDADE, NOME, ENDERECO, SALARIO, FUNCAO, MATRICULA_SUPERVISOR, CODIGO_FILIAL) VALUES (126, '749.363.827-94', '525671', 'Funcionario 0126', 'Rua 74', 8061, 'Caixa', 42, null);
INSERT INTO FUNCIONARIO (MATRICULA, CPF, IDENTIDADE, NOME, ENDERECO, SALARIO, FUNCAO, MATRICULA_SUPERVISOR, CODIGO_FILIAL) VALUES (127, '785.951.618-82', '727087', 'Funcionario 0127', 'Rua 90', 4493, 'Padeiro', 36, null);
INSERT INTO FUNCIONARIO (MATRICULA, CPF, IDENTIDADE, NOME, ENDERECO, SALARIO, FUNCAO, MATRICULA_SUPERVISOR, CODIGO_FILIAL) VALUES (128, '604.953.874-87', '501133', 'Funcionario 0128', 'Rua 34', 6892, 'Caixa', 42, null);
INSERT INTO FUNCIONARIO (MATRICULA, CPF, IDENTIDADE, NOME, ENDERECO, SALARIO, FUNCAO, MATRICULA_SUPERVISOR, CODIGO_FILIAL) VALUES (129, '222.805.913-31', '445757', 'Funcionario 0129', 'Rua 20', 6290, 'Limpeza', 129, null);
INSERT INTO FUNCIONARIO (MATRICULA, CPF, IDENTIDADE, NOME, ENDERECO, SALARIO, FUNCAO, MATRICULA_SUPERVISOR, CODIGO_FILIAL) VALUES (130, '709.591.490-28', '509050', 'Funcionario 0130', 'Rua 75', 8709, 'Limpeza', 126, null);
INSERT INTO FUNCIONARIO (MATRICULA, CPF, IDENTIDADE, NOME, ENDERECO, SALARIO, FUNCAO, MATRICULA_SUPERVISOR, CODIGO_FILIAL) VALUES (131, '669.478.927-13', '706409', 'Funcionario 0131', 'Rua 78', 3083, 'Padeiro', 68, null);
INSERT INTO FUNCIONARIO (MATRICULA, CPF, IDENTIDADE, NOME, ENDERECO, SALARIO, FUNCAO, MATRICULA_SUPERVISOR, CODIGO_FILIAL) VALUES (132, '860.550.375-49', '877483', 'Funcionario 0132', 'Rua 98', 3581, 'Empacotador', 29, null);
INSERT INTO FUNCIONARIO (MATRICULA, CPF, IDENTIDADE, NOME, ENDERECO, SALARIO, FUNCAO, MATRICULA_SUPERVISOR, CODIGO_FILIAL) VALUES (133, '510.854.274-54', '565214', 'Funcionario 0133', 'Rua 19', 5786, 'Empacotador', 121, null);
INSERT INTO FUNCIONARIO (MATRICULA, CPF, IDENTIDADE, NOME, ENDERECO, SALARIO, FUNCAO, MATRICULA_SUPERVISOR, CODIGO_FILIAL) VALUES (134, '894.542.172-55', '777483', 'Funcionario 0134', 'Rua 71', 2079, 'Padeiro', 12, null);
INSERT INTO FUNCIONARIO (MATRICULA, CPF, IDENTIDADE, NOME, ENDERECO, SALARIO, FUNCAO, MATRICULA_SUPERVISOR, CODIGO_FILIAL) VALUES (135, '875.394.329-91', '372888', 'Funcionario 0135', 'Rua 32', 4436, 'Padeiro', 73, null);
INSERT INTO FUNCIONARIO (MATRICULA, CPF, IDENTIDADE, NOME, ENDERECO, SALARIO, FUNCAO, MATRICULA_SUPERVISOR, CODIGO_FILIAL) VALUES (136, '570.179.916-13', '190695', 'Funcionario 0136', 'Rua 43', 3176, 'Limpeza', 56, null);
INSERT INTO FUNCIONARIO (MATRICULA, CPF, IDENTIDADE, NOME, ENDERECO, SALARIO, FUNCAO, MATRICULA_SUPERVISOR, CODIGO_FILIAL) VALUES (137, '972.259.996-75', '835320', 'Funcionario 0137', 'Rua 34', 6871, 'Segurana', 97, null);
INSERT INTO FUNCIONARIO (MATRICULA, CPF, IDENTIDADE, NOME, ENDERECO, SALARIO, FUNCAO, MATRICULA_SUPERVISOR, CODIGO_FILIAL) VALUES (138, '456.441.214-68', '499849', 'Funcionario 0138', 'Rua 12', 7591, 'Segurana', 73, null);
INSERT INTO FUNCIONARIO (MATRICULA, CPF, IDENTIDADE, NOME, ENDERECO, SALARIO, FUNCAO, MATRICULA_SUPERVISOR, CODIGO_FILIAL) VALUES (139, '574.110.520-27', '813925', 'Funcionario 0139', 'Rua 47', 5060, 'Empacotador', 31, null);
INSERT INTO FUNCIONARIO (MATRICULA, CPF, IDENTIDADE, NOME, ENDERECO, SALARIO, FUNCAO, MATRICULA_SUPERVISOR, CODIGO_FILIAL) VALUES (140, '144.527.734-27', '623964', 'Funcionario 0140', 'Rua 32', 8869, 'Segurana', 109, null);
INSERT INTO FUNCIONARIO (MATRICULA, CPF, IDENTIDADE, NOME, ENDERECO, SALARIO, FUNCAO, MATRICULA_SUPERVISOR, CODIGO_FILIAL) VALUES (141, '513.844.946-33', '428181', 'Funcionario 0141', 'Rua 69', 9387, 'Padeiro', 138, null);
INSERT INTO FUNCIONARIO (MATRICULA, CPF, IDENTIDADE, NOME, ENDERECO, SALARIO, FUNCAO, MATRICULA_SUPERVISOR, CODIGO_FILIAL) VALUES (142, '370.603.369-82', '775423', 'Funcionario 0142', 'Rua 15', 1988, 'Empacotador', 118, null);
INSERT INTO FUNCIONARIO (MATRICULA, CPF, IDENTIDADE, NOME, ENDERECO, SALARIO, FUNCAO, MATRICULA_SUPERVISOR, CODIGO_FILIAL) VALUES (143, '959.805.919-59', '696478', 'Funcionario 0143', 'Rua 26', 1575, 'Empacotador', 51, null);
INSERT INTO FUNCIONARIO (MATRICULA, CPF, IDENTIDADE, NOME, ENDERECO, SALARIO, FUNCAO, MATRICULA_SUPERVISOR, CODIGO_FILIAL) VALUES (144, '598.953.406-50', '202094', 'Funcionario 0144', 'Rua 53', 5737, 'Padeiro', 133, null);
INSERT INTO FUNCIONARIO (MATRICULA, CPF, IDENTIDADE, NOME, ENDERECO, SALARIO, FUNCAO, MATRICULA_SUPERVISOR, CODIGO_FILIAL) VALUES (145, '776.184.775-68', '338500', 'Funcionario 0145', 'Rua 89', 2926, 'Caixa', 133, null);
INSERT INTO FUNCIONARIO (MATRICULA, CPF, IDENTIDADE, NOME, ENDERECO, SALARIO, FUNCAO, MATRICULA_SUPERVISOR, CODIGO_FILIAL) VALUES (146, '118.959.117-45', '489796', 'Funcionario 0146', 'Rua 97', 8223, 'Empacotador', 62, null);
INSERT INTO FUNCIONARIO (MATRICULA, CPF, IDENTIDADE, NOME, ENDERECO, SALARIO, FUNCAO, MATRICULA_SUPERVISOR, CODIGO_FILIAL) VALUES (147, '890.814.950-18', '353512', 'Funcionario 0147', 'Rua 60', 1371, 'Padeiro', 3, null);
INSERT INTO FUNCIONARIO (MATRICULA, CPF, IDENTIDADE, NOME, ENDERECO, SALARIO, FUNCAO, MATRICULA_SUPERVISOR, CODIGO_FILIAL) VALUES (148, '738.912.962-73', '224446', 'Funcionario 0148', 'Rua 64', 5136, 'Padeiro', 107, null);
INSERT INTO FUNCIONARIO (MATRICULA, CPF, IDENTIDADE, NOME, ENDERECO, SALARIO, FUNCAO, MATRICULA_SUPERVISOR, CODIGO_FILIAL) VALUES (149, '939.970.678-19', '466265', 'Funcionario 0149', 'Rua 71', 5631, 'Empacotador', 31, null);


------ TELEFONE_FUNCIONARIO ------

INSERT INTO TELEFONE_FUNCIONARIO (MATRICULA, TELEFONE) VALUES (42, '(35) 98638-3858');
INSERT INTO TELEFONE_FUNCIONARIO (MATRICULA, TELEFONE) VALUES (69, '(69) 93107-3132');
INSERT INTO TELEFONE_FUNCIONARIO (MATRICULA, TELEFONE) VALUES (102, '(33) 93968-8789');
INSERT INTO TELEFONE_FUNCIONARIO (MATRICULA, TELEFONE) VALUES (45, '(82) 92659-5795');
INSERT INTO TELEFONE_FUNCIONARIO (MATRICULA, TELEFONE) VALUES (14, '(44) 98474-2403');
INSERT INTO TELEFONE_FUNCIONARIO (MATRICULA, TELEFONE) VALUES (143, '(47) 98561-1242');
INSERT INTO TELEFONE_FUNCIONARIO (MATRICULA, TELEFONE) VALUES (120, '(14) 96282-7798');
INSERT INTO TELEFONE_FUNCIONARIO (MATRICULA, TELEFONE) VALUES (92, '(39) 97352-4816');
INSERT INTO TELEFONE_FUNCIONARIO (MATRICULA, TELEFONE) VALUES (94, '(33) 98450-6152');
INSERT INTO TELEFONE_FUNCIONARIO (MATRICULA, TELEFONE) VALUES (3, '(98) 98176-1303');
INSERT INTO TELEFONE_FUNCIONARIO (MATRICULA, TELEFONE) VALUES (104, '(68) 96325-7435');
INSERT INTO TELEFONE_FUNCIONARIO (MATRICULA, TELEFONE) VALUES (94, '(33) 91404-6824');
INSERT INTO TELEFONE_FUNCIONARIO (MATRICULA, TELEFONE) VALUES (79, '(80) 99314-3148');
INSERT INTO TELEFONE_FUNCIONARIO (MATRICULA, TELEFONE) VALUES (127, '(95) 92664-9105');
INSERT INTO TELEFONE_FUNCIONARIO (MATRICULA, TELEFONE) VALUES (28, '(76) 92154-5854');
INSERT INTO TELEFONE_FUNCIONARIO (MATRICULA, TELEFONE) VALUES (2, '(27) 97915-6944');
INSERT INTO TELEFONE_FUNCIONARIO (MATRICULA, TELEFONE) VALUES (57, '(85) 95148-3804');
INSERT INTO TELEFONE_FUNCIONARIO (MATRICULA, TELEFONE) VALUES (45, '(61) 92420-6320');
INSERT INTO TELEFONE_FUNCIONARIO (MATRICULA, TELEFONE) VALUES (123, '(92) 90358-7629');
INSERT INTO TELEFONE_FUNCIONARIO (MATRICULA, TELEFONE) VALUES (27, '(70) 91701-3717');
INSERT INTO TELEFONE_FUNCIONARIO (MATRICULA, TELEFONE) VALUES (30, '(26) 98233-8451');
INSERT INTO TELEFONE_FUNCIONARIO (MATRICULA, TELEFONE) VALUES (81, '(52) 93690-5860');
INSERT INTO TELEFONE_FUNCIONARIO (MATRICULA, TELEFONE) VALUES (41, '(26) 94032-7965');
INSERT INTO TELEFONE_FUNCIONARIO (MATRICULA, TELEFONE) VALUES (75, '(57) 91900-5329');
INSERT INTO TELEFONE_FUNCIONARIO (MATRICULA, TELEFONE) VALUES (56, '(19) 90729-8876');
INSERT INTO TELEFONE_FUNCIONARIO (MATRICULA, TELEFONE) VALUES (128, '(11) 91500-9623');
INSERT INTO TELEFONE_FUNCIONARIO (MATRICULA, TELEFONE) VALUES (120, '(99) 92559-2919');
INSERT INTO TELEFONE_FUNCIONARIO (MATRICULA, TELEFONE) VALUES (38, '(15) 93297-8444');
INSERT INTO TELEFONE_FUNCIONARIO (MATRICULA, TELEFONE) VALUES (77, '(25) 91013-9646');
INSERT INTO TELEFONE_FUNCIONARIO (MATRICULA, TELEFONE) VALUES (141, '(60) 96359-4775');
INSERT INTO TELEFONE_FUNCIONARIO (MATRICULA, TELEFONE) VALUES (16, '(13) 90965-6381');
INSERT INTO TELEFONE_FUNCIONARIO (MATRICULA, TELEFONE) VALUES (121, '(41) 93793-1028');
INSERT INTO TELEFONE_FUNCIONARIO (MATRICULA, TELEFONE) VALUES (73, '(66) 93098-6069');
INSERT INTO TELEFONE_FUNCIONARIO (MATRICULA, TELEFONE) VALUES (130, '(82) 99220-4336');
INSERT INTO TELEFONE_FUNCIONARIO (MATRICULA, TELEFONE) VALUES (22, '(24) 90508-9239');
INSERT INTO TELEFONE_FUNCIONARIO (MATRICULA, TELEFONE) VALUES (136, '(36) 97267-5185');
INSERT INTO TELEFONE_FUNCIONARIO (MATRICULA, TELEFONE) VALUES (43, '(65) 90296-8217');
INSERT INTO TELEFONE_FUNCIONARIO (MATRICULA, TELEFONE) VALUES (119, '(52) 95297-4404');
INSERT INTO TELEFONE_FUNCIONARIO (MATRICULA, TELEFONE) VALUES (0, '(33) 90050-3728');
INSERT INTO TELEFONE_FUNCIONARIO (MATRICULA, TELEFONE) VALUES (30, '(27) 99019-9336');
INSERT INTO TELEFONE_FUNCIONARIO (MATRICULA, TELEFONE) VALUES (121, '(81) 92853-7394');
INSERT INTO TELEFONE_FUNCIONARIO (MATRICULA, TELEFONE) VALUES (27, '(94) 90820-5043');
INSERT INTO TELEFONE_FUNCIONARIO (MATRICULA, TELEFONE) VALUES (17, '(24) 94775-7365');
INSERT INTO TELEFONE_FUNCIONARIO (MATRICULA, TELEFONE) VALUES (141, '(65) 92207-7283');
INSERT INTO TELEFONE_FUNCIONARIO (MATRICULA, TELEFONE) VALUES (123, '(60) 90121-5428');
INSERT INTO TELEFONE_FUNCIONARIO (MATRICULA, TELEFONE) VALUES (99, '(80) 91348-2814');
INSERT INTO TELEFONE_FUNCIONARIO (MATRICULA, TELEFONE) VALUES (92, '(80) 94638-7098');
INSERT INTO TELEFONE_FUNCIONARIO (MATRICULA, TELEFONE) VALUES (127, '(21) 93659-9977');
INSERT INTO TELEFONE_FUNCIONARIO (MATRICULA, TELEFONE) VALUES (6, '(54) 98554-2617');
INSERT INTO TELEFONE_FUNCIONARIO (MATRICULA, TELEFONE) VALUES (147, '(61) 90632-1666');
INSERT INTO TELEFONE_FUNCIONARIO (MATRICULA, TELEFONE) VALUES (28, '(40) 91965-5560');
INSERT INTO TELEFONE_FUNCIONARIO (MATRICULA, TELEFONE) VALUES (98, '(89) 99408-8638');
INSERT INTO TELEFONE_FUNCIONARIO (MATRICULA, TELEFONE) VALUES (113, '(60) 99377-7541');
INSERT INTO TELEFONE_FUNCIONARIO (MATRICULA, TELEFONE) VALUES (27, '(79) 95659-5502');
INSERT INTO TELEFONE_FUNCIONARIO (MATRICULA, TELEFONE) VALUES (58, '(78) 97397-1769');
INSERT INTO TELEFONE_FUNCIONARIO (MATRICULA, TELEFONE) VALUES (42, '(39) 97599-9522');
INSERT INTO TELEFONE_FUNCIONARIO (MATRICULA, TELEFONE) VALUES (65, '(66) 94820-5258');
INSERT INTO TELEFONE_FUNCIONARIO (MATRICULA, TELEFONE) VALUES (146, '(91) 92673-5048');
INSERT INTO TELEFONE_FUNCIONARIO (MATRICULA, TELEFONE) VALUES (30, '(82) 94485-9147');
INSERT INTO TELEFONE_FUNCIONARIO (MATRICULA, TELEFONE) VALUES (106, '(38) 92605-7255');
INSERT INTO TELEFONE_FUNCIONARIO (MATRICULA, TELEFONE) VALUES (97, '(92) 99998-9602');
INSERT INTO TELEFONE_FUNCIONARIO (MATRICULA, TELEFONE) VALUES (49, '(94) 95582-8396');
INSERT INTO TELEFONE_FUNCIONARIO (MATRICULA, TELEFONE) VALUES (128, '(30) 97788-8244');
INSERT INTO TELEFONE_FUNCIONARIO (MATRICULA, TELEFONE) VALUES (115, '(41) 95989-3238');
INSERT INTO TELEFONE_FUNCIONARIO (MATRICULA, TELEFONE) VALUES (100, '(22) 90933-8589');
INSERT INTO TELEFONE_FUNCIONARIO (MATRICULA, TELEFONE) VALUES (4, '(35) 99671-2783');
INSERT INTO TELEFONE_FUNCIONARIO (MATRICULA, TELEFONE) VALUES (98, '(80) 97023-3718');
INSERT INTO TELEFONE_FUNCIONARIO (MATRICULA, TELEFONE) VALUES (127, '(26) 98216-6118');
INSERT INTO TELEFONE_FUNCIONARIO (MATRICULA, TELEFONE) VALUES (52, '(55) 94945-7639');
INSERT INTO TELEFONE_FUNCIONARIO (MATRICULA, TELEFONE) VALUES (136, '(14) 91281-8930');
INSERT INTO TELEFONE_FUNCIONARIO (MATRICULA, TELEFONE) VALUES (52, '(41) 97102-6468');
INSERT INTO TELEFONE_FUNCIONARIO (MATRICULA, TELEFONE) VALUES (5, '(24) 93969-2674');
INSERT INTO TELEFONE_FUNCIONARIO (MATRICULA, TELEFONE) VALUES (96, '(72) 98390-6311');
INSERT INTO TELEFONE_FUNCIONARIO (MATRICULA, TELEFONE) VALUES (99, '(42) 97346-9806');
INSERT INTO TELEFONE_FUNCIONARIO (MATRICULA, TELEFONE) VALUES (0, '(98) 93446-6965');
INSERT INTO TELEFONE_FUNCIONARIO (MATRICULA, TELEFONE) VALUES (140, '(78) 90855-2273');
INSERT INTO TELEFONE_FUNCIONARIO (MATRICULA, TELEFONE) VALUES (115, '(74) 99354-7281');
INSERT INTO TELEFONE_FUNCIONARIO (MATRICULA, TELEFONE) VALUES (3, '(89) 95412-5519');
INSERT INTO TELEFONE_FUNCIONARIO (MATRICULA, TELEFONE) VALUES (105, '(98) 90393-3417');
INSERT INTO TELEFONE_FUNCIONARIO (MATRICULA, TELEFONE) VALUES (142, '(79) 91409-8596');
INSERT INTO TELEFONE_FUNCIONARIO (MATRICULA, TELEFONE) VALUES (28, '(87) 99784-2621');
INSERT INTO TELEFONE_FUNCIONARIO (MATRICULA, TELEFONE) VALUES (80, '(51) 95054-3303');
INSERT INTO TELEFONE_FUNCIONARIO (MATRICULA, TELEFONE) VALUES (35, '(72) 96013-9429');
INSERT INTO TELEFONE_FUNCIONARIO (MATRICULA, TELEFONE) VALUES (67, '(50) 93105-3113');
INSERT INTO TELEFONE_FUNCIONARIO (MATRICULA, TELEFONE) VALUES (118, '(14) 96621-8304');
INSERT INTO TELEFONE_FUNCIONARIO (MATRICULA, TELEFONE) VALUES (62, '(46) 98716-5917');
INSERT INTO TELEFONE_FUNCIONARIO (MATRICULA, TELEFONE) VALUES (53, '(59) 94798-4110');
INSERT INTO TELEFONE_FUNCIONARIO (MATRICULA, TELEFONE) VALUES (105, '(56) 97634-3837');
INSERT INTO TELEFONE_FUNCIONARIO (MATRICULA, TELEFONE) VALUES (86, '(91) 97376-7614');
INSERT INTO TELEFONE_FUNCIONARIO (MATRICULA, TELEFONE) VALUES (90, '(20) 92168-3494');
INSERT INTO TELEFONE_FUNCIONARIO (MATRICULA, TELEFONE) VALUES (148, '(80) 97572-7528');
INSERT INTO TELEFONE_FUNCIONARIO (MATRICULA, TELEFONE) VALUES (103, '(98) 95550-1074');
INSERT INTO TELEFONE_FUNCIONARIO (MATRICULA, TELEFONE) VALUES (36, '(43) 93166-6384');
INSERT INTO TELEFONE_FUNCIONARIO (MATRICULA, TELEFONE) VALUES (92, '(34) 95635-1595');
INSERT INTO TELEFONE_FUNCIONARIO (MATRICULA, TELEFONE) VALUES (98, '(80) 92445-5019');
INSERT INTO TELEFONE_FUNCIONARIO (MATRICULA, TELEFONE) VALUES (21, '(30) 92933-1309');
INSERT INTO TELEFONE_FUNCIONARIO (MATRICULA, TELEFONE) VALUES (23, '(14) 90468-6083');
INSERT INTO TELEFONE_FUNCIONARIO (MATRICULA, TELEFONE) VALUES (35, '(66) 92483-5995');
INSERT INTO TELEFONE_FUNCIONARIO (MATRICULA, TELEFONE) VALUES (119, '(74) 99817-6824');
INSERT INTO TELEFONE_FUNCIONARIO (MATRICULA, TELEFONE) VALUES (95, '(89) 94157-2898');


------ DEPENDENTE ------

INSERT INTO DEPENDENTE (CPF, DATA_NASC, NOME, MATRICULA_FUNCIONARIO) VALUES ('297.191.626-43', TO_DATE('08/08/1983','DD/MM/YYYY'), 'Dependente 00', 132);
INSERT INTO DEPENDENTE (CPF, DATA_NASC, NOME, MATRICULA_FUNCIONARIO) VALUES ('681.509.638-63', TO_DATE('02/11/1989','DD/MM/YYYY'), 'Dependente 01', 103);
INSERT INTO DEPENDENTE (CPF, DATA_NASC, NOME, MATRICULA_FUNCIONARIO) VALUES ('468.434.370-57', TO_DATE('16/01/1955','DD/MM/YYYY'), 'Dependente 02', 93);
INSERT INTO DEPENDENTE (CPF, DATA_NASC, NOME, MATRICULA_FUNCIONARIO) VALUES ('128.991.550-77', TO_DATE('01/01/1965','DD/MM/YYYY'), 'Dependente 03', 54);
INSERT INTO DEPENDENTE (CPF, DATA_NASC, NOME, MATRICULA_FUNCIONARIO) VALUES ('817.404.532-82', TO_DATE('14/02/1991','DD/MM/YYYY'), 'Dependente 04', 2);
INSERT INTO DEPENDENTE (CPF, DATA_NASC, NOME, MATRICULA_FUNCIONARIO) VALUES ('994.907.859-22', TO_DATE('19/02/1952','DD/MM/YYYY'), 'Dependente 05', 42);
INSERT INTO DEPENDENTE (CPF, DATA_NASC, NOME, MATRICULA_FUNCIONARIO) VALUES ('378.805.370-20', TO_DATE('26/04/1952','DD/MM/YYYY'), 'Dependente 06', 76);
INSERT INTO DEPENDENTE (CPF, DATA_NASC, NOME, MATRICULA_FUNCIONARIO) VALUES ('419.189.307-54', TO_DATE('05/06/1969','DD/MM/YYYY'), 'Dependente 07', 53);
INSERT INTO DEPENDENTE (CPF, DATA_NASC, NOME, MATRICULA_FUNCIONARIO) VALUES ('443.255.879-63', TO_DATE('24/06/1999','DD/MM/YYYY'), 'Dependente 08', 127);
INSERT INTO DEPENDENTE (CPF, DATA_NASC, NOME, MATRICULA_FUNCIONARIO) VALUES ('104.233.505-99', TO_DATE('22/10/1937','DD/MM/YYYY'), 'Dependente 09', 7);
INSERT INTO DEPENDENTE (CPF, DATA_NASC, NOME, MATRICULA_FUNCIONARIO) VALUES ('949.875.395-89', TO_DATE('19/08/1976','DD/MM/YYYY'), 'Dependente 010', 33);
INSERT INTO DEPENDENTE (CPF, DATA_NASC, NOME, MATRICULA_FUNCIONARIO) VALUES ('819.217.153-53', TO_DATE('14/03/1981','DD/MM/YYYY'), 'Dependente 011', 125);
INSERT INTO DEPENDENTE (CPF, DATA_NASC, NOME, MATRICULA_FUNCIONARIO) VALUES ('125.604.779-57', TO_DATE('28/01/1970','DD/MM/YYYY'), 'Dependente 012', 91);
INSERT INTO DEPENDENTE (CPF, DATA_NASC, NOME, MATRICULA_FUNCIONARIO) VALUES ('973.807.999-33', TO_DATE('01/06/1992','DD/MM/YYYY'), 'Dependente 013', 5);
INSERT INTO DEPENDENTE (CPF, DATA_NASC, NOME, MATRICULA_FUNCIONARIO) VALUES ('358.897.467-50', TO_DATE('22/02/1919','DD/MM/YYYY'), 'Dependente 014', 20);
INSERT INTO DEPENDENTE (CPF, DATA_NASC, NOME, MATRICULA_FUNCIONARIO) VALUES ('406.811.120-70', TO_DATE('16/11/1949','DD/MM/YYYY'), 'Dependente 015', 52);
INSERT INTO DEPENDENTE (CPF, DATA_NASC, NOME, MATRICULA_FUNCIONARIO) VALUES ('688.388.906-40', TO_DATE('05/06/1961','DD/MM/YYYY'), 'Dependente 016', 80);
INSERT INTO DEPENDENTE (CPF, DATA_NASC, NOME, MATRICULA_FUNCIONARIO) VALUES ('102.621.720-70', TO_DATE('23/05/1915','DD/MM/YYYY'), 'Dependente 017', 47);
INSERT INTO DEPENDENTE (CPF, DATA_NASC, NOME, MATRICULA_FUNCIONARIO) VALUES ('130.483.311-44', TO_DATE('07/02/1944','DD/MM/YYYY'), 'Dependente 018', 89);
INSERT INTO DEPENDENTE (CPF, DATA_NASC, NOME, MATRICULA_FUNCIONARIO) VALUES ('498.696.152-22', TO_DATE('02/03/1968','DD/MM/YYYY'), 'Dependente 019', 14);
INSERT INTO DEPENDENTE (CPF, DATA_NASC, NOME, MATRICULA_FUNCIONARIO) VALUES ('751.260.403-35', TO_DATE('17/08/1924','DD/MM/YYYY'), 'Dependente 020', 111);
INSERT INTO DEPENDENTE (CPF, DATA_NASC, NOME, MATRICULA_FUNCIONARIO) VALUES ('559.564.189-77', TO_DATE('13/03/1976','DD/MM/YYYY'), 'Dependente 021', 3);
INSERT INTO DEPENDENTE (CPF, DATA_NASC, NOME, MATRICULA_FUNCIONARIO) VALUES ('610.343.339-70', TO_DATE('11/06/1915','DD/MM/YYYY'), 'Dependente 022', 71);
INSERT INTO DEPENDENTE (CPF, DATA_NASC, NOME, MATRICULA_FUNCIONARIO) VALUES ('521.893.242-97', TO_DATE('15/09/1978','DD/MM/YYYY'), 'Dependente 023', 15);
INSERT INTO DEPENDENTE (CPF, DATA_NASC, NOME, MATRICULA_FUNCIONARIO) VALUES ('843.921.221-34', TO_DATE('12/05/1990','DD/MM/YYYY'), 'Dependente 024', 102);
INSERT INTO DEPENDENTE (CPF, DATA_NASC, NOME, MATRICULA_FUNCIONARIO) VALUES ('900.646.513-17', TO_DATE('10/02/1945','DD/MM/YYYY'), 'Dependente 025', 95);
INSERT INTO DEPENDENTE (CPF, DATA_NASC, NOME, MATRICULA_FUNCIONARIO) VALUES ('409.460.730-70', TO_DATE('04/12/2016','DD/MM/YYYY'), 'Dependente 026', 20);
INSERT INTO DEPENDENTE (CPF, DATA_NASC, NOME, MATRICULA_FUNCIONARIO) VALUES ('371.548.781-27', TO_DATE('23/03/1920','DD/MM/YYYY'), 'Dependente 027', 104);
INSERT INTO DEPENDENTE (CPF, DATA_NASC, NOME, MATRICULA_FUNCIONARIO) VALUES ('132.542.833-67', TO_DATE('27/08/1945','DD/MM/YYYY'), 'Dependente 028', 31);
INSERT INTO DEPENDENTE (CPF, DATA_NASC, NOME, MATRICULA_FUNCIONARIO) VALUES ('371.839.571-50', TO_DATE('05/06/1927','DD/MM/YYYY'), 'Dependente 029', 37);
INSERT INTO DEPENDENTE (CPF, DATA_NASC, NOME, MATRICULA_FUNCIONARIO) VALUES ('759.253.788-38', TO_DATE('01/08/1919','DD/MM/YYYY'), 'Dependente 030', 64);
INSERT INTO DEPENDENTE (CPF, DATA_NASC, NOME, MATRICULA_FUNCIONARIO) VALUES ('544.927.340-27', TO_DATE('05/08/1983','DD/MM/YYYY'), 'Dependente 031', 89);
INSERT INTO DEPENDENTE (CPF, DATA_NASC, NOME, MATRICULA_FUNCIONARIO) VALUES ('664.411.487-66', TO_DATE('07/01/1926','DD/MM/YYYY'), 'Dependente 032', 94);
INSERT INTO DEPENDENTE (CPF, DATA_NASC, NOME, MATRICULA_FUNCIONARIO) VALUES ('949.341.465-23', TO_DATE('27/07/1920','DD/MM/YYYY'), 'Dependente 033', 98);
INSERT INTO DEPENDENTE (CPF, DATA_NASC, NOME, MATRICULA_FUNCIONARIO) VALUES ('390.635.343-12', TO_DATE('18/07/2018','DD/MM/YYYY'), 'Dependente 034', 128);
INSERT INTO DEPENDENTE (CPF, DATA_NASC, NOME, MATRICULA_FUNCIONARIO) VALUES ('796.885.211-64', TO_DATE('17/09/2001','DD/MM/YYYY'), 'Dependente 035', 103);
INSERT INTO DEPENDENTE (CPF, DATA_NASC, NOME, MATRICULA_FUNCIONARIO) VALUES ('224.134.752-77', TO_DATE('20/11/2005','DD/MM/YYYY'), 'Dependente 036', 63);
INSERT INTO DEPENDENTE (CPF, DATA_NASC, NOME, MATRICULA_FUNCIONARIO) VALUES ('872.771.177-14', TO_DATE('03/01/1924','DD/MM/YYYY'), 'Dependente 037', 55);
INSERT INTO DEPENDENTE (CPF, DATA_NASC, NOME, MATRICULA_FUNCIONARIO) VALUES ('572.725.823-56', TO_DATE('13/06/2007','DD/MM/YYYY'), 'Dependente 038', 7);
INSERT INTO DEPENDENTE (CPF, DATA_NASC, NOME, MATRICULA_FUNCIONARIO) VALUES ('427.762.365-54', TO_DATE('24/07/1992','DD/MM/YYYY'), 'Dependente 039', 75);
INSERT INTO DEPENDENTE (CPF, DATA_NASC, NOME, MATRICULA_FUNCIONARIO) VALUES ('726.458.939-61', TO_DATE('08/12/1988','DD/MM/YYYY'), 'Dependente 040', 41);
INSERT INTO DEPENDENTE (CPF, DATA_NASC, NOME, MATRICULA_FUNCIONARIO) VALUES ('186.509.318-45', TO_DATE('27/03/1973','DD/MM/YYYY'), 'Dependente 041', 19);
INSERT INTO DEPENDENTE (CPF, DATA_NASC, NOME, MATRICULA_FUNCIONARIO) VALUES ('292.164.596-61', TO_DATE('16/11/1923','DD/MM/YYYY'), 'Dependente 042', 108);
INSERT INTO DEPENDENTE (CPF, DATA_NASC, NOME, MATRICULA_FUNCIONARIO) VALUES ('405.554.510-56', TO_DATE('14/07/1993','DD/MM/YYYY'), 'Dependente 043', 11);
INSERT INTO DEPENDENTE (CPF, DATA_NASC, NOME, MATRICULA_FUNCIONARIO) VALUES ('860.140.730-55', TO_DATE('28/04/1993','DD/MM/YYYY'), 'Dependente 044', 112);
INSERT INTO DEPENDENTE (CPF, DATA_NASC, NOME, MATRICULA_FUNCIONARIO) VALUES ('171.867.599-50', TO_DATE('06/06/1990','DD/MM/YYYY'), 'Dependente 045', 78);
INSERT INTO DEPENDENTE (CPF, DATA_NASC, NOME, MATRICULA_FUNCIONARIO) VALUES ('791.530.270-76', TO_DATE('13/05/1947','DD/MM/YYYY'), 'Dependente 046', 149);
INSERT INTO DEPENDENTE (CPF, DATA_NASC, NOME, MATRICULA_FUNCIONARIO) VALUES ('490.450.743-20', TO_DATE('06/06/1970','DD/MM/YYYY'), 'Dependente 047', 2);
INSERT INTO DEPENDENTE (CPF, DATA_NASC, NOME, MATRICULA_FUNCIONARIO) VALUES ('103.158.233-20', TO_DATE('20/09/1957','DD/MM/YYYY'), 'Dependente 048', 12);
INSERT INTO DEPENDENTE (CPF, DATA_NASC, NOME, MATRICULA_FUNCIONARIO) VALUES ('856.382.952-65', TO_DATE('20/04/1941','DD/MM/YYYY'), 'Dependente 049', 139);
INSERT INTO DEPENDENTE (CPF, DATA_NASC, NOME, MATRICULA_FUNCIONARIO) VALUES ('230.358.538-76', TO_DATE('24/12/1919','DD/MM/YYYY'), 'Dependente 050', 142);
INSERT INTO DEPENDENTE (CPF, DATA_NASC, NOME, MATRICULA_FUNCIONARIO) VALUES ('433.215.492-53', TO_DATE('06/11/1910','DD/MM/YYYY'), 'Dependente 051', 109);
INSERT INTO DEPENDENTE (CPF, DATA_NASC, NOME, MATRICULA_FUNCIONARIO) VALUES ('760.631.636-23', TO_DATE('27/09/1982','DD/MM/YYYY'), 'Dependente 052', 45);
INSERT INTO DEPENDENTE (CPF, DATA_NASC, NOME, MATRICULA_FUNCIONARIO) VALUES ('902.541.283-69', TO_DATE('03/02/1984','DD/MM/YYYY'), 'Dependente 053', 80);
INSERT INTO DEPENDENTE (CPF, DATA_NASC, NOME, MATRICULA_FUNCIONARIO) VALUES ('770.823.704-17', TO_DATE('03/11/1965','DD/MM/YYYY'), 'Dependente 054', 108);
INSERT INTO DEPENDENTE (CPF, DATA_NASC, NOME, MATRICULA_FUNCIONARIO) VALUES ('523.598.680-53', TO_DATE('16/06/1921','DD/MM/YYYY'), 'Dependente 055', 115);
INSERT INTO DEPENDENTE (CPF, DATA_NASC, NOME, MATRICULA_FUNCIONARIO) VALUES ('282.330.145-39', TO_DATE('22/11/1930','DD/MM/YYYY'), 'Dependente 056', 36);
INSERT INTO DEPENDENTE (CPF, DATA_NASC, NOME, MATRICULA_FUNCIONARIO) VALUES ('963.369.797-49', TO_DATE('14/06/1923','DD/MM/YYYY'), 'Dependente 057', 107);
INSERT INTO DEPENDENTE (CPF, DATA_NASC, NOME, MATRICULA_FUNCIONARIO) VALUES ('904.883.466-46', TO_DATE('13/02/1985','DD/MM/YYYY'), 'Dependente 058', 75);
INSERT INTO DEPENDENTE (CPF, DATA_NASC, NOME, MATRICULA_FUNCIONARIO) VALUES ('856.342.847-98', TO_DATE('25/06/1988','DD/MM/YYYY'), 'Dependente 059', 62);
INSERT INTO DEPENDENTE (CPF, DATA_NASC, NOME, MATRICULA_FUNCIONARIO) VALUES ('286.812.639-79', TO_DATE('05/08/1973','DD/MM/YYYY'), 'Dependente 060', 142);
INSERT INTO DEPENDENTE (CPF, DATA_NASC, NOME, MATRICULA_FUNCIONARIO) VALUES ('248.918.389-67', TO_DATE('06/09/1993','DD/MM/YYYY'), 'Dependente 061', 19);
INSERT INTO DEPENDENTE (CPF, DATA_NASC, NOME, MATRICULA_FUNCIONARIO) VALUES ('709.699.565-44', TO_DATE('10/05/1919','DD/MM/YYYY'), 'Dependente 062', 87);
INSERT INTO DEPENDENTE (CPF, DATA_NASC, NOME, MATRICULA_FUNCIONARIO) VALUES ('669.912.554-82', TO_DATE('28/01/1965','DD/MM/YYYY'), 'Dependente 063', 49);
INSERT INTO DEPENDENTE (CPF, DATA_NASC, NOME, MATRICULA_FUNCIONARIO) VALUES ('299.482.385-64', TO_DATE('21/07/1917','DD/MM/YYYY'), 'Dependente 064', 119);
INSERT INTO DEPENDENTE (CPF, DATA_NASC, NOME, MATRICULA_FUNCIONARIO) VALUES ('663.546.137-89', TO_DATE('15/09/1959','DD/MM/YYYY'), 'Dependente 065', 13);
INSERT INTO DEPENDENTE (CPF, DATA_NASC, NOME, MATRICULA_FUNCIONARIO) VALUES ('962.133.975-93', TO_DATE('01/05/1933','DD/MM/YYYY'), 'Dependente 066', 96);
INSERT INTO DEPENDENTE (CPF, DATA_NASC, NOME, MATRICULA_FUNCIONARIO) VALUES ('244.567.690-10', TO_DATE('06/10/1954','DD/MM/YYYY'), 'Dependente 067', 80);
INSERT INTO DEPENDENTE (CPF, DATA_NASC, NOME, MATRICULA_FUNCIONARIO) VALUES ('452.842.370-59', TO_DATE('21/11/1924','DD/MM/YYYY'), 'Dependente 068', 122);
INSERT INTO DEPENDENTE (CPF, DATA_NASC, NOME, MATRICULA_FUNCIONARIO) VALUES ('934.572.799-39', TO_DATE('08/02/1999','DD/MM/YYYY'), 'Dependente 069', 82);
INSERT INTO DEPENDENTE (CPF, DATA_NASC, NOME, MATRICULA_FUNCIONARIO) VALUES ('417.190.710-83', TO_DATE('27/12/1925','DD/MM/YYYY'), 'Dependente 070', 24);
INSERT INTO DEPENDENTE (CPF, DATA_NASC, NOME, MATRICULA_FUNCIONARIO) VALUES ('503.626.780-43', TO_DATE('18/02/1963','DD/MM/YYYY'), 'Dependente 071', 144);
INSERT INTO DEPENDENTE (CPF, DATA_NASC, NOME, MATRICULA_FUNCIONARIO) VALUES ('240.379.191-47', TO_DATE('22/05/1952','DD/MM/YYYY'), 'Dependente 072', 33);
INSERT INTO DEPENDENTE (CPF, DATA_NASC, NOME, MATRICULA_FUNCIONARIO) VALUES ('601.924.245-68', TO_DATE('10/12/1989','DD/MM/YYYY'), 'Dependente 073', 53);
INSERT INTO DEPENDENTE (CPF, DATA_NASC, NOME, MATRICULA_FUNCIONARIO) VALUES ('166.131.464-63', TO_DATE('02/06/1929','DD/MM/YYYY'), 'Dependente 074', 98);
INSERT INTO DEPENDENTE (CPF, DATA_NASC, NOME, MATRICULA_FUNCIONARIO) VALUES ('686.673.868-59', TO_DATE('19/08/1965','DD/MM/YYYY'), 'Dependente 075', 75);
INSERT INTO DEPENDENTE (CPF, DATA_NASC, NOME, MATRICULA_FUNCIONARIO) VALUES ('320.550.178-42', TO_DATE('14/03/1921','DD/MM/YYYY'), 'Dependente 076', 93);
INSERT INTO DEPENDENTE (CPF, DATA_NASC, NOME, MATRICULA_FUNCIONARIO) VALUES ('209.524.781-88', TO_DATE('18/03/1927','DD/MM/YYYY'), 'Dependente 077', 46);
INSERT INTO DEPENDENTE (CPF, DATA_NASC, NOME, MATRICULA_FUNCIONARIO) VALUES ('842.638.828-49', TO_DATE('12/01/1988','DD/MM/YYYY'), 'Dependente 078', 138);
INSERT INTO DEPENDENTE (CPF, DATA_NASC, NOME, MATRICULA_FUNCIONARIO) VALUES ('270.350.740-59', TO_DATE('08/07/1961','DD/MM/YYYY'), 'Dependente 079', 143);


------ FILIAL ------

INSERT INTO FILIAL (CODIGO_IDENTIFICACAO, NOME, ENDERECO, TELEFONE) VALUES (0, 'Filial 0', 'Rua 47', '(38) 91721-4027');
INSERT INTO FILIAL (CODIGO_IDENTIFICACAO, NOME, ENDERECO, TELEFONE) VALUES (1, 'Filial 1', 'Rua 77', '(32) 95717-3250');
INSERT INTO FILIAL (CODIGO_IDENTIFICACAO, NOME, ENDERECO, TELEFONE) VALUES (2, 'Filial 2', 'Rua 57', '(16) 91093-5919');
INSERT INTO FILIAL (CODIGO_IDENTIFICACAO, NOME, ENDERECO, TELEFONE) VALUES (3, 'Filial 3', 'Rua 79', '(96) 90310-1292');
INSERT INTO FILIAL (CODIGO_IDENTIFICACAO, NOME, ENDERECO, TELEFONE) VALUES (4, 'Filial 4', 'Rua 53', '(42) 92176-4015');
INSERT INTO FILIAL (CODIGO_IDENTIFICACAO, NOME, ENDERECO, TELEFONE) VALUES (5, 'Filial 5', 'Rua 75', '(56) 96305-6937');
INSERT INTO FILIAL (CODIGO_IDENTIFICACAO, NOME, ENDERECO, TELEFONE) VALUES (6, 'Filial 6', 'Rua 82', '(18) 92878-2868');
INSERT INTO FILIAL (CODIGO_IDENTIFICACAO, NOME, ENDERECO, TELEFONE) VALUES (7, 'Filial 7', 'Rua 19', '(19) 99976-7545');
INSERT INTO FILIAL (CODIGO_IDENTIFICACAO, NOME, ENDERECO, TELEFONE) VALUES (8, 'Filial 8', 'Rua 63', '(50) 98585-3197');
INSERT INTO FILIAL (CODIGO_IDENTIFICACAO, NOME, ENDERECO, TELEFONE) VALUES (9, 'Filial 9', 'Rua 97', '(12) 98913-5595');


------ MARCA ------

INSERT INTO MARCA (IDENTIFICADOR, NOME) VALUES (0, 'Marca 0');
INSERT INTO MARCA (IDENTIFICADOR, NOME) VALUES (1, 'Marca 1');
INSERT INTO MARCA (IDENTIFICADOR, NOME) VALUES (2, 'Marca 2');
INSERT INTO MARCA (IDENTIFICADOR, NOME) VALUES (3, 'Marca 3');
INSERT INTO MARCA (IDENTIFICADOR, NOME) VALUES (4, 'Marca 4');
INSERT INTO MARCA (IDENTIFICADOR, NOME) VALUES (5, 'Marca 5');
INSERT INTO MARCA (IDENTIFICADOR, NOME) VALUES (6, 'Marca 6');
INSERT INTO MARCA (IDENTIFICADOR, NOME) VALUES (7, 'Marca 7');
INSERT INTO MARCA (IDENTIFICADOR, NOME) VALUES (8, 'Marca 8');
INSERT INTO MARCA (IDENTIFICADOR, NOME) VALUES (9, 'Marca 9');
INSERT INTO MARCA (IDENTIFICADOR, NOME) VALUES (10, 'Marca 10');
INSERT INTO MARCA (IDENTIFICADOR, NOME) VALUES (11, 'Marca 11');
INSERT INTO MARCA (IDENTIFICADOR, NOME) VALUES (12, 'Marca 12');
INSERT INTO MARCA (IDENTIFICADOR, NOME) VALUES (13, 'Marca 13');
INSERT INTO MARCA (IDENTIFICADOR, NOME) VALUES (14, 'Marca 14');
INSERT INTO MARCA (IDENTIFICADOR, NOME) VALUES (15, 'Marca 15');
INSERT INTO MARCA (IDENTIFICADOR, NOME) VALUES (16, 'Marca 16');
INSERT INTO MARCA (IDENTIFICADOR, NOME) VALUES (17, 'Marca 17');
INSERT INTO MARCA (IDENTIFICADOR, NOME) VALUES (18, 'Marca 18');
INSERT INTO MARCA (IDENTIFICADOR, NOME) VALUES (19, 'Marca 19');
INSERT INTO MARCA (IDENTIFICADOR, NOME) VALUES (20, 'Marca 20');
INSERT INTO MARCA (IDENTIFICADOR, NOME) VALUES (21, 'Marca 21');
INSERT INTO MARCA (IDENTIFICADOR, NOME) VALUES (22, 'Marca 22');
INSERT INTO MARCA (IDENTIFICADOR, NOME) VALUES (23, 'Marca 23');
INSERT INTO MARCA (IDENTIFICADOR, NOME) VALUES (24, 'Marca 24');


------ CATEGORIA ------

INSERT INTO CATEGORIA (IDENTIFICADOR, NOME) VALUES (0, 'Categoria 0');
INSERT INTO CATEGORIA (IDENTIFICADOR, NOME) VALUES (1, 'Categoria 1');
INSERT INTO CATEGORIA (IDENTIFICADOR, NOME) VALUES (2, 'Categoria 2');
INSERT INTO CATEGORIA (IDENTIFICADOR, NOME) VALUES (3, 'Categoria 3');
INSERT INTO CATEGORIA (IDENTIFICADOR, NOME) VALUES (4, 'Categoria 4');
INSERT INTO CATEGORIA (IDENTIFICADOR, NOME) VALUES (5, 'Categoria 5');
INSERT INTO CATEGORIA (IDENTIFICADOR, NOME) VALUES (6, 'Categoria 6');
INSERT INTO CATEGORIA (IDENTIFICADOR, NOME) VALUES (7, 'Categoria 7');
INSERT INTO CATEGORIA (IDENTIFICADOR, NOME) VALUES (8, 'Categoria 8');
INSERT INTO CATEGORIA (IDENTIFICADOR, NOME) VALUES (9, 'Categoria 9');
INSERT INTO CATEGORIA (IDENTIFICADOR, NOME) VALUES (10, 'Categoria 10');
INSERT INTO CATEGORIA (IDENTIFICADOR, NOME) VALUES (11, 'Categoria 11');
INSERT INTO CATEGORIA (IDENTIFICADOR, NOME) VALUES (12, 'Categoria 12');
INSERT INTO CATEGORIA (IDENTIFICADOR, NOME) VALUES (13, 'Categoria 13');
INSERT INTO CATEGORIA (IDENTIFICADOR, NOME) VALUES (14, 'Categoria 14');
INSERT INTO CATEGORIA (IDENTIFICADOR, NOME) VALUES (15, 'Categoria 15');
INSERT INTO CATEGORIA (IDENTIFICADOR, NOME) VALUES (16, 'Categoria 16');
INSERT INTO CATEGORIA (IDENTIFICADOR, NOME) VALUES (17, 'Categoria 17');
INSERT INTO CATEGORIA (IDENTIFICADOR, NOME) VALUES (18, 'Categoria 18');
INSERT INTO CATEGORIA (IDENTIFICADOR, NOME) VALUES (19, 'Categoria 19');
INSERT INTO CATEGORIA (IDENTIFICADOR, NOME) VALUES (20, 'Categoria 20');
INSERT INTO CATEGORIA (IDENTIFICADOR, NOME) VALUES (21, 'Categoria 21');
INSERT INTO CATEGORIA (IDENTIFICADOR, NOME) VALUES (22, 'Categoria 22');
INSERT INTO CATEGORIA (IDENTIFICADOR, NOME) VALUES (23, 'Categoria 23');
INSERT INTO CATEGORIA (IDENTIFICADOR, NOME) VALUES (24, 'Categoria 24');
INSERT INTO CATEGORIA (IDENTIFICADOR, NOME) VALUES (25, 'Categoria 25');
INSERT INTO CATEGORIA (IDENTIFICADOR, NOME) VALUES (26, 'Categoria 26');
INSERT INTO CATEGORIA (IDENTIFICADOR, NOME) VALUES (27, 'Categoria 27');
INSERT INTO CATEGORIA (IDENTIFICADOR, NOME) VALUES (28, 'Categoria 28');
INSERT INTO CATEGORIA (IDENTIFICADOR, NOME) VALUES (29, 'Categoria 29');


------ PRODUTO ------

INSERT INTO PRODUTO (CODIGO_IDENTIFICACAO, NOME, DESCRICAO, MARGEM_LUCRO, CODIGO_FILIAL, QUANTIDADE, PRECO_COMPRA, PRECO_VENDA, DATA_COMPRA, DATA_VALIDADE, ID_MARCA, ID_CATEGORIA) VALUES (0, 'Produto 00', 'Descrio do Produto 00', '4939', 5, 577, 9, 39, TO_DATE('04/01/1978','DD/MM/YYYY'), TO_DATE('11/09/1917','DD/MM/YYYY'), 5, 11);
INSERT INTO PRODUTO (CODIGO_IDENTIFICACAO, NOME, DESCRICAO, MARGEM_LUCRO, CODIGO_FILIAL, QUANTIDADE, PRECO_COMPRA, PRECO_VENDA, DATA_COMPRA, DATA_VALIDADE, ID_MARCA, ID_CATEGORIA) VALUES (1, 'Produto 01', 'Descrio do Produto 01', '5264', 2, 521, 28, 85, TO_DATE('01/01/1948','DD/MM/YYYY'), TO_DATE('19/10/1930','DD/MM/YYYY'), 22, 16);
INSERT INTO PRODUTO (CODIGO_IDENTIFICACAO, NOME, DESCRICAO, MARGEM_LUCRO, CODIGO_FILIAL, QUANTIDADE, PRECO_COMPRA, PRECO_VENDA, DATA_COMPRA, DATA_VALIDADE, ID_MARCA, ID_CATEGORIA) VALUES (2, 'Produto 02', 'Descrio do Produto 02', '630', 1, 201, 19, 73, TO_DATE('11/07/1917','DD/MM/YYYY'), TO_DATE('02/06/2005','DD/MM/YYYY'), 2, 2);
INSERT INTO PRODUTO (CODIGO_IDENTIFICACAO, NOME, DESCRICAO, MARGEM_LUCRO, CODIGO_FILIAL, QUANTIDADE, PRECO_COMPRA, PRECO_VENDA, DATA_COMPRA, DATA_VALIDADE, ID_MARCA, ID_CATEGORIA) VALUES (3, 'Produto 03', 'Descrio do Produto 03', '3053', 0, 348, 7, 98, TO_DATE('16/11/1922','DD/MM/YYYY'), TO_DATE('26/05/1949','DD/MM/YYYY'), 11, 17);
INSERT INTO PRODUTO (CODIGO_IDENTIFICACAO, NOME, DESCRICAO, MARGEM_LUCRO, CODIGO_FILIAL, QUANTIDADE, PRECO_COMPRA, PRECO_VENDA, DATA_COMPRA, DATA_VALIDADE, ID_MARCA, ID_CATEGORIA) VALUES (4, 'Produto 04', 'Descrio do Produto 04', '9829', 7, 601, 15, 63, TO_DATE('20/06/1988','DD/MM/YYYY'), TO_DATE('08/12/1956','DD/MM/YYYY'), 11, 25);
INSERT INTO PRODUTO (CODIGO_IDENTIFICACAO, NOME, DESCRICAO, MARGEM_LUCRO, CODIGO_FILIAL, QUANTIDADE, PRECO_COMPRA, PRECO_VENDA, DATA_COMPRA, DATA_VALIDADE, ID_MARCA, ID_CATEGORIA) VALUES (5, 'Produto 05', 'Descrio do Produto 05', '1859', 8, 604, 8, 30, TO_DATE('03/10/1961','DD/MM/YYYY'), TO_DATE('03/04/1929','DD/MM/YYYY'), 5, 3);
INSERT INTO PRODUTO (CODIGO_IDENTIFICACAO, NOME, DESCRICAO, MARGEM_LUCRO, CODIGO_FILIAL, QUANTIDADE, PRECO_COMPRA, PRECO_VENDA, DATA_COMPRA, DATA_VALIDADE, ID_MARCA, ID_CATEGORIA) VALUES (6, 'Produto 06', 'Descrio do Produto 06', '6676', 6, 548, 11, 64, TO_DATE('14/09/1922','DD/MM/YYYY'), TO_DATE('20/01/1914','DD/MM/YYYY'), 15, 4);
INSERT INTO PRODUTO (CODIGO_IDENTIFICACAO, NOME, DESCRICAO, MARGEM_LUCRO, CODIGO_FILIAL, QUANTIDADE, PRECO_COMPRA, PRECO_VENDA, DATA_COMPRA, DATA_VALIDADE, ID_MARCA, ID_CATEGORIA) VALUES (7, 'Produto 07', 'Descrio do Produto 07', '6302', 0, 174, 17, 83, TO_DATE('06/01/1983','DD/MM/YYYY'), TO_DATE('10/08/2006','DD/MM/YYYY'), 24, 9);
INSERT INTO PRODUTO (CODIGO_IDENTIFICACAO, NOME, DESCRICAO, MARGEM_LUCRO, CODIGO_FILIAL, QUANTIDADE, PRECO_COMPRA, PRECO_VENDA, DATA_COMPRA, DATA_VALIDADE, ID_MARCA, ID_CATEGORIA) VALUES (8, 'Produto 08', 'Descrio do Produto 08', '6427', 4, 422, 15, 90, TO_DATE('04/08/1953','DD/MM/YYYY'), TO_DATE('16/04/1957','DD/MM/YYYY'), 10, 24);
INSERT INTO PRODUTO (CODIGO_IDENTIFICACAO, NOME, DESCRICAO, MARGEM_LUCRO, CODIGO_FILIAL, QUANTIDADE, PRECO_COMPRA, PRECO_VENDA, DATA_COMPRA, DATA_VALIDADE, ID_MARCA, ID_CATEGORIA) VALUES (9, 'Produto 09', 'Descrio do Produto 09', '6227', 1, 690, 19, 47, TO_DATE('13/11/1948','DD/MM/YYYY'), TO_DATE('27/09/1940','DD/MM/YYYY'), 21, 2);
INSERT INTO PRODUTO (CODIGO_IDENTIFICACAO, NOME, DESCRICAO, MARGEM_LUCRO, CODIGO_FILIAL, QUANTIDADE, PRECO_COMPRA, PRECO_VENDA, DATA_COMPRA, DATA_VALIDADE, ID_MARCA, ID_CATEGORIA) VALUES (10, 'Produto 010', 'Descrio do Produto 010', '6926', 3, 134, 5, 95, TO_DATE('18/07/1984','DD/MM/YYYY'), TO_DATE('26/11/1923','DD/MM/YYYY'), 7, 2);
INSERT INTO PRODUTO (CODIGO_IDENTIFICACAO, NOME, DESCRICAO, MARGEM_LUCRO, CODIGO_FILIAL, QUANTIDADE, PRECO_COMPRA, PRECO_VENDA, DATA_COMPRA, DATA_VALIDADE, ID_MARCA, ID_CATEGORIA) VALUES (11, 'Produto 011', 'Descrio do Produto 011', '6360', 8, 118, 3, 83, TO_DATE('01/10/1966','DD/MM/YYYY'), TO_DATE('22/10/1935','DD/MM/YYYY'), 13, 19);
INSERT INTO PRODUTO (CODIGO_IDENTIFICACAO, NOME, DESCRICAO, MARGEM_LUCRO, CODIGO_FILIAL, QUANTIDADE, PRECO_COMPRA, PRECO_VENDA, DATA_COMPRA, DATA_VALIDADE, ID_MARCA, ID_CATEGORIA) VALUES (12, 'Produto 012', 'Descrio do Produto 012', '7416', 9, 393, 9, 53, TO_DATE('11/09/1974','DD/MM/YYYY'), TO_DATE('05/04/1949','DD/MM/YYYY'), 6, 28);
INSERT INTO PRODUTO (CODIGO_IDENTIFICACAO, NOME, DESCRICAO, MARGEM_LUCRO, CODIGO_FILIAL, QUANTIDADE, PRECO_COMPRA, PRECO_VENDA, DATA_COMPRA, DATA_VALIDADE, ID_MARCA, ID_CATEGORIA) VALUES (13, 'Produto 013', 'Descrio do Produto 013', '8683', 6, 349, 12, 48, TO_DATE('08/11/1978','DD/MM/YYYY'), TO_DATE('03/04/1932','DD/MM/YYYY'), 0, 18);
INSERT INTO PRODUTO (CODIGO_IDENTIFICACAO, NOME, DESCRICAO, MARGEM_LUCRO, CODIGO_FILIAL, QUANTIDADE, PRECO_COMPRA, PRECO_VENDA, DATA_COMPRA, DATA_VALIDADE, ID_MARCA, ID_CATEGORIA) VALUES (14, 'Produto 014', 'Descrio do Produto 014', '1440', 3, 774, 25, 75, TO_DATE('20/10/1948','DD/MM/YYYY'), TO_DATE('16/09/1940','DD/MM/YYYY'), 24, 25);
INSERT INTO PRODUTO (CODIGO_IDENTIFICACAO, NOME, DESCRICAO, MARGEM_LUCRO, CODIGO_FILIAL, QUANTIDADE, PRECO_COMPRA, PRECO_VENDA, DATA_COMPRA, DATA_VALIDADE, ID_MARCA, ID_CATEGORIA) VALUES (15, 'Produto 015', 'Descrio do Produto 015', '1685', 7, 175, 23, 56, TO_DATE('03/04/1962','DD/MM/YYYY'), TO_DATE('19/09/1976','DD/MM/YYYY'), 23, 26);
INSERT INTO PRODUTO (CODIGO_IDENTIFICACAO, NOME, DESCRICAO, MARGEM_LUCRO, CODIGO_FILIAL, QUANTIDADE, PRECO_COMPRA, PRECO_VENDA, DATA_COMPRA, DATA_VALIDADE, ID_MARCA, ID_CATEGORIA) VALUES (16, 'Produto 016', 'Descrio do Produto 016', '9873', 9, 233, 30, 30, TO_DATE('06/09/1970','DD/MM/YYYY'), TO_DATE('17/09/1950','DD/MM/YYYY'), 13, 19);
INSERT INTO PRODUTO (CODIGO_IDENTIFICACAO, NOME, DESCRICAO, MARGEM_LUCRO, CODIGO_FILIAL, QUANTIDADE, PRECO_COMPRA, PRECO_VENDA, DATA_COMPRA, DATA_VALIDADE, ID_MARCA, ID_CATEGORIA) VALUES (17, 'Produto 017', 'Descrio do Produto 017', '8421', 4, 726, 18, 38, TO_DATE('26/10/1978','DD/MM/YYYY'), TO_DATE('21/11/1928','DD/MM/YYYY'), 5, 14);
INSERT INTO PRODUTO (CODIGO_IDENTIFICACAO, NOME, DESCRICAO, MARGEM_LUCRO, CODIGO_FILIAL, QUANTIDADE, PRECO_COMPRA, PRECO_VENDA, DATA_COMPRA, DATA_VALIDADE, ID_MARCA, ID_CATEGORIA) VALUES (18, 'Produto 018', 'Descrio do Produto 018', '2431', 0, 935, 14, 90, TO_DATE('02/05/1945','DD/MM/YYYY'), TO_DATE('25/05/2010','DD/MM/YYYY'), 5, 22);
INSERT INTO PRODUTO (CODIGO_IDENTIFICACAO, NOME, DESCRICAO, MARGEM_LUCRO, CODIGO_FILIAL, QUANTIDADE, PRECO_COMPRA, PRECO_VENDA, DATA_COMPRA, DATA_VALIDADE, ID_MARCA, ID_CATEGORIA) VALUES (19, 'Produto 019', 'Descrio do Produto 019', '917', 1, 559, 8, 79, TO_DATE('04/03/1960','DD/MM/YYYY'), TO_DATE('27/02/1975','DD/MM/YYYY'), 14, 19);
INSERT INTO PRODUTO (CODIGO_IDENTIFICACAO, NOME, DESCRICAO, MARGEM_LUCRO, CODIGO_FILIAL, QUANTIDADE, PRECO_COMPRA, PRECO_VENDA, DATA_COMPRA, DATA_VALIDADE, ID_MARCA, ID_CATEGORIA) VALUES (20, 'Produto 020', 'Descrio do Produto 020', '7250', 2, 412, 22, 82, TO_DATE('04/05/1910','DD/MM/YYYY'), TO_DATE('12/04/1996','DD/MM/YYYY'), 15, 13);
INSERT INTO PRODUTO (CODIGO_IDENTIFICACAO, NOME, DESCRICAO, MARGEM_LUCRO, CODIGO_FILIAL, QUANTIDADE, PRECO_COMPRA, PRECO_VENDA, DATA_COMPRA, DATA_VALIDADE, ID_MARCA, ID_CATEGORIA) VALUES (21, 'Produto 021', 'Descrio do Produto 021', '8273', 2, 462, 15, 96, TO_DATE('10/06/1949','DD/MM/YYYY'), TO_DATE('22/10/1981','DD/MM/YYYY'), 21, 6);
INSERT INTO PRODUTO (CODIGO_IDENTIFICACAO, NOME, DESCRICAO, MARGEM_LUCRO, CODIGO_FILIAL, QUANTIDADE, PRECO_COMPRA, PRECO_VENDA, DATA_COMPRA, DATA_VALIDADE, ID_MARCA, ID_CATEGORIA) VALUES (22, 'Produto 022', 'Descrio do Produto 022', '7458', 1, 634, 15, 76, TO_DATE('20/08/1957','DD/MM/YYYY'), TO_DATE('11/09/1967','DD/MM/YYYY'), 11, 25);
INSERT INTO PRODUTO (CODIGO_IDENTIFICACAO, NOME, DESCRICAO, MARGEM_LUCRO, CODIGO_FILIAL, QUANTIDADE, PRECO_COMPRA, PRECO_VENDA, DATA_COMPRA, DATA_VALIDADE, ID_MARCA, ID_CATEGORIA) VALUES (23, 'Produto 023', 'Descrio do Produto 023', '4553', 6, 804, 15, 46, TO_DATE('01/05/1937','DD/MM/YYYY'), TO_DATE('14/10/1976','DD/MM/YYYY'), 20, 3);
INSERT INTO PRODUTO (CODIGO_IDENTIFICACAO, NOME, DESCRICAO, MARGEM_LUCRO, CODIGO_FILIAL, QUANTIDADE, PRECO_COMPRA, PRECO_VENDA, DATA_COMPRA, DATA_VALIDADE, ID_MARCA, ID_CATEGORIA) VALUES (24, 'Produto 024', 'Descrio do Produto 024', '8316', 7, 21, 24, 68, TO_DATE('17/09/1911','DD/MM/YYYY'), TO_DATE('12/02/1928','DD/MM/YYYY'), 1, 3);
INSERT INTO PRODUTO (CODIGO_IDENTIFICACAO, NOME, DESCRICAO, MARGEM_LUCRO, CODIGO_FILIAL, QUANTIDADE, PRECO_COMPRA, PRECO_VENDA, DATA_COMPRA, DATA_VALIDADE, ID_MARCA, ID_CATEGORIA) VALUES (25, 'Produto 025', 'Descrio do Produto 025', '3722', 2, 944, 18, 57, TO_DATE('05/10/1922','DD/MM/YYYY'), TO_DATE('15/05/1953','DD/MM/YYYY'), 7, 17);
INSERT INTO PRODUTO (CODIGO_IDENTIFICACAO, NOME, DESCRICAO, MARGEM_LUCRO, CODIGO_FILIAL, QUANTIDADE, PRECO_COMPRA, PRECO_VENDA, DATA_COMPRA, DATA_VALIDADE, ID_MARCA, ID_CATEGORIA) VALUES (26, 'Produto 026', 'Descrio do Produto 026', '3109', 3, 988, 3, 72, TO_DATE('25/09/1994','DD/MM/YYYY'), TO_DATE('08/06/1957','DD/MM/YYYY'), 23, 7);
INSERT INTO PRODUTO (CODIGO_IDENTIFICACAO, NOME, DESCRICAO, MARGEM_LUCRO, CODIGO_FILIAL, QUANTIDADE, PRECO_COMPRA, PRECO_VENDA, DATA_COMPRA, DATA_VALIDADE, ID_MARCA, ID_CATEGORIA) VALUES (27, 'Produto 027', 'Descrio do Produto 027', '6448', 9, 328, 15, 50, TO_DATE('17/02/1970','DD/MM/YYYY'), TO_DATE('17/03/1994','DD/MM/YYYY'), 16, 26);
INSERT INTO PRODUTO (CODIGO_IDENTIFICACAO, NOME, DESCRICAO, MARGEM_LUCRO, CODIGO_FILIAL, QUANTIDADE, PRECO_COMPRA, PRECO_VENDA, DATA_COMPRA, DATA_VALIDADE, ID_MARCA, ID_CATEGORIA) VALUES (28, 'Produto 028', 'Descrio do Produto 028', '9428', 1, 893, 28, 68, TO_DATE('02/02/1996','DD/MM/YYYY'), TO_DATE('07/08/1918','DD/MM/YYYY'), 14, 7);
INSERT INTO PRODUTO (CODIGO_IDENTIFICACAO, NOME, DESCRICAO, MARGEM_LUCRO, CODIGO_FILIAL, QUANTIDADE, PRECO_COMPRA, PRECO_VENDA, DATA_COMPRA, DATA_VALIDADE, ID_MARCA, ID_CATEGORIA) VALUES (29, 'Produto 029', 'Descrio do Produto 029', '295', 6, 497, 20, 53, TO_DATE('15/04/1949','DD/MM/YYYY'), TO_DATE('12/10/1978','DD/MM/YYYY'), 19, 14);
INSERT INTO PRODUTO (CODIGO_IDENTIFICACAO, NOME, DESCRICAO, MARGEM_LUCRO, CODIGO_FILIAL, QUANTIDADE, PRECO_COMPRA, PRECO_VENDA, DATA_COMPRA, DATA_VALIDADE, ID_MARCA, ID_CATEGORIA) VALUES (30, 'Produto 030', 'Descrio do Produto 030', '7682', 2, 357, 20, 32, TO_DATE('28/06/1956','DD/MM/YYYY'), TO_DATE('13/06/1964','DD/MM/YYYY'), 22, 4);
INSERT INTO PRODUTO (CODIGO_IDENTIFICACAO, NOME, DESCRICAO, MARGEM_LUCRO, CODIGO_FILIAL, QUANTIDADE, PRECO_COMPRA, PRECO_VENDA, DATA_COMPRA, DATA_VALIDADE, ID_MARCA, ID_CATEGORIA) VALUES (31, 'Produto 031', 'Descrio do Produto 031', '4747', 1, 365, 24, 52, TO_DATE('15/04/1932','DD/MM/YYYY'), TO_DATE('08/11/1971','DD/MM/YYYY'), 11, 16);
INSERT INTO PRODUTO (CODIGO_IDENTIFICACAO, NOME, DESCRICAO, MARGEM_LUCRO, CODIGO_FILIAL, QUANTIDADE, PRECO_COMPRA, PRECO_VENDA, DATA_COMPRA, DATA_VALIDADE, ID_MARCA, ID_CATEGORIA) VALUES (32, 'Produto 032', 'Descrio do Produto 032', '42', 1, 584, 21, 88, TO_DATE('15/12/1993','DD/MM/YYYY'), TO_DATE('01/05/2018','DD/MM/YYYY'), 22, 15);
INSERT INTO PRODUTO (CODIGO_IDENTIFICACAO, NOME, DESCRICAO, MARGEM_LUCRO, CODIGO_FILIAL, QUANTIDADE, PRECO_COMPRA, PRECO_VENDA, DATA_COMPRA, DATA_VALIDADE, ID_MARCA, ID_CATEGORIA) VALUES (33, 'Produto 033', 'Descrio do Produto 033', '8350', 1, 585, 26, 81, TO_DATE('25/02/1981','DD/MM/YYYY'), TO_DATE('11/07/1938','DD/MM/YYYY'), 19, 8);
INSERT INTO PRODUTO (CODIGO_IDENTIFICACAO, NOME, DESCRICAO, MARGEM_LUCRO, CODIGO_FILIAL, QUANTIDADE, PRECO_COMPRA, PRECO_VENDA, DATA_COMPRA, DATA_VALIDADE, ID_MARCA, ID_CATEGORIA) VALUES (34, 'Produto 034', 'Descrio do Produto 034', '8917', 3, 407, 13, 91, TO_DATE('07/10/1993','DD/MM/YYYY'), TO_DATE('06/09/1939','DD/MM/YYYY'), 13, 19);
INSERT INTO PRODUTO (CODIGO_IDENTIFICACAO, NOME, DESCRICAO, MARGEM_LUCRO, CODIGO_FILIAL, QUANTIDADE, PRECO_COMPRA, PRECO_VENDA, DATA_COMPRA, DATA_VALIDADE, ID_MARCA, ID_CATEGORIA) VALUES (35, 'Produto 035', 'Descrio do Produto 035', '7011', 9, 430, 14, 98, TO_DATE('01/01/1923','DD/MM/YYYY'), TO_DATE('04/02/1913','DD/MM/YYYY'), 19, 14);
INSERT INTO PRODUTO (CODIGO_IDENTIFICACAO, NOME, DESCRICAO, MARGEM_LUCRO, CODIGO_FILIAL, QUANTIDADE, PRECO_COMPRA, PRECO_VENDA, DATA_COMPRA, DATA_VALIDADE, ID_MARCA, ID_CATEGORIA) VALUES (36, 'Produto 036', 'Descrio do Produto 036', '8579', 6, 54, 6, 31, TO_DATE('18/07/1910','DD/MM/YYYY'), TO_DATE('10/05/1999','DD/MM/YYYY'), 3, 15);
INSERT INTO PRODUTO (CODIGO_IDENTIFICACAO, NOME, DESCRICAO, MARGEM_LUCRO, CODIGO_FILIAL, QUANTIDADE, PRECO_COMPRA, PRECO_VENDA, DATA_COMPRA, DATA_VALIDADE, ID_MARCA, ID_CATEGORIA) VALUES (37, 'Produto 037', 'Descrio do Produto 037', '6684', 3, 617, 6, 53, TO_DATE('12/08/1931','DD/MM/YYYY'), TO_DATE('23/06/1952','DD/MM/YYYY'), 20, 6);
INSERT INTO PRODUTO (CODIGO_IDENTIFICACAO, NOME, DESCRICAO, MARGEM_LUCRO, CODIGO_FILIAL, QUANTIDADE, PRECO_COMPRA, PRECO_VENDA, DATA_COMPRA, DATA_VALIDADE, ID_MARCA, ID_CATEGORIA) VALUES (38, 'Produto 038', 'Descrio do Produto 038', '4972', 3, 892, 12, 63, TO_DATE('17/02/1926','DD/MM/YYYY'), TO_DATE('19/01/1944','DD/MM/YYYY'), 9, 10);
INSERT INTO PRODUTO (CODIGO_IDENTIFICACAO, NOME, DESCRICAO, MARGEM_LUCRO, CODIGO_FILIAL, QUANTIDADE, PRECO_COMPRA, PRECO_VENDA, DATA_COMPRA, DATA_VALIDADE, ID_MARCA, ID_CATEGORIA) VALUES (39, 'Produto 039', 'Descrio do Produto 039', '233', 7, 763, 23, 51, TO_DATE('23/04/1998','DD/MM/YYYY'), TO_DATE('27/06/2019','DD/MM/YYYY'), 16, 27);
INSERT INTO PRODUTO (CODIGO_IDENTIFICACAO, NOME, DESCRICAO, MARGEM_LUCRO, CODIGO_FILIAL, QUANTIDADE, PRECO_COMPRA, PRECO_VENDA, DATA_COMPRA, DATA_VALIDADE, ID_MARCA, ID_CATEGORIA) VALUES (40, 'Produto 040', 'Descrio do Produto 040', '5971', 6, 160, 16, 58, TO_DATE('25/08/1988','DD/MM/YYYY'), TO_DATE('19/02/1975','DD/MM/YYYY'), 11, 13);
INSERT INTO PRODUTO (CODIGO_IDENTIFICACAO, NOME, DESCRICAO, MARGEM_LUCRO, CODIGO_FILIAL, QUANTIDADE, PRECO_COMPRA, PRECO_VENDA, DATA_COMPRA, DATA_VALIDADE, ID_MARCA, ID_CATEGORIA) VALUES (41, 'Produto 041', 'Descrio do Produto 041', '2398', 1, 283, 2, 32, TO_DATE('01/01/1944','DD/MM/YYYY'), TO_DATE('04/02/1925','DD/MM/YYYY'), 6, 26);
INSERT INTO PRODUTO (CODIGO_IDENTIFICACAO, NOME, DESCRICAO, MARGEM_LUCRO, CODIGO_FILIAL, QUANTIDADE, PRECO_COMPRA, PRECO_VENDA, DATA_COMPRA, DATA_VALIDADE, ID_MARCA, ID_CATEGORIA) VALUES (42, 'Produto 042', 'Descrio do Produto 042', '5213', 7, 370, 1, 45, TO_DATE('05/02/1917','DD/MM/YYYY'), TO_DATE('24/05/1990','DD/MM/YYYY'), 17, 11);
INSERT INTO PRODUTO (CODIGO_IDENTIFICACAO, NOME, DESCRICAO, MARGEM_LUCRO, CODIGO_FILIAL, QUANTIDADE, PRECO_COMPRA, PRECO_VENDA, DATA_COMPRA, DATA_VALIDADE, ID_MARCA, ID_CATEGORIA) VALUES (43, 'Produto 043', 'Descrio do Produto 043', '2106', 7, 742, 23, 88, TO_DATE('11/09/1911','DD/MM/YYYY'), TO_DATE('14/02/1922','DD/MM/YYYY'), 11, 29);
INSERT INTO PRODUTO (CODIGO_IDENTIFICACAO, NOME, DESCRICAO, MARGEM_LUCRO, CODIGO_FILIAL, QUANTIDADE, PRECO_COMPRA, PRECO_VENDA, DATA_COMPRA, DATA_VALIDADE, ID_MARCA, ID_CATEGORIA) VALUES (44, 'Produto 044', 'Descrio do Produto 044', '4918', 0, 361, 27, 74, TO_DATE('05/11/1944','DD/MM/YYYY'), TO_DATE('20/02/1961','DD/MM/YYYY'), 0, 8);
INSERT INTO PRODUTO (CODIGO_IDENTIFICACAO, NOME, DESCRICAO, MARGEM_LUCRO, CODIGO_FILIAL, QUANTIDADE, PRECO_COMPRA, PRECO_VENDA, DATA_COMPRA, DATA_VALIDADE, ID_MARCA, ID_CATEGORIA) VALUES (45, 'Produto 045', 'Descrio do Produto 045', '5172', 4, 47, 30, 96, TO_DATE('18/12/1990','DD/MM/YYYY'), TO_DATE('11/01/2008','DD/MM/YYYY'), 3, 5);
INSERT INTO PRODUTO (CODIGO_IDENTIFICACAO, NOME, DESCRICAO, MARGEM_LUCRO, CODIGO_FILIAL, QUANTIDADE, PRECO_COMPRA, PRECO_VENDA, DATA_COMPRA, DATA_VALIDADE, ID_MARCA, ID_CATEGORIA) VALUES (46, 'Produto 046', 'Descrio do Produto 046', '5503', 7, 666, 1, 73, TO_DATE('09/03/2012','DD/MM/YYYY'), TO_DATE('07/04/2014','DD/MM/YYYY'), 9, 10);
INSERT INTO PRODUTO (CODIGO_IDENTIFICACAO, NOME, DESCRICAO, MARGEM_LUCRO, CODIGO_FILIAL, QUANTIDADE, PRECO_COMPRA, PRECO_VENDA, DATA_COMPRA, DATA_VALIDADE, ID_MARCA, ID_CATEGORIA) VALUES (47, 'Produto 047', 'Descrio do Produto 047', '1042', 5, 117, 7, 98, TO_DATE('21/10/1965','DD/MM/YYYY'), TO_DATE('03/01/1982','DD/MM/YYYY'), 13, 20);
INSERT INTO PRODUTO (CODIGO_IDENTIFICACAO, NOME, DESCRICAO, MARGEM_LUCRO, CODIGO_FILIAL, QUANTIDADE, PRECO_COMPRA, PRECO_VENDA, DATA_COMPRA, DATA_VALIDADE, ID_MARCA, ID_CATEGORIA) VALUES (48, 'Produto 048', 'Descrio do Produto 048', '8141', 6, 594, 7, 91, TO_DATE('07/06/2003','DD/MM/YYYY'), TO_DATE('03/04/1979','DD/MM/YYYY'), 22, 26);
INSERT INTO PRODUTO (CODIGO_IDENTIFICACAO, NOME, DESCRICAO, MARGEM_LUCRO, CODIGO_FILIAL, QUANTIDADE, PRECO_COMPRA, PRECO_VENDA, DATA_COMPRA, DATA_VALIDADE, ID_MARCA, ID_CATEGORIA) VALUES (49, 'Produto 049', 'Descrio do Produto 049', '8551', 4, 973, 29, 45, TO_DATE('15/02/1956','DD/MM/YYYY'), TO_DATE('04/10/1975','DD/MM/YYYY'), 20, 21);
INSERT INTO PRODUTO (CODIGO_IDENTIFICACAO, NOME, DESCRICAO, MARGEM_LUCRO, CODIGO_FILIAL, QUANTIDADE, PRECO_COMPRA, PRECO_VENDA, DATA_COMPRA, DATA_VALIDADE, ID_MARCA, ID_CATEGORIA) VALUES (50, 'Produto 050', 'Descrio do Produto 050', '7195', 1, 214, 24, 38, TO_DATE('15/06/1993','DD/MM/YYYY'), TO_DATE('22/09/1956','DD/MM/YYYY'), 2, 17);
INSERT INTO PRODUTO (CODIGO_IDENTIFICACAO, NOME, DESCRICAO, MARGEM_LUCRO, CODIGO_FILIAL, QUANTIDADE, PRECO_COMPRA, PRECO_VENDA, DATA_COMPRA, DATA_VALIDADE, ID_MARCA, ID_CATEGORIA) VALUES (51, 'Produto 051', 'Descrio do Produto 051', '154', 3, 394, 7, 97, TO_DATE('14/02/1972','DD/MM/YYYY'), TO_DATE('01/12/1928','DD/MM/YYYY'), 5, 15);
INSERT INTO PRODUTO (CODIGO_IDENTIFICACAO, NOME, DESCRICAO, MARGEM_LUCRO, CODIGO_FILIAL, QUANTIDADE, PRECO_COMPRA, PRECO_VENDA, DATA_COMPRA, DATA_VALIDADE, ID_MARCA, ID_CATEGORIA) VALUES (52, 'Produto 052', 'Descrio do Produto 052', '3931', 2, 469, 1, 50, TO_DATE('23/08/1962','DD/MM/YYYY'), TO_DATE('16/12/1923','DD/MM/YYYY'), 8, 23);
INSERT INTO PRODUTO (CODIGO_IDENTIFICACAO, NOME, DESCRICAO, MARGEM_LUCRO, CODIGO_FILIAL, QUANTIDADE, PRECO_COMPRA, PRECO_VENDA, DATA_COMPRA, DATA_VALIDADE, ID_MARCA, ID_CATEGORIA) VALUES (53, 'Produto 053', 'Descrio do Produto 053', '3024', 5, 312, 10, 59, TO_DATE('10/03/2004','DD/MM/YYYY'), TO_DATE('11/06/1927','DD/MM/YYYY'), 9, 11);
INSERT INTO PRODUTO (CODIGO_IDENTIFICACAO, NOME, DESCRICAO, MARGEM_LUCRO, CODIGO_FILIAL, QUANTIDADE, PRECO_COMPRA, PRECO_VENDA, DATA_COMPRA, DATA_VALIDADE, ID_MARCA, ID_CATEGORIA) VALUES (54, 'Produto 054', 'Descrio do Produto 054', '9498', 4, 491, 1, 97, TO_DATE('14/03/1978','DD/MM/YYYY'), TO_DATE('21/02/1997','DD/MM/YYYY'), 21, 4);
INSERT INTO PRODUTO (CODIGO_IDENTIFICACAO, NOME, DESCRICAO, MARGEM_LUCRO, CODIGO_FILIAL, QUANTIDADE, PRECO_COMPRA, PRECO_VENDA, DATA_COMPRA, DATA_VALIDADE, ID_MARCA, ID_CATEGORIA) VALUES (55, 'Produto 055', 'Descrio do Produto 055', '739', 0, 681, 4, 72, TO_DATE('03/01/1963','DD/MM/YYYY'), TO_DATE('18/11/1963','DD/MM/YYYY'), 13, 10);
INSERT INTO PRODUTO (CODIGO_IDENTIFICACAO, NOME, DESCRICAO, MARGEM_LUCRO, CODIGO_FILIAL, QUANTIDADE, PRECO_COMPRA, PRECO_VENDA, DATA_COMPRA, DATA_VALIDADE, ID_MARCA, ID_CATEGORIA) VALUES (56, 'Produto 056', 'Descrio do Produto 056', '2433', 8, 908, 19, 35, TO_DATE('28/03/1924','DD/MM/YYYY'), TO_DATE('02/01/1997','DD/MM/YYYY'), 0, 10);
INSERT INTO PRODUTO (CODIGO_IDENTIFICACAO, NOME, DESCRICAO, MARGEM_LUCRO, CODIGO_FILIAL, QUANTIDADE, PRECO_COMPRA, PRECO_VENDA, DATA_COMPRA, DATA_VALIDADE, ID_MARCA, ID_CATEGORIA) VALUES (57, 'Produto 057', 'Descrio do Produto 057', '930', 6, 940, 30, 34, TO_DATE('01/07/1978','DD/MM/YYYY'), TO_DATE('26/05/1955','DD/MM/YYYY'), 11, 25);
INSERT INTO PRODUTO (CODIGO_IDENTIFICACAO, NOME, DESCRICAO, MARGEM_LUCRO, CODIGO_FILIAL, QUANTIDADE, PRECO_COMPRA, PRECO_VENDA, DATA_COMPRA, DATA_VALIDADE, ID_MARCA, ID_CATEGORIA) VALUES (58, 'Produto 058', 'Descrio do Produto 058', '5604', 5, 397, 23, 54, TO_DATE('05/10/1974','DD/MM/YYYY'), TO_DATE('27/08/2000','DD/MM/YYYY'), 0, 7);
INSERT INTO PRODUTO (CODIGO_IDENTIFICACAO, NOME, DESCRICAO, MARGEM_LUCRO, CODIGO_FILIAL, QUANTIDADE, PRECO_COMPRA, PRECO_VENDA, DATA_COMPRA, DATA_VALIDADE, ID_MARCA, ID_CATEGORIA) VALUES (59, 'Produto 059', 'Descrio do Produto 059', '5559', 1, 627, 24, 72, TO_DATE('26/08/1983','DD/MM/YYYY'), TO_DATE('01/03/1953','DD/MM/YYYY'), 0, 14);
INSERT INTO PRODUTO (CODIGO_IDENTIFICACAO, NOME, DESCRICAO, MARGEM_LUCRO, CODIGO_FILIAL, QUANTIDADE, PRECO_COMPRA, PRECO_VENDA, DATA_COMPRA, DATA_VALIDADE, ID_MARCA, ID_CATEGORIA) VALUES (60, 'Produto 060', 'Descrio do Produto 060', '3961', 6, 146, 1, 86, TO_DATE('03/04/1977','DD/MM/YYYY'), TO_DATE('15/11/1995','DD/MM/YYYY'), 13, 5);
INSERT INTO PRODUTO (CODIGO_IDENTIFICACAO, NOME, DESCRICAO, MARGEM_LUCRO, CODIGO_FILIAL, QUANTIDADE, PRECO_COMPRA, PRECO_VENDA, DATA_COMPRA, DATA_VALIDADE, ID_MARCA, ID_CATEGORIA) VALUES (61, 'Produto 061', 'Descrio do Produto 061', '3571', 9, 310, 29, 78, TO_DATE('28/10/1966','DD/MM/YYYY'), TO_DATE('26/12/1919','DD/MM/YYYY'), 20, 0);
INSERT INTO PRODUTO (CODIGO_IDENTIFICACAO, NOME, DESCRICAO, MARGEM_LUCRO, CODIGO_FILIAL, QUANTIDADE, PRECO_COMPRA, PRECO_VENDA, DATA_COMPRA, DATA_VALIDADE, ID_MARCA, ID_CATEGORIA) VALUES (62, 'Produto 062', 'Descrio do Produto 062', '7382', 9, 514, 6, 50, TO_DATE('23/06/1972','DD/MM/YYYY'), TO_DATE('28/08/1944','DD/MM/YYYY'), 1, 21);
INSERT INTO PRODUTO (CODIGO_IDENTIFICACAO, NOME, DESCRICAO, MARGEM_LUCRO, CODIGO_FILIAL, QUANTIDADE, PRECO_COMPRA, PRECO_VENDA, DATA_COMPRA, DATA_VALIDADE, ID_MARCA, ID_CATEGORIA) VALUES (63, 'Produto 063', 'Descrio do Produto 063', '5278', 3, 714, 1, 60, TO_DATE('15/02/1957','DD/MM/YYYY'), TO_DATE('03/05/2003','DD/MM/YYYY'), 14, 11);
INSERT INTO PRODUTO (CODIGO_IDENTIFICACAO, NOME, DESCRICAO, MARGEM_LUCRO, CODIGO_FILIAL, QUANTIDADE, PRECO_COMPRA, PRECO_VENDA, DATA_COMPRA, DATA_VALIDADE, ID_MARCA, ID_CATEGORIA) VALUES (64, 'Produto 064', 'Descrio do Produto 064', '6160', 7, 535, 11, 71, TO_DATE('25/12/1968','DD/MM/YYYY'), TO_DATE('05/07/1987','DD/MM/YYYY'), 1, 16);
INSERT INTO PRODUTO (CODIGO_IDENTIFICACAO, NOME, DESCRICAO, MARGEM_LUCRO, CODIGO_FILIAL, QUANTIDADE, PRECO_COMPRA, PRECO_VENDA, DATA_COMPRA, DATA_VALIDADE, ID_MARCA, ID_CATEGORIA) VALUES (65, 'Produto 065', 'Descrio do Produto 065', '3440', 0, 764, 5, 75, TO_DATE('07/01/1938','DD/MM/YYYY'), TO_DATE('28/08/1982','DD/MM/YYYY'), 14, 17);
INSERT INTO PRODUTO (CODIGO_IDENTIFICACAO, NOME, DESCRICAO, MARGEM_LUCRO, CODIGO_FILIAL, QUANTIDADE, PRECO_COMPRA, PRECO_VENDA, DATA_COMPRA, DATA_VALIDADE, ID_MARCA, ID_CATEGORIA) VALUES (66, 'Produto 066', 'Descrio do Produto 066', '8657', 0, 508, 21, 59, TO_DATE('08/06/1972','DD/MM/YYYY'), TO_DATE('11/11/2012','DD/MM/YYYY'), 14, 1);
INSERT INTO PRODUTO (CODIGO_IDENTIFICACAO, NOME, DESCRICAO, MARGEM_LUCRO, CODIGO_FILIAL, QUANTIDADE, PRECO_COMPRA, PRECO_VENDA, DATA_COMPRA, DATA_VALIDADE, ID_MARCA, ID_CATEGORIA) VALUES (67, 'Produto 067', 'Descrio do Produto 067', '4378', 7, 478, 23, 35, TO_DATE('03/07/1914','DD/MM/YYYY'), TO_DATE('25/05/1960','DD/MM/YYYY'), 9, 11);
INSERT INTO PRODUTO (CODIGO_IDENTIFICACAO, NOME, DESCRICAO, MARGEM_LUCRO, CODIGO_FILIAL, QUANTIDADE, PRECO_COMPRA, PRECO_VENDA, DATA_COMPRA, DATA_VALIDADE, ID_MARCA, ID_CATEGORIA) VALUES (68, 'Produto 068', 'Descrio do Produto 068', '1412', 4, 593, 3, 38, TO_DATE('11/12/1931','DD/MM/YYYY'), TO_DATE('27/02/1934','DD/MM/YYYY'), 18, 23);
INSERT INTO PRODUTO (CODIGO_IDENTIFICACAO, NOME, DESCRICAO, MARGEM_LUCRO, CODIGO_FILIAL, QUANTIDADE, PRECO_COMPRA, PRECO_VENDA, DATA_COMPRA, DATA_VALIDADE, ID_MARCA, ID_CATEGORIA) VALUES (69, 'Produto 069', 'Descrio do Produto 069', '3014', 0, 865, 8, 55, TO_DATE('06/08/1934','DD/MM/YYYY'), TO_DATE('27/09/2015','DD/MM/YYYY'), 14, 6);
INSERT INTO PRODUTO (CODIGO_IDENTIFICACAO, NOME, DESCRICAO, MARGEM_LUCRO, CODIGO_FILIAL, QUANTIDADE, PRECO_COMPRA, PRECO_VENDA, DATA_COMPRA, DATA_VALIDADE, ID_MARCA, ID_CATEGORIA) VALUES (70, 'Produto 070', 'Descrio do Produto 070', '2676', 7, 701, 26, 77, TO_DATE('27/07/1974','DD/MM/YYYY'), TO_DATE('18/07/1914','DD/MM/YYYY'), 12, 21);
INSERT INTO PRODUTO (CODIGO_IDENTIFICACAO, NOME, DESCRICAO, MARGEM_LUCRO, CODIGO_FILIAL, QUANTIDADE, PRECO_COMPRA, PRECO_VENDA, DATA_COMPRA, DATA_VALIDADE, ID_MARCA, ID_CATEGORIA) VALUES (71, 'Produto 071', 'Descrio do Produto 071', '6051', 6, 923, 11, 81, TO_DATE('19/10/1931','DD/MM/YYYY'), TO_DATE('06/05/1930','DD/MM/YYYY'), 23, 25);
INSERT INTO PRODUTO (CODIGO_IDENTIFICACAO, NOME, DESCRICAO, MARGEM_LUCRO, CODIGO_FILIAL, QUANTIDADE, PRECO_COMPRA, PRECO_VENDA, DATA_COMPRA, DATA_VALIDADE, ID_MARCA, ID_CATEGORIA) VALUES (72, 'Produto 072', 'Descrio do Produto 072', '7910', 0, 975, 7, 79, TO_DATE('01/08/1933','DD/MM/YYYY'), TO_DATE('06/06/1940','DD/MM/YYYY'), 10, 11);
INSERT INTO PRODUTO (CODIGO_IDENTIFICACAO, NOME, DESCRICAO, MARGEM_LUCRO, CODIGO_FILIAL, QUANTIDADE, PRECO_COMPRA, PRECO_VENDA, DATA_COMPRA, DATA_VALIDADE, ID_MARCA, ID_CATEGORIA) VALUES (73, 'Produto 073', 'Descrio do Produto 073', '6274', 4, 841, 4, 68, TO_DATE('01/11/1921','DD/MM/YYYY'), TO_DATE('14/11/1952','DD/MM/YYYY'), 22, 27);
INSERT INTO PRODUTO (CODIGO_IDENTIFICACAO, NOME, DESCRICAO, MARGEM_LUCRO, CODIGO_FILIAL, QUANTIDADE, PRECO_COMPRA, PRECO_VENDA, DATA_COMPRA, DATA_VALIDADE, ID_MARCA, ID_CATEGORIA) VALUES (74, 'Produto 074', 'Descrio do Produto 074', '2009', 1, 188, 30, 34, TO_DATE('23/06/1939','DD/MM/YYYY'), TO_DATE('25/02/1916','DD/MM/YYYY'), 12, 10);
INSERT INTO PRODUTO (CODIGO_IDENTIFICACAO, NOME, DESCRICAO, MARGEM_LUCRO, CODIGO_FILIAL, QUANTIDADE, PRECO_COMPRA, PRECO_VENDA, DATA_COMPRA, DATA_VALIDADE, ID_MARCA, ID_CATEGORIA) VALUES (75, 'Produto 075', 'Descrio do Produto 075', '5602', 3, 230, 6, 56, TO_DATE('03/08/1979','DD/MM/YYYY'), TO_DATE('06/04/1949','DD/MM/YYYY'), 24, 14);
INSERT INTO PRODUTO (CODIGO_IDENTIFICACAO, NOME, DESCRICAO, MARGEM_LUCRO, CODIGO_FILIAL, QUANTIDADE, PRECO_COMPRA, PRECO_VENDA, DATA_COMPRA, DATA_VALIDADE, ID_MARCA, ID_CATEGORIA) VALUES (76, 'Produto 076', 'Descrio do Produto 076', '1086', 0, 904, 12, 91, TO_DATE('08/12/2012','DD/MM/YYYY'), TO_DATE('02/09/1920','DD/MM/YYYY'), 15, 0);
INSERT INTO PRODUTO (CODIGO_IDENTIFICACAO, NOME, DESCRICAO, MARGEM_LUCRO, CODIGO_FILIAL, QUANTIDADE, PRECO_COMPRA, PRECO_VENDA, DATA_COMPRA, DATA_VALIDADE, ID_MARCA, ID_CATEGORIA) VALUES (77, 'Produto 077', 'Descrio do Produto 077', '3916', 8, 128, 12, 88, TO_DATE('22/07/1978','DD/MM/YYYY'), TO_DATE('01/05/2012','DD/MM/YYYY'), 16, 8);
INSERT INTO PRODUTO (CODIGO_IDENTIFICACAO, NOME, DESCRICAO, MARGEM_LUCRO, CODIGO_FILIAL, QUANTIDADE, PRECO_COMPRA, PRECO_VENDA, DATA_COMPRA, DATA_VALIDADE, ID_MARCA, ID_CATEGORIA) VALUES (78, 'Produto 078', 'Descrio do Produto 078', '282', 3, 743, 17, 80, TO_DATE('07/06/1985','DD/MM/YYYY'), TO_DATE('09/05/1996','DD/MM/YYYY'), 5, 13);
INSERT INTO PRODUTO (CODIGO_IDENTIFICACAO, NOME, DESCRICAO, MARGEM_LUCRO, CODIGO_FILIAL, QUANTIDADE, PRECO_COMPRA, PRECO_VENDA, DATA_COMPRA, DATA_VALIDADE, ID_MARCA, ID_CATEGORIA) VALUES (79, 'Produto 079', 'Descrio do Produto 079', '8472', 1, 960, 13, 53, TO_DATE('26/11/1922','DD/MM/YYYY'), TO_DATE('23/05/1975','DD/MM/YYYY'), 7, 3);
INSERT INTO PRODUTO (CODIGO_IDENTIFICACAO, NOME, DESCRICAO, MARGEM_LUCRO, CODIGO_FILIAL, QUANTIDADE, PRECO_COMPRA, PRECO_VENDA, DATA_COMPRA, DATA_VALIDADE, ID_MARCA, ID_CATEGORIA) VALUES (80, 'Produto 080', 'Descrio do Produto 080', '6942', 6, 671, 29, 51, TO_DATE('02/02/1965','DD/MM/YYYY'), TO_DATE('16/06/1916','DD/MM/YYYY'), 6, 5);
INSERT INTO PRODUTO (CODIGO_IDENTIFICACAO, NOME, DESCRICAO, MARGEM_LUCRO, CODIGO_FILIAL, QUANTIDADE, PRECO_COMPRA, PRECO_VENDA, DATA_COMPRA, DATA_VALIDADE, ID_MARCA, ID_CATEGORIA) VALUES (81, 'Produto 081', 'Descrio do Produto 081', '5113', 6, 498, 9, 70, TO_DATE('02/12/1965','DD/MM/YYYY'), TO_DATE('19/08/1982','DD/MM/YYYY'), 12, 20);
INSERT INTO PRODUTO (CODIGO_IDENTIFICACAO, NOME, DESCRICAO, MARGEM_LUCRO, CODIGO_FILIAL, QUANTIDADE, PRECO_COMPRA, PRECO_VENDA, DATA_COMPRA, DATA_VALIDADE, ID_MARCA, ID_CATEGORIA) VALUES (82, 'Produto 082', 'Descrio do Produto 082', '5288', 6, 950, 22, 74, TO_DATE('19/05/1956','DD/MM/YYYY'), TO_DATE('15/06/1955','DD/MM/YYYY'), 19, 10);
INSERT INTO PRODUTO (CODIGO_IDENTIFICACAO, NOME, DESCRICAO, MARGEM_LUCRO, CODIGO_FILIAL, QUANTIDADE, PRECO_COMPRA, PRECO_VENDA, DATA_COMPRA, DATA_VALIDADE, ID_MARCA, ID_CATEGORIA) VALUES (83, 'Produto 083', 'Descrio do Produto 083', '445', 6, 876, 23, 67, TO_DATE('11/03/2000','DD/MM/YYYY'), TO_DATE('21/07/2000','DD/MM/YYYY'), 6, 14);
INSERT INTO PRODUTO (CODIGO_IDENTIFICACAO, NOME, DESCRICAO, MARGEM_LUCRO, CODIGO_FILIAL, QUANTIDADE, PRECO_COMPRA, PRECO_VENDA, DATA_COMPRA, DATA_VALIDADE, ID_MARCA, ID_CATEGORIA) VALUES (84, 'Produto 084', 'Descrio do Produto 084', '6406', 8, 724, 5, 43, TO_DATE('26/08/1930','DD/MM/YYYY'), TO_DATE('13/10/1953','DD/MM/YYYY'), 24, 4);
INSERT INTO PRODUTO (CODIGO_IDENTIFICACAO, NOME, DESCRICAO, MARGEM_LUCRO, CODIGO_FILIAL, QUANTIDADE, PRECO_COMPRA, PRECO_VENDA, DATA_COMPRA, DATA_VALIDADE, ID_MARCA, ID_CATEGORIA) VALUES (85, 'Produto 085', 'Descrio do Produto 085', '6781', 0, 571, 28, 46, TO_DATE('18/05/2009','DD/MM/YYYY'), TO_DATE('24/05/1932','DD/MM/YYYY'), 4, 9);
INSERT INTO PRODUTO (CODIGO_IDENTIFICACAO, NOME, DESCRICAO, MARGEM_LUCRO, CODIGO_FILIAL, QUANTIDADE, PRECO_COMPRA, PRECO_VENDA, DATA_COMPRA, DATA_VALIDADE, ID_MARCA, ID_CATEGORIA) VALUES (86, 'Produto 086', 'Descrio do Produto 086', '1997', 6, 266, 8, 80, TO_DATE('21/07/1965','DD/MM/YYYY'), TO_DATE('20/02/2000','DD/MM/YYYY'), 24, 20);
INSERT INTO PRODUTO (CODIGO_IDENTIFICACAO, NOME, DESCRICAO, MARGEM_LUCRO, CODIGO_FILIAL, QUANTIDADE, PRECO_COMPRA, PRECO_VENDA, DATA_COMPRA, DATA_VALIDADE, ID_MARCA, ID_CATEGORIA) VALUES (87, 'Produto 087', 'Descrio do Produto 087', '5605', 2, 575, 5, 66, TO_DATE('16/01/1921','DD/MM/YYYY'), TO_DATE('01/05/2016','DD/MM/YYYY'), 11, 11);
INSERT INTO PRODUTO (CODIGO_IDENTIFICACAO, NOME, DESCRICAO, MARGEM_LUCRO, CODIGO_FILIAL, QUANTIDADE, PRECO_COMPRA, PRECO_VENDA, DATA_COMPRA, DATA_VALIDADE, ID_MARCA, ID_CATEGORIA) VALUES (88, 'Produto 088', 'Descrio do Produto 088', '7528', 8, 707, 20, 60, TO_DATE('15/02/1938','DD/MM/YYYY'), TO_DATE('18/05/1959','DD/MM/YYYY'), 15, 28);
INSERT INTO PRODUTO (CODIGO_IDENTIFICACAO, NOME, DESCRICAO, MARGEM_LUCRO, CODIGO_FILIAL, QUANTIDADE, PRECO_COMPRA, PRECO_VENDA, DATA_COMPRA, DATA_VALIDADE, ID_MARCA, ID_CATEGORIA) VALUES (89, 'Produto 089', 'Descrio do Produto 089', '9492', 3, 401, 25, 41, TO_DATE('11/05/1923','DD/MM/YYYY'), TO_DATE('20/06/2002','DD/MM/YYYY'), 13, 3);
INSERT INTO PRODUTO (CODIGO_IDENTIFICACAO, NOME, DESCRICAO, MARGEM_LUCRO, CODIGO_FILIAL, QUANTIDADE, PRECO_COMPRA, PRECO_VENDA, DATA_COMPRA, DATA_VALIDADE, ID_MARCA, ID_CATEGORIA) VALUES (90, 'Produto 090', 'Descrio do Produto 090', '5287', 0, 628, 2, 75, TO_DATE('20/06/2012','DD/MM/YYYY'), TO_DATE('09/07/1927','DD/MM/YYYY'), 2, 3);
INSERT INTO PRODUTO (CODIGO_IDENTIFICACAO, NOME, DESCRICAO, MARGEM_LUCRO, CODIGO_FILIAL, QUANTIDADE, PRECO_COMPRA, PRECO_VENDA, DATA_COMPRA, DATA_VALIDADE, ID_MARCA, ID_CATEGORIA) VALUES (91, 'Produto 091', 'Descrio do Produto 091', '4491', 1, 852, 23, 96, TO_DATE('27/02/1933','DD/MM/YYYY'), TO_DATE('26/06/1911','DD/MM/YYYY'), 14, 26);
INSERT INTO PRODUTO (CODIGO_IDENTIFICACAO, NOME, DESCRICAO, MARGEM_LUCRO, CODIGO_FILIAL, QUANTIDADE, PRECO_COMPRA, PRECO_VENDA, DATA_COMPRA, DATA_VALIDADE, ID_MARCA, ID_CATEGORIA) VALUES (92, 'Produto 092', 'Descrio do Produto 092', '6613', 9, 817, 1, 94, TO_DATE('09/06/1951','DD/MM/YYYY'), TO_DATE('18/12/1949','DD/MM/YYYY'), 7, 7);
INSERT INTO PRODUTO (CODIGO_IDENTIFICACAO, NOME, DESCRICAO, MARGEM_LUCRO, CODIGO_FILIAL, QUANTIDADE, PRECO_COMPRA, PRECO_VENDA, DATA_COMPRA, DATA_VALIDADE, ID_MARCA, ID_CATEGORIA) VALUES (93, 'Produto 093', 'Descrio do Produto 093', '8311', 0, 317, 20, 85, TO_DATE('23/03/2011','DD/MM/YYYY'), TO_DATE('14/06/1933','DD/MM/YYYY'), 10, 1);
INSERT INTO PRODUTO (CODIGO_IDENTIFICACAO, NOME, DESCRICAO, MARGEM_LUCRO, CODIGO_FILIAL, QUANTIDADE, PRECO_COMPRA, PRECO_VENDA, DATA_COMPRA, DATA_VALIDADE, ID_MARCA, ID_CATEGORIA) VALUES (94, 'Produto 094', 'Descrio do Produto 094', '1935', 8, 267, 8, 36, TO_DATE('25/06/1986','DD/MM/YYYY'), TO_DATE('14/12/1954','DD/MM/YYYY'), 7, 11);
INSERT INTO PRODUTO (CODIGO_IDENTIFICACAO, NOME, DESCRICAO, MARGEM_LUCRO, CODIGO_FILIAL, QUANTIDADE, PRECO_COMPRA, PRECO_VENDA, DATA_COMPRA, DATA_VALIDADE, ID_MARCA, ID_CATEGORIA) VALUES (95, 'Produto 095', 'Descrio do Produto 095', '535', 5, 45, 23, 33, TO_DATE('09/08/1915','DD/MM/YYYY'), TO_DATE('21/03/1932','DD/MM/YYYY'), 9, 23);
INSERT INTO PRODUTO (CODIGO_IDENTIFICACAO, NOME, DESCRICAO, MARGEM_LUCRO, CODIGO_FILIAL, QUANTIDADE, PRECO_COMPRA, PRECO_VENDA, DATA_COMPRA, DATA_VALIDADE, ID_MARCA, ID_CATEGORIA) VALUES (96, 'Produto 096', 'Descrio do Produto 096', '4605', 3, 576, 28, 48, TO_DATE('28/03/1994','DD/MM/YYYY'), TO_DATE('10/01/1913','DD/MM/YYYY'), 6, 8);
INSERT INTO PRODUTO (CODIGO_IDENTIFICACAO, NOME, DESCRICAO, MARGEM_LUCRO, CODIGO_FILIAL, QUANTIDADE, PRECO_COMPRA, PRECO_VENDA, DATA_COMPRA, DATA_VALIDADE, ID_MARCA, ID_CATEGORIA) VALUES (97, 'Produto 097', 'Descrio do Produto 097', '2433', 6, 171, 21, 79, TO_DATE('12/09/1945','DD/MM/YYYY'), TO_DATE('21/11/1951','DD/MM/YYYY'), 3, 24);
INSERT INTO PRODUTO (CODIGO_IDENTIFICACAO, NOME, DESCRICAO, MARGEM_LUCRO, CODIGO_FILIAL, QUANTIDADE, PRECO_COMPRA, PRECO_VENDA, DATA_COMPRA, DATA_VALIDADE, ID_MARCA, ID_CATEGORIA) VALUES (98, 'Produto 098', 'Descrio do Produto 098', '6811', 4, 792, 6, 73, TO_DATE('24/04/1960','DD/MM/YYYY'), TO_DATE('16/07/2001','DD/MM/YYYY'), 6, 19);
INSERT INTO PRODUTO (CODIGO_IDENTIFICACAO, NOME, DESCRICAO, MARGEM_LUCRO, CODIGO_FILIAL, QUANTIDADE, PRECO_COMPRA, PRECO_VENDA, DATA_COMPRA, DATA_VALIDADE, ID_MARCA, ID_CATEGORIA) VALUES (99, 'Produto 099', 'Descrio do Produto 099', '358', 2, 419, 7, 35, TO_DATE('02/01/1942','DD/MM/YYYY'), TO_DATE('03/08/1992','DD/MM/YYYY'), 13, 8);
INSERT INTO PRODUTO (CODIGO_IDENTIFICACAO, NOME, DESCRICAO, MARGEM_LUCRO, CODIGO_FILIAL, QUANTIDADE, PRECO_COMPRA, PRECO_VENDA, DATA_COMPRA, DATA_VALIDADE, ID_MARCA, ID_CATEGORIA) VALUES (100, 'Produto 0100', 'Descrio do Produto 0100', '144', 1, 36, 3, 57, TO_DATE('24/12/1922','DD/MM/YYYY'), TO_DATE('03/08/1959','DD/MM/YYYY'), 21, 17);
INSERT INTO PRODUTO (CODIGO_IDENTIFICACAO, NOME, DESCRICAO, MARGEM_LUCRO, CODIGO_FILIAL, QUANTIDADE, PRECO_COMPRA, PRECO_VENDA, DATA_COMPRA, DATA_VALIDADE, ID_MARCA, ID_CATEGORIA) VALUES (101, 'Produto 0101', 'Descrio do Produto 0101', '6613', 3, 340, 26, 55, TO_DATE('16/08/2014','DD/MM/YYYY'), TO_DATE('19/09/1915','DD/MM/YYYY'), 14, 0);
INSERT INTO PRODUTO (CODIGO_IDENTIFICACAO, NOME, DESCRICAO, MARGEM_LUCRO, CODIGO_FILIAL, QUANTIDADE, PRECO_COMPRA, PRECO_VENDA, DATA_COMPRA, DATA_VALIDADE, ID_MARCA, ID_CATEGORIA) VALUES (102, 'Produto 0102', 'Descrio do Produto 0102', '5037', 9, 200, 27, 80, TO_DATE('05/03/1991','DD/MM/YYYY'), TO_DATE('14/04/2012','DD/MM/YYYY'), 24, 0);
INSERT INTO PRODUTO (CODIGO_IDENTIFICACAO, NOME, DESCRICAO, MARGEM_LUCRO, CODIGO_FILIAL, QUANTIDADE, PRECO_COMPRA, PRECO_VENDA, DATA_COMPRA, DATA_VALIDADE, ID_MARCA, ID_CATEGORIA) VALUES (103, 'Produto 0103', 'Descrio do Produto 0103', '2885', 8, 49, 19, 33, TO_DATE('26/10/1926','DD/MM/YYYY'), TO_DATE('19/05/1951','DD/MM/YYYY'), 17, 20);
INSERT INTO PRODUTO (CODIGO_IDENTIFICACAO, NOME, DESCRICAO, MARGEM_LUCRO, CODIGO_FILIAL, QUANTIDADE, PRECO_COMPRA, PRECO_VENDA, DATA_COMPRA, DATA_VALIDADE, ID_MARCA, ID_CATEGORIA) VALUES (104, 'Produto 0104', 'Descrio do Produto 0104', '1816', 6, 790, 23, 73, TO_DATE('07/03/2006','DD/MM/YYYY'), TO_DATE('14/06/1982','DD/MM/YYYY'), 5, 19);
INSERT INTO PRODUTO (CODIGO_IDENTIFICACAO, NOME, DESCRICAO, MARGEM_LUCRO, CODIGO_FILIAL, QUANTIDADE, PRECO_COMPRA, PRECO_VENDA, DATA_COMPRA, DATA_VALIDADE, ID_MARCA, ID_CATEGORIA) VALUES (105, 'Produto 0105', 'Descrio do Produto 0105', '4031', 6, 80, 24, 41, TO_DATE('04/02/1940','DD/MM/YYYY'), TO_DATE('10/05/1953','DD/MM/YYYY'), 21, 1);
INSERT INTO PRODUTO (CODIGO_IDENTIFICACAO, NOME, DESCRICAO, MARGEM_LUCRO, CODIGO_FILIAL, QUANTIDADE, PRECO_COMPRA, PRECO_VENDA, DATA_COMPRA, DATA_VALIDADE, ID_MARCA, ID_CATEGORIA) VALUES (106, 'Produto 0106', 'Descrio do Produto 0106', '8650', 4, 452, 13, 59, TO_DATE('04/02/1914','DD/MM/YYYY'), TO_DATE('19/05/2004','DD/MM/YYYY'), 13, 5);
INSERT INTO PRODUTO (CODIGO_IDENTIFICACAO, NOME, DESCRICAO, MARGEM_LUCRO, CODIGO_FILIAL, QUANTIDADE, PRECO_COMPRA, PRECO_VENDA, DATA_COMPRA, DATA_VALIDADE, ID_MARCA, ID_CATEGORIA) VALUES (107, 'Produto 0107', 'Descrio do Produto 0107', '1474', 3, 861, 15, 92, TO_DATE('13/09/1963','DD/MM/YYYY'), TO_DATE('10/12/1912','DD/MM/YYYY'), 7, 5);
INSERT INTO PRODUTO (CODIGO_IDENTIFICACAO, NOME, DESCRICAO, MARGEM_LUCRO, CODIGO_FILIAL, QUANTIDADE, PRECO_COMPRA, PRECO_VENDA, DATA_COMPRA, DATA_VALIDADE, ID_MARCA, ID_CATEGORIA) VALUES (108, 'Produto 0108', 'Descrio do Produto 0108', '8106', 8, 591, 28, 62, TO_DATE('26/04/1961','DD/MM/YYYY'), TO_DATE('25/05/1932','DD/MM/YYYY'), 22, 10);
INSERT INTO PRODUTO (CODIGO_IDENTIFICACAO, NOME, DESCRICAO, MARGEM_LUCRO, CODIGO_FILIAL, QUANTIDADE, PRECO_COMPRA, PRECO_VENDA, DATA_COMPRA, DATA_VALIDADE, ID_MARCA, ID_CATEGORIA) VALUES (109, 'Produto 0109', 'Descrio do Produto 0109', '7562', 9, 210, 6, 99, TO_DATE('14/02/1910','DD/MM/YYYY'), TO_DATE('05/09/1956','DD/MM/YYYY'), 1, 24);
INSERT INTO PRODUTO (CODIGO_IDENTIFICACAO, NOME, DESCRICAO, MARGEM_LUCRO, CODIGO_FILIAL, QUANTIDADE, PRECO_COMPRA, PRECO_VENDA, DATA_COMPRA, DATA_VALIDADE, ID_MARCA, ID_CATEGORIA) VALUES (110, 'Produto 0110', 'Descrio do Produto 0110', '6258', 3, 110, 5, 78, TO_DATE('25/11/1963','DD/MM/YYYY'), TO_DATE('04/06/1976','DD/MM/YYYY'), 14, 10);
INSERT INTO PRODUTO (CODIGO_IDENTIFICACAO, NOME, DESCRICAO, MARGEM_LUCRO, CODIGO_FILIAL, QUANTIDADE, PRECO_COMPRA, PRECO_VENDA, DATA_COMPRA, DATA_VALIDADE, ID_MARCA, ID_CATEGORIA) VALUES (111, 'Produto 0111', 'Descrio do Produto 0111', '8704', 6, 945, 6, 53, TO_DATE('06/10/1995','DD/MM/YYYY'), TO_DATE('27/03/1922','DD/MM/YYYY'), 23, 15);
INSERT INTO PRODUTO (CODIGO_IDENTIFICACAO, NOME, DESCRICAO, MARGEM_LUCRO, CODIGO_FILIAL, QUANTIDADE, PRECO_COMPRA, PRECO_VENDA, DATA_COMPRA, DATA_VALIDADE, ID_MARCA, ID_CATEGORIA) VALUES (112, 'Produto 0112', 'Descrio do Produto 0112', '4231', 5, 983, 1, 63, TO_DATE('26/05/1927','DD/MM/YYYY'), TO_DATE('18/11/2012','DD/MM/YYYY'), 9, 29);
INSERT INTO PRODUTO (CODIGO_IDENTIFICACAO, NOME, DESCRICAO, MARGEM_LUCRO, CODIGO_FILIAL, QUANTIDADE, PRECO_COMPRA, PRECO_VENDA, DATA_COMPRA, DATA_VALIDADE, ID_MARCA, ID_CATEGORIA) VALUES (113, 'Produto 0113', 'Descrio do Produto 0113', '3100', 0, 626, 2, 66, TO_DATE('19/09/1952','DD/MM/YYYY'), TO_DATE('21/02/1913','DD/MM/YYYY'), 5, 27);
INSERT INTO PRODUTO (CODIGO_IDENTIFICACAO, NOME, DESCRICAO, MARGEM_LUCRO, CODIGO_FILIAL, QUANTIDADE, PRECO_COMPRA, PRECO_VENDA, DATA_COMPRA, DATA_VALIDADE, ID_MARCA, ID_CATEGORIA) VALUES (114, 'Produto 0114', 'Descrio do Produto 0114', '3011', 8, 840, 29, 97, TO_DATE('26/05/1933','DD/MM/YYYY'), TO_DATE('10/03/1925','DD/MM/YYYY'), 16, 29);
INSERT INTO PRODUTO (CODIGO_IDENTIFICACAO, NOME, DESCRICAO, MARGEM_LUCRO, CODIGO_FILIAL, QUANTIDADE, PRECO_COMPRA, PRECO_VENDA, DATA_COMPRA, DATA_VALIDADE, ID_MARCA, ID_CATEGORIA) VALUES (115, 'Produto 0115', 'Descrio do Produto 0115', '7261', 8, 491, 4, 97, TO_DATE('27/05/1968','DD/MM/YYYY'), TO_DATE('10/04/1958','DD/MM/YYYY'), 6, 21);
INSERT INTO PRODUTO (CODIGO_IDENTIFICACAO, NOME, DESCRICAO, MARGEM_LUCRO, CODIGO_FILIAL, QUANTIDADE, PRECO_COMPRA, PRECO_VENDA, DATA_COMPRA, DATA_VALIDADE, ID_MARCA, ID_CATEGORIA) VALUES (116, 'Produto 0116', 'Descrio do Produto 0116', '1721', 5, 558, 2, 75, TO_DATE('21/01/1981','DD/MM/YYYY'), TO_DATE('13/01/1952','DD/MM/YYYY'), 11, 28);
INSERT INTO PRODUTO (CODIGO_IDENTIFICACAO, NOME, DESCRICAO, MARGEM_LUCRO, CODIGO_FILIAL, QUANTIDADE, PRECO_COMPRA, PRECO_VENDA, DATA_COMPRA, DATA_VALIDADE, ID_MARCA, ID_CATEGORIA) VALUES (117, 'Produto 0117', 'Descrio do Produto 0117', '9836', 5, 82, 4, 37, TO_DATE('27/07/1961','DD/MM/YYYY'), TO_DATE('26/12/1987','DD/MM/YYYY'), 11, 16);
INSERT INTO PRODUTO (CODIGO_IDENTIFICACAO, NOME, DESCRICAO, MARGEM_LUCRO, CODIGO_FILIAL, QUANTIDADE, PRECO_COMPRA, PRECO_VENDA, DATA_COMPRA, DATA_VALIDADE, ID_MARCA, ID_CATEGORIA) VALUES (118, 'Produto 0118', 'Descrio do Produto 0118', '8191', 3, 255, 4, 74, TO_DATE('08/01/1952','DD/MM/YYYY'), TO_DATE('09/10/1975','DD/MM/YYYY'), 3, 24);
INSERT INTO PRODUTO (CODIGO_IDENTIFICACAO, NOME, DESCRICAO, MARGEM_LUCRO, CODIGO_FILIAL, QUANTIDADE, PRECO_COMPRA, PRECO_VENDA, DATA_COMPRA, DATA_VALIDADE, ID_MARCA, ID_CATEGORIA) VALUES (119, 'Produto 0119', 'Descrio do Produto 0119', '8848', 2, 263, 5, 79, TO_DATE('13/02/1954','DD/MM/YYYY'), TO_DATE('09/02/1956','DD/MM/YYYY'), 20, 5);
INSERT INTO PRODUTO (CODIGO_IDENTIFICACAO, NOME, DESCRICAO, MARGEM_LUCRO, CODIGO_FILIAL, QUANTIDADE, PRECO_COMPRA, PRECO_VENDA, DATA_COMPRA, DATA_VALIDADE, ID_MARCA, ID_CATEGORIA) VALUES (120, 'Produto 0120', 'Descrio do Produto 0120', '5940', 2, 135, 10, 55, TO_DATE('11/02/2008','DD/MM/YYYY'), TO_DATE('27/08/2015','DD/MM/YYYY'), 7, 2);
INSERT INTO PRODUTO (CODIGO_IDENTIFICACAO, NOME, DESCRICAO, MARGEM_LUCRO, CODIGO_FILIAL, QUANTIDADE, PRECO_COMPRA, PRECO_VENDA, DATA_COMPRA, DATA_VALIDADE, ID_MARCA, ID_CATEGORIA) VALUES (121, 'Produto 0121', 'Descrio do Produto 0121', '3240', 9, 388, 15, 52, TO_DATE('05/02/2007','DD/MM/YYYY'), TO_DATE('05/05/2009','DD/MM/YYYY'), 11, 26);
INSERT INTO PRODUTO (CODIGO_IDENTIFICACAO, NOME, DESCRICAO, MARGEM_LUCRO, CODIGO_FILIAL, QUANTIDADE, PRECO_COMPRA, PRECO_VENDA, DATA_COMPRA, DATA_VALIDADE, ID_MARCA, ID_CATEGORIA) VALUES (122, 'Produto 0122', 'Descrio do Produto 0122', '6343', 9, 960, 1, 32, TO_DATE('01/09/1986','DD/MM/YYYY'), TO_DATE('01/02/1999','DD/MM/YYYY'), 5, 16);
INSERT INTO PRODUTO (CODIGO_IDENTIFICACAO, NOME, DESCRICAO, MARGEM_LUCRO, CODIGO_FILIAL, QUANTIDADE, PRECO_COMPRA, PRECO_VENDA, DATA_COMPRA, DATA_VALIDADE, ID_MARCA, ID_CATEGORIA) VALUES (123, 'Produto 0123', 'Descrio do Produto 0123', '7057', 8, 651, 28, 43, TO_DATE('19/08/1983','DD/MM/YYYY'), TO_DATE('22/10/2005','DD/MM/YYYY'), 24, 28);
INSERT INTO PRODUTO (CODIGO_IDENTIFICACAO, NOME, DESCRICAO, MARGEM_LUCRO, CODIGO_FILIAL, QUANTIDADE, PRECO_COMPRA, PRECO_VENDA, DATA_COMPRA, DATA_VALIDADE, ID_MARCA, ID_CATEGORIA) VALUES (124, 'Produto 0124', 'Descrio do Produto 0124', '6408', 8, 38, 7, 89, TO_DATE('21/07/1978','DD/MM/YYYY'), TO_DATE('16/07/1947','DD/MM/YYYY'), 15, 7);
INSERT INTO PRODUTO (CODIGO_IDENTIFICACAO, NOME, DESCRICAO, MARGEM_LUCRO, CODIGO_FILIAL, QUANTIDADE, PRECO_COMPRA, PRECO_VENDA, DATA_COMPRA, DATA_VALIDADE, ID_MARCA, ID_CATEGORIA) VALUES (125, 'Produto 0125', 'Descrio do Produto 0125', '2102', 9, 166, 13, 50, TO_DATE('26/11/1973','DD/MM/YYYY'), TO_DATE('04/03/1982','DD/MM/YYYY'), 7, 22);
INSERT INTO PRODUTO (CODIGO_IDENTIFICACAO, NOME, DESCRICAO, MARGEM_LUCRO, CODIGO_FILIAL, QUANTIDADE, PRECO_COMPRA, PRECO_VENDA, DATA_COMPRA, DATA_VALIDADE, ID_MARCA, ID_CATEGORIA) VALUES (126, 'Produto 0126', 'Descrio do Produto 0126', '1497', 8, 803, 23, 34, TO_DATE('09/08/2000','DD/MM/YYYY'), TO_DATE('11/06/2018','DD/MM/YYYY'), 13, 24);
INSERT INTO PRODUTO (CODIGO_IDENTIFICACAO, NOME, DESCRICAO, MARGEM_LUCRO, CODIGO_FILIAL, QUANTIDADE, PRECO_COMPRA, PRECO_VENDA, DATA_COMPRA, DATA_VALIDADE, ID_MARCA, ID_CATEGORIA) VALUES (127, 'Produto 0127', 'Descrio do Produto 0127', '966', 0, 778, 29, 87, TO_DATE('21/07/1934','DD/MM/YYYY'), TO_DATE('18/11/1986','DD/MM/YYYY'), 14, 1);
INSERT INTO PRODUTO (CODIGO_IDENTIFICACAO, NOME, DESCRICAO, MARGEM_LUCRO, CODIGO_FILIAL, QUANTIDADE, PRECO_COMPRA, PRECO_VENDA, DATA_COMPRA, DATA_VALIDADE, ID_MARCA, ID_CATEGORIA) VALUES (128, 'Produto 0128', 'Descrio do Produto 0128', '5739', 4, 565, 5, 58, TO_DATE('25/07/1919','DD/MM/YYYY'), TO_DATE('07/06/2009','DD/MM/YYYY'), 23, 27);
INSERT INTO PRODUTO (CODIGO_IDENTIFICACAO, NOME, DESCRICAO, MARGEM_LUCRO, CODIGO_FILIAL, QUANTIDADE, PRECO_COMPRA, PRECO_VENDA, DATA_COMPRA, DATA_VALIDADE, ID_MARCA, ID_CATEGORIA) VALUES (129, 'Produto 0129', 'Descrio do Produto 0129', '7846', 1, 507, 9, 82, TO_DATE('08/05/1971','DD/MM/YYYY'), TO_DATE('10/09/1983','DD/MM/YYYY'), 21, 4);
INSERT INTO PRODUTO (CODIGO_IDENTIFICACAO, NOME, DESCRICAO, MARGEM_LUCRO, CODIGO_FILIAL, QUANTIDADE, PRECO_COMPRA, PRECO_VENDA, DATA_COMPRA, DATA_VALIDADE, ID_MARCA, ID_CATEGORIA) VALUES (130, 'Produto 0130', 'Descrio do Produto 0130', '6401', 3, 649, 16, 94, TO_DATE('16/05/1923','DD/MM/YYYY'), TO_DATE('22/04/1947','DD/MM/YYYY'), 20, 16);
INSERT INTO PRODUTO (CODIGO_IDENTIFICACAO, NOME, DESCRICAO, MARGEM_LUCRO, CODIGO_FILIAL, QUANTIDADE, PRECO_COMPRA, PRECO_VENDA, DATA_COMPRA, DATA_VALIDADE, ID_MARCA, ID_CATEGORIA) VALUES (131, 'Produto 0131', 'Descrio do Produto 0131', '4074', 9, 666, 13, 95, TO_DATE('21/01/1984','DD/MM/YYYY'), TO_DATE('27/11/1978','DD/MM/YYYY'), 5, 14);
INSERT INTO PRODUTO (CODIGO_IDENTIFICACAO, NOME, DESCRICAO, MARGEM_LUCRO, CODIGO_FILIAL, QUANTIDADE, PRECO_COMPRA, PRECO_VENDA, DATA_COMPRA, DATA_VALIDADE, ID_MARCA, ID_CATEGORIA) VALUES (132, 'Produto 0132', 'Descrio do Produto 0132', '4962', 4, 561, 16, 93, TO_DATE('02/11/1926','DD/MM/YYYY'), TO_DATE('20/06/1943','DD/MM/YYYY'), 3, 3);
INSERT INTO PRODUTO (CODIGO_IDENTIFICACAO, NOME, DESCRICAO, MARGEM_LUCRO, CODIGO_FILIAL, QUANTIDADE, PRECO_COMPRA, PRECO_VENDA, DATA_COMPRA, DATA_VALIDADE, ID_MARCA, ID_CATEGORIA) VALUES (133, 'Produto 0133', 'Descrio do Produto 0133', '8700', 5, 30, 24, 86, TO_DATE('12/09/2001','DD/MM/YYYY'), TO_DATE('05/11/1948','DD/MM/YYYY'), 13, 22);
INSERT INTO PRODUTO (CODIGO_IDENTIFICACAO, NOME, DESCRICAO, MARGEM_LUCRO, CODIGO_FILIAL, QUANTIDADE, PRECO_COMPRA, PRECO_VENDA, DATA_COMPRA, DATA_VALIDADE, ID_MARCA, ID_CATEGORIA) VALUES (134, 'Produto 0134', 'Descrio do Produto 0134', '2179', 4, 130, 9, 64, TO_DATE('05/06/1999','DD/MM/YYYY'), TO_DATE('10/02/1957','DD/MM/YYYY'), 11, 6);
INSERT INTO PRODUTO (CODIGO_IDENTIFICACAO, NOME, DESCRICAO, MARGEM_LUCRO, CODIGO_FILIAL, QUANTIDADE, PRECO_COMPRA, PRECO_VENDA, DATA_COMPRA, DATA_VALIDADE, ID_MARCA, ID_CATEGORIA) VALUES (135, 'Produto 0135', 'Descrio do Produto 0135', '2865', 7, 383, 21, 76, TO_DATE('04/10/1955','DD/MM/YYYY'), TO_DATE('19/03/1974','DD/MM/YYYY'), 13, 5);
INSERT INTO PRODUTO (CODIGO_IDENTIFICACAO, NOME, DESCRICAO, MARGEM_LUCRO, CODIGO_FILIAL, QUANTIDADE, PRECO_COMPRA, PRECO_VENDA, DATA_COMPRA, DATA_VALIDADE, ID_MARCA, ID_CATEGORIA) VALUES (136, 'Produto 0136', 'Descrio do Produto 0136', '956', 4, 588, 8, 45, TO_DATE('04/05/1999','DD/MM/YYYY'), TO_DATE('27/06/1997','DD/MM/YYYY'), 20, 6);
INSERT INTO PRODUTO (CODIGO_IDENTIFICACAO, NOME, DESCRICAO, MARGEM_LUCRO, CODIGO_FILIAL, QUANTIDADE, PRECO_COMPRA, PRECO_VENDA, DATA_COMPRA, DATA_VALIDADE, ID_MARCA, ID_CATEGORIA) VALUES (137, 'Produto 0137', 'Descrio do Produto 0137', '7856', 6, 842, 16, 41, TO_DATE('28/07/1937','DD/MM/YYYY'), TO_DATE('08/04/1993','DD/MM/YYYY'), 24, 24);
INSERT INTO PRODUTO (CODIGO_IDENTIFICACAO, NOME, DESCRICAO, MARGEM_LUCRO, CODIGO_FILIAL, QUANTIDADE, PRECO_COMPRA, PRECO_VENDA, DATA_COMPRA, DATA_VALIDADE, ID_MARCA, ID_CATEGORIA) VALUES (138, 'Produto 0138', 'Descrio do Produto 0138', '2312', 7, 946, 20, 34, TO_DATE('04/01/1983','DD/MM/YYYY'), TO_DATE('25/03/2018','DD/MM/YYYY'), 18, 6);
INSERT INTO PRODUTO (CODIGO_IDENTIFICACAO, NOME, DESCRICAO, MARGEM_LUCRO, CODIGO_FILIAL, QUANTIDADE, PRECO_COMPRA, PRECO_VENDA, DATA_COMPRA, DATA_VALIDADE, ID_MARCA, ID_CATEGORIA) VALUES (139, 'Produto 0139', 'Descrio do Produto 0139', '269', 3, 313, 13, 60, TO_DATE('24/07/2000','DD/MM/YYYY'), TO_DATE('15/07/2008','DD/MM/YYYY'), 17, 29);
INSERT INTO PRODUTO (CODIGO_IDENTIFICACAO, NOME, DESCRICAO, MARGEM_LUCRO, CODIGO_FILIAL, QUANTIDADE, PRECO_COMPRA, PRECO_VENDA, DATA_COMPRA, DATA_VALIDADE, ID_MARCA, ID_CATEGORIA) VALUES (140, 'Produto 0140', 'Descrio do Produto 0140', '7471', 2, 252, 6, 48, TO_DATE('08/03/1965','DD/MM/YYYY'), TO_DATE('04/06/1942','DD/MM/YYYY'), 15, 12);
INSERT INTO PRODUTO (CODIGO_IDENTIFICACAO, NOME, DESCRICAO, MARGEM_LUCRO, CODIGO_FILIAL, QUANTIDADE, PRECO_COMPRA, PRECO_VENDA, DATA_COMPRA, DATA_VALIDADE, ID_MARCA, ID_CATEGORIA) VALUES (141, 'Produto 0141', 'Descrio do Produto 0141', '3129', 6, 994, 13, 88, TO_DATE('20/11/1942','DD/MM/YYYY'), TO_DATE('12/11/1924','DD/MM/YYYY'), 12, 4);
INSERT INTO PRODUTO (CODIGO_IDENTIFICACAO, NOME, DESCRICAO, MARGEM_LUCRO, CODIGO_FILIAL, QUANTIDADE, PRECO_COMPRA, PRECO_VENDA, DATA_COMPRA, DATA_VALIDADE, ID_MARCA, ID_CATEGORIA) VALUES (142, 'Produto 0142', 'Descrio do Produto 0142', '1560', 9, 20, 1, 91, TO_DATE('08/04/1981','DD/MM/YYYY'), TO_DATE('01/01/1928','DD/MM/YYYY'), 4, 0);
INSERT INTO PRODUTO (CODIGO_IDENTIFICACAO, NOME, DESCRICAO, MARGEM_LUCRO, CODIGO_FILIAL, QUANTIDADE, PRECO_COMPRA, PRECO_VENDA, DATA_COMPRA, DATA_VALIDADE, ID_MARCA, ID_CATEGORIA) VALUES (143, 'Produto 0143', 'Descrio do Produto 0143', '6155', 4, 189, 16, 80, TO_DATE('21/01/1942','DD/MM/YYYY'), TO_DATE('09/09/2002','DD/MM/YYYY'), 12, 5);
INSERT INTO PRODUTO (CODIGO_IDENTIFICACAO, NOME, DESCRICAO, MARGEM_LUCRO, CODIGO_FILIAL, QUANTIDADE, PRECO_COMPRA, PRECO_VENDA, DATA_COMPRA, DATA_VALIDADE, ID_MARCA, ID_CATEGORIA) VALUES (144, 'Produto 0144', 'Descrio do Produto 0144', '9003', 4, 15, 26, 39, TO_DATE('27/06/2000','DD/MM/YYYY'), TO_DATE('02/10/2015','DD/MM/YYYY'), 3, 24);
INSERT INTO PRODUTO (CODIGO_IDENTIFICACAO, NOME, DESCRICAO, MARGEM_LUCRO, CODIGO_FILIAL, QUANTIDADE, PRECO_COMPRA, PRECO_VENDA, DATA_COMPRA, DATA_VALIDADE, ID_MARCA, ID_CATEGORIA) VALUES (145, 'Produto 0145', 'Descrio do Produto 0145', '1361', 5, 531, 5, 90, TO_DATE('21/11/1918','DD/MM/YYYY'), TO_DATE('27/06/1925','DD/MM/YYYY'), 10, 7);
INSERT INTO PRODUTO (CODIGO_IDENTIFICACAO, NOME, DESCRICAO, MARGEM_LUCRO, CODIGO_FILIAL, QUANTIDADE, PRECO_COMPRA, PRECO_VENDA, DATA_COMPRA, DATA_VALIDADE, ID_MARCA, ID_CATEGORIA) VALUES (146, 'Produto 0146', 'Descrio do Produto 0146', '5959', 6, 263, 20, 71, TO_DATE('06/12/2002','DD/MM/YYYY'), TO_DATE('08/08/1944','DD/MM/YYYY'), 20, 16);
INSERT INTO PRODUTO (CODIGO_IDENTIFICACAO, NOME, DESCRICAO, MARGEM_LUCRO, CODIGO_FILIAL, QUANTIDADE, PRECO_COMPRA, PRECO_VENDA, DATA_COMPRA, DATA_VALIDADE, ID_MARCA, ID_CATEGORIA) VALUES (147, 'Produto 0147', 'Descrio do Produto 0147', '7764', 8, 901, 23, 50, TO_DATE('15/05/1911','DD/MM/YYYY'), TO_DATE('21/01/1915','DD/MM/YYYY'), 14, 18);
INSERT INTO PRODUTO (CODIGO_IDENTIFICACAO, NOME, DESCRICAO, MARGEM_LUCRO, CODIGO_FILIAL, QUANTIDADE, PRECO_COMPRA, PRECO_VENDA, DATA_COMPRA, DATA_VALIDADE, ID_MARCA, ID_CATEGORIA) VALUES (148, 'Produto 0148', 'Descrio do Produto 0148', '3027', 4, 906, 19, 75, TO_DATE('14/10/1914','DD/MM/YYYY'), TO_DATE('27/03/1913','DD/MM/YYYY'), 17, 9);
INSERT INTO PRODUTO (CODIGO_IDENTIFICACAO, NOME, DESCRICAO, MARGEM_LUCRO, CODIGO_FILIAL, QUANTIDADE, PRECO_COMPRA, PRECO_VENDA, DATA_COMPRA, DATA_VALIDADE, ID_MARCA, ID_CATEGORIA) VALUES (149, 'Produto 0149', 'Descrio do Produto 0149', '5872', 7, 743, 4, 47, TO_DATE('15/07/1928','DD/MM/YYYY'), TO_DATE('20/10/1944','DD/MM/YYYY'), 8, 4);
INSERT INTO PRODUTO (CODIGO_IDENTIFICACAO, NOME, DESCRICAO, MARGEM_LUCRO, CODIGO_FILIAL, QUANTIDADE, PRECO_COMPRA, PRECO_VENDA, DATA_COMPRA, DATA_VALIDADE, ID_MARCA, ID_CATEGORIA) VALUES (150, 'Produto 0150', 'Descrio do Produto 0150', '3364', 6, 313, 11, 79, TO_DATE('17/04/1999','DD/MM/YYYY'), TO_DATE('28/10/1937','DD/MM/YYYY'), 5, 7);
INSERT INTO PRODUTO (CODIGO_IDENTIFICACAO, NOME, DESCRICAO, MARGEM_LUCRO, CODIGO_FILIAL, QUANTIDADE, PRECO_COMPRA, PRECO_VENDA, DATA_COMPRA, DATA_VALIDADE, ID_MARCA, ID_CATEGORIA) VALUES (151, 'Produto 0151', 'Descrio do Produto 0151', '7799', 3, 449, 20, 43, TO_DATE('18/12/1924','DD/MM/YYYY'), TO_DATE('01/12/1976','DD/MM/YYYY'), 1, 27);
INSERT INTO PRODUTO (CODIGO_IDENTIFICACAO, NOME, DESCRICAO, MARGEM_LUCRO, CODIGO_FILIAL, QUANTIDADE, PRECO_COMPRA, PRECO_VENDA, DATA_COMPRA, DATA_VALIDADE, ID_MARCA, ID_CATEGORIA) VALUES (152, 'Produto 0152', 'Descrio do Produto 0152', '4904', 2, 145, 17, 34, TO_DATE('06/10/2018','DD/MM/YYYY'), TO_DATE('14/02/1972','DD/MM/YYYY'), 22, 26);
INSERT INTO PRODUTO (CODIGO_IDENTIFICACAO, NOME, DESCRICAO, MARGEM_LUCRO, CODIGO_FILIAL, QUANTIDADE, PRECO_COMPRA, PRECO_VENDA, DATA_COMPRA, DATA_VALIDADE, ID_MARCA, ID_CATEGORIA) VALUES (153, 'Produto 0153', 'Descrio do Produto 0153', '2092', 8, 308, 14, 76, TO_DATE('19/12/1980','DD/MM/YYYY'), TO_DATE('15/06/1985','DD/MM/YYYY'), 0, 27);
INSERT INTO PRODUTO (CODIGO_IDENTIFICACAO, NOME, DESCRICAO, MARGEM_LUCRO, CODIGO_FILIAL, QUANTIDADE, PRECO_COMPRA, PRECO_VENDA, DATA_COMPRA, DATA_VALIDADE, ID_MARCA, ID_CATEGORIA) VALUES (154, 'Produto 0154', 'Descrio do Produto 0154', '153', 2, 164, 11, 83, TO_DATE('28/05/1938','DD/MM/YYYY'), TO_DATE('14/02/1915','DD/MM/YYYY'), 16, 19);
INSERT INTO PRODUTO (CODIGO_IDENTIFICACAO, NOME, DESCRICAO, MARGEM_LUCRO, CODIGO_FILIAL, QUANTIDADE, PRECO_COMPRA, PRECO_VENDA, DATA_COMPRA, DATA_VALIDADE, ID_MARCA, ID_CATEGORIA) VALUES (155, 'Produto 0155', 'Descrio do Produto 0155', '3760', 1, 22, 24, 87, TO_DATE('14/07/2014','DD/MM/YYYY'), TO_DATE('28/03/1922','DD/MM/YYYY'), 2, 19);
INSERT INTO PRODUTO (CODIGO_IDENTIFICACAO, NOME, DESCRICAO, MARGEM_LUCRO, CODIGO_FILIAL, QUANTIDADE, PRECO_COMPRA, PRECO_VENDA, DATA_COMPRA, DATA_VALIDADE, ID_MARCA, ID_CATEGORIA) VALUES (156, 'Produto 0156', 'Descrio do Produto 0156', '8997', 5, 301, 17, 87, TO_DATE('06/10/1930','DD/MM/YYYY'), TO_DATE('04/09/1912','DD/MM/YYYY'), 5, 6);
INSERT INTO PRODUTO (CODIGO_IDENTIFICACAO, NOME, DESCRICAO, MARGEM_LUCRO, CODIGO_FILIAL, QUANTIDADE, PRECO_COMPRA, PRECO_VENDA, DATA_COMPRA, DATA_VALIDADE, ID_MARCA, ID_CATEGORIA) VALUES (157, 'Produto 0157', 'Descrio do Produto 0157', '2238', 5, 436, 24, 52, TO_DATE('01/11/2009','DD/MM/YYYY'), TO_DATE('04/12/1913','DD/MM/YYYY'), 14, 3);
INSERT INTO PRODUTO (CODIGO_IDENTIFICACAO, NOME, DESCRICAO, MARGEM_LUCRO, CODIGO_FILIAL, QUANTIDADE, PRECO_COMPRA, PRECO_VENDA, DATA_COMPRA, DATA_VALIDADE, ID_MARCA, ID_CATEGORIA) VALUES (158, 'Produto 0158', 'Descrio do Produto 0158', '4285', 7, 678, 6, 95, TO_DATE('28/06/2009','DD/MM/YYYY'), TO_DATE('10/05/1916','DD/MM/YYYY'), 0, 2);
INSERT INTO PRODUTO (CODIGO_IDENTIFICACAO, NOME, DESCRICAO, MARGEM_LUCRO, CODIGO_FILIAL, QUANTIDADE, PRECO_COMPRA, PRECO_VENDA, DATA_COMPRA, DATA_VALIDADE, ID_MARCA, ID_CATEGORIA) VALUES (159, 'Produto 0159', 'Descrio do Produto 0159', '3116', 1, 325, 8, 42, TO_DATE('28/11/1919','DD/MM/YYYY'), TO_DATE('19/12/1941','DD/MM/YYYY'), 21, 24);
INSERT INTO PRODUTO (CODIGO_IDENTIFICACAO, NOME, DESCRICAO, MARGEM_LUCRO, CODIGO_FILIAL, QUANTIDADE, PRECO_COMPRA, PRECO_VENDA, DATA_COMPRA, DATA_VALIDADE, ID_MARCA, ID_CATEGORIA) VALUES (160, 'Produto 0160', 'Descrio do Produto 0160', '6225', 2, 873, 11, 94, TO_DATE('12/12/1972','DD/MM/YYYY'), TO_DATE('28/01/1975','DD/MM/YYYY'), 4, 8);
INSERT INTO PRODUTO (CODIGO_IDENTIFICACAO, NOME, DESCRICAO, MARGEM_LUCRO, CODIGO_FILIAL, QUANTIDADE, PRECO_COMPRA, PRECO_VENDA, DATA_COMPRA, DATA_VALIDADE, ID_MARCA, ID_CATEGORIA) VALUES (161, 'Produto 0161', 'Descrio do Produto 0161', '8344', 0, 551, 9, 97, TO_DATE('22/01/1981','DD/MM/YYYY'), TO_DATE('10/11/1984','DD/MM/YYYY'), 5, 5);
INSERT INTO PRODUTO (CODIGO_IDENTIFICACAO, NOME, DESCRICAO, MARGEM_LUCRO, CODIGO_FILIAL, QUANTIDADE, PRECO_COMPRA, PRECO_VENDA, DATA_COMPRA, DATA_VALIDADE, ID_MARCA, ID_CATEGORIA) VALUES (162, 'Produto 0162', 'Descrio do Produto 0162', '2214', 0, 589, 15, 95, TO_DATE('26/12/1994','DD/MM/YYYY'), TO_DATE('11/11/1969','DD/MM/YYYY'), 2, 9);
INSERT INTO PRODUTO (CODIGO_IDENTIFICACAO, NOME, DESCRICAO, MARGEM_LUCRO, CODIGO_FILIAL, QUANTIDADE, PRECO_COMPRA, PRECO_VENDA, DATA_COMPRA, DATA_VALIDADE, ID_MARCA, ID_CATEGORIA) VALUES (163, 'Produto 0163', 'Descrio do Produto 0163', '6120', 4, 847, 2, 72, TO_DATE('19/11/2010','DD/MM/YYYY'), TO_DATE('16/10/1996','DD/MM/YYYY'), 2, 10);
INSERT INTO PRODUTO (CODIGO_IDENTIFICACAO, NOME, DESCRICAO, MARGEM_LUCRO, CODIGO_FILIAL, QUANTIDADE, PRECO_COMPRA, PRECO_VENDA, DATA_COMPRA, DATA_VALIDADE, ID_MARCA, ID_CATEGORIA) VALUES (164, 'Produto 0164', 'Descrio do Produto 0164', '2151', 0, 826, 16, 58, TO_DATE('18/04/1983','DD/MM/YYYY'), TO_DATE('23/09/1922','DD/MM/YYYY'), 23, 6);
INSERT INTO PRODUTO (CODIGO_IDENTIFICACAO, NOME, DESCRICAO, MARGEM_LUCRO, CODIGO_FILIAL, QUANTIDADE, PRECO_COMPRA, PRECO_VENDA, DATA_COMPRA, DATA_VALIDADE, ID_MARCA, ID_CATEGORIA) VALUES (165, 'Produto 0165', 'Descrio do Produto 0165', '9356', 6, 257, 3, 62, TO_DATE('21/06/1934','DD/MM/YYYY'), TO_DATE('10/06/1929','DD/MM/YYYY'), 0, 12);
INSERT INTO PRODUTO (CODIGO_IDENTIFICACAO, NOME, DESCRICAO, MARGEM_LUCRO, CODIGO_FILIAL, QUANTIDADE, PRECO_COMPRA, PRECO_VENDA, DATA_COMPRA, DATA_VALIDADE, ID_MARCA, ID_CATEGORIA) VALUES (166, 'Produto 0166', 'Descrio do Produto 0166', '2677', 6, 118, 6, 30, TO_DATE('27/11/1934','DD/MM/YYYY'), TO_DATE('03/03/1993','DD/MM/YYYY'), 17, 25);
INSERT INTO PRODUTO (CODIGO_IDENTIFICACAO, NOME, DESCRICAO, MARGEM_LUCRO, CODIGO_FILIAL, QUANTIDADE, PRECO_COMPRA, PRECO_VENDA, DATA_COMPRA, DATA_VALIDADE, ID_MARCA, ID_CATEGORIA) VALUES (167, 'Produto 0167', 'Descrio do Produto 0167', '7089', 7, 102, 6, 48, TO_DATE('13/07/2010','DD/MM/YYYY'), TO_DATE('13/04/1938','DD/MM/YYYY'), 18, 3);
INSERT INTO PRODUTO (CODIGO_IDENTIFICACAO, NOME, DESCRICAO, MARGEM_LUCRO, CODIGO_FILIAL, QUANTIDADE, PRECO_COMPRA, PRECO_VENDA, DATA_COMPRA, DATA_VALIDADE, ID_MARCA, ID_CATEGORIA) VALUES (168, 'Produto 0168', 'Descrio do Produto 0168', '6592', 6, 355, 3, 44, TO_DATE('12/05/2015','DD/MM/YYYY'), TO_DATE('02/06/1944','DD/MM/YYYY'), 1, 29);
INSERT INTO PRODUTO (CODIGO_IDENTIFICACAO, NOME, DESCRICAO, MARGEM_LUCRO, CODIGO_FILIAL, QUANTIDADE, PRECO_COMPRA, PRECO_VENDA, DATA_COMPRA, DATA_VALIDADE, ID_MARCA, ID_CATEGORIA) VALUES (169, 'Produto 0169', 'Descrio do Produto 0169', '4609', 6, 347, 5, 100, TO_DATE('14/10/1981','DD/MM/YYYY'), TO_DATE('04/09/1930','DD/MM/YYYY'), 10, 29);
INSERT INTO PRODUTO (CODIGO_IDENTIFICACAO, NOME, DESCRICAO, MARGEM_LUCRO, CODIGO_FILIAL, QUANTIDADE, PRECO_COMPRA, PRECO_VENDA, DATA_COMPRA, DATA_VALIDADE, ID_MARCA, ID_CATEGORIA) VALUES (170, 'Produto 0170', 'Descrio do Produto 0170', '6414', 3, 917, 13, 48, TO_DATE('15/12/1943','DD/MM/YYYY'), TO_DATE('02/08/1951','DD/MM/YYYY'), 16, 27);
INSERT INTO PRODUTO (CODIGO_IDENTIFICACAO, NOME, DESCRICAO, MARGEM_LUCRO, CODIGO_FILIAL, QUANTIDADE, PRECO_COMPRA, PRECO_VENDA, DATA_COMPRA, DATA_VALIDADE, ID_MARCA, ID_CATEGORIA) VALUES (171, 'Produto 0171', 'Descrio do Produto 0171', '9908', 6, 268, 24, 31, TO_DATE('05/01/1910','DD/MM/YYYY'), TO_DATE('13/11/1933','DD/MM/YYYY'), 15, 18);
INSERT INTO PRODUTO (CODIGO_IDENTIFICACAO, NOME, DESCRICAO, MARGEM_LUCRO, CODIGO_FILIAL, QUANTIDADE, PRECO_COMPRA, PRECO_VENDA, DATA_COMPRA, DATA_VALIDADE, ID_MARCA, ID_CATEGORIA) VALUES (172, 'Produto 0172', 'Descrio do Produto 0172', '8543', 7, 438, 22, 32, TO_DATE('05/07/2005','DD/MM/YYYY'), TO_DATE('23/05/1951','DD/MM/YYYY'), 5, 27);
INSERT INTO PRODUTO (CODIGO_IDENTIFICACAO, NOME, DESCRICAO, MARGEM_LUCRO, CODIGO_FILIAL, QUANTIDADE, PRECO_COMPRA, PRECO_VENDA, DATA_COMPRA, DATA_VALIDADE, ID_MARCA, ID_CATEGORIA) VALUES (173, 'Produto 0173', 'Descrio do Produto 0173', '9609', 0, 214, 14, 65, TO_DATE('03/06/1994','DD/MM/YYYY'), TO_DATE('27/08/1940','DD/MM/YYYY'), 22, 12);
INSERT INTO PRODUTO (CODIGO_IDENTIFICACAO, NOME, DESCRICAO, MARGEM_LUCRO, CODIGO_FILIAL, QUANTIDADE, PRECO_COMPRA, PRECO_VENDA, DATA_COMPRA, DATA_VALIDADE, ID_MARCA, ID_CATEGORIA) VALUES (174, 'Produto 0174', 'Descrio do Produto 0174', '3092', 7, 300, 20, 40, TO_DATE('25/07/1957','DD/MM/YYYY'), TO_DATE('18/10/1960','DD/MM/YYYY'), 5, 17);
INSERT INTO PRODUTO (CODIGO_IDENTIFICACAO, NOME, DESCRICAO, MARGEM_LUCRO, CODIGO_FILIAL, QUANTIDADE, PRECO_COMPRA, PRECO_VENDA, DATA_COMPRA, DATA_VALIDADE, ID_MARCA, ID_CATEGORIA) VALUES (175, 'Produto 0175', 'Descrio do Produto 0175', '714', 6, 334, 14, 43, TO_DATE('21/06/2014','DD/MM/YYYY'), TO_DATE('03/11/1985','DD/MM/YYYY'), 13, 4);
INSERT INTO PRODUTO (CODIGO_IDENTIFICACAO, NOME, DESCRICAO, MARGEM_LUCRO, CODIGO_FILIAL, QUANTIDADE, PRECO_COMPRA, PRECO_VENDA, DATA_COMPRA, DATA_VALIDADE, ID_MARCA, ID_CATEGORIA) VALUES (176, 'Produto 0176', 'Descrio do Produto 0176', '1338', 9, 673, 2, 49, TO_DATE('17/02/1998','DD/MM/YYYY'), TO_DATE('04/06/1959','DD/MM/YYYY'), 24, 11);
INSERT INTO PRODUTO (CODIGO_IDENTIFICACAO, NOME, DESCRICAO, MARGEM_LUCRO, CODIGO_FILIAL, QUANTIDADE, PRECO_COMPRA, PRECO_VENDA, DATA_COMPRA, DATA_VALIDADE, ID_MARCA, ID_CATEGORIA) VALUES (177, 'Produto 0177', 'Descrio do Produto 0177', '7759', 3, 902, 21, 56, TO_DATE('09/12/1960','DD/MM/YYYY'), TO_DATE('03/11/1937','DD/MM/YYYY'), 19, 8);
INSERT INTO PRODUTO (CODIGO_IDENTIFICACAO, NOME, DESCRICAO, MARGEM_LUCRO, CODIGO_FILIAL, QUANTIDADE, PRECO_COMPRA, PRECO_VENDA, DATA_COMPRA, DATA_VALIDADE, ID_MARCA, ID_CATEGORIA) VALUES (178, 'Produto 0178', 'Descrio do Produto 0178', '6740', 5, 89, 11, 42, TO_DATE('02/09/1976','DD/MM/YYYY'), TO_DATE('27/11/1936','DD/MM/YYYY'), 8, 13);
INSERT INTO PRODUTO (CODIGO_IDENTIFICACAO, NOME, DESCRICAO, MARGEM_LUCRO, CODIGO_FILIAL, QUANTIDADE, PRECO_COMPRA, PRECO_VENDA, DATA_COMPRA, DATA_VALIDADE, ID_MARCA, ID_CATEGORIA) VALUES (179, 'Produto 0179', 'Descrio do Produto 0179', '8036', 2, 928, 29, 86, TO_DATE('12/08/1986','DD/MM/YYYY'), TO_DATE('03/04/1958','DD/MM/YYYY'), 18, 23);
INSERT INTO PRODUTO (CODIGO_IDENTIFICACAO, NOME, DESCRICAO, MARGEM_LUCRO, CODIGO_FILIAL, QUANTIDADE, PRECO_COMPRA, PRECO_VENDA, DATA_COMPRA, DATA_VALIDADE, ID_MARCA, ID_CATEGORIA) VALUES (180, 'Produto 0180', 'Descrio do Produto 0180', '8257', 4, 616, 8, 63, TO_DATE('07/10/2008','DD/MM/YYYY'), TO_DATE('26/01/1912','DD/MM/YYYY'), 4, 13);
INSERT INTO PRODUTO (CODIGO_IDENTIFICACAO, NOME, DESCRICAO, MARGEM_LUCRO, CODIGO_FILIAL, QUANTIDADE, PRECO_COMPRA, PRECO_VENDA, DATA_COMPRA, DATA_VALIDADE, ID_MARCA, ID_CATEGORIA) VALUES (181, 'Produto 0181', 'Descrio do Produto 0181', '1100', 0, 103, 25, 85, TO_DATE('18/02/1910','DD/MM/YYYY'), TO_DATE('28/11/1942','DD/MM/YYYY'), 10, 9);
INSERT INTO PRODUTO (CODIGO_IDENTIFICACAO, NOME, DESCRICAO, MARGEM_LUCRO, CODIGO_FILIAL, QUANTIDADE, PRECO_COMPRA, PRECO_VENDA, DATA_COMPRA, DATA_VALIDADE, ID_MARCA, ID_CATEGORIA) VALUES (182, 'Produto 0182', 'Descrio do Produto 0182', '1661', 6, 39, 19, 72, TO_DATE('13/09/1994','DD/MM/YYYY'), TO_DATE('10/04/1938','DD/MM/YYYY'), 0, 3);
INSERT INTO PRODUTO (CODIGO_IDENTIFICACAO, NOME, DESCRICAO, MARGEM_LUCRO, CODIGO_FILIAL, QUANTIDADE, PRECO_COMPRA, PRECO_VENDA, DATA_COMPRA, DATA_VALIDADE, ID_MARCA, ID_CATEGORIA) VALUES (183, 'Produto 0183', 'Descrio do Produto 0183', '6153', 5, 12, 22, 86, TO_DATE('11/03/1966','DD/MM/YYYY'), TO_DATE('05/04/1971','DD/MM/YYYY'), 0, 23);
INSERT INTO PRODUTO (CODIGO_IDENTIFICACAO, NOME, DESCRICAO, MARGEM_LUCRO, CODIGO_FILIAL, QUANTIDADE, PRECO_COMPRA, PRECO_VENDA, DATA_COMPRA, DATA_VALIDADE, ID_MARCA, ID_CATEGORIA) VALUES (184, 'Produto 0184', 'Descrio do Produto 0184', '775', 2, 852, 25, 99, TO_DATE('17/06/1969','DD/MM/YYYY'), TO_DATE('14/10/2002','DD/MM/YYYY'), 2, 25);
INSERT INTO PRODUTO (CODIGO_IDENTIFICACAO, NOME, DESCRICAO, MARGEM_LUCRO, CODIGO_FILIAL, QUANTIDADE, PRECO_COMPRA, PRECO_VENDA, DATA_COMPRA, DATA_VALIDADE, ID_MARCA, ID_CATEGORIA) VALUES (185, 'Produto 0185', 'Descrio do Produto 0185', '9806', 7, 70, 16, 91, TO_DATE('18/01/1913','DD/MM/YYYY'), TO_DATE('25/12/1943','DD/MM/YYYY'), 10, 10);
INSERT INTO PRODUTO (CODIGO_IDENTIFICACAO, NOME, DESCRICAO, MARGEM_LUCRO, CODIGO_FILIAL, QUANTIDADE, PRECO_COMPRA, PRECO_VENDA, DATA_COMPRA, DATA_VALIDADE, ID_MARCA, ID_CATEGORIA) VALUES (186, 'Produto 0186', 'Descrio do Produto 0186', '2046', 6, 752, 26, 66, TO_DATE('15/11/2003','DD/MM/YYYY'), TO_DATE('28/09/1949','DD/MM/YYYY'), 0, 15);
INSERT INTO PRODUTO (CODIGO_IDENTIFICACAO, NOME, DESCRICAO, MARGEM_LUCRO, CODIGO_FILIAL, QUANTIDADE, PRECO_COMPRA, PRECO_VENDA, DATA_COMPRA, DATA_VALIDADE, ID_MARCA, ID_CATEGORIA) VALUES (187, 'Produto 0187', 'Descrio do Produto 0187', '3756', 4, 198, 29, 52, TO_DATE('22/10/1993','DD/MM/YYYY'), TO_DATE('04/10/1952','DD/MM/YYYY'), 13, 14);
INSERT INTO PRODUTO (CODIGO_IDENTIFICACAO, NOME, DESCRICAO, MARGEM_LUCRO, CODIGO_FILIAL, QUANTIDADE, PRECO_COMPRA, PRECO_VENDA, DATA_COMPRA, DATA_VALIDADE, ID_MARCA, ID_CATEGORIA) VALUES (188, 'Produto 0188', 'Descrio do Produto 0188', '5234', 8, 649, 9, 49, TO_DATE('14/01/1930','DD/MM/YYYY'), TO_DATE('07/09/1934','DD/MM/YYYY'), 5, 23);
INSERT INTO PRODUTO (CODIGO_IDENTIFICACAO, NOME, DESCRICAO, MARGEM_LUCRO, CODIGO_FILIAL, QUANTIDADE, PRECO_COMPRA, PRECO_VENDA, DATA_COMPRA, DATA_VALIDADE, ID_MARCA, ID_CATEGORIA) VALUES (189, 'Produto 0189', 'Descrio do Produto 0189', '2284', 7, 527, 12, 61, TO_DATE('03/10/1985','DD/MM/YYYY'), TO_DATE('20/11/1938','DD/MM/YYYY'), 15, 18);
INSERT INTO PRODUTO (CODIGO_IDENTIFICACAO, NOME, DESCRICAO, MARGEM_LUCRO, CODIGO_FILIAL, QUANTIDADE, PRECO_COMPRA, PRECO_VENDA, DATA_COMPRA, DATA_VALIDADE, ID_MARCA, ID_CATEGORIA) VALUES (190, 'Produto 0190', 'Descrio do Produto 0190', '8747', 2, 395, 25, 79, TO_DATE('03/06/1972','DD/MM/YYYY'), TO_DATE('03/04/1988','DD/MM/YYYY'), 1, 16);
INSERT INTO PRODUTO (CODIGO_IDENTIFICACAO, NOME, DESCRICAO, MARGEM_LUCRO, CODIGO_FILIAL, QUANTIDADE, PRECO_COMPRA, PRECO_VENDA, DATA_COMPRA, DATA_VALIDADE, ID_MARCA, ID_CATEGORIA) VALUES (191, 'Produto 0191', 'Descrio do Produto 0191', '4259', 3, 233, 6, 89, TO_DATE('27/08/1972','DD/MM/YYYY'), TO_DATE('15/04/1982','DD/MM/YYYY'), 13, 27);
INSERT INTO PRODUTO (CODIGO_IDENTIFICACAO, NOME, DESCRICAO, MARGEM_LUCRO, CODIGO_FILIAL, QUANTIDADE, PRECO_COMPRA, PRECO_VENDA, DATA_COMPRA, DATA_VALIDADE, ID_MARCA, ID_CATEGORIA) VALUES (192, 'Produto 0192', 'Descrio do Produto 0192', '3353', 9, 717, 20, 46, TO_DATE('11/10/1984','DD/MM/YYYY'), TO_DATE('23/06/1929','DD/MM/YYYY'), 13, 11);
INSERT INTO PRODUTO (CODIGO_IDENTIFICACAO, NOME, DESCRICAO, MARGEM_LUCRO, CODIGO_FILIAL, QUANTIDADE, PRECO_COMPRA, PRECO_VENDA, DATA_COMPRA, DATA_VALIDADE, ID_MARCA, ID_CATEGORIA) VALUES (193, 'Produto 0193', 'Descrio do Produto 0193', '8033', 0, 402, 4, 100, TO_DATE('14/02/1991','DD/MM/YYYY'), TO_DATE('23/03/1972','DD/MM/YYYY'), 20, 17);
INSERT INTO PRODUTO (CODIGO_IDENTIFICACAO, NOME, DESCRICAO, MARGEM_LUCRO, CODIGO_FILIAL, QUANTIDADE, PRECO_COMPRA, PRECO_VENDA, DATA_COMPRA, DATA_VALIDADE, ID_MARCA, ID_CATEGORIA) VALUES (194, 'Produto 0194', 'Descrio do Produto 0194', '5283', 6, 589, 11, 46, TO_DATE('23/12/1912','DD/MM/YYYY'), TO_DATE('10/10/2004','DD/MM/YYYY'), 2, 1);
INSERT INTO PRODUTO (CODIGO_IDENTIFICACAO, NOME, DESCRICAO, MARGEM_LUCRO, CODIGO_FILIAL, QUANTIDADE, PRECO_COMPRA, PRECO_VENDA, DATA_COMPRA, DATA_VALIDADE, ID_MARCA, ID_CATEGORIA) VALUES (195, 'Produto 0195', 'Descrio do Produto 0195', '8929', 3, 457, 30, 69, TO_DATE('06/09/1950','DD/MM/YYYY'), TO_DATE('21/10/1962','DD/MM/YYYY'), 14, 25);
INSERT INTO PRODUTO (CODIGO_IDENTIFICACAO, NOME, DESCRICAO, MARGEM_LUCRO, CODIGO_FILIAL, QUANTIDADE, PRECO_COMPRA, PRECO_VENDA, DATA_COMPRA, DATA_VALIDADE, ID_MARCA, ID_CATEGORIA) VALUES (196, 'Produto 0196', 'Descrio do Produto 0196', '9920', 5, 507, 17, 49, TO_DATE('05/04/1936','DD/MM/YYYY'), TO_DATE('01/08/1989','DD/MM/YYYY'), 9, 14);
INSERT INTO PRODUTO (CODIGO_IDENTIFICACAO, NOME, DESCRICAO, MARGEM_LUCRO, CODIGO_FILIAL, QUANTIDADE, PRECO_COMPRA, PRECO_VENDA, DATA_COMPRA, DATA_VALIDADE, ID_MARCA, ID_CATEGORIA) VALUES (197, 'Produto 0197', 'Descrio do Produto 0197', '3466', 2, 322, 23, 82, TO_DATE('11/10/1940','DD/MM/YYYY'), TO_DATE('03/04/1968','DD/MM/YYYY'), 2, 11);
INSERT INTO PRODUTO (CODIGO_IDENTIFICACAO, NOME, DESCRICAO, MARGEM_LUCRO, CODIGO_FILIAL, QUANTIDADE, PRECO_COMPRA, PRECO_VENDA, DATA_COMPRA, DATA_VALIDADE, ID_MARCA, ID_CATEGORIA) VALUES (198, 'Produto 0198', 'Descrio do Produto 0198', '7731', 9, 653, 12, 32, TO_DATE('01/07/1957','DD/MM/YYYY'), TO_DATE('22/02/2005','DD/MM/YYYY'), 0, 27);
INSERT INTO PRODUTO (CODIGO_IDENTIFICACAO, NOME, DESCRICAO, MARGEM_LUCRO, CODIGO_FILIAL, QUANTIDADE, PRECO_COMPRA, PRECO_VENDA, DATA_COMPRA, DATA_VALIDADE, ID_MARCA, ID_CATEGORIA) VALUES (199, 'Produto 0199', 'Descrio do Produto 0199', '7240', 2, 111, 2, 78, TO_DATE('11/03/1947','DD/MM/YYYY'), TO_DATE('12/05/2000','DD/MM/YYYY'), 11, 16);
INSERT INTO PRODUTO (CODIGO_IDENTIFICACAO, NOME, DESCRICAO, MARGEM_LUCRO, CODIGO_FILIAL, QUANTIDADE, PRECO_COMPRA, PRECO_VENDA, DATA_COMPRA, DATA_VALIDADE, ID_MARCA, ID_CATEGORIA) VALUES (200, 'Produto 0200', 'Descrio do Produto 0200', '5283', 9, 641, 14, 56, TO_DATE('09/04/1963','DD/MM/YYYY'), TO_DATE('15/07/1997','DD/MM/YYYY'), 22, 24);
INSERT INTO PRODUTO (CODIGO_IDENTIFICACAO, NOME, DESCRICAO, MARGEM_LUCRO, CODIGO_FILIAL, QUANTIDADE, PRECO_COMPRA, PRECO_VENDA, DATA_COMPRA, DATA_VALIDADE, ID_MARCA, ID_CATEGORIA) VALUES (201, 'Produto 0201', 'Descrio do Produto 0201', '9251', 7, 153, 6, 93, TO_DATE('05/11/1961','DD/MM/YYYY'), TO_DATE('22/08/1958','DD/MM/YYYY'), 15, 2);
INSERT INTO PRODUTO (CODIGO_IDENTIFICACAO, NOME, DESCRICAO, MARGEM_LUCRO, CODIGO_FILIAL, QUANTIDADE, PRECO_COMPRA, PRECO_VENDA, DATA_COMPRA, DATA_VALIDADE, ID_MARCA, ID_CATEGORIA) VALUES (202, 'Produto 0202', 'Descrio do Produto 0202', '8932', 4, 321, 4, 85, TO_DATE('13/07/1946','DD/MM/YYYY'), TO_DATE('04/10/1991','DD/MM/YYYY'), 11, 25);
INSERT INTO PRODUTO (CODIGO_IDENTIFICACAO, NOME, DESCRICAO, MARGEM_LUCRO, CODIGO_FILIAL, QUANTIDADE, PRECO_COMPRA, PRECO_VENDA, DATA_COMPRA, DATA_VALIDADE, ID_MARCA, ID_CATEGORIA) VALUES (203, 'Produto 0203', 'Descrio do Produto 0203', '885', 4, 796, 8, 35, TO_DATE('09/05/2015','DD/MM/YYYY'), TO_DATE('02/08/1957','DD/MM/YYYY'), 17, 7);
INSERT INTO PRODUTO (CODIGO_IDENTIFICACAO, NOME, DESCRICAO, MARGEM_LUCRO, CODIGO_FILIAL, QUANTIDADE, PRECO_COMPRA, PRECO_VENDA, DATA_COMPRA, DATA_VALIDADE, ID_MARCA, ID_CATEGORIA) VALUES (204, 'Produto 0204', 'Descrio do Produto 0204', '146', 6, 863, 25, 61, TO_DATE('01/11/1937','DD/MM/YYYY'), TO_DATE('24/05/1922','DD/MM/YYYY'), 17, 13);
INSERT INTO PRODUTO (CODIGO_IDENTIFICACAO, NOME, DESCRICAO, MARGEM_LUCRO, CODIGO_FILIAL, QUANTIDADE, PRECO_COMPRA, PRECO_VENDA, DATA_COMPRA, DATA_VALIDADE, ID_MARCA, ID_CATEGORIA) VALUES (205, 'Produto 0205', 'Descrio do Produto 0205', '5282', 7, 702, 14, 52, TO_DATE('09/07/2002','DD/MM/YYYY'), TO_DATE('19/10/1968','DD/MM/YYYY'), 7, 9);
INSERT INTO PRODUTO (CODIGO_IDENTIFICACAO, NOME, DESCRICAO, MARGEM_LUCRO, CODIGO_FILIAL, QUANTIDADE, PRECO_COMPRA, PRECO_VENDA, DATA_COMPRA, DATA_VALIDADE, ID_MARCA, ID_CATEGORIA) VALUES (206, 'Produto 0206', 'Descrio do Produto 0206', '9274', 4, 930, 4, 68, TO_DATE('19/10/1929','DD/MM/YYYY'), TO_DATE('05/11/1954','DD/MM/YYYY'), 8, 11);
INSERT INTO PRODUTO (CODIGO_IDENTIFICACAO, NOME, DESCRICAO, MARGEM_LUCRO, CODIGO_FILIAL, QUANTIDADE, PRECO_COMPRA, PRECO_VENDA, DATA_COMPRA, DATA_VALIDADE, ID_MARCA, ID_CATEGORIA) VALUES (207, 'Produto 0207', 'Descrio do Produto 0207', '9444', 1, 886, 18, 67, TO_DATE('02/11/1986','DD/MM/YYYY'), TO_DATE('15/02/1932','DD/MM/YYYY'), 7, 7);
INSERT INTO PRODUTO (CODIGO_IDENTIFICACAO, NOME, DESCRICAO, MARGEM_LUCRO, CODIGO_FILIAL, QUANTIDADE, PRECO_COMPRA, PRECO_VENDA, DATA_COMPRA, DATA_VALIDADE, ID_MARCA, ID_CATEGORIA) VALUES (208, 'Produto 0208', 'Descrio do Produto 0208', '9118', 6, 258, 23, 63, TO_DATE('17/01/1994','DD/MM/YYYY'), TO_DATE('25/03/1941','DD/MM/YYYY'), 21, 13);
INSERT INTO PRODUTO (CODIGO_IDENTIFICACAO, NOME, DESCRICAO, MARGEM_LUCRO, CODIGO_FILIAL, QUANTIDADE, PRECO_COMPRA, PRECO_VENDA, DATA_COMPRA, DATA_VALIDADE, ID_MARCA, ID_CATEGORIA) VALUES (209, 'Produto 0209', 'Descrio do Produto 0209', '4197', 9, 209, 9, 62, TO_DATE('26/04/1927','DD/MM/YYYY'), TO_DATE('15/07/2010','DD/MM/YYYY'), 14, 25);
INSERT INTO PRODUTO (CODIGO_IDENTIFICACAO, NOME, DESCRICAO, MARGEM_LUCRO, CODIGO_FILIAL, QUANTIDADE, PRECO_COMPRA, PRECO_VENDA, DATA_COMPRA, DATA_VALIDADE, ID_MARCA, ID_CATEGORIA) VALUES (210, 'Produto 0210', 'Descrio do Produto 0210', '718', 1, 943, 30, 38, TO_DATE('24/03/1925','DD/MM/YYYY'), TO_DATE('11/10/1940','DD/MM/YYYY'), 11, 13);
INSERT INTO PRODUTO (CODIGO_IDENTIFICACAO, NOME, DESCRICAO, MARGEM_LUCRO, CODIGO_FILIAL, QUANTIDADE, PRECO_COMPRA, PRECO_VENDA, DATA_COMPRA, DATA_VALIDADE, ID_MARCA, ID_CATEGORIA) VALUES (211, 'Produto 0211', 'Descrio do Produto 0211', '6579', 1, 152, 5, 52, TO_DATE('22/02/1951','DD/MM/YYYY'), TO_DATE('21/04/1996','DD/MM/YYYY'), 14, 23);
INSERT INTO PRODUTO (CODIGO_IDENTIFICACAO, NOME, DESCRICAO, MARGEM_LUCRO, CODIGO_FILIAL, QUANTIDADE, PRECO_COMPRA, PRECO_VENDA, DATA_COMPRA, DATA_VALIDADE, ID_MARCA, ID_CATEGORIA) VALUES (212, 'Produto 0212', 'Descrio do Produto 0212', '3559', 6, 619, 4, 69, TO_DATE('03/07/1930','DD/MM/YYYY'), TO_DATE('16/02/2008','DD/MM/YYYY'), 12, 4);
INSERT INTO PRODUTO (CODIGO_IDENTIFICACAO, NOME, DESCRICAO, MARGEM_LUCRO, CODIGO_FILIAL, QUANTIDADE, PRECO_COMPRA, PRECO_VENDA, DATA_COMPRA, DATA_VALIDADE, ID_MARCA, ID_CATEGORIA) VALUES (213, 'Produto 0213', 'Descrio do Produto 0213', '4965', 8, 191, 4, 74, TO_DATE('07/09/2000','DD/MM/YYYY'), TO_DATE('28/01/2013','DD/MM/YYYY'), 13, 9);
INSERT INTO PRODUTO (CODIGO_IDENTIFICACAO, NOME, DESCRICAO, MARGEM_LUCRO, CODIGO_FILIAL, QUANTIDADE, PRECO_COMPRA, PRECO_VENDA, DATA_COMPRA, DATA_VALIDADE, ID_MARCA, ID_CATEGORIA) VALUES (214, 'Produto 0214', 'Descrio do Produto 0214', '1953', 1, 534, 25, 80, TO_DATE('01/02/1919','DD/MM/YYYY'), TO_DATE('16/09/2017','DD/MM/YYYY'), 9, 15);
INSERT INTO PRODUTO (CODIGO_IDENTIFICACAO, NOME, DESCRICAO, MARGEM_LUCRO, CODIGO_FILIAL, QUANTIDADE, PRECO_COMPRA, PRECO_VENDA, DATA_COMPRA, DATA_VALIDADE, ID_MARCA, ID_CATEGORIA) VALUES (215, 'Produto 0215', 'Descrio do Produto 0215', '1773', 5, 166, 10, 39, TO_DATE('11/04/1939','DD/MM/YYYY'), TO_DATE('03/03/1966','DD/MM/YYYY'), 4, 13);
INSERT INTO PRODUTO (CODIGO_IDENTIFICACAO, NOME, DESCRICAO, MARGEM_LUCRO, CODIGO_FILIAL, QUANTIDADE, PRECO_COMPRA, PRECO_VENDA, DATA_COMPRA, DATA_VALIDADE, ID_MARCA, ID_CATEGORIA) VALUES (216, 'Produto 0216', 'Descrio do Produto 0216', '6183', 0, 654, 7, 96, TO_DATE('17/10/1945','DD/MM/YYYY'), TO_DATE('16/08/1918','DD/MM/YYYY'), 1, 1);
INSERT INTO PRODUTO (CODIGO_IDENTIFICACAO, NOME, DESCRICAO, MARGEM_LUCRO, CODIGO_FILIAL, QUANTIDADE, PRECO_COMPRA, PRECO_VENDA, DATA_COMPRA, DATA_VALIDADE, ID_MARCA, ID_CATEGORIA) VALUES (217, 'Produto 0217', 'Descrio do Produto 0217', '2976', 4, 114, 5, 60, TO_DATE('16/09/1924','DD/MM/YYYY'), TO_DATE('24/09/1951','DD/MM/YYYY'), 19, 17);
INSERT INTO PRODUTO (CODIGO_IDENTIFICACAO, NOME, DESCRICAO, MARGEM_LUCRO, CODIGO_FILIAL, QUANTIDADE, PRECO_COMPRA, PRECO_VENDA, DATA_COMPRA, DATA_VALIDADE, ID_MARCA, ID_CATEGORIA) VALUES (218, 'Produto 0218', 'Descrio do Produto 0218', '137', 3, 586, 25, 39, TO_DATE('06/04/1970','DD/MM/YYYY'), TO_DATE('27/12/1962','DD/MM/YYYY'), 14, 25);
INSERT INTO PRODUTO (CODIGO_IDENTIFICACAO, NOME, DESCRICAO, MARGEM_LUCRO, CODIGO_FILIAL, QUANTIDADE, PRECO_COMPRA, PRECO_VENDA, DATA_COMPRA, DATA_VALIDADE, ID_MARCA, ID_CATEGORIA) VALUES (219, 'Produto 0219', 'Descrio do Produto 0219', '1614', 5, 874, 28, 59, TO_DATE('01/09/1939','DD/MM/YYYY'), TO_DATE('18/08/1940','DD/MM/YYYY'), 19, 23);
INSERT INTO PRODUTO (CODIGO_IDENTIFICACAO, NOME, DESCRICAO, MARGEM_LUCRO, CODIGO_FILIAL, QUANTIDADE, PRECO_COMPRA, PRECO_VENDA, DATA_COMPRA, DATA_VALIDADE, ID_MARCA, ID_CATEGORIA) VALUES (220, 'Produto 0220', 'Descrio do Produto 0220', '812', 1, 140, 17, 80, TO_DATE('21/02/1938','DD/MM/YYYY'), TO_DATE('11/12/1979','DD/MM/YYYY'), 15, 25);
INSERT INTO PRODUTO (CODIGO_IDENTIFICACAO, NOME, DESCRICAO, MARGEM_LUCRO, CODIGO_FILIAL, QUANTIDADE, PRECO_COMPRA, PRECO_VENDA, DATA_COMPRA, DATA_VALIDADE, ID_MARCA, ID_CATEGORIA) VALUES (221, 'Produto 0221', 'Descrio do Produto 0221', '5701', 6, 915, 19, 92, TO_DATE('04/05/1952','DD/MM/YYYY'), TO_DATE('12/03/2011','DD/MM/YYYY'), 2, 12);
INSERT INTO PRODUTO (CODIGO_IDENTIFICACAO, NOME, DESCRICAO, MARGEM_LUCRO, CODIGO_FILIAL, QUANTIDADE, PRECO_COMPRA, PRECO_VENDA, DATA_COMPRA, DATA_VALIDADE, ID_MARCA, ID_CATEGORIA) VALUES (222, 'Produto 0222', 'Descrio do Produto 0222', '7050', 1, 151, 14, 73, TO_DATE('02/07/1912','DD/MM/YYYY'), TO_DATE('10/08/2014','DD/MM/YYYY'), 0, 7);
INSERT INTO PRODUTO (CODIGO_IDENTIFICACAO, NOME, DESCRICAO, MARGEM_LUCRO, CODIGO_FILIAL, QUANTIDADE, PRECO_COMPRA, PRECO_VENDA, DATA_COMPRA, DATA_VALIDADE, ID_MARCA, ID_CATEGORIA) VALUES (223, 'Produto 0223', 'Descrio do Produto 0223', '7758', 2, 681, 19, 96, TO_DATE('19/10/1920','DD/MM/YYYY'), TO_DATE('19/04/1958','DD/MM/YYYY'), 20, 0);
INSERT INTO PRODUTO (CODIGO_IDENTIFICACAO, NOME, DESCRICAO, MARGEM_LUCRO, CODIGO_FILIAL, QUANTIDADE, PRECO_COMPRA, PRECO_VENDA, DATA_COMPRA, DATA_VALIDADE, ID_MARCA, ID_CATEGORIA) VALUES (224, 'Produto 0224', 'Descrio do Produto 0224', '3499', 7, 202, 1, 93, TO_DATE('03/12/1991','DD/MM/YYYY'), TO_DATE('20/01/1912','DD/MM/YYYY'), 10, 12);
INSERT INTO PRODUTO (CODIGO_IDENTIFICACAO, NOME, DESCRICAO, MARGEM_LUCRO, CODIGO_FILIAL, QUANTIDADE, PRECO_COMPRA, PRECO_VENDA, DATA_COMPRA, DATA_VALIDADE, ID_MARCA, ID_CATEGORIA) VALUES (225, 'Produto 0225', 'Descrio do Produto 0225', '9707', 7, 855, 26, 62, TO_DATE('26/04/1955','DD/MM/YYYY'), TO_DATE('01/01/2001','DD/MM/YYYY'), 0, 25);
INSERT INTO PRODUTO (CODIGO_IDENTIFICACAO, NOME, DESCRICAO, MARGEM_LUCRO, CODIGO_FILIAL, QUANTIDADE, PRECO_COMPRA, PRECO_VENDA, DATA_COMPRA, DATA_VALIDADE, ID_MARCA, ID_CATEGORIA) VALUES (226, 'Produto 0226', 'Descrio do Produto 0226', '2530', 2, 640, 1, 44, TO_DATE('28/06/1956','DD/MM/YYYY'), TO_DATE('17/12/1924','DD/MM/YYYY'), 22, 28);
INSERT INTO PRODUTO (CODIGO_IDENTIFICACAO, NOME, DESCRICAO, MARGEM_LUCRO, CODIGO_FILIAL, QUANTIDADE, PRECO_COMPRA, PRECO_VENDA, DATA_COMPRA, DATA_VALIDADE, ID_MARCA, ID_CATEGORIA) VALUES (227, 'Produto 0227', 'Descrio do Produto 0227', '7983', 0, 99, 9, 98, TO_DATE('22/09/2012','DD/MM/YYYY'), TO_DATE('07/07/1985','DD/MM/YYYY'), 1, 22);
INSERT INTO PRODUTO (CODIGO_IDENTIFICACAO, NOME, DESCRICAO, MARGEM_LUCRO, CODIGO_FILIAL, QUANTIDADE, PRECO_COMPRA, PRECO_VENDA, DATA_COMPRA, DATA_VALIDADE, ID_MARCA, ID_CATEGORIA) VALUES (228, 'Produto 0228', 'Descrio do Produto 0228', '2362', 9, 836, 11, 63, TO_DATE('21/12/1981','DD/MM/YYYY'), TO_DATE('09/08/1930','DD/MM/YYYY'), 22, 14);
INSERT INTO PRODUTO (CODIGO_IDENTIFICACAO, NOME, DESCRICAO, MARGEM_LUCRO, CODIGO_FILIAL, QUANTIDADE, PRECO_COMPRA, PRECO_VENDA, DATA_COMPRA, DATA_VALIDADE, ID_MARCA, ID_CATEGORIA) VALUES (229, 'Produto 0229', 'Descrio do Produto 0229', '8184', 2, 902, 5, 83, TO_DATE('26/05/1926','DD/MM/YYYY'), TO_DATE('15/08/1971','DD/MM/YYYY'), 18, 17);
INSERT INTO PRODUTO (CODIGO_IDENTIFICACAO, NOME, DESCRICAO, MARGEM_LUCRO, CODIGO_FILIAL, QUANTIDADE, PRECO_COMPRA, PRECO_VENDA, DATA_COMPRA, DATA_VALIDADE, ID_MARCA, ID_CATEGORIA) VALUES (230, 'Produto 0230', 'Descrio do Produto 0230', '3213', 0, 48, 14, 48, TO_DATE('17/10/1936','DD/MM/YYYY'), TO_DATE('22/01/2011','DD/MM/YYYY'), 5, 9);
INSERT INTO PRODUTO (CODIGO_IDENTIFICACAO, NOME, DESCRICAO, MARGEM_LUCRO, CODIGO_FILIAL, QUANTIDADE, PRECO_COMPRA, PRECO_VENDA, DATA_COMPRA, DATA_VALIDADE, ID_MARCA, ID_CATEGORIA) VALUES (231, 'Produto 0231', 'Descrio do Produto 0231', '3827', 9, 985, 16, 81, TO_DATE('15/06/1967','DD/MM/YYYY'), TO_DATE('27/10/2007','DD/MM/YYYY'), 0, 19);
INSERT INTO PRODUTO (CODIGO_IDENTIFICACAO, NOME, DESCRICAO, MARGEM_LUCRO, CODIGO_FILIAL, QUANTIDADE, PRECO_COMPRA, PRECO_VENDA, DATA_COMPRA, DATA_VALIDADE, ID_MARCA, ID_CATEGORIA) VALUES (232, 'Produto 0232', 'Descrio do Produto 0232', '984', 7, 382, 9, 72, TO_DATE('14/03/1974','DD/MM/YYYY'), TO_DATE('02/07/1958','DD/MM/YYYY'), 13, 16);
INSERT INTO PRODUTO (CODIGO_IDENTIFICACAO, NOME, DESCRICAO, MARGEM_LUCRO, CODIGO_FILIAL, QUANTIDADE, PRECO_COMPRA, PRECO_VENDA, DATA_COMPRA, DATA_VALIDADE, ID_MARCA, ID_CATEGORIA) VALUES (233, 'Produto 0233', 'Descrio do Produto 0233', '9699', 0, 870, 6, 92, TO_DATE('17/05/1954','DD/MM/YYYY'), TO_DATE('22/05/1970','DD/MM/YYYY'), 2, 10);
INSERT INTO PRODUTO (CODIGO_IDENTIFICACAO, NOME, DESCRICAO, MARGEM_LUCRO, CODIGO_FILIAL, QUANTIDADE, PRECO_COMPRA, PRECO_VENDA, DATA_COMPRA, DATA_VALIDADE, ID_MARCA, ID_CATEGORIA) VALUES (234, 'Produto 0234', 'Descrio do Produto 0234', '150', 1, 958, 8, 95, TO_DATE('04/05/1975','DD/MM/YYYY'), TO_DATE('15/05/1950','DD/MM/YYYY'), 19, 14);
INSERT INTO PRODUTO (CODIGO_IDENTIFICACAO, NOME, DESCRICAO, MARGEM_LUCRO, CODIGO_FILIAL, QUANTIDADE, PRECO_COMPRA, PRECO_VENDA, DATA_COMPRA, DATA_VALIDADE, ID_MARCA, ID_CATEGORIA) VALUES (235, 'Produto 0235', 'Descrio do Produto 0235', '9577', 1, 676, 4, 89, TO_DATE('13/03/1916','DD/MM/YYYY'), TO_DATE('16/05/1992','DD/MM/YYYY'), 6, 14);
INSERT INTO PRODUTO (CODIGO_IDENTIFICACAO, NOME, DESCRICAO, MARGEM_LUCRO, CODIGO_FILIAL, QUANTIDADE, PRECO_COMPRA, PRECO_VENDA, DATA_COMPRA, DATA_VALIDADE, ID_MARCA, ID_CATEGORIA) VALUES (236, 'Produto 0236', 'Descrio do Produto 0236', '6020', 5, 653, 28, 71, TO_DATE('05/02/1967','DD/MM/YYYY'), TO_DATE('12/04/2018','DD/MM/YYYY'), 8, 29);
INSERT INTO PRODUTO (CODIGO_IDENTIFICACAO, NOME, DESCRICAO, MARGEM_LUCRO, CODIGO_FILIAL, QUANTIDADE, PRECO_COMPRA, PRECO_VENDA, DATA_COMPRA, DATA_VALIDADE, ID_MARCA, ID_CATEGORIA) VALUES (237, 'Produto 0237', 'Descrio do Produto 0237', '9352', 6, 291, 21, 51, TO_DATE('04/05/1993','DD/MM/YYYY'), TO_DATE('25/10/1951','DD/MM/YYYY'), 2, 27);
INSERT INTO PRODUTO (CODIGO_IDENTIFICACAO, NOME, DESCRICAO, MARGEM_LUCRO, CODIGO_FILIAL, QUANTIDADE, PRECO_COMPRA, PRECO_VENDA, DATA_COMPRA, DATA_VALIDADE, ID_MARCA, ID_CATEGORIA) VALUES (238, 'Produto 0238', 'Descrio do Produto 0238', '5130', 6, 839, 10, 63, TO_DATE('13/07/1955','DD/MM/YYYY'), TO_DATE('20/08/1953','DD/MM/YYYY'), 21, 3);
INSERT INTO PRODUTO (CODIGO_IDENTIFICACAO, NOME, DESCRICAO, MARGEM_LUCRO, CODIGO_FILIAL, QUANTIDADE, PRECO_COMPRA, PRECO_VENDA, DATA_COMPRA, DATA_VALIDADE, ID_MARCA, ID_CATEGORIA) VALUES (239, 'Produto 0239', 'Descrio do Produto 0239', '8848', 3, 542, 14, 57, TO_DATE('22/01/1970','DD/MM/YYYY'), TO_DATE('02/06/2008','DD/MM/YYYY'), 2, 22);
INSERT INTO PRODUTO (CODIGO_IDENTIFICACAO, NOME, DESCRICAO, MARGEM_LUCRO, CODIGO_FILIAL, QUANTIDADE, PRECO_COMPRA, PRECO_VENDA, DATA_COMPRA, DATA_VALIDADE, ID_MARCA, ID_CATEGORIA) VALUES (240, 'Produto 0240', 'Descrio do Produto 0240', '9905', 8, 309, 1, 67, TO_DATE('12/10/1959','DD/MM/YYYY'), TO_DATE('14/06/1993','DD/MM/YYYY'), 6, 23);
INSERT INTO PRODUTO (CODIGO_IDENTIFICACAO, NOME, DESCRICAO, MARGEM_LUCRO, CODIGO_FILIAL, QUANTIDADE, PRECO_COMPRA, PRECO_VENDA, DATA_COMPRA, DATA_VALIDADE, ID_MARCA, ID_CATEGORIA) VALUES (241, 'Produto 0241', 'Descrio do Produto 0241', '9396', 2, 309, 25, 90, TO_DATE('22/01/1915','DD/MM/YYYY'), TO_DATE('25/12/1980','DD/MM/YYYY'), 0, 21);
INSERT INTO PRODUTO (CODIGO_IDENTIFICACAO, NOME, DESCRICAO, MARGEM_LUCRO, CODIGO_FILIAL, QUANTIDADE, PRECO_COMPRA, PRECO_VENDA, DATA_COMPRA, DATA_VALIDADE, ID_MARCA, ID_CATEGORIA) VALUES (242, 'Produto 0242', 'Descrio do Produto 0242', '6958', 9, 577, 16, 57, TO_DATE('04/07/2007','DD/MM/YYYY'), TO_DATE('10/01/1920','DD/MM/YYYY'), 16, 12);
INSERT INTO PRODUTO (CODIGO_IDENTIFICACAO, NOME, DESCRICAO, MARGEM_LUCRO, CODIGO_FILIAL, QUANTIDADE, PRECO_COMPRA, PRECO_VENDA, DATA_COMPRA, DATA_VALIDADE, ID_MARCA, ID_CATEGORIA) VALUES (243, 'Produto 0243', 'Descrio do Produto 0243', '1415', 3, 902, 28, 89, TO_DATE('26/08/1981','DD/MM/YYYY'), TO_DATE('17/04/1993','DD/MM/YYYY'), 24, 18);
INSERT INTO PRODUTO (CODIGO_IDENTIFICACAO, NOME, DESCRICAO, MARGEM_LUCRO, CODIGO_FILIAL, QUANTIDADE, PRECO_COMPRA, PRECO_VENDA, DATA_COMPRA, DATA_VALIDADE, ID_MARCA, ID_CATEGORIA) VALUES (244, 'Produto 0244', 'Descrio do Produto 0244', '1700', 7, 507, 12, 75, TO_DATE('19/12/1914','DD/MM/YYYY'), TO_DATE('22/07/1987','DD/MM/YYYY'), 15, 3);
INSERT INTO PRODUTO (CODIGO_IDENTIFICACAO, NOME, DESCRICAO, MARGEM_LUCRO, CODIGO_FILIAL, QUANTIDADE, PRECO_COMPRA, PRECO_VENDA, DATA_COMPRA, DATA_VALIDADE, ID_MARCA, ID_CATEGORIA) VALUES (245, 'Produto 0245', 'Descrio do Produto 0245', '4021', 8, 252, 10, 45, TO_DATE('09/05/2009','DD/MM/YYYY'), TO_DATE('19/04/2002','DD/MM/YYYY'), 16, 4);
INSERT INTO PRODUTO (CODIGO_IDENTIFICACAO, NOME, DESCRICAO, MARGEM_LUCRO, CODIGO_FILIAL, QUANTIDADE, PRECO_COMPRA, PRECO_VENDA, DATA_COMPRA, DATA_VALIDADE, ID_MARCA, ID_CATEGORIA) VALUES (246, 'Produto 0246', 'Descrio do Produto 0246', '8775', 6, 78, 25, 82, TO_DATE('10/03/2018','DD/MM/YYYY'), TO_DATE('23/02/1956','DD/MM/YYYY'), 4, 2);
INSERT INTO PRODUTO (CODIGO_IDENTIFICACAO, NOME, DESCRICAO, MARGEM_LUCRO, CODIGO_FILIAL, QUANTIDADE, PRECO_COMPRA, PRECO_VENDA, DATA_COMPRA, DATA_VALIDADE, ID_MARCA, ID_CATEGORIA) VALUES (247, 'Produto 0247', 'Descrio do Produto 0247', '2624', 6, 648, 13, 76, TO_DATE('09/06/1960','DD/MM/YYYY'), TO_DATE('16/06/2019','DD/MM/YYYY'), 16, 13);
INSERT INTO PRODUTO (CODIGO_IDENTIFICACAO, NOME, DESCRICAO, MARGEM_LUCRO, CODIGO_FILIAL, QUANTIDADE, PRECO_COMPRA, PRECO_VENDA, DATA_COMPRA, DATA_VALIDADE, ID_MARCA, ID_CATEGORIA) VALUES (248, 'Produto 0248', 'Descrio do Produto 0248', '6913', 9, 500, 25, 93, TO_DATE('20/04/1940','DD/MM/YYYY'), TO_DATE('28/01/1999','DD/MM/YYYY'), 19, 22);
INSERT INTO PRODUTO (CODIGO_IDENTIFICACAO, NOME, DESCRICAO, MARGEM_LUCRO, CODIGO_FILIAL, QUANTIDADE, PRECO_COMPRA, PRECO_VENDA, DATA_COMPRA, DATA_VALIDADE, ID_MARCA, ID_CATEGORIA) VALUES (249, 'Produto 0249', 'Descrio do Produto 0249', '2016', 2, 181, 27, 85, TO_DATE('16/08/1937','DD/MM/YYYY'), TO_DATE('09/09/1976','DD/MM/YYYY'), 20, 16);
INSERT INTO PRODUTO (CODIGO_IDENTIFICACAO, NOME, DESCRICAO, MARGEM_LUCRO, CODIGO_FILIAL, QUANTIDADE, PRECO_COMPRA, PRECO_VENDA, DATA_COMPRA, DATA_VALIDADE, ID_MARCA, ID_CATEGORIA) VALUES (250, 'Produto 0250', 'Descrio do Produto 0250', '1546', 1, 341, 16, 54, TO_DATE('04/10/1915','DD/MM/YYYY'), TO_DATE('22/04/2005','DD/MM/YYYY'), 11, 23);
INSERT INTO PRODUTO (CODIGO_IDENTIFICACAO, NOME, DESCRICAO, MARGEM_LUCRO, CODIGO_FILIAL, QUANTIDADE, PRECO_COMPRA, PRECO_VENDA, DATA_COMPRA, DATA_VALIDADE, ID_MARCA, ID_CATEGORIA) VALUES (251, 'Produto 0251', 'Descrio do Produto 0251', '5175', 5, 141, 19, 84, TO_DATE('27/05/1919','DD/MM/YYYY'), TO_DATE('21/01/1964','DD/MM/YYYY'), 5, 1);
INSERT INTO PRODUTO (CODIGO_IDENTIFICACAO, NOME, DESCRICAO, MARGEM_LUCRO, CODIGO_FILIAL, QUANTIDADE, PRECO_COMPRA, PRECO_VENDA, DATA_COMPRA, DATA_VALIDADE, ID_MARCA, ID_CATEGORIA) VALUES (252, 'Produto 0252', 'Descrio do Produto 0252', '6098', 8, 701, 28, 62, TO_DATE('06/09/2001','DD/MM/YYYY'), TO_DATE('05/05/1969','DD/MM/YYYY'), 18, 14);
INSERT INTO PRODUTO (CODIGO_IDENTIFICACAO, NOME, DESCRICAO, MARGEM_LUCRO, CODIGO_FILIAL, QUANTIDADE, PRECO_COMPRA, PRECO_VENDA, DATA_COMPRA, DATA_VALIDADE, ID_MARCA, ID_CATEGORIA) VALUES (253, 'Produto 0253', 'Descrio do Produto 0253', '7034', 4, 932, 13, 98, TO_DATE('12/05/1925','DD/MM/YYYY'), TO_DATE('02/06/2005','DD/MM/YYYY'), 24, 21);
INSERT INTO PRODUTO (CODIGO_IDENTIFICACAO, NOME, DESCRICAO, MARGEM_LUCRO, CODIGO_FILIAL, QUANTIDADE, PRECO_COMPRA, PRECO_VENDA, DATA_COMPRA, DATA_VALIDADE, ID_MARCA, ID_CATEGORIA) VALUES (254, 'Produto 0254', 'Descrio do Produto 0254', '3253', 5, 143, 27, 62, TO_DATE('02/10/1947','DD/MM/YYYY'), TO_DATE('23/12/1977','DD/MM/YYYY'), 12, 4);
INSERT INTO PRODUTO (CODIGO_IDENTIFICACAO, NOME, DESCRICAO, MARGEM_LUCRO, CODIGO_FILIAL, QUANTIDADE, PRECO_COMPRA, PRECO_VENDA, DATA_COMPRA, DATA_VALIDADE, ID_MARCA, ID_CATEGORIA) VALUES (255, 'Produto 0255', 'Descrio do Produto 0255', '389', 0, 666, 25, 78, TO_DATE('23/01/1986','DD/MM/YYYY'), TO_DATE('16/05/1931','DD/MM/YYYY'), 13, 29);
INSERT INTO PRODUTO (CODIGO_IDENTIFICACAO, NOME, DESCRICAO, MARGEM_LUCRO, CODIGO_FILIAL, QUANTIDADE, PRECO_COMPRA, PRECO_VENDA, DATA_COMPRA, DATA_VALIDADE, ID_MARCA, ID_CATEGORIA) VALUES (256, 'Produto 0256', 'Descrio do Produto 0256', '8651', 9, 936, 30, 85, TO_DATE('25/07/2003','DD/MM/YYYY'), TO_DATE('10/03/1931','DD/MM/YYYY'), 17, 13);
INSERT INTO PRODUTO (CODIGO_IDENTIFICACAO, NOME, DESCRICAO, MARGEM_LUCRO, CODIGO_FILIAL, QUANTIDADE, PRECO_COMPRA, PRECO_VENDA, DATA_COMPRA, DATA_VALIDADE, ID_MARCA, ID_CATEGORIA) VALUES (257, 'Produto 0257', 'Descrio do Produto 0257', '9231', 6, 50, 12, 94, TO_DATE('03/03/2015','DD/MM/YYYY'), TO_DATE('19/08/1950','DD/MM/YYYY'), 12, 13);
INSERT INTO PRODUTO (CODIGO_IDENTIFICACAO, NOME, DESCRICAO, MARGEM_LUCRO, CODIGO_FILIAL, QUANTIDADE, PRECO_COMPRA, PRECO_VENDA, DATA_COMPRA, DATA_VALIDADE, ID_MARCA, ID_CATEGORIA) VALUES (258, 'Produto 0258', 'Descrio do Produto 0258', '5761', 8, 446, 21, 53, TO_DATE('06/02/1925','DD/MM/YYYY'), TO_DATE('27/02/1940','DD/MM/YYYY'), 1, 4);
INSERT INTO PRODUTO (CODIGO_IDENTIFICACAO, NOME, DESCRICAO, MARGEM_LUCRO, CODIGO_FILIAL, QUANTIDADE, PRECO_COMPRA, PRECO_VENDA, DATA_COMPRA, DATA_VALIDADE, ID_MARCA, ID_CATEGORIA) VALUES (259, 'Produto 0259', 'Descrio do Produto 0259', '3838', 0, 609, 29, 40, TO_DATE('03/08/1982','DD/MM/YYYY'), TO_DATE('23/05/2001','DD/MM/YYYY'), 20, 24);
INSERT INTO PRODUTO (CODIGO_IDENTIFICACAO, NOME, DESCRICAO, MARGEM_LUCRO, CODIGO_FILIAL, QUANTIDADE, PRECO_COMPRA, PRECO_VENDA, DATA_COMPRA, DATA_VALIDADE, ID_MARCA, ID_CATEGORIA) VALUES (260, 'Produto 0260', 'Descrio do Produto 0260', '3292', 2, 938, 26, 69, TO_DATE('18/03/1988','DD/MM/YYYY'), TO_DATE('25/10/2016','DD/MM/YYYY'), 7, 9);
INSERT INTO PRODUTO (CODIGO_IDENTIFICACAO, NOME, DESCRICAO, MARGEM_LUCRO, CODIGO_FILIAL, QUANTIDADE, PRECO_COMPRA, PRECO_VENDA, DATA_COMPRA, DATA_VALIDADE, ID_MARCA, ID_CATEGORIA) VALUES (261, 'Produto 0261', 'Descrio do Produto 0261', '2336', 0, 54, 30, 99, TO_DATE('10/03/1988','DD/MM/YYYY'), TO_DATE('12/10/1984','DD/MM/YYYY'), 19, 5);
INSERT INTO PRODUTO (CODIGO_IDENTIFICACAO, NOME, DESCRICAO, MARGEM_LUCRO, CODIGO_FILIAL, QUANTIDADE, PRECO_COMPRA, PRECO_VENDA, DATA_COMPRA, DATA_VALIDADE, ID_MARCA, ID_CATEGORIA) VALUES (262, 'Produto 0262', 'Descrio do Produto 0262', '7972', 0, 167, 12, 59, TO_DATE('20/03/1986','DD/MM/YYYY'), TO_DATE('12/08/2011','DD/MM/YYYY'), 5, 27);
INSERT INTO PRODUTO (CODIGO_IDENTIFICACAO, NOME, DESCRICAO, MARGEM_LUCRO, CODIGO_FILIAL, QUANTIDADE, PRECO_COMPRA, PRECO_VENDA, DATA_COMPRA, DATA_VALIDADE, ID_MARCA, ID_CATEGORIA) VALUES (263, 'Produto 0263', 'Descrio do Produto 0263', '2905', 9, 858, 27, 92, TO_DATE('03/02/1975','DD/MM/YYYY'), TO_DATE('05/11/1942','DD/MM/YYYY'), 15, 7);
INSERT INTO PRODUTO (CODIGO_IDENTIFICACAO, NOME, DESCRICAO, MARGEM_LUCRO, CODIGO_FILIAL, QUANTIDADE, PRECO_COMPRA, PRECO_VENDA, DATA_COMPRA, DATA_VALIDADE, ID_MARCA, ID_CATEGORIA) VALUES (264, 'Produto 0264', 'Descrio do Produto 0264', '7529', 1, 114, 1, 48, TO_DATE('13/12/1992','DD/MM/YYYY'), TO_DATE('11/09/1911','DD/MM/YYYY'), 9, 6);
INSERT INTO PRODUTO (CODIGO_IDENTIFICACAO, NOME, DESCRICAO, MARGEM_LUCRO, CODIGO_FILIAL, QUANTIDADE, PRECO_COMPRA, PRECO_VENDA, DATA_COMPRA, DATA_VALIDADE, ID_MARCA, ID_CATEGORIA) VALUES (265, 'Produto 0265', 'Descrio do Produto 0265', '5296', 0, 183, 2, 49, TO_DATE('18/11/1943','DD/MM/YYYY'), TO_DATE('18/09/2003','DD/MM/YYYY'), 24, 0);
INSERT INTO PRODUTO (CODIGO_IDENTIFICACAO, NOME, DESCRICAO, MARGEM_LUCRO, CODIGO_FILIAL, QUANTIDADE, PRECO_COMPRA, PRECO_VENDA, DATA_COMPRA, DATA_VALIDADE, ID_MARCA, ID_CATEGORIA) VALUES (266, 'Produto 0266', 'Descrio do Produto 0266', '7209', 0, 414, 20, 74, TO_DATE('19/05/1992','DD/MM/YYYY'), TO_DATE('21/02/1923','DD/MM/YYYY'), 5, 19);
INSERT INTO PRODUTO (CODIGO_IDENTIFICACAO, NOME, DESCRICAO, MARGEM_LUCRO, CODIGO_FILIAL, QUANTIDADE, PRECO_COMPRA, PRECO_VENDA, DATA_COMPRA, DATA_VALIDADE, ID_MARCA, ID_CATEGORIA) VALUES (267, 'Produto 0267', 'Descrio do Produto 0267', '254', 2, 593, 1, 50, TO_DATE('28/12/2007','DD/MM/YYYY'), TO_DATE('15/03/1961','DD/MM/YYYY'), 19, 29);
INSERT INTO PRODUTO (CODIGO_IDENTIFICACAO, NOME, DESCRICAO, MARGEM_LUCRO, CODIGO_FILIAL, QUANTIDADE, PRECO_COMPRA, PRECO_VENDA, DATA_COMPRA, DATA_VALIDADE, ID_MARCA, ID_CATEGORIA) VALUES (268, 'Produto 0268', 'Descrio do Produto 0268', '5876', 0, 292, 10, 46, TO_DATE('28/10/1936','DD/MM/YYYY'), TO_DATE('18/07/2015','DD/MM/YYYY'), 11, 27);
INSERT INTO PRODUTO (CODIGO_IDENTIFICACAO, NOME, DESCRICAO, MARGEM_LUCRO, CODIGO_FILIAL, QUANTIDADE, PRECO_COMPRA, PRECO_VENDA, DATA_COMPRA, DATA_VALIDADE, ID_MARCA, ID_CATEGORIA) VALUES (269, 'Produto 0269', 'Descrio do Produto 0269', '4005', 9, 323, 21, 97, TO_DATE('17/08/1912','DD/MM/YYYY'), TO_DATE('16/02/1973','DD/MM/YYYY'), 6, 17);
INSERT INTO PRODUTO (CODIGO_IDENTIFICACAO, NOME, DESCRICAO, MARGEM_LUCRO, CODIGO_FILIAL, QUANTIDADE, PRECO_COMPRA, PRECO_VENDA, DATA_COMPRA, DATA_VALIDADE, ID_MARCA, ID_CATEGORIA) VALUES (270, 'Produto 0270', 'Descrio do Produto 0270', '3993', 1, 57, 6, 46, TO_DATE('28/05/1951','DD/MM/YYYY'), TO_DATE('23/10/2006','DD/MM/YYYY'), 3, 19);
INSERT INTO PRODUTO (CODIGO_IDENTIFICACAO, NOME, DESCRICAO, MARGEM_LUCRO, CODIGO_FILIAL, QUANTIDADE, PRECO_COMPRA, PRECO_VENDA, DATA_COMPRA, DATA_VALIDADE, ID_MARCA, ID_CATEGORIA) VALUES (271, 'Produto 0271', 'Descrio do Produto 0271', '5908', 7, 288, 30, 89, TO_DATE('17/04/2003','DD/MM/YYYY'), TO_DATE('13/12/1929','DD/MM/YYYY'), 8, 14);
INSERT INTO PRODUTO (CODIGO_IDENTIFICACAO, NOME, DESCRICAO, MARGEM_LUCRO, CODIGO_FILIAL, QUANTIDADE, PRECO_COMPRA, PRECO_VENDA, DATA_COMPRA, DATA_VALIDADE, ID_MARCA, ID_CATEGORIA) VALUES (272, 'Produto 0272', 'Descrio do Produto 0272', '9849', 0, 158, 9, 100, TO_DATE('04/10/1924','DD/MM/YYYY'), TO_DATE('09/03/1962','DD/MM/YYYY'), 4, 3);
INSERT INTO PRODUTO (CODIGO_IDENTIFICACAO, NOME, DESCRICAO, MARGEM_LUCRO, CODIGO_FILIAL, QUANTIDADE, PRECO_COMPRA, PRECO_VENDA, DATA_COMPRA, DATA_VALIDADE, ID_MARCA, ID_CATEGORIA) VALUES (273, 'Produto 0273', 'Descrio do Produto 0273', '2131', 2, 249, 13, 72, TO_DATE('22/07/2018','DD/MM/YYYY'), TO_DATE('11/08/1958','DD/MM/YYYY'), 7, 17);
INSERT INTO PRODUTO (CODIGO_IDENTIFICACAO, NOME, DESCRICAO, MARGEM_LUCRO, CODIGO_FILIAL, QUANTIDADE, PRECO_COMPRA, PRECO_VENDA, DATA_COMPRA, DATA_VALIDADE, ID_MARCA, ID_CATEGORIA) VALUES (274, 'Produto 0274', 'Descrio do Produto 0274', '3002', 6, 722, 20, 96, TO_DATE('15/09/1910','DD/MM/YYYY'), TO_DATE('26/11/1954','DD/MM/YYYY'), 17, 0);
INSERT INTO PRODUTO (CODIGO_IDENTIFICACAO, NOME, DESCRICAO, MARGEM_LUCRO, CODIGO_FILIAL, QUANTIDADE, PRECO_COMPRA, PRECO_VENDA, DATA_COMPRA, DATA_VALIDADE, ID_MARCA, ID_CATEGORIA) VALUES (275, 'Produto 0275', 'Descrio do Produto 0275', '4318', 5, 443, 18, 92, TO_DATE('12/07/1971','DD/MM/YYYY'), TO_DATE('15/05/2014','DD/MM/YYYY'), 1, 12);
INSERT INTO PRODUTO (CODIGO_IDENTIFICACAO, NOME, DESCRICAO, MARGEM_LUCRO, CODIGO_FILIAL, QUANTIDADE, PRECO_COMPRA, PRECO_VENDA, DATA_COMPRA, DATA_VALIDADE, ID_MARCA, ID_CATEGORIA) VALUES (276, 'Produto 0276', 'Descrio do Produto 0276', '1176', 0, 312, 11, 74, TO_DATE('01/04/1939','DD/MM/YYYY'), TO_DATE('10/09/1929','DD/MM/YYYY'), 21, 10);
INSERT INTO PRODUTO (CODIGO_IDENTIFICACAO, NOME, DESCRICAO, MARGEM_LUCRO, CODIGO_FILIAL, QUANTIDADE, PRECO_COMPRA, PRECO_VENDA, DATA_COMPRA, DATA_VALIDADE, ID_MARCA, ID_CATEGORIA) VALUES (277, 'Produto 0277', 'Descrio do Produto 0277', '3980', 2, 675, 11, 91, TO_DATE('26/10/2010','DD/MM/YYYY'), TO_DATE('13/03/2003','DD/MM/YYYY'), 8, 8);
INSERT INTO PRODUTO (CODIGO_IDENTIFICACAO, NOME, DESCRICAO, MARGEM_LUCRO, CODIGO_FILIAL, QUANTIDADE, PRECO_COMPRA, PRECO_VENDA, DATA_COMPRA, DATA_VALIDADE, ID_MARCA, ID_CATEGORIA) VALUES (278, 'Produto 0278', 'Descrio do Produto 0278', '9560', 1, 600, 4, 97, TO_DATE('13/02/1915','DD/MM/YYYY'), TO_DATE('08/09/2019','DD/MM/YYYY'), 23, 20);
INSERT INTO PRODUTO (CODIGO_IDENTIFICACAO, NOME, DESCRICAO, MARGEM_LUCRO, CODIGO_FILIAL, QUANTIDADE, PRECO_COMPRA, PRECO_VENDA, DATA_COMPRA, DATA_VALIDADE, ID_MARCA, ID_CATEGORIA) VALUES (279, 'Produto 0279', 'Descrio do Produto 0279', '5192', 6, 113, 16, 89, TO_DATE('21/05/1989','DD/MM/YYYY'), TO_DATE('04/11/2003','DD/MM/YYYY'), 23, 2);
INSERT INTO PRODUTO (CODIGO_IDENTIFICACAO, NOME, DESCRICAO, MARGEM_LUCRO, CODIGO_FILIAL, QUANTIDADE, PRECO_COMPRA, PRECO_VENDA, DATA_COMPRA, DATA_VALIDADE, ID_MARCA, ID_CATEGORIA) VALUES (280, 'Produto 0280', 'Descrio do Produto 0280', '753', 6, 300, 23, 61, TO_DATE('22/02/1997','DD/MM/YYYY'), TO_DATE('16/03/1916','DD/MM/YYYY'), 10, 26);
INSERT INTO PRODUTO (CODIGO_IDENTIFICACAO, NOME, DESCRICAO, MARGEM_LUCRO, CODIGO_FILIAL, QUANTIDADE, PRECO_COMPRA, PRECO_VENDA, DATA_COMPRA, DATA_VALIDADE, ID_MARCA, ID_CATEGORIA) VALUES (281, 'Produto 0281', 'Descrio do Produto 0281', '5808', 2, 9, 20, 50, TO_DATE('27/12/1993','DD/MM/YYYY'), TO_DATE('09/05/1976','DD/MM/YYYY'), 12, 19);
INSERT INTO PRODUTO (CODIGO_IDENTIFICACAO, NOME, DESCRICAO, MARGEM_LUCRO, CODIGO_FILIAL, QUANTIDADE, PRECO_COMPRA, PRECO_VENDA, DATA_COMPRA, DATA_VALIDADE, ID_MARCA, ID_CATEGORIA) VALUES (282, 'Produto 0282', 'Descrio do Produto 0282', '6407', 3, 58, 17, 42, TO_DATE('24/06/2004','DD/MM/YYYY'), TO_DATE('04/07/2015','DD/MM/YYYY'), 8, 26);
INSERT INTO PRODUTO (CODIGO_IDENTIFICACAO, NOME, DESCRICAO, MARGEM_LUCRO, CODIGO_FILIAL, QUANTIDADE, PRECO_COMPRA, PRECO_VENDA, DATA_COMPRA, DATA_VALIDADE, ID_MARCA, ID_CATEGORIA) VALUES (283, 'Produto 0283', 'Descrio do Produto 0283', '6004', 6, 322, 14, 82, TO_DATE('19/12/1923','DD/MM/YYYY'), TO_DATE('09/06/1989','DD/MM/YYYY'), 11, 16);
INSERT INTO PRODUTO (CODIGO_IDENTIFICACAO, NOME, DESCRICAO, MARGEM_LUCRO, CODIGO_FILIAL, QUANTIDADE, PRECO_COMPRA, PRECO_VENDA, DATA_COMPRA, DATA_VALIDADE, ID_MARCA, ID_CATEGORIA) VALUES (284, 'Produto 0284', 'Descrio do Produto 0284', '8620', 1, 54, 7, 42, TO_DATE('24/11/2005','DD/MM/YYYY'), TO_DATE('05/04/1958','DD/MM/YYYY'), 13, 27);
INSERT INTO PRODUTO (CODIGO_IDENTIFICACAO, NOME, DESCRICAO, MARGEM_LUCRO, CODIGO_FILIAL, QUANTIDADE, PRECO_COMPRA, PRECO_VENDA, DATA_COMPRA, DATA_VALIDADE, ID_MARCA, ID_CATEGORIA) VALUES (285, 'Produto 0285', 'Descrio do Produto 0285', '9819', 0, 103, 13, 84, TO_DATE('28/06/2003','DD/MM/YYYY'), TO_DATE('10/04/1923','DD/MM/YYYY'), 9, 7);
INSERT INTO PRODUTO (CODIGO_IDENTIFICACAO, NOME, DESCRICAO, MARGEM_LUCRO, CODIGO_FILIAL, QUANTIDADE, PRECO_COMPRA, PRECO_VENDA, DATA_COMPRA, DATA_VALIDADE, ID_MARCA, ID_CATEGORIA) VALUES (286, 'Produto 0286', 'Descrio do Produto 0286', '5244', 1, 133, 1, 87, TO_DATE('26/05/1948','DD/MM/YYYY'), TO_DATE('15/07/1945','DD/MM/YYYY'), 16, 25);
INSERT INTO PRODUTO (CODIGO_IDENTIFICACAO, NOME, DESCRICAO, MARGEM_LUCRO, CODIGO_FILIAL, QUANTIDADE, PRECO_COMPRA, PRECO_VENDA, DATA_COMPRA, DATA_VALIDADE, ID_MARCA, ID_CATEGORIA) VALUES (287, 'Produto 0287', 'Descrio do Produto 0287', '4287', 3, 47, 9, 82, TO_DATE('11/11/1929','DD/MM/YYYY'), TO_DATE('15/05/1969','DD/MM/YYYY'), 24, 24);
INSERT INTO PRODUTO (CODIGO_IDENTIFICACAO, NOME, DESCRICAO, MARGEM_LUCRO, CODIGO_FILIAL, QUANTIDADE, PRECO_COMPRA, PRECO_VENDA, DATA_COMPRA, DATA_VALIDADE, ID_MARCA, ID_CATEGORIA) VALUES (288, 'Produto 0288', 'Descrio do Produto 0288', '8483', 9, 70, 30, 38, TO_DATE('05/03/1967','DD/MM/YYYY'), TO_DATE('18/03/1992','DD/MM/YYYY'), 17, 11);
INSERT INTO PRODUTO (CODIGO_IDENTIFICACAO, NOME, DESCRICAO, MARGEM_LUCRO, CODIGO_FILIAL, QUANTIDADE, PRECO_COMPRA, PRECO_VENDA, DATA_COMPRA, DATA_VALIDADE, ID_MARCA, ID_CATEGORIA) VALUES (289, 'Produto 0289', 'Descrio do Produto 0289', '9360', 9, 601, 15, 30, TO_DATE('07/08/2004','DD/MM/YYYY'), TO_DATE('03/08/1919','DD/MM/YYYY'), 21, 12);
INSERT INTO PRODUTO (CODIGO_IDENTIFICACAO, NOME, DESCRICAO, MARGEM_LUCRO, CODIGO_FILIAL, QUANTIDADE, PRECO_COMPRA, PRECO_VENDA, DATA_COMPRA, DATA_VALIDADE, ID_MARCA, ID_CATEGORIA) VALUES (290, 'Produto 0290', 'Descrio do Produto 0290', '4377', 4, 764, 30, 74, TO_DATE('13/01/1935','DD/MM/YYYY'), TO_DATE('09/02/1999','DD/MM/YYYY'), 1, 27);
INSERT INTO PRODUTO (CODIGO_IDENTIFICACAO, NOME, DESCRICAO, MARGEM_LUCRO, CODIGO_FILIAL, QUANTIDADE, PRECO_COMPRA, PRECO_VENDA, DATA_COMPRA, DATA_VALIDADE, ID_MARCA, ID_CATEGORIA) VALUES (291, 'Produto 0291', 'Descrio do Produto 0291', '1861', 1, 946, 24, 74, TO_DATE('09/07/1999','DD/MM/YYYY'), TO_DATE('19/10/1964','DD/MM/YYYY'), 21, 3);
INSERT INTO PRODUTO (CODIGO_IDENTIFICACAO, NOME, DESCRICAO, MARGEM_LUCRO, CODIGO_FILIAL, QUANTIDADE, PRECO_COMPRA, PRECO_VENDA, DATA_COMPRA, DATA_VALIDADE, ID_MARCA, ID_CATEGORIA) VALUES (292, 'Produto 0292', 'Descrio do Produto 0292', '8755', 0, 862, 6, 84, TO_DATE('10/07/1997','DD/MM/YYYY'), TO_DATE('08/11/2003','DD/MM/YYYY'), 1, 15);
INSERT INTO PRODUTO (CODIGO_IDENTIFICACAO, NOME, DESCRICAO, MARGEM_LUCRO, CODIGO_FILIAL, QUANTIDADE, PRECO_COMPRA, PRECO_VENDA, DATA_COMPRA, DATA_VALIDADE, ID_MARCA, ID_CATEGORIA) VALUES (293, 'Produto 0293', 'Descrio do Produto 0293', '5793', 4, 361, 15, 35, TO_DATE('09/02/1959','DD/MM/YYYY'), TO_DATE('02/03/2006','DD/MM/YYYY'), 16, 13);
INSERT INTO PRODUTO (CODIGO_IDENTIFICACAO, NOME, DESCRICAO, MARGEM_LUCRO, CODIGO_FILIAL, QUANTIDADE, PRECO_COMPRA, PRECO_VENDA, DATA_COMPRA, DATA_VALIDADE, ID_MARCA, ID_CATEGORIA) VALUES (294, 'Produto 0294', 'Descrio do Produto 0294', '9984', 6, 93, 25, 70, TO_DATE('06/02/1961','DD/MM/YYYY'), TO_DATE('16/06/2013','DD/MM/YYYY'), 8, 26);
INSERT INTO PRODUTO (CODIGO_IDENTIFICACAO, NOME, DESCRICAO, MARGEM_LUCRO, CODIGO_FILIAL, QUANTIDADE, PRECO_COMPRA, PRECO_VENDA, DATA_COMPRA, DATA_VALIDADE, ID_MARCA, ID_CATEGORIA) VALUES (295, 'Produto 0295', 'Descrio do Produto 0295', '7431', 0, 576, 26, 97, TO_DATE('19/07/1929','DD/MM/YYYY'), TO_DATE('23/04/1992','DD/MM/YYYY'), 24, 19);
INSERT INTO PRODUTO (CODIGO_IDENTIFICACAO, NOME, DESCRICAO, MARGEM_LUCRO, CODIGO_FILIAL, QUANTIDADE, PRECO_COMPRA, PRECO_VENDA, DATA_COMPRA, DATA_VALIDADE, ID_MARCA, ID_CATEGORIA) VALUES (296, 'Produto 0296', 'Descrio do Produto 0296', '6233', 2, 73, 25, 56, TO_DATE('17/08/1983','DD/MM/YYYY'), TO_DATE('15/08/2010','DD/MM/YYYY'), 15, 12);
INSERT INTO PRODUTO (CODIGO_IDENTIFICACAO, NOME, DESCRICAO, MARGEM_LUCRO, CODIGO_FILIAL, QUANTIDADE, PRECO_COMPRA, PRECO_VENDA, DATA_COMPRA, DATA_VALIDADE, ID_MARCA, ID_CATEGORIA) VALUES (297, 'Produto 0297', 'Descrio do Produto 0297', '4514', 8, 109, 22, 40, TO_DATE('15/07/1979','DD/MM/YYYY'), TO_DATE('15/07/1934','DD/MM/YYYY'), 5, 12);
INSERT INTO PRODUTO (CODIGO_IDENTIFICACAO, NOME, DESCRICAO, MARGEM_LUCRO, CODIGO_FILIAL, QUANTIDADE, PRECO_COMPRA, PRECO_VENDA, DATA_COMPRA, DATA_VALIDADE, ID_MARCA, ID_CATEGORIA) VALUES (298, 'Produto 0298', 'Descrio do Produto 0298', '9236', 5, 114, 16, 51, TO_DATE('25/04/2008','DD/MM/YYYY'), TO_DATE('04/12/2006','DD/MM/YYYY'), 16, 0);
INSERT INTO PRODUTO (CODIGO_IDENTIFICACAO, NOME, DESCRICAO, MARGEM_LUCRO, CODIGO_FILIAL, QUANTIDADE, PRECO_COMPRA, PRECO_VENDA, DATA_COMPRA, DATA_VALIDADE, ID_MARCA, ID_CATEGORIA) VALUES (299, 'Produto 0299', 'Descrio do Produto 0299', '49', 6, 474, 12, 67, TO_DATE('18/03/1992','DD/MM/YYYY'), TO_DATE('05/12/1988','DD/MM/YYYY'), 19, 28);


------ CAIXA ------

INSERT INTO CAIXA (NUMERO_CAIXA, CODIGO_FILIAL) VALUES (0, 5);
INSERT INTO CAIXA (NUMERO_CAIXA, CODIGO_FILIAL) VALUES (1, 2);
INSERT INTO CAIXA (NUMERO_CAIXA, CODIGO_FILIAL) VALUES (2, 8);
INSERT INTO CAIXA (NUMERO_CAIXA, CODIGO_FILIAL) VALUES (3, 6);
INSERT INTO CAIXA (NUMERO_CAIXA, CODIGO_FILIAL) VALUES (4, 9);
INSERT INTO CAIXA (NUMERO_CAIXA, CODIGO_FILIAL) VALUES (5, 4);
INSERT INTO CAIXA (NUMERO_CAIXA, CODIGO_FILIAL) VALUES (6, 6);
INSERT INTO CAIXA (NUMERO_CAIXA, CODIGO_FILIAL) VALUES (7, 8);
INSERT INTO CAIXA (NUMERO_CAIXA, CODIGO_FILIAL) VALUES (8, 6);
INSERT INTO CAIXA (NUMERO_CAIXA, CODIGO_FILIAL) VALUES (9, 3);


------ EQUIPAMENTO ------

INSERT INTO EQUIPAMENTO (IDENTIFICADOR, DESCRICAO, NUMERO_CAIXA) VALUES (0, 'Descrio do Equipamento 0', 0);
INSERT INTO EQUIPAMENTO (IDENTIFICADOR, DESCRICAO, NUMERO_CAIXA) VALUES (1, 'Descrio do Equipamento 1', 2);
INSERT INTO EQUIPAMENTO (IDENTIFICADOR, DESCRICAO, NUMERO_CAIXA) VALUES (2, 'Descrio do Equipamento 2', 0);
INSERT INTO EQUIPAMENTO (IDENTIFICADOR, DESCRICAO, NUMERO_CAIXA) VALUES (3, 'Descrio do Equipamento 3', 0);
INSERT INTO EQUIPAMENTO (IDENTIFICADOR, DESCRICAO, NUMERO_CAIXA) VALUES (4, 'Descrio do Equipamento 4', 8);
INSERT INTO EQUIPAMENTO (IDENTIFICADOR, DESCRICAO, NUMERO_CAIXA) VALUES (5, 'Descrio do Equipamento 5', 2);
INSERT INTO EQUIPAMENTO (IDENTIFICADOR, DESCRICAO, NUMERO_CAIXA) VALUES (6, 'Descrio do Equipamento 6', 2);
INSERT INTO EQUIPAMENTO (IDENTIFICADOR, DESCRICAO, NUMERO_CAIXA) VALUES (7, 'Descrio do Equipamento 7', 9);
INSERT INTO EQUIPAMENTO (IDENTIFICADOR, DESCRICAO, NUMERO_CAIXA) VALUES (8, 'Descrio do Equipamento 8', 1);
INSERT INTO EQUIPAMENTO (IDENTIFICADOR, DESCRICAO, NUMERO_CAIXA) VALUES (9, 'Descrio do Equipamento 9', 9);
INSERT INTO EQUIPAMENTO (IDENTIFICADOR, DESCRICAO, NUMERO_CAIXA) VALUES (10, 'Descrio do Equipamento 10', 0);
INSERT INTO EQUIPAMENTO (IDENTIFICADOR, DESCRICAO, NUMERO_CAIXA) VALUES (11, 'Descrio do Equipamento 11', 1);
INSERT INTO EQUIPAMENTO (IDENTIFICADOR, DESCRICAO, NUMERO_CAIXA) VALUES (12, 'Descrio do Equipamento 12', 9);
INSERT INTO EQUIPAMENTO (IDENTIFICADOR, DESCRICAO, NUMERO_CAIXA) VALUES (13, 'Descrio do Equipamento 13', 3);
INSERT INTO EQUIPAMENTO (IDENTIFICADOR, DESCRICAO, NUMERO_CAIXA) VALUES (14, 'Descrio do Equipamento 14', 8);
INSERT INTO EQUIPAMENTO (IDENTIFICADOR, DESCRICAO, NUMERO_CAIXA) VALUES (15, 'Descrio do Equipamento 15', 8);
INSERT INTO EQUIPAMENTO (IDENTIFICADOR, DESCRICAO, NUMERO_CAIXA) VALUES (16, 'Descrio do Equipamento 16', 6);
INSERT INTO EQUIPAMENTO (IDENTIFICADOR, DESCRICAO, NUMERO_CAIXA) VALUES (17, 'Descrio do Equipamento 17', 6);
INSERT INTO EQUIPAMENTO (IDENTIFICADOR, DESCRICAO, NUMERO_CAIXA) VALUES (18, 'Descrio do Equipamento 18', 4);
INSERT INTO EQUIPAMENTO (IDENTIFICADOR, DESCRICAO, NUMERO_CAIXA) VALUES (19, 'Descrio do Equipamento 19', 2);


------ REALIZA_MANUTENCAO ------

INSERT INTO REALIZA_MANUTENCAO (ID_MANUTENCAO, IDENTIFICADOR_EQUIPAMENTO, NUMERO_CAIXA, MATRICULA_FUNCIONARIO, DATA_HORA, CUSTO) VALUES (0, 10, 0, 71, TO_TIMESTAMP('2004-05-22 22:57:03', 'YYYY-MM-DD HH24:MI:SS'), 149);
INSERT INTO REALIZA_MANUTENCAO (ID_MANUTENCAO, IDENTIFICADOR_EQUIPAMENTO, NUMERO_CAIXA, MATRICULA_FUNCIONARIO, DATA_HORA, CUSTO) VALUES (1, 18, 4, 140, TO_TIMESTAMP('2019-12-20 03:43:34', 'YYYY-MM-DD HH24:MI:SS'), 168);
INSERT INTO REALIZA_MANUTENCAO (ID_MANUTENCAO, IDENTIFICADOR_EQUIPAMENTO, NUMERO_CAIXA, MATRICULA_FUNCIONARIO, DATA_HORA, CUSTO) VALUES (2, 12, 9, 116, TO_TIMESTAMP('2005-06-21 13:27:42', 'YYYY-MM-DD HH24:MI:SS'), 63);
INSERT INTO REALIZA_MANUTENCAO (ID_MANUTENCAO, IDENTIFICADOR_EQUIPAMENTO, NUMERO_CAIXA, MATRICULA_FUNCIONARIO, DATA_HORA, CUSTO) VALUES (3, 18, 4, 118, TO_TIMESTAMP('2014-05-28 19:42:17', 'YYYY-MM-DD HH24:MI:SS'), 156);
INSERT INTO REALIZA_MANUTENCAO (ID_MANUTENCAO, IDENTIFICADOR_EQUIPAMENTO, NUMERO_CAIXA, MATRICULA_FUNCIONARIO, DATA_HORA, CUSTO) VALUES (4, 5, 2, 108, TO_TIMESTAMP('2004-06-13 04:06:31', 'YYYY-MM-DD HH24:MI:SS'), 31);
INSERT INTO REALIZA_MANUTENCAO (ID_MANUTENCAO, IDENTIFICADOR_EQUIPAMENTO, NUMERO_CAIXA, MATRICULA_FUNCIONARIO, DATA_HORA, CUSTO) VALUES (5, 11, 1, 58, TO_TIMESTAMP('2013-02-27 11:39:43', 'YYYY-MM-DD HH24:MI:SS'), 66);
INSERT INTO REALIZA_MANUTENCAO (ID_MANUTENCAO, IDENTIFICADOR_EQUIPAMENTO, NUMERO_CAIXA, MATRICULA_FUNCIONARIO, DATA_HORA, CUSTO) VALUES (6, 3, 0, 106, TO_TIMESTAMP('2006-05-07 11:12:07', 'YYYY-MM-DD HH24:MI:SS'), 170);
INSERT INTO REALIZA_MANUTENCAO (ID_MANUTENCAO, IDENTIFICADOR_EQUIPAMENTO, NUMERO_CAIXA, MATRICULA_FUNCIONARIO, DATA_HORA, CUSTO) VALUES (7, 4, 8, 140, TO_TIMESTAMP('2004-08-22 01:50:01', 'YYYY-MM-DD HH24:MI:SS'), 168);
INSERT INTO REALIZA_MANUTENCAO (ID_MANUTENCAO, IDENTIFICADOR_EQUIPAMENTO, NUMERO_CAIXA, MATRICULA_FUNCIONARIO, DATA_HORA, CUSTO) VALUES (8, 5, 2, 53, TO_TIMESTAMP('2006-07-03 12:45:22', 'YYYY-MM-DD HH24:MI:SS'), 147);
INSERT INTO REALIZA_MANUTENCAO (ID_MANUTENCAO, IDENTIFICADOR_EQUIPAMENTO, NUMERO_CAIXA, MATRICULA_FUNCIONARIO, DATA_HORA, CUSTO) VALUES (9, 16, 6, 143, TO_TIMESTAMP('2007-12-12 12:01:14', 'YYYY-MM-DD HH24:MI:SS'), 120);
INSERT INTO REALIZA_MANUTENCAO (ID_MANUTENCAO, IDENTIFICADOR_EQUIPAMENTO, NUMERO_CAIXA, MATRICULA_FUNCIONARIO, DATA_HORA, CUSTO) VALUES (10, 12, 9, 2, TO_TIMESTAMP('2017-06-07 20:27:55', 'YYYY-MM-DD HH24:MI:SS'), 33);
INSERT INTO REALIZA_MANUTENCAO (ID_MANUTENCAO, IDENTIFICADOR_EQUIPAMENTO, NUMERO_CAIXA, MATRICULA_FUNCIONARIO, DATA_HORA, CUSTO) VALUES (11, 12, 9, 122, TO_TIMESTAMP('2017-03-17 00:10:53', 'YYYY-MM-DD HH24:MI:SS'), 138);
INSERT INTO REALIZA_MANUTENCAO (ID_MANUTENCAO, IDENTIFICADOR_EQUIPAMENTO, NUMERO_CAIXA, MATRICULA_FUNCIONARIO, DATA_HORA, CUSTO) VALUES (12, 16, 6, 4, TO_TIMESTAMP('2011-01-08 04:00:50', 'YYYY-MM-DD HH24:MI:SS'), 176);
INSERT INTO REALIZA_MANUTENCAO (ID_MANUTENCAO, IDENTIFICADOR_EQUIPAMENTO, NUMERO_CAIXA, MATRICULA_FUNCIONARIO, DATA_HORA, CUSTO) VALUES (13, 14, 8, 122, TO_TIMESTAMP('2001-02-18 23:14:22', 'YYYY-MM-DD HH24:MI:SS'), 43);
INSERT INTO REALIZA_MANUTENCAO (ID_MANUTENCAO, IDENTIFICADOR_EQUIPAMENTO, NUMERO_CAIXA, MATRICULA_FUNCIONARIO, DATA_HORA, CUSTO) VALUES (14, 3, 0, 121, TO_TIMESTAMP('2013-06-12 17:16:58', 'YYYY-MM-DD HH24:MI:SS'), 45);
INSERT INTO REALIZA_MANUTENCAO (ID_MANUTENCAO, IDENTIFICADOR_EQUIPAMENTO, NUMERO_CAIXA, MATRICULA_FUNCIONARIO, DATA_HORA, CUSTO) VALUES (15, 7, 9, 115, TO_TIMESTAMP('2008-09-09 16:01:39', 'YYYY-MM-DD HH24:MI:SS'), 140);
INSERT INTO REALIZA_MANUTENCAO (ID_MANUTENCAO, IDENTIFICADOR_EQUIPAMENTO, NUMERO_CAIXA, MATRICULA_FUNCIONARIO, DATA_HORA, CUSTO) VALUES (16, 10, 0, 20, TO_TIMESTAMP('2015-02-07 09:24:52', 'YYYY-MM-DD HH24:MI:SS'), 93);
INSERT INTO REALIZA_MANUTENCAO (ID_MANUTENCAO, IDENTIFICADOR_EQUIPAMENTO, NUMERO_CAIXA, MATRICULA_FUNCIONARIO, DATA_HORA, CUSTO) VALUES (17, 19, 2, 77, TO_TIMESTAMP('2000-11-06 22:31:10', 'YYYY-MM-DD HH24:MI:SS'), 81);
INSERT INTO REALIZA_MANUTENCAO (ID_MANUTENCAO, IDENTIFICADOR_EQUIPAMENTO, NUMERO_CAIXA, MATRICULA_FUNCIONARIO, DATA_HORA, CUSTO) VALUES (18, 8, 1, 68, TO_TIMESTAMP('2006-02-01 04:33:33', 'YYYY-MM-DD HH24:MI:SS'), 164);
INSERT INTO REALIZA_MANUTENCAO (ID_MANUTENCAO, IDENTIFICADOR_EQUIPAMENTO, NUMERO_CAIXA, MATRICULA_FUNCIONARIO, DATA_HORA, CUSTO) VALUES (19, 9, 9, 111, TO_TIMESTAMP('2019-08-21 11:46:44', 'YYYY-MM-DD HH24:MI:SS'), 193);
INSERT INTO REALIZA_MANUTENCAO (ID_MANUTENCAO, IDENTIFICADOR_EQUIPAMENTO, NUMERO_CAIXA, MATRICULA_FUNCIONARIO, DATA_HORA, CUSTO) VALUES (20, 0, 0, 148, TO_TIMESTAMP('2017-08-03 13:22:16', 'YYYY-MM-DD HH24:MI:SS'), 199);
INSERT INTO REALIZA_MANUTENCAO (ID_MANUTENCAO, IDENTIFICADOR_EQUIPAMENTO, NUMERO_CAIXA, MATRICULA_FUNCIONARIO, DATA_HORA, CUSTO) VALUES (21, 4, 8, 63, TO_TIMESTAMP('2000-10-18 17:47:59', 'YYYY-MM-DD HH24:MI:SS'), 129);
INSERT INTO REALIZA_MANUTENCAO (ID_MANUTENCAO, IDENTIFICADOR_EQUIPAMENTO, NUMERO_CAIXA, MATRICULA_FUNCIONARIO, DATA_HORA, CUSTO) VALUES (22, 15, 8, 144, TO_TIMESTAMP('2007-02-01 21:22:13', 'YYYY-MM-DD HH24:MI:SS'), 170);
INSERT INTO REALIZA_MANUTENCAO (ID_MANUTENCAO, IDENTIFICADOR_EQUIPAMENTO, NUMERO_CAIXA, MATRICULA_FUNCIONARIO, DATA_HORA, CUSTO) VALUES (23, 18, 4, 132, TO_TIMESTAMP('2014-05-20 13:16:35', 'YYYY-MM-DD HH24:MI:SS'), 60);
INSERT INTO REALIZA_MANUTENCAO (ID_MANUTENCAO, IDENTIFICADOR_EQUIPAMENTO, NUMERO_CAIXA, MATRICULA_FUNCIONARIO, DATA_HORA, CUSTO) VALUES (24, 15, 8, 53, TO_TIMESTAMP('2005-01-03 20:32:35', 'YYYY-MM-DD HH24:MI:SS'), 133);
INSERT INTO REALIZA_MANUTENCAO (ID_MANUTENCAO, IDENTIFICADOR_EQUIPAMENTO, NUMERO_CAIXA, MATRICULA_FUNCIONARIO, DATA_HORA, CUSTO) VALUES (25, 12, 9, 138, TO_TIMESTAMP('2002-01-12 22:23:02', 'YYYY-MM-DD HH24:MI:SS'), 151);
INSERT INTO REALIZA_MANUTENCAO (ID_MANUTENCAO, IDENTIFICADOR_EQUIPAMENTO, NUMERO_CAIXA, MATRICULA_FUNCIONARIO, DATA_HORA, CUSTO) VALUES (26, 8, 1, 48, TO_TIMESTAMP('2000-05-20 19:16:21', 'YYYY-MM-DD HH24:MI:SS'), 62);
INSERT INTO REALIZA_MANUTENCAO (ID_MANUTENCAO, IDENTIFICADOR_EQUIPAMENTO, NUMERO_CAIXA, MATRICULA_FUNCIONARIO, DATA_HORA, CUSTO) VALUES (27, 5, 2, 111, TO_TIMESTAMP('2010-11-21 16:02:41', 'YYYY-MM-DD HH24:MI:SS'), 187);
INSERT INTO REALIZA_MANUTENCAO (ID_MANUTENCAO, IDENTIFICADOR_EQUIPAMENTO, NUMERO_CAIXA, MATRICULA_FUNCIONARIO, DATA_HORA, CUSTO) VALUES (28, 6, 2, 45, TO_TIMESTAMP('2010-05-14 12:32:59', 'YYYY-MM-DD HH24:MI:SS'), 26);
INSERT INTO REALIZA_MANUTENCAO (ID_MANUTENCAO, IDENTIFICADOR_EQUIPAMENTO, NUMERO_CAIXA, MATRICULA_FUNCIONARIO, DATA_HORA, CUSTO) VALUES (29, 10, 0, 75, TO_TIMESTAMP('2012-12-13 07:48:33', 'YYYY-MM-DD HH24:MI:SS'), 73);


------ FORNECEDOR ------

INSERT INTO FORNECEDOR (CNPJ, NOME, ENDERECO, EMAIL, ID_CATEGORIA) VALUES ('57.339.362/0001-71', 'Fornecedor 0', 'Rua 00', 'fornecedor0@gmail.com', 0);
INSERT INTO FORNECEDOR (CNPJ, NOME, ENDERECO, EMAIL, ID_CATEGORIA) VALUES ('95.342.142/0001-16', 'Fornecedor 1', 'Rua 01', 'fornecedor1@gmail.com', 6);
INSERT INTO FORNECEDOR (CNPJ, NOME, ENDERECO, EMAIL, ID_CATEGORIA) VALUES ('29.219.887/0001-22', 'Fornecedor 2', 'Rua 02', 'fornecedor2@gmail.com', 19);
INSERT INTO FORNECEDOR (CNPJ, NOME, ENDERECO, EMAIL, ID_CATEGORIA) VALUES ('17.983.167/0001-15', 'Fornecedor 3', 'Rua 03', 'fornecedor3@gmail.com', 2);
INSERT INTO FORNECEDOR (CNPJ, NOME, ENDERECO, EMAIL, ID_CATEGORIA) VALUES ('74.290.643/0001-80', 'Fornecedor 4', 'Rua 04', 'fornecedor4@gmail.com', 7);
INSERT INTO FORNECEDOR (CNPJ, NOME, ENDERECO, EMAIL, ID_CATEGORIA) VALUES ('74.731.903/0001-57', 'Fornecedor 5', 'Rua 05', 'fornecedor5@gmail.com', 3);
INSERT INTO FORNECEDOR (CNPJ, NOME, ENDERECO, EMAIL, ID_CATEGORIA) VALUES ('83.492.295/0001-75', 'Fornecedor 6', 'Rua 06', 'fornecedor6@gmail.com', 7);
INSERT INTO FORNECEDOR (CNPJ, NOME, ENDERECO, EMAIL, ID_CATEGORIA) VALUES ('91.780.786/0001-50', 'Fornecedor 7', 'Rua 07', 'fornecedor7@gmail.com', 21);
INSERT INTO FORNECEDOR (CNPJ, NOME, ENDERECO, EMAIL, ID_CATEGORIA) VALUES ('74.279.345/0001-20', 'Fornecedor 8', 'Rua 08', 'fornecedor8@gmail.com', 17);
INSERT INTO FORNECEDOR (CNPJ, NOME, ENDERECO, EMAIL, ID_CATEGORIA) VALUES ('43.116.938/0001-61', 'Fornecedor 9', 'Rua 09', 'fornecedor9@gmail.com', 16);
INSERT INTO FORNECEDOR (CNPJ, NOME, ENDERECO, EMAIL, ID_CATEGORIA) VALUES ('52.959.751/0001-34', 'Fornecedor 10', 'Rua 010', 'fornecedor10@gmail.com', 26);
INSERT INTO FORNECEDOR (CNPJ, NOME, ENDERECO, EMAIL, ID_CATEGORIA) VALUES ('08.179.322/0001-61', 'Fornecedor 11', 'Rua 011', 'fornecedor11@gmail.com', 0);
INSERT INTO FORNECEDOR (CNPJ, NOME, ENDERECO, EMAIL, ID_CATEGORIA) VALUES ('03.590.380/0001-69', 'Fornecedor 12', 'Rua 012', 'fornecedor12@gmail.com', 21);
INSERT INTO FORNECEDOR (CNPJ, NOME, ENDERECO, EMAIL, ID_CATEGORIA) VALUES ('78.623.847/0001-46', 'Fornecedor 13', 'Rua 013', 'fornecedor13@gmail.com', 10);
INSERT INTO FORNECEDOR (CNPJ, NOME, ENDERECO, EMAIL, ID_CATEGORIA) VALUES ('83.507.891/0001-42', 'Fornecedor 14', 'Rua 014', 'fornecedor14@gmail.com', 21);
INSERT INTO FORNECEDOR (CNPJ, NOME, ENDERECO, EMAIL, ID_CATEGORIA) VALUES ('85.159.698/0001-82', 'Fornecedor 15', 'Rua 015', 'fornecedor15@gmail.com', 8);
INSERT INTO FORNECEDOR (CNPJ, NOME, ENDERECO, EMAIL, ID_CATEGORIA) VALUES ('68.327.524/0001-54', 'Fornecedor 16', 'Rua 016', 'fornecedor16@gmail.com', 17);
INSERT INTO FORNECEDOR (CNPJ, NOME, ENDERECO, EMAIL, ID_CATEGORIA) VALUES ('56.738.928/0001-98', 'Fornecedor 17', 'Rua 017', 'fornecedor17@gmail.com', 14);
INSERT INTO FORNECEDOR (CNPJ, NOME, ENDERECO, EMAIL, ID_CATEGORIA) VALUES ('65.199.783/0001-53', 'Fornecedor 18', 'Rua 018', 'fornecedor18@gmail.com', 22);
INSERT INTO FORNECEDOR (CNPJ, NOME, ENDERECO, EMAIL, ID_CATEGORIA) VALUES ('83.100.617/0001-52', 'Fornecedor 19', 'Rua 019', 'fornecedor19@gmail.com', 11);


------ SOLICITACAO ------

INSERT INTO SOLICITACAO (IDENTIFICADOR, DATA_SOLICITACAO, DATA_PREVISTA, DATA_ENTREGA, VALOR_COMPRA, PRAZO_PAGAMENTO, CODIGO_FILIAL, CNPJ_FORNECEDOR) VALUES (0, TO_DATE('11/06/2012','DD/MM/YYYY'), TO_DATE('23/12/1951','DD/MM/YYYY'), TO_DATE('14/04/1998','DD/MM/YYYY'), 1697, TO_DATE('12/12/1982','DD/MM/YYYY'), 4, '43.116.938/0001-61');
INSERT INTO SOLICITACAO (IDENTIFICADOR, DATA_SOLICITACAO, DATA_PREVISTA, DATA_ENTREGA, VALOR_COMPRA, PRAZO_PAGAMENTO, CODIGO_FILIAL, CNPJ_FORNECEDOR) VALUES (1, TO_DATE('22/03/1978','DD/MM/YYYY'), TO_DATE('01/07/2005','DD/MM/YYYY'), TO_DATE('06/04/2002','DD/MM/YYYY'), 3398, TO_DATE('07/04/2017','DD/MM/YYYY'), 5, '83.100.617/0001-52');
INSERT INTO SOLICITACAO (IDENTIFICADOR, DATA_SOLICITACAO, DATA_PREVISTA, DATA_ENTREGA, VALOR_COMPRA, PRAZO_PAGAMENTO, CODIGO_FILIAL, CNPJ_FORNECEDOR) VALUES (2, TO_DATE('20/09/1913','DD/MM/YYYY'), TO_DATE('05/05/2011','DD/MM/YYYY'), TO_DATE('22/02/1959','DD/MM/YYYY'), 6557, TO_DATE('21/10/1979','DD/MM/YYYY'), 3, '83.492.295/0001-75');
INSERT INTO SOLICITACAO (IDENTIFICADOR, DATA_SOLICITACAO, DATA_PREVISTA, DATA_ENTREGA, VALOR_COMPRA, PRAZO_PAGAMENTO, CODIGO_FILIAL, CNPJ_FORNECEDOR) VALUES (3, TO_DATE('06/11/1972','DD/MM/YYYY'), TO_DATE('20/06/1983','DD/MM/YYYY'), TO_DATE('16/12/2011','DD/MM/YYYY'), 10000, TO_DATE('25/09/1922','DD/MM/YYYY'), 9, '74.731.903/0001-57');
INSERT INTO SOLICITACAO (IDENTIFICADOR, DATA_SOLICITACAO, DATA_PREVISTA, DATA_ENTREGA, VALOR_COMPRA, PRAZO_PAGAMENTO, CODIGO_FILIAL, CNPJ_FORNECEDOR) VALUES (4, TO_DATE('26/09/1950','DD/MM/YYYY'), TO_DATE('09/03/2004','DD/MM/YYYY'), TO_DATE('15/06/2012','DD/MM/YYYY'), 2608, TO_DATE('16/04/2005','DD/MM/YYYY'), 4, '74.731.903/0001-57');
INSERT INTO SOLICITACAO (IDENTIFICADOR, DATA_SOLICITACAO, DATA_PREVISTA, DATA_ENTREGA, VALOR_COMPRA, PRAZO_PAGAMENTO, CODIGO_FILIAL, CNPJ_FORNECEDOR) VALUES (5, TO_DATE('28/08/1992','DD/MM/YYYY'), TO_DATE('22/12/1948','DD/MM/YYYY'), TO_DATE('05/02/1929','DD/MM/YYYY'), 5072, TO_DATE('04/12/1953','DD/MM/YYYY'), 6, '08.179.322/0001-61');
INSERT INTO SOLICITACAO (IDENTIFICADOR, DATA_SOLICITACAO, DATA_PREVISTA, DATA_ENTREGA, VALOR_COMPRA, PRAZO_PAGAMENTO, CODIGO_FILIAL, CNPJ_FORNECEDOR) VALUES (6, TO_DATE('01/04/1949','DD/MM/YYYY'), TO_DATE('03/01/1939','DD/MM/YYYY'), TO_DATE('23/11/1923','DD/MM/YYYY'), 4711, TO_DATE('18/12/1946','DD/MM/YYYY'), 3, '74.279.345/0001-20');
INSERT INTO SOLICITACAO (IDENTIFICADOR, DATA_SOLICITACAO, DATA_PREVISTA, DATA_ENTREGA, VALOR_COMPRA, PRAZO_PAGAMENTO, CODIGO_FILIAL, CNPJ_FORNECEDOR) VALUES (7, TO_DATE('10/08/2009','DD/MM/YYYY'), TO_DATE('08/12/1918','DD/MM/YYYY'), TO_DATE('26/09/2018','DD/MM/YYYY'), 5185, TO_DATE('26/08/1953','DD/MM/YYYY'), 1, '08.179.322/0001-61');
INSERT INTO SOLICITACAO (IDENTIFICADOR, DATA_SOLICITACAO, DATA_PREVISTA, DATA_ENTREGA, VALOR_COMPRA, PRAZO_PAGAMENTO, CODIGO_FILIAL, CNPJ_FORNECEDOR) VALUES (8, TO_DATE('08/06/1981','DD/MM/YYYY'), TO_DATE('06/04/1976','DD/MM/YYYY'), TO_DATE('25/03/1999','DD/MM/YYYY'), 1893, TO_DATE('14/12/1910','DD/MM/YYYY'), 2, '74.731.903/0001-57');
INSERT INTO SOLICITACAO (IDENTIFICADOR, DATA_SOLICITACAO, DATA_PREVISTA, DATA_ENTREGA, VALOR_COMPRA, PRAZO_PAGAMENTO, CODIGO_FILIAL, CNPJ_FORNECEDOR) VALUES (9, TO_DATE('01/12/1916','DD/MM/YYYY'), TO_DATE('27/12/1978','DD/MM/YYYY'), TO_DATE('23/04/1959','DD/MM/YYYY'), 4501, TO_DATE('08/12/1914','DD/MM/YYYY'), 4, '65.199.783/0001-53');
INSERT INTO SOLICITACAO (IDENTIFICADOR, DATA_SOLICITACAO, DATA_PREVISTA, DATA_ENTREGA, VALOR_COMPRA, PRAZO_PAGAMENTO, CODIGO_FILIAL, CNPJ_FORNECEDOR) VALUES (10, TO_DATE('23/04/1948','DD/MM/YYYY'), TO_DATE('21/03/1919','DD/MM/YYYY'), TO_DATE('21/07/2000','DD/MM/YYYY'), 3133, TO_DATE('08/05/1949','DD/MM/YYYY'), 8, '68.327.524/0001-54');
INSERT INTO SOLICITACAO (IDENTIFICADOR, DATA_SOLICITACAO, DATA_PREVISTA, DATA_ENTREGA, VALOR_COMPRA, PRAZO_PAGAMENTO, CODIGO_FILIAL, CNPJ_FORNECEDOR) VALUES (11, TO_DATE('24/11/1952','DD/MM/YYYY'), TO_DATE('21/12/1914','DD/MM/YYYY'), TO_DATE('01/11/1944','DD/MM/YYYY'), 6915, TO_DATE('15/04/2008','DD/MM/YYYY'), 9, '74.731.903/0001-57');
INSERT INTO SOLICITACAO (IDENTIFICADOR, DATA_SOLICITACAO, DATA_PREVISTA, DATA_ENTREGA, VALOR_COMPRA, PRAZO_PAGAMENTO, CODIGO_FILIAL, CNPJ_FORNECEDOR) VALUES (12, TO_DATE('25/01/1986','DD/MM/YYYY'), TO_DATE('19/12/1975','DD/MM/YYYY'), TO_DATE('14/07/2005','DD/MM/YYYY'), 6654, TO_DATE('10/02/1926','DD/MM/YYYY'), 3, '65.199.783/0001-53');
INSERT INTO SOLICITACAO (IDENTIFICADOR, DATA_SOLICITACAO, DATA_PREVISTA, DATA_ENTREGA, VALOR_COMPRA, PRAZO_PAGAMENTO, CODIGO_FILIAL, CNPJ_FORNECEDOR) VALUES (13, TO_DATE('12/04/1978','DD/MM/YYYY'), TO_DATE('11/09/1979','DD/MM/YYYY'), TO_DATE('04/10/2010','DD/MM/YYYY'), 6486, TO_DATE('15/04/1923','DD/MM/YYYY'), 6, '74.290.643/0001-80');
INSERT INTO SOLICITACAO (IDENTIFICADOR, DATA_SOLICITACAO, DATA_PREVISTA, DATA_ENTREGA, VALOR_COMPRA, PRAZO_PAGAMENTO, CODIGO_FILIAL, CNPJ_FORNECEDOR) VALUES (14, TO_DATE('10/01/1922','DD/MM/YYYY'), TO_DATE('15/04/1942','DD/MM/YYYY'), TO_DATE('13/06/1997','DD/MM/YYYY'), 9027, TO_DATE('03/01/1919','DD/MM/YYYY'), 9, '03.590.380/0001-69');
INSERT INTO SOLICITACAO (IDENTIFICADOR, DATA_SOLICITACAO, DATA_PREVISTA, DATA_ENTREGA, VALOR_COMPRA, PRAZO_PAGAMENTO, CODIGO_FILIAL, CNPJ_FORNECEDOR) VALUES (15, TO_DATE('08/12/1981','DD/MM/YYYY'), TO_DATE('07/10/2017','DD/MM/YYYY'), TO_DATE('23/09/2011','DD/MM/YYYY'), 4796, TO_DATE('14/04/1947','DD/MM/YYYY'), 8, '65.199.783/0001-53');
INSERT INTO SOLICITACAO (IDENTIFICADOR, DATA_SOLICITACAO, DATA_PREVISTA, DATA_ENTREGA, VALOR_COMPRA, PRAZO_PAGAMENTO, CODIGO_FILIAL, CNPJ_FORNECEDOR) VALUES (16, TO_DATE('18/07/1995','DD/MM/YYYY'), TO_DATE('24/06/2017','DD/MM/YYYY'), TO_DATE('02/04/1982','DD/MM/YYYY'), 1630, TO_DATE('15/12/1933','DD/MM/YYYY'), 4, '52.959.751/0001-34');
INSERT INTO SOLICITACAO (IDENTIFICADOR, DATA_SOLICITACAO, DATA_PREVISTA, DATA_ENTREGA, VALOR_COMPRA, PRAZO_PAGAMENTO, CODIGO_FILIAL, CNPJ_FORNECEDOR) VALUES (17, TO_DATE('22/02/2002','DD/MM/YYYY'), TO_DATE('14/04/1987','DD/MM/YYYY'), TO_DATE('16/04/1982','DD/MM/YYYY'), 7305, TO_DATE('19/09/1973','DD/MM/YYYY'), 0, '43.116.938/0001-61');
INSERT INTO SOLICITACAO (IDENTIFICADOR, DATA_SOLICITACAO, DATA_PREVISTA, DATA_ENTREGA, VALOR_COMPRA, PRAZO_PAGAMENTO, CODIGO_FILIAL, CNPJ_FORNECEDOR) VALUES (18, TO_DATE('07/10/1962','DD/MM/YYYY'), TO_DATE('27/05/1972','DD/MM/YYYY'), TO_DATE('22/07/1964','DD/MM/YYYY'), 4884, TO_DATE('19/03/1923','DD/MM/YYYY'), 4, '68.327.524/0001-54');
INSERT INTO SOLICITACAO (IDENTIFICADOR, DATA_SOLICITACAO, DATA_PREVISTA, DATA_ENTREGA, VALOR_COMPRA, PRAZO_PAGAMENTO, CODIGO_FILIAL, CNPJ_FORNECEDOR) VALUES (19, TO_DATE('06/11/1957','DD/MM/YYYY'), TO_DATE('01/03/1964','DD/MM/YYYY'), TO_DATE('22/09/1979','DD/MM/YYYY'), 9711, TO_DATE('18/06/1928','DD/MM/YYYY'), 5, '78.623.847/0001-46');
INSERT INTO SOLICITACAO (IDENTIFICADOR, DATA_SOLICITACAO, DATA_PREVISTA, DATA_ENTREGA, VALOR_COMPRA, PRAZO_PAGAMENTO, CODIGO_FILIAL, CNPJ_FORNECEDOR) VALUES (20, TO_DATE('02/11/1991','DD/MM/YYYY'), TO_DATE('20/10/1929','DD/MM/YYYY'), TO_DATE('05/02/1994','DD/MM/YYYY'), 2594, TO_DATE('05/12/1911','DD/MM/YYYY'), 1, '78.623.847/0001-46');
INSERT INTO SOLICITACAO (IDENTIFICADOR, DATA_SOLICITACAO, DATA_PREVISTA, DATA_ENTREGA, VALOR_COMPRA, PRAZO_PAGAMENTO, CODIGO_FILIAL, CNPJ_FORNECEDOR) VALUES (21, TO_DATE('01/02/1982','DD/MM/YYYY'), TO_DATE('26/01/1915','DD/MM/YYYY'), TO_DATE('27/08/1951','DD/MM/YYYY'), 7191, TO_DATE('08/12/1936','DD/MM/YYYY'), 9, '68.327.524/0001-54');
INSERT INTO SOLICITACAO (IDENTIFICADOR, DATA_SOLICITACAO, DATA_PREVISTA, DATA_ENTREGA, VALOR_COMPRA, PRAZO_PAGAMENTO, CODIGO_FILIAL, CNPJ_FORNECEDOR) VALUES (22, TO_DATE('03/07/1996','DD/MM/YYYY'), TO_DATE('24/01/1911','DD/MM/YYYY'), TO_DATE('20/06/1963','DD/MM/YYYY'), 2323, TO_DATE('17/10/1920','DD/MM/YYYY'), 3, '17.983.167/0001-15');
INSERT INTO SOLICITACAO (IDENTIFICADOR, DATA_SOLICITACAO, DATA_PREVISTA, DATA_ENTREGA, VALOR_COMPRA, PRAZO_PAGAMENTO, CODIGO_FILIAL, CNPJ_FORNECEDOR) VALUES (23, TO_DATE('19/11/1972','DD/MM/YYYY'), TO_DATE('26/11/1996','DD/MM/YYYY'), TO_DATE('27/03/2005','DD/MM/YYYY'), 3900, TO_DATE('28/09/1957','DD/MM/YYYY'), 0, '29.219.887/0001-22');
INSERT INTO SOLICITACAO (IDENTIFICADOR, DATA_SOLICITACAO, DATA_PREVISTA, DATA_ENTREGA, VALOR_COMPRA, PRAZO_PAGAMENTO, CODIGO_FILIAL, CNPJ_FORNECEDOR) VALUES (24, TO_DATE('11/06/1967','DD/MM/YYYY'), TO_DATE('21/03/1962','DD/MM/YYYY'), TO_DATE('05/11/1911','DD/MM/YYYY'), 5175, TO_DATE('17/12/1982','DD/MM/YYYY'), 9, '83.492.295/0001-75');
INSERT INTO SOLICITACAO (IDENTIFICADOR, DATA_SOLICITACAO, DATA_PREVISTA, DATA_ENTREGA, VALOR_COMPRA, PRAZO_PAGAMENTO, CODIGO_FILIAL, CNPJ_FORNECEDOR) VALUES (25, TO_DATE('08/07/1926','DD/MM/YYYY'), TO_DATE('24/12/2017','DD/MM/YYYY'), TO_DATE('16/01/2010','DD/MM/YYYY'), 4421, TO_DATE('23/11/1945','DD/MM/YYYY'), 0, '74.279.345/0001-20');
INSERT INTO SOLICITACAO (IDENTIFICADOR, DATA_SOLICITACAO, DATA_PREVISTA, DATA_ENTREGA, VALOR_COMPRA, PRAZO_PAGAMENTO, CODIGO_FILIAL, CNPJ_FORNECEDOR) VALUES (26, TO_DATE('05/04/1946','DD/MM/YYYY'), TO_DATE('06/10/1916','DD/MM/YYYY'), TO_DATE('19/06/1972','DD/MM/YYYY'), 4429, TO_DATE('27/09/1984','DD/MM/YYYY'), 6, '74.731.903/0001-57');
INSERT INTO SOLICITACAO (IDENTIFICADOR, DATA_SOLICITACAO, DATA_PREVISTA, DATA_ENTREGA, VALOR_COMPRA, PRAZO_PAGAMENTO, CODIGO_FILIAL, CNPJ_FORNECEDOR) VALUES (27, TO_DATE('02/12/1992','DD/MM/YYYY'), TO_DATE('25/01/1958','DD/MM/YYYY'), TO_DATE('27/07/1961','DD/MM/YYYY'), 5716, TO_DATE('06/03/1944','DD/MM/YYYY'), 1, '85.159.698/0001-82');
INSERT INTO SOLICITACAO (IDENTIFICADOR, DATA_SOLICITACAO, DATA_PREVISTA, DATA_ENTREGA, VALOR_COMPRA, PRAZO_PAGAMENTO, CODIGO_FILIAL, CNPJ_FORNECEDOR) VALUES (28, TO_DATE('16/02/2004','DD/MM/YYYY'), TO_DATE('22/06/2006','DD/MM/YYYY'), TO_DATE('22/02/1962','DD/MM/YYYY'), 8369, TO_DATE('01/07/2012','DD/MM/YYYY'), 7, '43.116.938/0001-61');
INSERT INTO SOLICITACAO (IDENTIFICADOR, DATA_SOLICITACAO, DATA_PREVISTA, DATA_ENTREGA, VALOR_COMPRA, PRAZO_PAGAMENTO, CODIGO_FILIAL, CNPJ_FORNECEDOR) VALUES (29, TO_DATE('05/08/2009','DD/MM/YYYY'), TO_DATE('03/12/1924','DD/MM/YYYY'), TO_DATE('09/07/2004','DD/MM/YYYY'), 3559, TO_DATE('15/02/1947','DD/MM/YYYY'), 7, '03.590.380/0001-69');
INSERT INTO SOLICITACAO (IDENTIFICADOR, DATA_SOLICITACAO, DATA_PREVISTA, DATA_ENTREGA, VALOR_COMPRA, PRAZO_PAGAMENTO, CODIGO_FILIAL, CNPJ_FORNECEDOR) VALUES (30, TO_DATE('04/09/2008','DD/MM/YYYY'), TO_DATE('26/10/1941','DD/MM/YYYY'), TO_DATE('26/05/1986','DD/MM/YYYY'), 7193, TO_DATE('16/11/2010','DD/MM/YYYY'), 2, '85.159.698/0001-82');
INSERT INTO SOLICITACAO (IDENTIFICADOR, DATA_SOLICITACAO, DATA_PREVISTA, DATA_ENTREGA, VALOR_COMPRA, PRAZO_PAGAMENTO, CODIGO_FILIAL, CNPJ_FORNECEDOR) VALUES (31, TO_DATE('11/07/1955','DD/MM/YYYY'), TO_DATE('14/02/2019','DD/MM/YYYY'), TO_DATE('19/10/1979','DD/MM/YYYY'), 6701, TO_DATE('22/07/1950','DD/MM/YYYY'), 5, '56.738.928/0001-98');
INSERT INTO SOLICITACAO (IDENTIFICADOR, DATA_SOLICITACAO, DATA_PREVISTA, DATA_ENTREGA, VALOR_COMPRA, PRAZO_PAGAMENTO, CODIGO_FILIAL, CNPJ_FORNECEDOR) VALUES (32, TO_DATE('15/02/1955','DD/MM/YYYY'), TO_DATE('11/01/1943','DD/MM/YYYY'), TO_DATE('19/05/2019','DD/MM/YYYY'), 4342, TO_DATE('08/06/1939','DD/MM/YYYY'), 9, '74.731.903/0001-57');
INSERT INTO SOLICITACAO (IDENTIFICADOR, DATA_SOLICITACAO, DATA_PREVISTA, DATA_ENTREGA, VALOR_COMPRA, PRAZO_PAGAMENTO, CODIGO_FILIAL, CNPJ_FORNECEDOR) VALUES (33, TO_DATE('16/09/1987','DD/MM/YYYY'), TO_DATE('20/04/2013','DD/MM/YYYY'), TO_DATE('23/10/1977','DD/MM/YYYY'), 4990, TO_DATE('04/06/1938','DD/MM/YYYY'), 4, '65.199.783/0001-53');
INSERT INTO SOLICITACAO (IDENTIFICADOR, DATA_SOLICITACAO, DATA_PREVISTA, DATA_ENTREGA, VALOR_COMPRA, PRAZO_PAGAMENTO, CODIGO_FILIAL, CNPJ_FORNECEDOR) VALUES (34, TO_DATE('01/04/1914','DD/MM/YYYY'), TO_DATE('06/04/2013','DD/MM/YYYY'), TO_DATE('01/11/1929','DD/MM/YYYY'), 2987, TO_DATE('06/11/1928','DD/MM/YYYY'), 3, '74.290.643/0001-80');
INSERT INTO SOLICITACAO (IDENTIFICADOR, DATA_SOLICITACAO, DATA_PREVISTA, DATA_ENTREGA, VALOR_COMPRA, PRAZO_PAGAMENTO, CODIGO_FILIAL, CNPJ_FORNECEDOR) VALUES (35, TO_DATE('27/03/1972','DD/MM/YYYY'), TO_DATE('21/12/2017','DD/MM/YYYY'), TO_DATE('24/03/1948','DD/MM/YYYY'), 5810, TO_DATE('08/03/1998','DD/MM/YYYY'), 9, '83.507.891/0001-42');
INSERT INTO SOLICITACAO (IDENTIFICADOR, DATA_SOLICITACAO, DATA_PREVISTA, DATA_ENTREGA, VALOR_COMPRA, PRAZO_PAGAMENTO, CODIGO_FILIAL, CNPJ_FORNECEDOR) VALUES (36, TO_DATE('22/05/1914','DD/MM/YYYY'), TO_DATE('17/06/1973','DD/MM/YYYY'), TO_DATE('05/02/1988','DD/MM/YYYY'), 4988, TO_DATE('03/03/1984','DD/MM/YYYY'), 5, '08.179.322/0001-61');
INSERT INTO SOLICITACAO (IDENTIFICADOR, DATA_SOLICITACAO, DATA_PREVISTA, DATA_ENTREGA, VALOR_COMPRA, PRAZO_PAGAMENTO, CODIGO_FILIAL, CNPJ_FORNECEDOR) VALUES (37, TO_DATE('14/10/2012','DD/MM/YYYY'), TO_DATE('16/05/1985','DD/MM/YYYY'), TO_DATE('07/01/1964','DD/MM/YYYY'), 4341, TO_DATE('17/11/1957','DD/MM/YYYY'), 9, '83.507.891/0001-42');
INSERT INTO SOLICITACAO (IDENTIFICADOR, DATA_SOLICITACAO, DATA_PREVISTA, DATA_ENTREGA, VALOR_COMPRA, PRAZO_PAGAMENTO, CODIGO_FILIAL, CNPJ_FORNECEDOR) VALUES (38, TO_DATE('10/07/1919','DD/MM/YYYY'), TO_DATE('23/09/1949','DD/MM/YYYY'), TO_DATE('13/12/1978','DD/MM/YYYY'), 9428, TO_DATE('08/05/1929','DD/MM/YYYY'), 5, '85.159.698/0001-82');
INSERT INTO SOLICITACAO (IDENTIFICADOR, DATA_SOLICITACAO, DATA_PREVISTA, DATA_ENTREGA, VALOR_COMPRA, PRAZO_PAGAMENTO, CODIGO_FILIAL, CNPJ_FORNECEDOR) VALUES (39, TO_DATE('20/09/1962','DD/MM/YYYY'), TO_DATE('21/10/1965','DD/MM/YYYY'), TO_DATE('03/03/1916','DD/MM/YYYY'), 6074, TO_DATE('10/04/1961','DD/MM/YYYY'), 6, '95.342.142/0001-16');
INSERT INTO SOLICITACAO (IDENTIFICADOR, DATA_SOLICITACAO, DATA_PREVISTA, DATA_ENTREGA, VALOR_COMPRA, PRAZO_PAGAMENTO, CODIGO_FILIAL, CNPJ_FORNECEDOR) VALUES (40, TO_DATE('27/08/1965','DD/MM/YYYY'), TO_DATE('15/05/1932','DD/MM/YYYY'), TO_DATE('15/12/1987','DD/MM/YYYY'), 2054, TO_DATE('05/08/1955','DD/MM/YYYY'), 1, '74.290.643/0001-80');
INSERT INTO SOLICITACAO (IDENTIFICADOR, DATA_SOLICITACAO, DATA_PREVISTA, DATA_ENTREGA, VALOR_COMPRA, PRAZO_PAGAMENTO, CODIGO_FILIAL, CNPJ_FORNECEDOR) VALUES (41, TO_DATE('08/12/1969','DD/MM/YYYY'), TO_DATE('05/03/1949','DD/MM/YYYY'), TO_DATE('20/07/1912','DD/MM/YYYY'), 5882, TO_DATE('10/07/2015','DD/MM/YYYY'), 6, '65.199.783/0001-53');
INSERT INTO SOLICITACAO (IDENTIFICADOR, DATA_SOLICITACAO, DATA_PREVISTA, DATA_ENTREGA, VALOR_COMPRA, PRAZO_PAGAMENTO, CODIGO_FILIAL, CNPJ_FORNECEDOR) VALUES (42, TO_DATE('07/06/1996','DD/MM/YYYY'), TO_DATE('19/04/1935','DD/MM/YYYY'), TO_DATE('24/07/2004','DD/MM/YYYY'), 6452, TO_DATE('13/10/2008','DD/MM/YYYY'), 8, '68.327.524/0001-54');
INSERT INTO SOLICITACAO (IDENTIFICADOR, DATA_SOLICITACAO, DATA_PREVISTA, DATA_ENTREGA, VALOR_COMPRA, PRAZO_PAGAMENTO, CODIGO_FILIAL, CNPJ_FORNECEDOR) VALUES (43, TO_DATE('07/01/1965','DD/MM/YYYY'), TO_DATE('04/07/1996','DD/MM/YYYY'), TO_DATE('18/05/2015','DD/MM/YYYY'), 1983, TO_DATE('03/10/1987','DD/MM/YYYY'), 7, '29.219.887/0001-22');
INSERT INTO SOLICITACAO (IDENTIFICADOR, DATA_SOLICITACAO, DATA_PREVISTA, DATA_ENTREGA, VALOR_COMPRA, PRAZO_PAGAMENTO, CODIGO_FILIAL, CNPJ_FORNECEDOR) VALUES (44, TO_DATE('09/03/1948','DD/MM/YYYY'), TO_DATE('22/03/1947','DD/MM/YYYY'), TO_DATE('23/07/1965','DD/MM/YYYY'), 7289, TO_DATE('14/02/1977','DD/MM/YYYY'), 8, '83.100.617/0001-52');
INSERT INTO SOLICITACAO (IDENTIFICADOR, DATA_SOLICITACAO, DATA_PREVISTA, DATA_ENTREGA, VALOR_COMPRA, PRAZO_PAGAMENTO, CODIGO_FILIAL, CNPJ_FORNECEDOR) VALUES (45, TO_DATE('18/06/1967','DD/MM/YYYY'), TO_DATE('07/06/1926','DD/MM/YYYY'), TO_DATE('17/06/1917','DD/MM/YYYY'), 9328, TO_DATE('09/04/1935','DD/MM/YYYY'), 9, '52.959.751/0001-34');
INSERT INTO SOLICITACAO (IDENTIFICADOR, DATA_SOLICITACAO, DATA_PREVISTA, DATA_ENTREGA, VALOR_COMPRA, PRAZO_PAGAMENTO, CODIGO_FILIAL, CNPJ_FORNECEDOR) VALUES (46, TO_DATE('14/04/1925','DD/MM/YYYY'), TO_DATE('05/06/1915','DD/MM/YYYY'), TO_DATE('14/02/1972','DD/MM/YYYY'), 3508, TO_DATE('11/02/2002','DD/MM/YYYY'), 2, '52.959.751/0001-34');
INSERT INTO SOLICITACAO (IDENTIFICADOR, DATA_SOLICITACAO, DATA_PREVISTA, DATA_ENTREGA, VALOR_COMPRA, PRAZO_PAGAMENTO, CODIGO_FILIAL, CNPJ_FORNECEDOR) VALUES (47, TO_DATE('20/07/1935','DD/MM/YYYY'), TO_DATE('11/03/2016','DD/MM/YYYY'), TO_DATE('02/05/1960','DD/MM/YYYY'), 8558, TO_DATE('20/03/1983','DD/MM/YYYY'), 5, '83.492.295/0001-75');
INSERT INTO SOLICITACAO (IDENTIFICADOR, DATA_SOLICITACAO, DATA_PREVISTA, DATA_ENTREGA, VALOR_COMPRA, PRAZO_PAGAMENTO, CODIGO_FILIAL, CNPJ_FORNECEDOR) VALUES (48, TO_DATE('28/08/1916','DD/MM/YYYY'), TO_DATE('02/05/1960','DD/MM/YYYY'), TO_DATE('17/11/2003','DD/MM/YYYY'), 8832, TO_DATE('18/06/1918','DD/MM/YYYY'), 4, '56.738.928/0001-98');
INSERT INTO SOLICITACAO (IDENTIFICADOR, DATA_SOLICITACAO, DATA_PREVISTA, DATA_ENTREGA, VALOR_COMPRA, PRAZO_PAGAMENTO, CODIGO_FILIAL, CNPJ_FORNECEDOR) VALUES (49, TO_DATE('22/12/2002','DD/MM/YYYY'), TO_DATE('10/04/2002','DD/MM/YYYY'), TO_DATE('25/02/2019','DD/MM/YYYY'), 7809, TO_DATE('22/05/1996','DD/MM/YYYY'), 7, '65.199.783/0001-53');
INSERT INTO SOLICITACAO (IDENTIFICADOR, DATA_SOLICITACAO, DATA_PREVISTA, DATA_ENTREGA, VALOR_COMPRA, PRAZO_PAGAMENTO, CODIGO_FILIAL, CNPJ_FORNECEDOR) VALUES (50, TO_DATE('12/11/1923','DD/MM/YYYY'), TO_DATE('20/11/2017','DD/MM/YYYY'), TO_DATE('15/11/1912','DD/MM/YYYY'), 1436, TO_DATE('14/12/2005','DD/MM/YYYY'), 2, '95.342.142/0001-16');
INSERT INTO SOLICITACAO (IDENTIFICADOR, DATA_SOLICITACAO, DATA_PREVISTA, DATA_ENTREGA, VALOR_COMPRA, PRAZO_PAGAMENTO, CODIGO_FILIAL, CNPJ_FORNECEDOR) VALUES (51, TO_DATE('14/02/1967','DD/MM/YYYY'), TO_DATE('20/10/1914','DD/MM/YYYY'), TO_DATE('16/08/1940','DD/MM/YYYY'), 4988, TO_DATE('07/09/1935','DD/MM/YYYY'), 0, '83.507.891/0001-42');
INSERT INTO SOLICITACAO (IDENTIFICADOR, DATA_SOLICITACAO, DATA_PREVISTA, DATA_ENTREGA, VALOR_COMPRA, PRAZO_PAGAMENTO, CODIGO_FILIAL, CNPJ_FORNECEDOR) VALUES (52, TO_DATE('25/06/1982','DD/MM/YYYY'), TO_DATE('20/06/2008','DD/MM/YYYY'), TO_DATE('28/11/1914','DD/MM/YYYY'), 3425, TO_DATE('03/10/1949','DD/MM/YYYY'), 9, '56.738.928/0001-98');
INSERT INTO SOLICITACAO (IDENTIFICADOR, DATA_SOLICITACAO, DATA_PREVISTA, DATA_ENTREGA, VALOR_COMPRA, PRAZO_PAGAMENTO, CODIGO_FILIAL, CNPJ_FORNECEDOR) VALUES (53, TO_DATE('17/04/2017','DD/MM/YYYY'), TO_DATE('19/09/1972','DD/MM/YYYY'), TO_DATE('11/03/2012','DD/MM/YYYY'), 1159, TO_DATE('28/02/2019','DD/MM/YYYY'), 1, '95.342.142/0001-16');
INSERT INTO SOLICITACAO (IDENTIFICADOR, DATA_SOLICITACAO, DATA_PREVISTA, DATA_ENTREGA, VALOR_COMPRA, PRAZO_PAGAMENTO, CODIGO_FILIAL, CNPJ_FORNECEDOR) VALUES (54, TO_DATE('06/06/1990','DD/MM/YYYY'), TO_DATE('28/12/1934','DD/MM/YYYY'), TO_DATE('23/06/1949','DD/MM/YYYY'), 9563, TO_DATE('28/01/1948','DD/MM/YYYY'), 2, '74.279.345/0001-20');
INSERT INTO SOLICITACAO (IDENTIFICADOR, DATA_SOLICITACAO, DATA_PREVISTA, DATA_ENTREGA, VALOR_COMPRA, PRAZO_PAGAMENTO, CODIGO_FILIAL, CNPJ_FORNECEDOR) VALUES (55, TO_DATE('14/04/1924','DD/MM/YYYY'), TO_DATE('11/03/1959','DD/MM/YYYY'), TO_DATE('21/09/1970','DD/MM/YYYY'), 3589, TO_DATE('12/07/2001','DD/MM/YYYY'), 2, '74.279.345/0001-20');
INSERT INTO SOLICITACAO (IDENTIFICADOR, DATA_SOLICITACAO, DATA_PREVISTA, DATA_ENTREGA, VALOR_COMPRA, PRAZO_PAGAMENTO, CODIGO_FILIAL, CNPJ_FORNECEDOR) VALUES (56, TO_DATE('24/07/1959','DD/MM/YYYY'), TO_DATE('22/05/1915','DD/MM/YYYY'), TO_DATE('01/06/1925','DD/MM/YYYY'), 4288, TO_DATE('25/11/2019','DD/MM/YYYY'), 6, '57.339.362/0001-71');
INSERT INTO SOLICITACAO (IDENTIFICADOR, DATA_SOLICITACAO, DATA_PREVISTA, DATA_ENTREGA, VALOR_COMPRA, PRAZO_PAGAMENTO, CODIGO_FILIAL, CNPJ_FORNECEDOR) VALUES (57, TO_DATE('05/02/2019','DD/MM/YYYY'), TO_DATE('01/06/2010','DD/MM/YYYY'), TO_DATE('22/08/1937','DD/MM/YYYY'), 4538, TO_DATE('06/12/2012','DD/MM/YYYY'), 7, '74.279.345/0001-20');
INSERT INTO SOLICITACAO (IDENTIFICADOR, DATA_SOLICITACAO, DATA_PREVISTA, DATA_ENTREGA, VALOR_COMPRA, PRAZO_PAGAMENTO, CODIGO_FILIAL, CNPJ_FORNECEDOR) VALUES (58, TO_DATE('09/12/1952','DD/MM/YYYY'), TO_DATE('23/06/1934','DD/MM/YYYY'), TO_DATE('06/02/1997','DD/MM/YYYY'), 1609, TO_DATE('17/01/1937','DD/MM/YYYY'), 1, '56.738.928/0001-98');
INSERT INTO SOLICITACAO (IDENTIFICADOR, DATA_SOLICITACAO, DATA_PREVISTA, DATA_ENTREGA, VALOR_COMPRA, PRAZO_PAGAMENTO, CODIGO_FILIAL, CNPJ_FORNECEDOR) VALUES (59, TO_DATE('08/08/1972','DD/MM/YYYY'), TO_DATE('22/06/1942','DD/MM/YYYY'), TO_DATE('15/09/1938','DD/MM/YYYY'), 4474, TO_DATE('28/10/1966','DD/MM/YYYY'), 8, '08.179.322/0001-61');
INSERT INTO SOLICITACAO (IDENTIFICADOR, DATA_SOLICITACAO, DATA_PREVISTA, DATA_ENTREGA, VALOR_COMPRA, PRAZO_PAGAMENTO, CODIGO_FILIAL, CNPJ_FORNECEDOR) VALUES (60, TO_DATE('09/09/2002','DD/MM/YYYY'), TO_DATE('20/11/1950','DD/MM/YYYY'), TO_DATE('17/01/1947','DD/MM/YYYY'), 5810, TO_DATE('19/10/1917','DD/MM/YYYY'), 3, '83.507.891/0001-42');
INSERT INTO SOLICITACAO (IDENTIFICADOR, DATA_SOLICITACAO, DATA_PREVISTA, DATA_ENTREGA, VALOR_COMPRA, PRAZO_PAGAMENTO, CODIGO_FILIAL, CNPJ_FORNECEDOR) VALUES (61, TO_DATE('17/01/2004','DD/MM/YYYY'), TO_DATE('23/05/1942','DD/MM/YYYY'), TO_DATE('21/07/1940','DD/MM/YYYY'), 2287, TO_DATE('25/01/2004','DD/MM/YYYY'), 5, '83.100.617/0001-52');
INSERT INTO SOLICITACAO (IDENTIFICADOR, DATA_SOLICITACAO, DATA_PREVISTA, DATA_ENTREGA, VALOR_COMPRA, PRAZO_PAGAMENTO, CODIGO_FILIAL, CNPJ_FORNECEDOR) VALUES (62, TO_DATE('22/03/1991','DD/MM/YYYY'), TO_DATE('16/03/1928','DD/MM/YYYY'), TO_DATE('16/08/1918','DD/MM/YYYY'), 9005, TO_DATE('17/07/1951','DD/MM/YYYY'), 1, '78.623.847/0001-46');
INSERT INTO SOLICITACAO (IDENTIFICADOR, DATA_SOLICITACAO, DATA_PREVISTA, DATA_ENTREGA, VALOR_COMPRA, PRAZO_PAGAMENTO, CODIGO_FILIAL, CNPJ_FORNECEDOR) VALUES (63, TO_DATE('25/07/1980','DD/MM/YYYY'), TO_DATE('13/12/1943','DD/MM/YYYY'), TO_DATE('06/05/1986','DD/MM/YYYY'), 5251, TO_DATE('26/02/1927','DD/MM/YYYY'), 6, '29.219.887/0001-22');
INSERT INTO SOLICITACAO (IDENTIFICADOR, DATA_SOLICITACAO, DATA_PREVISTA, DATA_ENTREGA, VALOR_COMPRA, PRAZO_PAGAMENTO, CODIGO_FILIAL, CNPJ_FORNECEDOR) VALUES (64, TO_DATE('21/01/1913','DD/MM/YYYY'), TO_DATE('23/05/2011','DD/MM/YYYY'), TO_DATE('25/06/1959','DD/MM/YYYY'), 8422, TO_DATE('21/03/1924','DD/MM/YYYY'), 8, '74.731.903/0001-57');
INSERT INTO SOLICITACAO (IDENTIFICADOR, DATA_SOLICITACAO, DATA_PREVISTA, DATA_ENTREGA, VALOR_COMPRA, PRAZO_PAGAMENTO, CODIGO_FILIAL, CNPJ_FORNECEDOR) VALUES (65, TO_DATE('27/06/2014','DD/MM/YYYY'), TO_DATE('13/03/1986','DD/MM/YYYY'), TO_DATE('03/12/1952','DD/MM/YYYY'), 7670, TO_DATE('08/10/1989','DD/MM/YYYY'), 9, '83.492.295/0001-75');
INSERT INTO SOLICITACAO (IDENTIFICADOR, DATA_SOLICITACAO, DATA_PREVISTA, DATA_ENTREGA, VALOR_COMPRA, PRAZO_PAGAMENTO, CODIGO_FILIAL, CNPJ_FORNECEDOR) VALUES (66, TO_DATE('02/09/1910','DD/MM/YYYY'), TO_DATE('23/07/2012','DD/MM/YYYY'), TO_DATE('23/06/1916','DD/MM/YYYY'), 8283, TO_DATE('26/06/2004','DD/MM/YYYY'), 9, '08.179.322/0001-61');
INSERT INTO SOLICITACAO (IDENTIFICADOR, DATA_SOLICITACAO, DATA_PREVISTA, DATA_ENTREGA, VALOR_COMPRA, PRAZO_PAGAMENTO, CODIGO_FILIAL, CNPJ_FORNECEDOR) VALUES (67, TO_DATE('15/07/1924','DD/MM/YYYY'), TO_DATE('14/03/1958','DD/MM/YYYY'), TO_DATE('22/12/1920','DD/MM/YYYY'), 3661, TO_DATE('11/12/1915','DD/MM/YYYY'), 8, '91.780.786/0001-50');
INSERT INTO SOLICITACAO (IDENTIFICADOR, DATA_SOLICITACAO, DATA_PREVISTA, DATA_ENTREGA, VALOR_COMPRA, PRAZO_PAGAMENTO, CODIGO_FILIAL, CNPJ_FORNECEDOR) VALUES (68, TO_DATE('18/11/1974','DD/MM/YYYY'), TO_DATE('15/10/2012','DD/MM/YYYY'), TO_DATE('01/10/1995','DD/MM/YYYY'), 2501, TO_DATE('25/11/2012','DD/MM/YYYY'), 7, '83.492.295/0001-75');
INSERT INTO SOLICITACAO (IDENTIFICADOR, DATA_SOLICITACAO, DATA_PREVISTA, DATA_ENTREGA, VALOR_COMPRA, PRAZO_PAGAMENTO, CODIGO_FILIAL, CNPJ_FORNECEDOR) VALUES (69, TO_DATE('03/11/1910','DD/MM/YYYY'), TO_DATE('22/09/1938','DD/MM/YYYY'), TO_DATE('20/03/2002','DD/MM/YYYY'), 6948, TO_DATE('06/06/1957','DD/MM/YYYY'), 1, '83.507.891/0001-42');
INSERT INTO SOLICITACAO (IDENTIFICADOR, DATA_SOLICITACAO, DATA_PREVISTA, DATA_ENTREGA, VALOR_COMPRA, PRAZO_PAGAMENTO, CODIGO_FILIAL, CNPJ_FORNECEDOR) VALUES (70, TO_DATE('15/09/1917','DD/MM/YYYY'), TO_DATE('25/07/2017','DD/MM/YYYY'), TO_DATE('22/08/1936','DD/MM/YYYY'), 2888, TO_DATE('24/04/1995','DD/MM/YYYY'), 9, '52.959.751/0001-34');
INSERT INTO SOLICITACAO (IDENTIFICADOR, DATA_SOLICITACAO, DATA_PREVISTA, DATA_ENTREGA, VALOR_COMPRA, PRAZO_PAGAMENTO, CODIGO_FILIAL, CNPJ_FORNECEDOR) VALUES (71, TO_DATE('26/03/1934','DD/MM/YYYY'), TO_DATE('28/09/1956','DD/MM/YYYY'), TO_DATE('19/08/1972','DD/MM/YYYY'), 7166, TO_DATE('02/11/1917','DD/MM/YYYY'), 4, '08.179.322/0001-61');
INSERT INTO SOLICITACAO (IDENTIFICADOR, DATA_SOLICITACAO, DATA_PREVISTA, DATA_ENTREGA, VALOR_COMPRA, PRAZO_PAGAMENTO, CODIGO_FILIAL, CNPJ_FORNECEDOR) VALUES (72, TO_DATE('24/02/1998','DD/MM/YYYY'), TO_DATE('08/09/1958','DD/MM/YYYY'), TO_DATE('21/07/1952','DD/MM/YYYY'), 5733, TO_DATE('24/04/1994','DD/MM/YYYY'), 7, '78.623.847/0001-46');
INSERT INTO SOLICITACAO (IDENTIFICADOR, DATA_SOLICITACAO, DATA_PREVISTA, DATA_ENTREGA, VALOR_COMPRA, PRAZO_PAGAMENTO, CODIGO_FILIAL, CNPJ_FORNECEDOR) VALUES (73, TO_DATE('24/10/1943','DD/MM/YYYY'), TO_DATE('03/11/2002','DD/MM/YYYY'), TO_DATE('05/06/1937','DD/MM/YYYY'), 1172, TO_DATE('17/06/1936','DD/MM/YYYY'), 1, '57.339.362/0001-71');
INSERT INTO SOLICITACAO (IDENTIFICADOR, DATA_SOLICITACAO, DATA_PREVISTA, DATA_ENTREGA, VALOR_COMPRA, PRAZO_PAGAMENTO, CODIGO_FILIAL, CNPJ_FORNECEDOR) VALUES (74, TO_DATE('28/01/2017','DD/MM/YYYY'), TO_DATE('07/05/1914','DD/MM/YYYY'), TO_DATE('16/01/1976','DD/MM/YYYY'), 9663, TO_DATE('10/11/2018','DD/MM/YYYY'), 7, '91.780.786/0001-50');
INSERT INTO SOLICITACAO (IDENTIFICADOR, DATA_SOLICITACAO, DATA_PREVISTA, DATA_ENTREGA, VALOR_COMPRA, PRAZO_PAGAMENTO, CODIGO_FILIAL, CNPJ_FORNECEDOR) VALUES (75, TO_DATE('21/01/1960','DD/MM/YYYY'), TO_DATE('09/05/1979','DD/MM/YYYY'), TO_DATE('12/01/1993','DD/MM/YYYY'), 3167, TO_DATE('28/06/2013','DD/MM/YYYY'), 4, '08.179.322/0001-61');
INSERT INTO SOLICITACAO (IDENTIFICADOR, DATA_SOLICITACAO, DATA_PREVISTA, DATA_ENTREGA, VALOR_COMPRA, PRAZO_PAGAMENTO, CODIGO_FILIAL, CNPJ_FORNECEDOR) VALUES (76, TO_DATE('22/02/1991','DD/MM/YYYY'), TO_DATE('12/08/1977','DD/MM/YYYY'), TO_DATE('22/03/1977','DD/MM/YYYY'), 6522, TO_DATE('18/04/1994','DD/MM/YYYY'), 4, '83.507.891/0001-42');
INSERT INTO SOLICITACAO (IDENTIFICADOR, DATA_SOLICITACAO, DATA_PREVISTA, DATA_ENTREGA, VALOR_COMPRA, PRAZO_PAGAMENTO, CODIGO_FILIAL, CNPJ_FORNECEDOR) VALUES (77, TO_DATE('16/11/1939','DD/MM/YYYY'), TO_DATE('05/10/1987','DD/MM/YYYY'), TO_DATE('11/05/1941','DD/MM/YYYY'), 8698, TO_DATE('04/06/1999','DD/MM/YYYY'), 7, '83.100.617/0001-52');
INSERT INTO SOLICITACAO (IDENTIFICADOR, DATA_SOLICITACAO, DATA_PREVISTA, DATA_ENTREGA, VALOR_COMPRA, PRAZO_PAGAMENTO, CODIGO_FILIAL, CNPJ_FORNECEDOR) VALUES (78, TO_DATE('04/05/1984','DD/MM/YYYY'), TO_DATE('01/01/2009','DD/MM/YYYY'), TO_DATE('04/04/1957','DD/MM/YYYY'), 8062, TO_DATE('26/06/1917','DD/MM/YYYY'), 9, '68.327.524/0001-54');
INSERT INTO SOLICITACAO (IDENTIFICADOR, DATA_SOLICITACAO, DATA_PREVISTA, DATA_ENTREGA, VALOR_COMPRA, PRAZO_PAGAMENTO, CODIGO_FILIAL, CNPJ_FORNECEDOR) VALUES (79, TO_DATE('17/07/1940','DD/MM/YYYY'), TO_DATE('27/12/2009','DD/MM/YYYY'), TO_DATE('13/09/2001','DD/MM/YYYY'), 1451, TO_DATE('07/12/1979','DD/MM/YYYY'), 8, '29.219.887/0001-22');


------ NOTA_FISCAL ------

INSERT INTO NOTA_FISCAL (NUMERO, CNPJ, QUANTIDADE, DATA, VALOR_POR_ITEM, IDENTIFICADOR_SOLICITACAO) VALUES (0, '43.116.938/0001-61', 273, TO_DATE('07/09/1939','DD/MM/YYYY'), 70, 0);
INSERT INTO NOTA_FISCAL (NUMERO, CNPJ, QUANTIDADE, DATA, VALOR_POR_ITEM, IDENTIFICADOR_SOLICITACAO) VALUES (1, '83.100.617/0001-52', 325, TO_DATE('17/04/2017','DD/MM/YYYY'), 14, 1);
INSERT INTO NOTA_FISCAL (NUMERO, CNPJ, QUANTIDADE, DATA, VALOR_POR_ITEM, IDENTIFICADOR_SOLICITACAO) VALUES (2, '83.492.295/0001-75', 347, TO_DATE('15/03/2003','DD/MM/YYYY'), 91, 2);
INSERT INTO NOTA_FISCAL (NUMERO, CNPJ, QUANTIDADE, DATA, VALOR_POR_ITEM, IDENTIFICADOR_SOLICITACAO) VALUES (3, '74.731.903/0001-57', 259, TO_DATE('12/02/1985','DD/MM/YYYY'), 78, 3);
INSERT INTO NOTA_FISCAL (NUMERO, CNPJ, QUANTIDADE, DATA, VALOR_POR_ITEM, IDENTIFICADOR_SOLICITACAO) VALUES (4, '74.731.903/0001-57', 560, TO_DATE('21/03/1940','DD/MM/YYYY'), 35, 4);
INSERT INTO NOTA_FISCAL (NUMERO, CNPJ, QUANTIDADE, DATA, VALOR_POR_ITEM, IDENTIFICADOR_SOLICITACAO) VALUES (5, '08.179.322/0001-61', 425, TO_DATE('28/01/1988','DD/MM/YYYY'), 77, 5);
INSERT INTO NOTA_FISCAL (NUMERO, CNPJ, QUANTIDADE, DATA, VALOR_POR_ITEM, IDENTIFICADOR_SOLICITACAO) VALUES (6, '74.279.345/0001-20', 602, TO_DATE('21/07/2010','DD/MM/YYYY'), 52, 6);
INSERT INTO NOTA_FISCAL (NUMERO, CNPJ, QUANTIDADE, DATA, VALOR_POR_ITEM, IDENTIFICADOR_SOLICITACAO) VALUES (7, '08.179.322/0001-61', 397, TO_DATE('28/09/1914','DD/MM/YYYY'), 75, 7);
INSERT INTO NOTA_FISCAL (NUMERO, CNPJ, QUANTIDADE, DATA, VALOR_POR_ITEM, IDENTIFICADOR_SOLICITACAO) VALUES (8, '74.731.903/0001-57', 775, TO_DATE('17/04/1965','DD/MM/YYYY'), 63, 8);
INSERT INTO NOTA_FISCAL (NUMERO, CNPJ, QUANTIDADE, DATA, VALOR_POR_ITEM, IDENTIFICADOR_SOLICITACAO) VALUES (9, '65.199.783/0001-53', 142, TO_DATE('08/10/1955','DD/MM/YYYY'), 84, 9);
INSERT INTO NOTA_FISCAL (NUMERO, CNPJ, QUANTIDADE, DATA, VALOR_POR_ITEM, IDENTIFICADOR_SOLICITACAO) VALUES (10, '68.327.524/0001-54', 923, TO_DATE('17/03/1968','DD/MM/YYYY'), 59, 10);
INSERT INTO NOTA_FISCAL (NUMERO, CNPJ, QUANTIDADE, DATA, VALOR_POR_ITEM, IDENTIFICADOR_SOLICITACAO) VALUES (11, '74.731.903/0001-57', 193, TO_DATE('12/01/1942','DD/MM/YYYY'), 22, 11);
INSERT INTO NOTA_FISCAL (NUMERO, CNPJ, QUANTIDADE, DATA, VALOR_POR_ITEM, IDENTIFICADOR_SOLICITACAO) VALUES (12, '65.199.783/0001-53', 189, TO_DATE('23/09/1991','DD/MM/YYYY'), 62, 12);
INSERT INTO NOTA_FISCAL (NUMERO, CNPJ, QUANTIDADE, DATA, VALOR_POR_ITEM, IDENTIFICADOR_SOLICITACAO) VALUES (13, '74.290.643/0001-80', 23, TO_DATE('19/01/1924','DD/MM/YYYY'), 29, 13);
INSERT INTO NOTA_FISCAL (NUMERO, CNPJ, QUANTIDADE, DATA, VALOR_POR_ITEM, IDENTIFICADOR_SOLICITACAO) VALUES (14, '03.590.380/0001-69', 594, TO_DATE('13/06/2005','DD/MM/YYYY'), 45, 14);
INSERT INTO NOTA_FISCAL (NUMERO, CNPJ, QUANTIDADE, DATA, VALOR_POR_ITEM, IDENTIFICADOR_SOLICITACAO) VALUES (15, '65.199.783/0001-53', 94, TO_DATE('22/03/1912','DD/MM/YYYY'), 40, 15);
INSERT INTO NOTA_FISCAL (NUMERO, CNPJ, QUANTIDADE, DATA, VALOR_POR_ITEM, IDENTIFICADOR_SOLICITACAO) VALUES (16, '52.959.751/0001-34', 926, TO_DATE('15/10/1946','DD/MM/YYYY'), 89, 16);
INSERT INTO NOTA_FISCAL (NUMERO, CNPJ, QUANTIDADE, DATA, VALOR_POR_ITEM, IDENTIFICADOR_SOLICITACAO) VALUES (17, '43.116.938/0001-61', 452, TO_DATE('02/12/1947','DD/MM/YYYY'), 79, 17);
INSERT INTO NOTA_FISCAL (NUMERO, CNPJ, QUANTIDADE, DATA, VALOR_POR_ITEM, IDENTIFICADOR_SOLICITACAO) VALUES (18, '68.327.524/0001-54', 465, TO_DATE('06/10/2012','DD/MM/YYYY'), 68, 18);
INSERT INTO NOTA_FISCAL (NUMERO, CNPJ, QUANTIDADE, DATA, VALOR_POR_ITEM, IDENTIFICADOR_SOLICITACAO) VALUES (19, '78.623.847/0001-46', 56, TO_DATE('10/05/1960','DD/MM/YYYY'), 30, 19);
INSERT INTO NOTA_FISCAL (NUMERO, CNPJ, QUANTIDADE, DATA, VALOR_POR_ITEM, IDENTIFICADOR_SOLICITACAO) VALUES (20, '78.623.847/0001-46', 322, TO_DATE('27/10/1941','DD/MM/YYYY'), 90, 20);
INSERT INTO NOTA_FISCAL (NUMERO, CNPJ, QUANTIDADE, DATA, VALOR_POR_ITEM, IDENTIFICADOR_SOLICITACAO) VALUES (21, '68.327.524/0001-54', 83, TO_DATE('10/04/1993','DD/MM/YYYY'), 64, 21);
INSERT INTO NOTA_FISCAL (NUMERO, CNPJ, QUANTIDADE, DATA, VALOR_POR_ITEM, IDENTIFICADOR_SOLICITACAO) VALUES (22, '17.983.167/0001-15', 226, TO_DATE('24/01/1915','DD/MM/YYYY'), 67, 22);
INSERT INTO NOTA_FISCAL (NUMERO, CNPJ, QUANTIDADE, DATA, VALOR_POR_ITEM, IDENTIFICADOR_SOLICITACAO) VALUES (23, '29.219.887/0001-22', 876, TO_DATE('27/07/2000','DD/MM/YYYY'), 70, 23);
INSERT INTO NOTA_FISCAL (NUMERO, CNPJ, QUANTIDADE, DATA, VALOR_POR_ITEM, IDENTIFICADOR_SOLICITACAO) VALUES (24, '83.492.295/0001-75', 971, TO_DATE('25/06/1965','DD/MM/YYYY'), 80, 24);
INSERT INTO NOTA_FISCAL (NUMERO, CNPJ, QUANTIDADE, DATA, VALOR_POR_ITEM, IDENTIFICADOR_SOLICITACAO) VALUES (25, '74.279.345/0001-20', 405, TO_DATE('25/12/1977','DD/MM/YYYY'), 42, 25);
INSERT INTO NOTA_FISCAL (NUMERO, CNPJ, QUANTIDADE, DATA, VALOR_POR_ITEM, IDENTIFICADOR_SOLICITACAO) VALUES (26, '74.731.903/0001-57', 435, TO_DATE('04/06/2017','DD/MM/YYYY'), 24, 26);
INSERT INTO NOTA_FISCAL (NUMERO, CNPJ, QUANTIDADE, DATA, VALOR_POR_ITEM, IDENTIFICADOR_SOLICITACAO) VALUES (27, '85.159.698/0001-82', 283, TO_DATE('05/11/1996','DD/MM/YYYY'), 19, 27);
INSERT INTO NOTA_FISCAL (NUMERO, CNPJ, QUANTIDADE, DATA, VALOR_POR_ITEM, IDENTIFICADOR_SOLICITACAO) VALUES (28, '43.116.938/0001-61', 685, TO_DATE('22/07/1912','DD/MM/YYYY'), 15, 28);
INSERT INTO NOTA_FISCAL (NUMERO, CNPJ, QUANTIDADE, DATA, VALOR_POR_ITEM, IDENTIFICADOR_SOLICITACAO) VALUES (29, '03.590.380/0001-69', 637, TO_DATE('21/08/1966','DD/MM/YYYY'), 98, 29);
INSERT INTO NOTA_FISCAL (NUMERO, CNPJ, QUANTIDADE, DATA, VALOR_POR_ITEM, IDENTIFICADOR_SOLICITACAO) VALUES (30, '85.159.698/0001-82', 742, TO_DATE('25/10/1971','DD/MM/YYYY'), 25, 30);
INSERT INTO NOTA_FISCAL (NUMERO, CNPJ, QUANTIDADE, DATA, VALOR_POR_ITEM, IDENTIFICADOR_SOLICITACAO) VALUES (31, '56.738.928/0001-98', 571, TO_DATE('18/04/1998','DD/MM/YYYY'), 88, 31);
INSERT INTO NOTA_FISCAL (NUMERO, CNPJ, QUANTIDADE, DATA, VALOR_POR_ITEM, IDENTIFICADOR_SOLICITACAO) VALUES (32, '74.731.903/0001-57', 302, TO_DATE('24/08/2010','DD/MM/YYYY'), 61, 32);
INSERT INTO NOTA_FISCAL (NUMERO, CNPJ, QUANTIDADE, DATA, VALOR_POR_ITEM, IDENTIFICADOR_SOLICITACAO) VALUES (33, '65.199.783/0001-53', 986, TO_DATE('01/05/1987','DD/MM/YYYY'), 57, 33);
INSERT INTO NOTA_FISCAL (NUMERO, CNPJ, QUANTIDADE, DATA, VALOR_POR_ITEM, IDENTIFICADOR_SOLICITACAO) VALUES (34, '74.290.643/0001-80', 516, TO_DATE('14/09/1932','DD/MM/YYYY'), 34, 34);
INSERT INTO NOTA_FISCAL (NUMERO, CNPJ, QUANTIDADE, DATA, VALOR_POR_ITEM, IDENTIFICADOR_SOLICITACAO) VALUES (35, '83.507.891/0001-42', 530, TO_DATE('19/08/1947','DD/MM/YYYY'), 98, 35);
INSERT INTO NOTA_FISCAL (NUMERO, CNPJ, QUANTIDADE, DATA, VALOR_POR_ITEM, IDENTIFICADOR_SOLICITACAO) VALUES (36, '08.179.322/0001-61', 601, TO_DATE('23/11/1946','DD/MM/YYYY'), 54, 36);
INSERT INTO NOTA_FISCAL (NUMERO, CNPJ, QUANTIDADE, DATA, VALOR_POR_ITEM, IDENTIFICADOR_SOLICITACAO) VALUES (37, '83.507.891/0001-42', 666, TO_DATE('05/04/2002','DD/MM/YYYY'), 25, 37);
INSERT INTO NOTA_FISCAL (NUMERO, CNPJ, QUANTIDADE, DATA, VALOR_POR_ITEM, IDENTIFICADOR_SOLICITACAO) VALUES (38, '85.159.698/0001-82', 825, TO_DATE('14/02/1971','DD/MM/YYYY'), 70, 38);
INSERT INTO NOTA_FISCAL (NUMERO, CNPJ, QUANTIDADE, DATA, VALOR_POR_ITEM, IDENTIFICADOR_SOLICITACAO) VALUES (39, '95.342.142/0001-16', 125, TO_DATE('15/01/1910','DD/MM/YYYY'), 13, 39);
INSERT INTO NOTA_FISCAL (NUMERO, CNPJ, QUANTIDADE, DATA, VALOR_POR_ITEM, IDENTIFICADOR_SOLICITACAO) VALUES (40, '74.290.643/0001-80', 220, TO_DATE('16/11/1990','DD/MM/YYYY'), 94, 40);
INSERT INTO NOTA_FISCAL (NUMERO, CNPJ, QUANTIDADE, DATA, VALOR_POR_ITEM, IDENTIFICADOR_SOLICITACAO) VALUES (41, '65.199.783/0001-53', 838, TO_DATE('28/01/1991','DD/MM/YYYY'), 80, 41);
INSERT INTO NOTA_FISCAL (NUMERO, CNPJ, QUANTIDADE, DATA, VALOR_POR_ITEM, IDENTIFICADOR_SOLICITACAO) VALUES (42, '68.327.524/0001-54', 495, TO_DATE('21/07/1923','DD/MM/YYYY'), 38, 42);
INSERT INTO NOTA_FISCAL (NUMERO, CNPJ, QUANTIDADE, DATA, VALOR_POR_ITEM, IDENTIFICADOR_SOLICITACAO) VALUES (43, '29.219.887/0001-22', 490, TO_DATE('18/01/2002','DD/MM/YYYY'), 49, 43);
INSERT INTO NOTA_FISCAL (NUMERO, CNPJ, QUANTIDADE, DATA, VALOR_POR_ITEM, IDENTIFICADOR_SOLICITACAO) VALUES (44, '83.100.617/0001-52', 306, TO_DATE('12/04/1980','DD/MM/YYYY'), 74, 44);
INSERT INTO NOTA_FISCAL (NUMERO, CNPJ, QUANTIDADE, DATA, VALOR_POR_ITEM, IDENTIFICADOR_SOLICITACAO) VALUES (45, '52.959.751/0001-34', 723, TO_DATE('03/12/1940','DD/MM/YYYY'), 11, 45);
INSERT INTO NOTA_FISCAL (NUMERO, CNPJ, QUANTIDADE, DATA, VALOR_POR_ITEM, IDENTIFICADOR_SOLICITACAO) VALUES (46, '52.959.751/0001-34', 36, TO_DATE('07/08/1969','DD/MM/YYYY'), 57, 46);
INSERT INTO NOTA_FISCAL (NUMERO, CNPJ, QUANTIDADE, DATA, VALOR_POR_ITEM, IDENTIFICADOR_SOLICITACAO) VALUES (47, '83.492.295/0001-75', 525, TO_DATE('13/10/1943','DD/MM/YYYY'), 71, 47);
INSERT INTO NOTA_FISCAL (NUMERO, CNPJ, QUANTIDADE, DATA, VALOR_POR_ITEM, IDENTIFICADOR_SOLICITACAO) VALUES (48, '56.738.928/0001-98', 806, TO_DATE('06/07/1938','DD/MM/YYYY'), 19, 48);
INSERT INTO NOTA_FISCAL (NUMERO, CNPJ, QUANTIDADE, DATA, VALOR_POR_ITEM, IDENTIFICADOR_SOLICITACAO) VALUES (49, '65.199.783/0001-53', 761, TO_DATE('24/08/2007','DD/MM/YYYY'), 46, 49);
INSERT INTO NOTA_FISCAL (NUMERO, CNPJ, QUANTIDADE, DATA, VALOR_POR_ITEM, IDENTIFICADOR_SOLICITACAO) VALUES (50, '95.342.142/0001-16', 913, TO_DATE('02/12/1931','DD/MM/YYYY'), 53, 50);
INSERT INTO NOTA_FISCAL (NUMERO, CNPJ, QUANTIDADE, DATA, VALOR_POR_ITEM, IDENTIFICADOR_SOLICITACAO) VALUES (51, '83.507.891/0001-42', 577, TO_DATE('01/09/1973','DD/MM/YYYY'), 84, 51);
INSERT INTO NOTA_FISCAL (NUMERO, CNPJ, QUANTIDADE, DATA, VALOR_POR_ITEM, IDENTIFICADOR_SOLICITACAO) VALUES (52, '56.738.928/0001-98', 423, TO_DATE('10/02/2016','DD/MM/YYYY'), 100, 52);
INSERT INTO NOTA_FISCAL (NUMERO, CNPJ, QUANTIDADE, DATA, VALOR_POR_ITEM, IDENTIFICADOR_SOLICITACAO) VALUES (53, '95.342.142/0001-16', 434, TO_DATE('17/12/1921','DD/MM/YYYY'), 74, 53);
INSERT INTO NOTA_FISCAL (NUMERO, CNPJ, QUANTIDADE, DATA, VALOR_POR_ITEM, IDENTIFICADOR_SOLICITACAO) VALUES (54, '74.279.345/0001-20', 172, TO_DATE('15/05/1958','DD/MM/YYYY'), 88, 54);
INSERT INTO NOTA_FISCAL (NUMERO, CNPJ, QUANTIDADE, DATA, VALOR_POR_ITEM, IDENTIFICADOR_SOLICITACAO) VALUES (55, '74.279.345/0001-20', 574, TO_DATE('28/06/2001','DD/MM/YYYY'), 58, 55);
INSERT INTO NOTA_FISCAL (NUMERO, CNPJ, QUANTIDADE, DATA, VALOR_POR_ITEM, IDENTIFICADOR_SOLICITACAO) VALUES (56, '57.339.362/0001-71', 63, TO_DATE('27/02/1986','DD/MM/YYYY'), 11, 56);
INSERT INTO NOTA_FISCAL (NUMERO, CNPJ, QUANTIDADE, DATA, VALOR_POR_ITEM, IDENTIFICADOR_SOLICITACAO) VALUES (57, '74.279.345/0001-20', 883, TO_DATE('13/05/1921','DD/MM/YYYY'), 92, 57);
INSERT INTO NOTA_FISCAL (NUMERO, CNPJ, QUANTIDADE, DATA, VALOR_POR_ITEM, IDENTIFICADOR_SOLICITACAO) VALUES (58, '56.738.928/0001-98', 321, TO_DATE('06/10/1937','DD/MM/YYYY'), 95, 58);
INSERT INTO NOTA_FISCAL (NUMERO, CNPJ, QUANTIDADE, DATA, VALOR_POR_ITEM, IDENTIFICADOR_SOLICITACAO) VALUES (59, '08.179.322/0001-61', 483, TO_DATE('27/12/1971','DD/MM/YYYY'), 16, 59);
INSERT INTO NOTA_FISCAL (NUMERO, CNPJ, QUANTIDADE, DATA, VALOR_POR_ITEM, IDENTIFICADOR_SOLICITACAO) VALUES (60, '83.507.891/0001-42', 682, TO_DATE('10/04/1941','DD/MM/YYYY'), 24, 60);
INSERT INTO NOTA_FISCAL (NUMERO, CNPJ, QUANTIDADE, DATA, VALOR_POR_ITEM, IDENTIFICADOR_SOLICITACAO) VALUES (61, '83.100.617/0001-52', 219, TO_DATE('13/05/1985','DD/MM/YYYY'), 63, 61);
INSERT INTO NOTA_FISCAL (NUMERO, CNPJ, QUANTIDADE, DATA, VALOR_POR_ITEM, IDENTIFICADOR_SOLICITACAO) VALUES (62, '78.623.847/0001-46', 764, TO_DATE('22/08/1928','DD/MM/YYYY'), 77, 62);
INSERT INTO NOTA_FISCAL (NUMERO, CNPJ, QUANTIDADE, DATA, VALOR_POR_ITEM, IDENTIFICADOR_SOLICITACAO) VALUES (63, '29.219.887/0001-22', 201, TO_DATE('18/11/1960','DD/MM/YYYY'), 36, 63);
INSERT INTO NOTA_FISCAL (NUMERO, CNPJ, QUANTIDADE, DATA, VALOR_POR_ITEM, IDENTIFICADOR_SOLICITACAO) VALUES (64, '74.731.903/0001-57', 24, TO_DATE('15/04/1943','DD/MM/YYYY'), 37, 64);
INSERT INTO NOTA_FISCAL (NUMERO, CNPJ, QUANTIDADE, DATA, VALOR_POR_ITEM, IDENTIFICADOR_SOLICITACAO) VALUES (65, '83.492.295/0001-75', 83, TO_DATE('24/06/1941','DD/MM/YYYY'), 72, 65);
INSERT INTO NOTA_FISCAL (NUMERO, CNPJ, QUANTIDADE, DATA, VALOR_POR_ITEM, IDENTIFICADOR_SOLICITACAO) VALUES (66, '08.179.322/0001-61', 865, TO_DATE('15/03/1965','DD/MM/YYYY'), 60, 66);
INSERT INTO NOTA_FISCAL (NUMERO, CNPJ, QUANTIDADE, DATA, VALOR_POR_ITEM, IDENTIFICADOR_SOLICITACAO) VALUES (67, '91.780.786/0001-50', 101, TO_DATE('17/02/2006','DD/MM/YYYY'), 76, 67);
INSERT INTO NOTA_FISCAL (NUMERO, CNPJ, QUANTIDADE, DATA, VALOR_POR_ITEM, IDENTIFICADOR_SOLICITACAO) VALUES (68, '83.492.295/0001-75', 628, TO_DATE('12/12/1973','DD/MM/YYYY'), 50, 68);
INSERT INTO NOTA_FISCAL (NUMERO, CNPJ, QUANTIDADE, DATA, VALOR_POR_ITEM, IDENTIFICADOR_SOLICITACAO) VALUES (69, '83.507.891/0001-42', 674, TO_DATE('28/08/2007','DD/MM/YYYY'), 38, 69);
INSERT INTO NOTA_FISCAL (NUMERO, CNPJ, QUANTIDADE, DATA, VALOR_POR_ITEM, IDENTIFICADOR_SOLICITACAO) VALUES (70, '52.959.751/0001-34', 510, TO_DATE('05/02/1915','DD/MM/YYYY'), 85, 70);
INSERT INTO NOTA_FISCAL (NUMERO, CNPJ, QUANTIDADE, DATA, VALOR_POR_ITEM, IDENTIFICADOR_SOLICITACAO) VALUES (71, '08.179.322/0001-61', 990, TO_DATE('21/11/1916','DD/MM/YYYY'), 17, 71);
INSERT INTO NOTA_FISCAL (NUMERO, CNPJ, QUANTIDADE, DATA, VALOR_POR_ITEM, IDENTIFICADOR_SOLICITACAO) VALUES (72, '78.623.847/0001-46', 431, TO_DATE('17/01/1981','DD/MM/YYYY'), 64, 72);
INSERT INTO NOTA_FISCAL (NUMERO, CNPJ, QUANTIDADE, DATA, VALOR_POR_ITEM, IDENTIFICADOR_SOLICITACAO) VALUES (73, '57.339.362/0001-71', 554, TO_DATE('11/12/1977','DD/MM/YYYY'), 61, 73);
INSERT INTO NOTA_FISCAL (NUMERO, CNPJ, QUANTIDADE, DATA, VALOR_POR_ITEM, IDENTIFICADOR_SOLICITACAO) VALUES (74, '91.780.786/0001-50', 678, TO_DATE('17/05/1944','DD/MM/YYYY'), 22, 74);
INSERT INTO NOTA_FISCAL (NUMERO, CNPJ, QUANTIDADE, DATA, VALOR_POR_ITEM, IDENTIFICADOR_SOLICITACAO) VALUES (75, '08.179.322/0001-61', 319, TO_DATE('27/09/1914','DD/MM/YYYY'), 16, 75);
INSERT INTO NOTA_FISCAL (NUMERO, CNPJ, QUANTIDADE, DATA, VALOR_POR_ITEM, IDENTIFICADOR_SOLICITACAO) VALUES (76, '83.507.891/0001-42', 898, TO_DATE('19/02/1951','DD/MM/YYYY'), 74, 76);
INSERT INTO NOTA_FISCAL (NUMERO, CNPJ, QUANTIDADE, DATA, VALOR_POR_ITEM, IDENTIFICADOR_SOLICITACAO) VALUES (77, '83.100.617/0001-52', 317, TO_DATE('25/05/1980','DD/MM/YYYY'), 80, 77);
INSERT INTO NOTA_FISCAL (NUMERO, CNPJ, QUANTIDADE, DATA, VALOR_POR_ITEM, IDENTIFICADOR_SOLICITACAO) VALUES (78, '68.327.524/0001-54', 44, TO_DATE('02/01/1927','DD/MM/YYYY'), 24, 78);
INSERT INTO NOTA_FISCAL (NUMERO, CNPJ, QUANTIDADE, DATA, VALOR_POR_ITEM, IDENTIFICADOR_SOLICITACAO) VALUES (79, '29.219.887/0001-22', 502, TO_DATE('07/03/1960','DD/MM/YYYY'), 31, 79);


------ TELEFONE_FORNECEDOR ------

INSERT INTO TELEFONE_FORNECEDOR (CNPJ, TELEFONE) VALUES ('74.279.345/0001-20', '(34) 90253-5898');
INSERT INTO TELEFONE_FORNECEDOR (CNPJ, TELEFONE) VALUES ('08.179.322/0001-61', '(75) 90821-6353');
INSERT INTO TELEFONE_FORNECEDOR (CNPJ, TELEFONE) VALUES ('83.100.617/0001-52', '(40) 95352-4917');
INSERT INTO TELEFONE_FORNECEDOR (CNPJ, TELEFONE) VALUES ('74.731.903/0001-57', '(39) 93823-3644');
INSERT INTO TELEFONE_FORNECEDOR (CNPJ, TELEFONE) VALUES ('03.590.380/0001-69', '(59) 92590-7899');
INSERT INTO TELEFONE_FORNECEDOR (CNPJ, TELEFONE) VALUES ('29.219.887/0001-22', '(88) 93195-5836');
INSERT INTO TELEFONE_FORNECEDOR (CNPJ, TELEFONE) VALUES ('03.590.380/0001-69', '(60) 93754-4566');
INSERT INTO TELEFONE_FORNECEDOR (CNPJ, TELEFONE) VALUES ('85.159.698/0001-82', '(28) 96740-9223');
INSERT INTO TELEFONE_FORNECEDOR (CNPJ, TELEFONE) VALUES ('83.507.891/0001-42', '(50) 92420-8805');
INSERT INTO TELEFONE_FORNECEDOR (CNPJ, TELEFONE) VALUES ('78.623.847/0001-46', '(73) 94325-4412');
INSERT INTO TELEFONE_FORNECEDOR (CNPJ, TELEFONE) VALUES ('57.339.362/0001-71', '(80) 94461-5582');
INSERT INTO TELEFONE_FORNECEDOR (CNPJ, TELEFONE) VALUES ('91.780.786/0001-50', '(57) 93456-8189');
INSERT INTO TELEFONE_FORNECEDOR (CNPJ, TELEFONE) VALUES ('65.199.783/0001-53', '(90) 93322-6268');
INSERT INTO TELEFONE_FORNECEDOR (CNPJ, TELEFONE) VALUES ('85.159.698/0001-82', '(20) 96939-9390');
INSERT INTO TELEFONE_FORNECEDOR (CNPJ, TELEFONE) VALUES ('74.290.643/0001-80', '(25) 92797-2263');
INSERT INTO TELEFONE_FORNECEDOR (CNPJ, TELEFONE) VALUES ('03.590.380/0001-69', '(51) 93029-8901');
INSERT INTO TELEFONE_FORNECEDOR (CNPJ, TELEFONE) VALUES ('03.590.380/0001-69', '(46) 91512-1505');
INSERT INTO TELEFONE_FORNECEDOR (CNPJ, TELEFONE) VALUES ('95.342.142/0001-16', '(17) 91371-3221');
INSERT INTO TELEFONE_FORNECEDOR (CNPJ, TELEFONE) VALUES ('83.507.891/0001-42', '(55) 96151-2601');
INSERT INTO TELEFONE_FORNECEDOR (CNPJ, TELEFONE) VALUES ('08.179.322/0001-61', '(98) 95475-6716');


------ ORDEM_COMPRA ------

INSERT INTO ORDEM_COMPRA (NUMERO_NOTA_FISCAL, DATA_HORA, CPF_CLIENTE, CODIGO_FILIAL, MATRICULA_FUNCIONARIO, NUMERO_CAIXA) VALUES (0, TO_TIMESTAMP('2011-01-14 05:57:38', 'YYYY-MM-DD HH24:MI:SS'), '957.714.816-48', 2, 131, 0);
INSERT INTO ORDEM_COMPRA (NUMERO_NOTA_FISCAL, DATA_HORA, CPF_CLIENTE, CODIGO_FILIAL, MATRICULA_FUNCIONARIO, NUMERO_CAIXA) VALUES (1, TO_TIMESTAMP('2017-03-22 08:32:03', 'YYYY-MM-DD HH24:MI:SS'), '827.270.914-39', 8, 24, 3);
INSERT INTO ORDEM_COMPRA (NUMERO_NOTA_FISCAL, DATA_HORA, CPF_CLIENTE, CODIGO_FILIAL, MATRICULA_FUNCIONARIO, NUMERO_CAIXA) VALUES (2, TO_TIMESTAMP('2011-01-05 17:10:57', 'YYYY-MM-DD HH24:MI:SS'), '756.273.900-52', 2, 33, 1);
INSERT INTO ORDEM_COMPRA (NUMERO_NOTA_FISCAL, DATA_HORA, CPF_CLIENTE, CODIGO_FILIAL, MATRICULA_FUNCIONARIO, NUMERO_CAIXA) VALUES (3, TO_TIMESTAMP('2006-09-02 23:51:41', 'YYYY-MM-DD HH24:MI:SS'), '818.681.806-83', 5, 105, 0);
INSERT INTO ORDEM_COMPRA (NUMERO_NOTA_FISCAL, DATA_HORA, CPF_CLIENTE, CODIGO_FILIAL, MATRICULA_FUNCIONARIO, NUMERO_CAIXA) VALUES (4, TO_TIMESTAMP('2008-10-05 01:39:03', 'YYYY-MM-DD HH24:MI:SS'), '316.595.617-90', 3, 62, 2);
INSERT INTO ORDEM_COMPRA (NUMERO_NOTA_FISCAL, DATA_HORA, CPF_CLIENTE, CODIGO_FILIAL, MATRICULA_FUNCIONARIO, NUMERO_CAIXA) VALUES (5, TO_TIMESTAMP('2012-09-02 15:52:31', 'YYYY-MM-DD HH24:MI:SS'), '379.192.447-93', 9, 84, 1);
INSERT INTO ORDEM_COMPRA (NUMERO_NOTA_FISCAL, DATA_HORA, CPF_CLIENTE, CODIGO_FILIAL, MATRICULA_FUNCIONARIO, NUMERO_CAIXA) VALUES (6, TO_TIMESTAMP('2019-05-07 00:31:06', 'YYYY-MM-DD HH24:MI:SS'), '443.290.462-77', 9, 68, 1);
INSERT INTO ORDEM_COMPRA (NUMERO_NOTA_FISCAL, DATA_HORA, CPF_CLIENTE, CODIGO_FILIAL, MATRICULA_FUNCIONARIO, NUMERO_CAIXA) VALUES (7, TO_TIMESTAMP('2017-09-09 17:32:41', 'YYYY-MM-DD HH24:MI:SS'), '726.615.380-20', 5, 74, 6);
INSERT INTO ORDEM_COMPRA (NUMERO_NOTA_FISCAL, DATA_HORA, CPF_CLIENTE, CODIGO_FILIAL, MATRICULA_FUNCIONARIO, NUMERO_CAIXA) VALUES (8, TO_TIMESTAMP('2005-05-16 05:02:05', 'YYYY-MM-DD HH24:MI:SS'), '186.664.482-95', 0, 116, 3);
INSERT INTO ORDEM_COMPRA (NUMERO_NOTA_FISCAL, DATA_HORA, CPF_CLIENTE, CODIGO_FILIAL, MATRICULA_FUNCIONARIO, NUMERO_CAIXA) VALUES (9, TO_TIMESTAMP('2006-02-09 21:35:44', 'YYYY-MM-DD HH24:MI:SS'), '379.192.447-93', 8, 81, 5);
INSERT INTO ORDEM_COMPRA (NUMERO_NOTA_FISCAL, DATA_HORA, CPF_CLIENTE, CODIGO_FILIAL, MATRICULA_FUNCIONARIO, NUMERO_CAIXA) VALUES (10, TO_TIMESTAMP('2011-07-11 12:47:20', 'YYYY-MM-DD HH24:MI:SS'), '479.329.688-58', 2, 141, 6);
INSERT INTO ORDEM_COMPRA (NUMERO_NOTA_FISCAL, DATA_HORA, CPF_CLIENTE, CODIGO_FILIAL, MATRICULA_FUNCIONARIO, NUMERO_CAIXA) VALUES (11, TO_TIMESTAMP('2015-06-16 03:57:07', 'YYYY-MM-DD HH24:MI:SS'), '587.902.265-84', 2, 33, 6);
INSERT INTO ORDEM_COMPRA (NUMERO_NOTA_FISCAL, DATA_HORA, CPF_CLIENTE, CODIGO_FILIAL, MATRICULA_FUNCIONARIO, NUMERO_CAIXA) VALUES (12, TO_TIMESTAMP('2014-01-02 20:07:56', 'YYYY-MM-DD HH24:MI:SS'), '131.523.676-74', 6, 125, 0);
INSERT INTO ORDEM_COMPRA (NUMERO_NOTA_FISCAL, DATA_HORA, CPF_CLIENTE, CODIGO_FILIAL, MATRICULA_FUNCIONARIO, NUMERO_CAIXA) VALUES (13, TO_TIMESTAMP('2012-02-05 03:04:54', 'YYYY-MM-DD HH24:MI:SS'), '912.716.753-75', 9, 110, 2);
INSERT INTO ORDEM_COMPRA (NUMERO_NOTA_FISCAL, DATA_HORA, CPF_CLIENTE, CODIGO_FILIAL, MATRICULA_FUNCIONARIO, NUMERO_CAIXA) VALUES (14, TO_TIMESTAMP('2000-09-20 02:38:15', 'YYYY-MM-DD HH24:MI:SS'), '234.718.980-63', 6, 95, 4);
INSERT INTO ORDEM_COMPRA (NUMERO_NOTA_FISCAL, DATA_HORA, CPF_CLIENTE, CODIGO_FILIAL, MATRICULA_FUNCIONARIO, NUMERO_CAIXA) VALUES (15, TO_TIMESTAMP('2011-08-27 20:58:24', 'YYYY-MM-DD HH24:MI:SS'), '655.173.374-54', 1, 50, 2);
INSERT INTO ORDEM_COMPRA (NUMERO_NOTA_FISCAL, DATA_HORA, CPF_CLIENTE, CODIGO_FILIAL, MATRICULA_FUNCIONARIO, NUMERO_CAIXA) VALUES (16, TO_TIMESTAMP('2015-08-01 14:16:45', 'YYYY-MM-DD HH24:MI:SS'), '343.649.364-29', 8, 108, 1);
INSERT INTO ORDEM_COMPRA (NUMERO_NOTA_FISCAL, DATA_HORA, CPF_CLIENTE, CODIGO_FILIAL, MATRICULA_FUNCIONARIO, NUMERO_CAIXA) VALUES (17, TO_TIMESTAMP('2018-03-15 06:02:53', 'YYYY-MM-DD HH24:MI:SS'), '725.851.415-27', 6, 6, 1);
INSERT INTO ORDEM_COMPRA (NUMERO_NOTA_FISCAL, DATA_HORA, CPF_CLIENTE, CODIGO_FILIAL, MATRICULA_FUNCIONARIO, NUMERO_CAIXA) VALUES (18, TO_TIMESTAMP('2015-04-13 06:09:18', 'YYYY-MM-DD HH24:MI:SS'), '655.173.374-54', 8, 88, 0);
INSERT INTO ORDEM_COMPRA (NUMERO_NOTA_FISCAL, DATA_HORA, CPF_CLIENTE, CODIGO_FILIAL, MATRICULA_FUNCIONARIO, NUMERO_CAIXA) VALUES (19, TO_TIMESTAMP('2010-12-19 11:08:20', 'YYYY-MM-DD HH24:MI:SS'), '895.237.685-30', 2, 37, 7);
INSERT INTO ORDEM_COMPRA (NUMERO_NOTA_FISCAL, DATA_HORA, CPF_CLIENTE, CODIGO_FILIAL, MATRICULA_FUNCIONARIO, NUMERO_CAIXA) VALUES (20, TO_TIMESTAMP('2000-04-11 15:40:04', 'YYYY-MM-DD HH24:MI:SS'), '350.305.664-38', 8, 29, 4);
INSERT INTO ORDEM_COMPRA (NUMERO_NOTA_FISCAL, DATA_HORA, CPF_CLIENTE, CODIGO_FILIAL, MATRICULA_FUNCIONARIO, NUMERO_CAIXA) VALUES (21, TO_TIMESTAMP('2018-03-06 22:54:35', 'YYYY-MM-DD HH24:MI:SS'), '561.102.811-12', 9, 18, 5);
INSERT INTO ORDEM_COMPRA (NUMERO_NOTA_FISCAL, DATA_HORA, CPF_CLIENTE, CODIGO_FILIAL, MATRICULA_FUNCIONARIO, NUMERO_CAIXA) VALUES (22, TO_TIMESTAMP('2010-08-22 19:24:22', 'YYYY-MM-DD HH24:MI:SS'), '448.483.744-68', 9, 116, 5);
INSERT INTO ORDEM_COMPRA (NUMERO_NOTA_FISCAL, DATA_HORA, CPF_CLIENTE, CODIGO_FILIAL, MATRICULA_FUNCIONARIO, NUMERO_CAIXA) VALUES (23, TO_TIMESTAMP('2009-09-17 05:05:07', 'YYYY-MM-DD HH24:MI:SS'), '957.805.559-16', 9, 116, 9);
INSERT INTO ORDEM_COMPRA (NUMERO_NOTA_FISCAL, DATA_HORA, CPF_CLIENTE, CODIGO_FILIAL, MATRICULA_FUNCIONARIO, NUMERO_CAIXA) VALUES (24, TO_TIMESTAMP('2011-07-14 09:21:15', 'YYYY-MM-DD HH24:MI:SS'), '476.242.875-89', 9, 129, 4);
INSERT INTO ORDEM_COMPRA (NUMERO_NOTA_FISCAL, DATA_HORA, CPF_CLIENTE, CODIGO_FILIAL, MATRICULA_FUNCIONARIO, NUMERO_CAIXA) VALUES (25, TO_TIMESTAMP('2002-06-21 09:39:05', 'YYYY-MM-DD HH24:MI:SS'), '774.709.307-43', 3, 22, 1);
INSERT INTO ORDEM_COMPRA (NUMERO_NOTA_FISCAL, DATA_HORA, CPF_CLIENTE, CODIGO_FILIAL, MATRICULA_FUNCIONARIO, NUMERO_CAIXA) VALUES (26, TO_TIMESTAMP('2002-03-26 15:17:46', 'YYYY-MM-DD HH24:MI:SS'), '780.552.246-62', 7, 108, 0);
INSERT INTO ORDEM_COMPRA (NUMERO_NOTA_FISCAL, DATA_HORA, CPF_CLIENTE, CODIGO_FILIAL, MATRICULA_FUNCIONARIO, NUMERO_CAIXA) VALUES (27, TO_TIMESTAMP('2019-12-28 16:41:46', 'YYYY-MM-DD HH24:MI:SS'), '821.369.801-32', 1, 10, 4);
INSERT INTO ORDEM_COMPRA (NUMERO_NOTA_FISCAL, DATA_HORA, CPF_CLIENTE, CODIGO_FILIAL, MATRICULA_FUNCIONARIO, NUMERO_CAIXA) VALUES (28, TO_TIMESTAMP('2009-07-09 02:58:37', 'YYYY-MM-DD HH24:MI:SS'), '493.659.173-77', 8, 91, 8);
INSERT INTO ORDEM_COMPRA (NUMERO_NOTA_FISCAL, DATA_HORA, CPF_CLIENTE, CODIGO_FILIAL, MATRICULA_FUNCIONARIO, NUMERO_CAIXA) VALUES (29, TO_TIMESTAMP('2018-08-14 23:29:51', 'YYYY-MM-DD HH24:MI:SS'), '655.173.374-54', 4, 121, 9);
INSERT INTO ORDEM_COMPRA (NUMERO_NOTA_FISCAL, DATA_HORA, CPF_CLIENTE, CODIGO_FILIAL, MATRICULA_FUNCIONARIO, NUMERO_CAIXA) VALUES (30, TO_TIMESTAMP('2002-07-06 16:42:33', 'YYYY-MM-DD HH24:MI:SS'), '827.270.914-39', 7, 114, 8);
INSERT INTO ORDEM_COMPRA (NUMERO_NOTA_FISCAL, DATA_HORA, CPF_CLIENTE, CODIGO_FILIAL, MATRICULA_FUNCIONARIO, NUMERO_CAIXA) VALUES (31, TO_TIMESTAMP('2004-01-24 22:41:24', 'YYYY-MM-DD HH24:MI:SS'), '338.365.216-48', 2, 14, 3);
INSERT INTO ORDEM_COMPRA (NUMERO_NOTA_FISCAL, DATA_HORA, CPF_CLIENTE, CODIGO_FILIAL, MATRICULA_FUNCIONARIO, NUMERO_CAIXA) VALUES (32, TO_TIMESTAMP('2014-02-01 08:55:04', 'YYYY-MM-DD HH24:MI:SS'), '585.355.649-49', 0, 83, 2);
INSERT INTO ORDEM_COMPRA (NUMERO_NOTA_FISCAL, DATA_HORA, CPF_CLIENTE, CODIGO_FILIAL, MATRICULA_FUNCIONARIO, NUMERO_CAIXA) VALUES (33, TO_TIMESTAMP('2008-01-24 23:33:03', 'YYYY-MM-DD HH24:MI:SS'), '470.538.560-76', 8, 113, 0);
INSERT INTO ORDEM_COMPRA (NUMERO_NOTA_FISCAL, DATA_HORA, CPF_CLIENTE, CODIGO_FILIAL, MATRICULA_FUNCIONARIO, NUMERO_CAIXA) VALUES (34, TO_TIMESTAMP('2001-07-27 20:53:30', 'YYYY-MM-DD HH24:MI:SS'), '448.483.744-68', 1, 131, 8);
INSERT INTO ORDEM_COMPRA (NUMERO_NOTA_FISCAL, DATA_HORA, CPF_CLIENTE, CODIGO_FILIAL, MATRICULA_FUNCIONARIO, NUMERO_CAIXA) VALUES (35, TO_TIMESTAMP('2019-02-03 04:44:18', 'YYYY-MM-DD HH24:MI:SS'), '957.714.816-48', 9, 43, 4);
INSERT INTO ORDEM_COMPRA (NUMERO_NOTA_FISCAL, DATA_HORA, CPF_CLIENTE, CODIGO_FILIAL, MATRICULA_FUNCIONARIO, NUMERO_CAIXA) VALUES (36, TO_TIMESTAMP('2006-06-17 14:38:48', 'YYYY-MM-DD HH24:MI:SS'), '929.355.477-12', 0, 135, 7);
INSERT INTO ORDEM_COMPRA (NUMERO_NOTA_FISCAL, DATA_HORA, CPF_CLIENTE, CODIGO_FILIAL, MATRICULA_FUNCIONARIO, NUMERO_CAIXA) VALUES (37, TO_TIMESTAMP('2014-03-19 09:43:23', 'YYYY-MM-DD HH24:MI:SS'), '350.305.664-38', 0, 56, 9);
INSERT INTO ORDEM_COMPRA (NUMERO_NOTA_FISCAL, DATA_HORA, CPF_CLIENTE, CODIGO_FILIAL, MATRICULA_FUNCIONARIO, NUMERO_CAIXA) VALUES (38, TO_TIMESTAMP('2001-01-04 03:48:26', 'YYYY-MM-DD HH24:MI:SS'), '509.908.357-70', 1, 25, 4);
INSERT INTO ORDEM_COMPRA (NUMERO_NOTA_FISCAL, DATA_HORA, CPF_CLIENTE, CODIGO_FILIAL, MATRICULA_FUNCIONARIO, NUMERO_CAIXA) VALUES (39, TO_TIMESTAMP('2003-02-27 03:40:21', 'YYYY-MM-DD HH24:MI:SS'), '521.455.423-60', 2, 9, 8);
INSERT INTO ORDEM_COMPRA (NUMERO_NOTA_FISCAL, DATA_HORA, CPF_CLIENTE, CODIGO_FILIAL, MATRICULA_FUNCIONARIO, NUMERO_CAIXA) VALUES (40, TO_TIMESTAMP('2015-02-27 07:36:25', 'YYYY-MM-DD HH24:MI:SS'), '962.826.808-31', 1, 76, 6);
INSERT INTO ORDEM_COMPRA (NUMERO_NOTA_FISCAL, DATA_HORA, CPF_CLIENTE, CODIGO_FILIAL, MATRICULA_FUNCIONARIO, NUMERO_CAIXA) VALUES (41, TO_TIMESTAMP('2018-06-14 21:45:39', 'YYYY-MM-DD HH24:MI:SS'), '484.286.249-57', 8, 88, 0);
INSERT INTO ORDEM_COMPRA (NUMERO_NOTA_FISCAL, DATA_HORA, CPF_CLIENTE, CODIGO_FILIAL, MATRICULA_FUNCIONARIO, NUMERO_CAIXA) VALUES (42, TO_TIMESTAMP('2005-09-05 12:49:56', 'YYYY-MM-DD HH24:MI:SS'), '290.692.851-10', 7, 52, 6);
INSERT INTO ORDEM_COMPRA (NUMERO_NOTA_FISCAL, DATA_HORA, CPF_CLIENTE, CODIGO_FILIAL, MATRICULA_FUNCIONARIO, NUMERO_CAIXA) VALUES (43, TO_TIMESTAMP('2002-08-25 00:47:43', 'YYYY-MM-DD HH24:MI:SS'), '479.329.688-58', 0, 53, 3);
INSERT INTO ORDEM_COMPRA (NUMERO_NOTA_FISCAL, DATA_HORA, CPF_CLIENTE, CODIGO_FILIAL, MATRICULA_FUNCIONARIO, NUMERO_CAIXA) VALUES (44, TO_TIMESTAMP('2010-08-06 19:49:15', 'YYYY-MM-DD HH24:MI:SS'), '965.940.461-93', 4, 93, 7);
INSERT INTO ORDEM_COMPRA (NUMERO_NOTA_FISCAL, DATA_HORA, CPF_CLIENTE, CODIGO_FILIAL, MATRICULA_FUNCIONARIO, NUMERO_CAIXA) VALUES (45, TO_TIMESTAMP('2005-06-07 01:29:48', 'YYYY-MM-DD HH24:MI:SS'), '780.552.246-62', 2, 87, 1);
INSERT INTO ORDEM_COMPRA (NUMERO_NOTA_FISCAL, DATA_HORA, CPF_CLIENTE, CODIGO_FILIAL, MATRICULA_FUNCIONARIO, NUMERO_CAIXA) VALUES (46, TO_TIMESTAMP('2001-12-14 00:37:31', 'YYYY-MM-DD HH24:MI:SS'), '625.189.590-81', 1, 100, 1);
INSERT INTO ORDEM_COMPRA (NUMERO_NOTA_FISCAL, DATA_HORA, CPF_CLIENTE, CODIGO_FILIAL, MATRICULA_FUNCIONARIO, NUMERO_CAIXA) VALUES (47, TO_TIMESTAMP('2005-06-26 04:02:22', 'YYYY-MM-DD HH24:MI:SS'), '827.270.914-39', 5, 149, 4);
INSERT INTO ORDEM_COMPRA (NUMERO_NOTA_FISCAL, DATA_HORA, CPF_CLIENTE, CODIGO_FILIAL, MATRICULA_FUNCIONARIO, NUMERO_CAIXA) VALUES (48, TO_TIMESTAMP('2017-04-11 14:44:58', 'YYYY-MM-DD HH24:MI:SS'), '685.106.671-88', 2, 86, 2);
INSERT INTO ORDEM_COMPRA (NUMERO_NOTA_FISCAL, DATA_HORA, CPF_CLIENTE, CODIGO_FILIAL, MATRICULA_FUNCIONARIO, NUMERO_CAIXA) VALUES (49, TO_TIMESTAMP('2005-11-05 02:42:11', 'YYYY-MM-DD HH24:MI:SS'), '418.111.923-81', 6, 41, 8);
INSERT INTO ORDEM_COMPRA (NUMERO_NOTA_FISCAL, DATA_HORA, CPF_CLIENTE, CODIGO_FILIAL, MATRICULA_FUNCIONARIO, NUMERO_CAIXA) VALUES (50, TO_TIMESTAMP('2010-05-13 16:38:12', 'YYYY-MM-DD HH24:MI:SS'), '756.273.900-52', 9, 51, 3);
INSERT INTO ORDEM_COMPRA (NUMERO_NOTA_FISCAL, DATA_HORA, CPF_CLIENTE, CODIGO_FILIAL, MATRICULA_FUNCIONARIO, NUMERO_CAIXA) VALUES (51, TO_TIMESTAMP('2018-03-04 01:41:37', 'YYYY-MM-DD HH24:MI:SS'), '683.302.631-69', 3, 20, 3);
INSERT INTO ORDEM_COMPRA (NUMERO_NOTA_FISCAL, DATA_HORA, CPF_CLIENTE, CODIGO_FILIAL, MATRICULA_FUNCIONARIO, NUMERO_CAIXA) VALUES (52, TO_TIMESTAMP('2018-08-26 08:28:36', 'YYYY-MM-DD HH24:MI:SS'), '345.233.990-21', 8, 22, 6);
INSERT INTO ORDEM_COMPRA (NUMERO_NOTA_FISCAL, DATA_HORA, CPF_CLIENTE, CODIGO_FILIAL, MATRICULA_FUNCIONARIO, NUMERO_CAIXA) VALUES (53, TO_TIMESTAMP('2019-10-11 04:15:26', 'YYYY-MM-DD HH24:MI:SS'), '957.714.816-48', 9, 101, 9);
INSERT INTO ORDEM_COMPRA (NUMERO_NOTA_FISCAL, DATA_HORA, CPF_CLIENTE, CODIGO_FILIAL, MATRICULA_FUNCIONARIO, NUMERO_CAIXA) VALUES (54, TO_TIMESTAMP('2002-03-10 11:55:35', 'YYYY-MM-DD HH24:MI:SS'), '720.154.934-71', 5, 27, 4);
INSERT INTO ORDEM_COMPRA (NUMERO_NOTA_FISCAL, DATA_HORA, CPF_CLIENTE, CODIGO_FILIAL, MATRICULA_FUNCIONARIO, NUMERO_CAIXA) VALUES (55, TO_TIMESTAMP('2006-10-12 20:34:18', 'YYYY-MM-DD HH24:MI:SS'), '325.192.173-82', 4, 103, 4);
INSERT INTO ORDEM_COMPRA (NUMERO_NOTA_FISCAL, DATA_HORA, CPF_CLIENTE, CODIGO_FILIAL, MATRICULA_FUNCIONARIO, NUMERO_CAIXA) VALUES (56, TO_TIMESTAMP('2011-02-10 05:00:39', 'YYYY-MM-DD HH24:MI:SS'), '284.607.479-71', 6, 143, 7);
INSERT INTO ORDEM_COMPRA (NUMERO_NOTA_FISCAL, DATA_HORA, CPF_CLIENTE, CODIGO_FILIAL, MATRICULA_FUNCIONARIO, NUMERO_CAIXA) VALUES (57, TO_TIMESTAMP('2019-05-12 14:18:00', 'YYYY-MM-DD HH24:MI:SS'), '617.182.357-68', 8, 42, 0);
INSERT INTO ORDEM_COMPRA (NUMERO_NOTA_FISCAL, DATA_HORA, CPF_CLIENTE, CODIGO_FILIAL, MATRICULA_FUNCIONARIO, NUMERO_CAIXA) VALUES (58, TO_TIMESTAMP('2004-11-13 02:33:15', 'YYYY-MM-DD HH24:MI:SS'), '492.639.842-56', 2, 86, 4);
INSERT INTO ORDEM_COMPRA (NUMERO_NOTA_FISCAL, DATA_HORA, CPF_CLIENTE, CODIGO_FILIAL, MATRICULA_FUNCIONARIO, NUMERO_CAIXA) VALUES (59, TO_TIMESTAMP('2014-11-14 18:29:25', 'YYYY-MM-DD HH24:MI:SS'), '720.154.934-71', 8, 108, 9);
INSERT INTO ORDEM_COMPRA (NUMERO_NOTA_FISCAL, DATA_HORA, CPF_CLIENTE, CODIGO_FILIAL, MATRICULA_FUNCIONARIO, NUMERO_CAIXA) VALUES (60, TO_TIMESTAMP('2015-09-27 02:16:07', 'YYYY-MM-DD HH24:MI:SS'), '492.639.842-56', 8, 149, 8);
INSERT INTO ORDEM_COMPRA (NUMERO_NOTA_FISCAL, DATA_HORA, CPF_CLIENTE, CODIGO_FILIAL, MATRICULA_FUNCIONARIO, NUMERO_CAIXA) VALUES (61, TO_TIMESTAMP('2013-03-19 02:23:30', 'YYYY-MM-DD HH24:MI:SS'), '966.205.109-92', 1, 60, 7);
INSERT INTO ORDEM_COMPRA (NUMERO_NOTA_FISCAL, DATA_HORA, CPF_CLIENTE, CODIGO_FILIAL, MATRICULA_FUNCIONARIO, NUMERO_CAIXA) VALUES (62, TO_TIMESTAMP('2019-04-16 23:13:04', 'YYYY-MM-DD HH24:MI:SS'), '251.428.111-61', 8, 140, 3);
INSERT INTO ORDEM_COMPRA (NUMERO_NOTA_FISCAL, DATA_HORA, CPF_CLIENTE, CODIGO_FILIAL, MATRICULA_FUNCIONARIO, NUMERO_CAIXA) VALUES (63, TO_TIMESTAMP('2007-03-20 14:05:48', 'YYYY-MM-DD HH24:MI:SS'), '198.472.486-42', 9, 112, 0);
INSERT INTO ORDEM_COMPRA (NUMERO_NOTA_FISCAL, DATA_HORA, CPF_CLIENTE, CODIGO_FILIAL, MATRICULA_FUNCIONARIO, NUMERO_CAIXA) VALUES (64, TO_TIMESTAMP('2017-08-05 05:24:27', 'YYYY-MM-DD HH24:MI:SS'), '292.645.750-68', 2, 13, 4);
INSERT INTO ORDEM_COMPRA (NUMERO_NOTA_FISCAL, DATA_HORA, CPF_CLIENTE, CODIGO_FILIAL, MATRICULA_FUNCIONARIO, NUMERO_CAIXA) VALUES (65, TO_TIMESTAMP('2013-01-03 14:00:43', 'YYYY-MM-DD HH24:MI:SS'), '748.425.610-38', 6, 8, 2);
INSERT INTO ORDEM_COMPRA (NUMERO_NOTA_FISCAL, DATA_HORA, CPF_CLIENTE, CODIGO_FILIAL, MATRICULA_FUNCIONARIO, NUMERO_CAIXA) VALUES (66, TO_TIMESTAMP('2000-10-23 14:11:57', 'YYYY-MM-DD HH24:MI:SS'), '487.531.261-50', 9, 143, 1);
INSERT INTO ORDEM_COMPRA (NUMERO_NOTA_FISCAL, DATA_HORA, CPF_CLIENTE, CODIGO_FILIAL, MATRICULA_FUNCIONARIO, NUMERO_CAIXA) VALUES (67, TO_TIMESTAMP('2004-06-27 09:15:08', 'YYYY-MM-DD HH24:MI:SS'), '688.783.292-62', 1, 133, 5);
INSERT INTO ORDEM_COMPRA (NUMERO_NOTA_FISCAL, DATA_HORA, CPF_CLIENTE, CODIGO_FILIAL, MATRICULA_FUNCIONARIO, NUMERO_CAIXA) VALUES (68, TO_TIMESTAMP('2019-08-25 13:15:27', 'YYYY-MM-DD HH24:MI:SS'), '997.795.407-77', 8, 127, 4);
INSERT INTO ORDEM_COMPRA (NUMERO_NOTA_FISCAL, DATA_HORA, CPF_CLIENTE, CODIGO_FILIAL, MATRICULA_FUNCIONARIO, NUMERO_CAIXA) VALUES (69, TO_TIMESTAMP('2014-07-10 17:09:14', 'YYYY-MM-DD HH24:MI:SS'), '827.270.914-39', 5, 95, 5);
INSERT INTO ORDEM_COMPRA (NUMERO_NOTA_FISCAL, DATA_HORA, CPF_CLIENTE, CODIGO_FILIAL, MATRICULA_FUNCIONARIO, NUMERO_CAIXA) VALUES (70, TO_TIMESTAMP('2005-02-02 18:41:09', 'YYYY-MM-DD HH24:MI:SS'), '291.840.983-15', 0, 104, 3);
INSERT INTO ORDEM_COMPRA (NUMERO_NOTA_FISCAL, DATA_HORA, CPF_CLIENTE, CODIGO_FILIAL, MATRICULA_FUNCIONARIO, NUMERO_CAIXA) VALUES (71, TO_TIMESTAMP('2005-12-07 09:36:33', 'YYYY-MM-DD HH24:MI:SS'), '821.453.126-51', 1, 120, 6);
INSERT INTO ORDEM_COMPRA (NUMERO_NOTA_FISCAL, DATA_HORA, CPF_CLIENTE, CODIGO_FILIAL, MATRICULA_FUNCIONARIO, NUMERO_CAIXA) VALUES (72, TO_TIMESTAMP('2008-03-25 14:37:21', 'YYYY-MM-DD HH24:MI:SS'), '403.214.402-25', 0, 5, 5);
INSERT INTO ORDEM_COMPRA (NUMERO_NOTA_FISCAL, DATA_HORA, CPF_CLIENTE, CODIGO_FILIAL, MATRICULA_FUNCIONARIO, NUMERO_CAIXA) VALUES (73, TO_TIMESTAMP('2009-05-09 04:10:39', 'YYYY-MM-DD HH24:MI:SS'), '793.474.125-62', 7, 55, 9);
INSERT INTO ORDEM_COMPRA (NUMERO_NOTA_FISCAL, DATA_HORA, CPF_CLIENTE, CODIGO_FILIAL, MATRICULA_FUNCIONARIO, NUMERO_CAIXA) VALUES (74, TO_TIMESTAMP('2001-03-24 21:00:33', 'YYYY-MM-DD HH24:MI:SS'), '686.903.307-13', 6, 97, 4);
INSERT INTO ORDEM_COMPRA (NUMERO_NOTA_FISCAL, DATA_HORA, CPF_CLIENTE, CODIGO_FILIAL, MATRICULA_FUNCIONARIO, NUMERO_CAIXA) VALUES (75, TO_TIMESTAMP('2005-05-19 01:50:15', 'YYYY-MM-DD HH24:MI:SS'), '645.675.317-84', 4, 112, 6);
INSERT INTO ORDEM_COMPRA (NUMERO_NOTA_FISCAL, DATA_HORA, CPF_CLIENTE, CODIGO_FILIAL, MATRICULA_FUNCIONARIO, NUMERO_CAIXA) VALUES (76, TO_TIMESTAMP('2017-06-16 18:17:59', 'YYYY-MM-DD HH24:MI:SS'), '465.478.945-65', 3, 26, 3);
INSERT INTO ORDEM_COMPRA (NUMERO_NOTA_FISCAL, DATA_HORA, CPF_CLIENTE, CODIGO_FILIAL, MATRICULA_FUNCIONARIO, NUMERO_CAIXA) VALUES (77, TO_TIMESTAMP('2015-03-06 00:06:25', 'YYYY-MM-DD HH24:MI:SS'), '206.290.956-37', 5, 107, 7);
INSERT INTO ORDEM_COMPRA (NUMERO_NOTA_FISCAL, DATA_HORA, CPF_CLIENTE, CODIGO_FILIAL, MATRICULA_FUNCIONARIO, NUMERO_CAIXA) VALUES (78, TO_TIMESTAMP('2014-07-14 03:12:19', 'YYYY-MM-DD HH24:MI:SS'), '248.544.296-72', 6, 101, 5);
INSERT INTO ORDEM_COMPRA (NUMERO_NOTA_FISCAL, DATA_HORA, CPF_CLIENTE, CODIGO_FILIAL, MATRICULA_FUNCIONARIO, NUMERO_CAIXA) VALUES (79, TO_TIMESTAMP('2003-02-17 01:16:20', 'YYYY-MM-DD HH24:MI:SS'), '448.129.950-52', 9, 59, 2);
INSERT INTO ORDEM_COMPRA (NUMERO_NOTA_FISCAL, DATA_HORA, CPF_CLIENTE, CODIGO_FILIAL, MATRICULA_FUNCIONARIO, NUMERO_CAIXA) VALUES (80, TO_TIMESTAMP('2012-04-10 10:09:47', 'YYYY-MM-DD HH24:MI:SS'), '747.343.696-34', 3, 59, 1);
INSERT INTO ORDEM_COMPRA (NUMERO_NOTA_FISCAL, DATA_HORA, CPF_CLIENTE, CODIGO_FILIAL, MATRICULA_FUNCIONARIO, NUMERO_CAIXA) VALUES (81, TO_TIMESTAMP('2006-12-12 18:02:11', 'YYYY-MM-DD HH24:MI:SS'), '957.714.816-48', 6, 93, 7);
INSERT INTO ORDEM_COMPRA (NUMERO_NOTA_FISCAL, DATA_HORA, CPF_CLIENTE, CODIGO_FILIAL, MATRICULA_FUNCIONARIO, NUMERO_CAIXA) VALUES (82, TO_TIMESTAMP('2002-02-25 02:17:35', 'YYYY-MM-DD HH24:MI:SS'), '962.826.808-31', 4, 10, 2);
INSERT INTO ORDEM_COMPRA (NUMERO_NOTA_FISCAL, DATA_HORA, CPF_CLIENTE, CODIGO_FILIAL, MATRICULA_FUNCIONARIO, NUMERO_CAIXA) VALUES (83, TO_TIMESTAMP('2018-04-06 09:56:25', 'YYYY-MM-DD HH24:MI:SS'), '554.363.309-61', 1, 21, 4);
INSERT INTO ORDEM_COMPRA (NUMERO_NOTA_FISCAL, DATA_HORA, CPF_CLIENTE, CODIGO_FILIAL, MATRICULA_FUNCIONARIO, NUMERO_CAIXA) VALUES (84, TO_TIMESTAMP('2018-08-21 14:25:33', 'YYYY-MM-DD HH24:MI:SS'), '581.995.335-66', 7, 2, 2);
INSERT INTO ORDEM_COMPRA (NUMERO_NOTA_FISCAL, DATA_HORA, CPF_CLIENTE, CODIGO_FILIAL, MATRICULA_FUNCIONARIO, NUMERO_CAIXA) VALUES (85, TO_TIMESTAMP('2007-04-21 12:17:01', 'YYYY-MM-DD HH24:MI:SS'), '326.831.451-76', 2, 38, 1);
INSERT INTO ORDEM_COMPRA (NUMERO_NOTA_FISCAL, DATA_HORA, CPF_CLIENTE, CODIGO_FILIAL, MATRICULA_FUNCIONARIO, NUMERO_CAIXA) VALUES (86, TO_TIMESTAMP('2005-02-10 17:34:36', 'YYYY-MM-DD HH24:MI:SS'), '631.433.852-12', 8, 69, 0);
INSERT INTO ORDEM_COMPRA (NUMERO_NOTA_FISCAL, DATA_HORA, CPF_CLIENTE, CODIGO_FILIAL, MATRICULA_FUNCIONARIO, NUMERO_CAIXA) VALUES (87, TO_TIMESTAMP('2007-08-22 08:41:04', 'YYYY-MM-DD HH24:MI:SS'), '821.369.801-32', 1, 89, 7);
INSERT INTO ORDEM_COMPRA (NUMERO_NOTA_FISCAL, DATA_HORA, CPF_CLIENTE, CODIGO_FILIAL, MATRICULA_FUNCIONARIO, NUMERO_CAIXA) VALUES (88, TO_TIMESTAMP('2008-11-28 19:56:36', 'YYYY-MM-DD HH24:MI:SS'), '581.995.335-66', 9, 18, 4);
INSERT INTO ORDEM_COMPRA (NUMERO_NOTA_FISCAL, DATA_HORA, CPF_CLIENTE, CODIGO_FILIAL, MATRICULA_FUNCIONARIO, NUMERO_CAIXA) VALUES (89, TO_TIMESTAMP('2005-03-13 13:00:58', 'YYYY-MM-DD HH24:MI:SS'), '203.146.472-37', 3, 88, 1);
INSERT INTO ORDEM_COMPRA (NUMERO_NOTA_FISCAL, DATA_HORA, CPF_CLIENTE, CODIGO_FILIAL, MATRICULA_FUNCIONARIO, NUMERO_CAIXA) VALUES (90, TO_TIMESTAMP('2017-09-04 12:18:07', 'YYYY-MM-DD HH24:MI:SS'), '186.664.482-95', 9, 129, 9);
INSERT INTO ORDEM_COMPRA (NUMERO_NOTA_FISCAL, DATA_HORA, CPF_CLIENTE, CODIGO_FILIAL, MATRICULA_FUNCIONARIO, NUMERO_CAIXA) VALUES (91, TO_TIMESTAMP('2014-07-27 21:25:49', 'YYYY-MM-DD HH24:MI:SS'), '173.709.965-24', 6, 128, 7);
INSERT INTO ORDEM_COMPRA (NUMERO_NOTA_FISCAL, DATA_HORA, CPF_CLIENTE, CODIGO_FILIAL, MATRICULA_FUNCIONARIO, NUMERO_CAIXA) VALUES (92, TO_TIMESTAMP('2005-10-12 09:44:49', 'YYYY-MM-DD HH24:MI:SS'), '696.602.416-54', 8, 114, 4);
INSERT INTO ORDEM_COMPRA (NUMERO_NOTA_FISCAL, DATA_HORA, CPF_CLIENTE, CODIGO_FILIAL, MATRICULA_FUNCIONARIO, NUMERO_CAIXA) VALUES (93, TO_TIMESTAMP('2016-08-06 09:38:31', 'YYYY-MM-DD HH24:MI:SS'), '613.194.889-74', 6, 48, 2);
INSERT INTO ORDEM_COMPRA (NUMERO_NOTA_FISCAL, DATA_HORA, CPF_CLIENTE, CODIGO_FILIAL, MATRICULA_FUNCIONARIO, NUMERO_CAIXA) VALUES (94, TO_TIMESTAMP('2000-04-02 18:23:36', 'YYYY-MM-DD HH24:MI:SS'), '664.716.671-70', 8, 129, 0);
INSERT INTO ORDEM_COMPRA (NUMERO_NOTA_FISCAL, DATA_HORA, CPF_CLIENTE, CODIGO_FILIAL, MATRICULA_FUNCIONARIO, NUMERO_CAIXA) VALUES (95, TO_TIMESTAMP('2014-11-25 13:31:38', 'YYYY-MM-DD HH24:MI:SS'), '895.237.685-30', 6, 85, 6);
INSERT INTO ORDEM_COMPRA (NUMERO_NOTA_FISCAL, DATA_HORA, CPF_CLIENTE, CODIGO_FILIAL, MATRICULA_FUNCIONARIO, NUMERO_CAIXA) VALUES (96, TO_TIMESTAMP('2002-12-18 17:29:33', 'YYYY-MM-DD HH24:MI:SS'), '236.352.926-97', 0, 42, 8);
INSERT INTO ORDEM_COMPRA (NUMERO_NOTA_FISCAL, DATA_HORA, CPF_CLIENTE, CODIGO_FILIAL, MATRICULA_FUNCIONARIO, NUMERO_CAIXA) VALUES (97, TO_TIMESTAMP('2003-09-16 07:49:46', 'YYYY-MM-DD HH24:MI:SS'), '685.106.671-88', 3, 141, 4);
INSERT INTO ORDEM_COMPRA (NUMERO_NOTA_FISCAL, DATA_HORA, CPF_CLIENTE, CODIGO_FILIAL, MATRICULA_FUNCIONARIO, NUMERO_CAIXA) VALUES (98, TO_TIMESTAMP('2011-03-25 14:52:52', 'YYYY-MM-DD HH24:MI:SS'), '685.106.671-88', 2, 54, 3);
INSERT INTO ORDEM_COMPRA (NUMERO_NOTA_FISCAL, DATA_HORA, CPF_CLIENTE, CODIGO_FILIAL, MATRICULA_FUNCIONARIO, NUMERO_CAIXA) VALUES (99, TO_TIMESTAMP('2019-06-14 05:05:00', 'YYYY-MM-DD HH24:MI:SS'), '966.205.109-92', 7, 67, 3);
INSERT INTO ORDEM_COMPRA (NUMERO_NOTA_FISCAL, DATA_HORA, CPF_CLIENTE, CODIGO_FILIAL, MATRICULA_FUNCIONARIO, NUMERO_CAIXA) VALUES (100, TO_TIMESTAMP('2014-07-02 08:10:13', 'YYYY-MM-DD HH24:MI:SS'), '171.302.117-13', 4, 43, 1);
INSERT INTO ORDEM_COMPRA (NUMERO_NOTA_FISCAL, DATA_HORA, CPF_CLIENTE, CODIGO_FILIAL, MATRICULA_FUNCIONARIO, NUMERO_CAIXA) VALUES (101, TO_TIMESTAMP('2004-11-13 13:27:46', 'YYYY-MM-DD HH24:MI:SS'), '431.617.500-49', 1, 86, 8);
INSERT INTO ORDEM_COMPRA (NUMERO_NOTA_FISCAL, DATA_HORA, CPF_CLIENTE, CODIGO_FILIAL, MATRICULA_FUNCIONARIO, NUMERO_CAIXA) VALUES (102, TO_TIMESTAMP('2000-04-27 09:09:31', 'YYYY-MM-DD HH24:MI:SS'), '326.831.451-76', 0, 103, 1);
INSERT INTO ORDEM_COMPRA (NUMERO_NOTA_FISCAL, DATA_HORA, CPF_CLIENTE, CODIGO_FILIAL, MATRICULA_FUNCIONARIO, NUMERO_CAIXA) VALUES (103, TO_TIMESTAMP('2011-06-06 16:23:48', 'YYYY-MM-DD HH24:MI:SS'), '601.989.839-80', 6, 80, 8);
INSERT INTO ORDEM_COMPRA (NUMERO_NOTA_FISCAL, DATA_HORA, CPF_CLIENTE, CODIGO_FILIAL, MATRICULA_FUNCIONARIO, NUMERO_CAIXA) VALUES (104, TO_TIMESTAMP('2014-02-24 12:26:01', 'YYYY-MM-DD HH24:MI:SS'), '753.212.130-47', 7, 83, 2);
INSERT INTO ORDEM_COMPRA (NUMERO_NOTA_FISCAL, DATA_HORA, CPF_CLIENTE, CODIGO_FILIAL, MATRICULA_FUNCIONARIO, NUMERO_CAIXA) VALUES (105, TO_TIMESTAMP('2004-07-18 21:25:46', 'YYYY-MM-DD HH24:MI:SS'), '418.111.923-81', 6, 46, 5);
INSERT INTO ORDEM_COMPRA (NUMERO_NOTA_FISCAL, DATA_HORA, CPF_CLIENTE, CODIGO_FILIAL, MATRICULA_FUNCIONARIO, NUMERO_CAIXA) VALUES (106, TO_TIMESTAMP('2008-06-26 00:23:51', 'YYYY-MM-DD HH24:MI:SS'), '206.290.956-37', 0, 39, 4);
INSERT INTO ORDEM_COMPRA (NUMERO_NOTA_FISCAL, DATA_HORA, CPF_CLIENTE, CODIGO_FILIAL, MATRICULA_FUNCIONARIO, NUMERO_CAIXA) VALUES (107, TO_TIMESTAMP('2004-05-05 16:08:02', 'YYYY-MM-DD HH24:MI:SS'), '290.692.851-10', 6, 123, 5);
INSERT INTO ORDEM_COMPRA (NUMERO_NOTA_FISCAL, DATA_HORA, CPF_CLIENTE, CODIGO_FILIAL, MATRICULA_FUNCIONARIO, NUMERO_CAIXA) VALUES (108, TO_TIMESTAMP('2004-01-05 01:20:08', 'YYYY-MM-DD HH24:MI:SS'), '343.649.364-29', 0, 94, 2);
INSERT INTO ORDEM_COMPRA (NUMERO_NOTA_FISCAL, DATA_HORA, CPF_CLIENTE, CODIGO_FILIAL, MATRICULA_FUNCIONARIO, NUMERO_CAIXA) VALUES (109, TO_TIMESTAMP('2013-09-01 09:51:28', 'YYYY-MM-DD HH24:MI:SS'), '767.959.842-55', 9, 139, 8);
INSERT INTO ORDEM_COMPRA (NUMERO_NOTA_FISCAL, DATA_HORA, CPF_CLIENTE, CODIGO_FILIAL, MATRICULA_FUNCIONARIO, NUMERO_CAIXA) VALUES (110, TO_TIMESTAMP('2006-02-20 14:42:10', 'YYYY-MM-DD HH24:MI:SS'), '929.355.477-12', 6, 111, 7);
INSERT INTO ORDEM_COMPRA (NUMERO_NOTA_FISCAL, DATA_HORA, CPF_CLIENTE, CODIGO_FILIAL, MATRICULA_FUNCIONARIO, NUMERO_CAIXA) VALUES (111, TO_TIMESTAMP('2015-09-06 02:39:44', 'YYYY-MM-DD HH24:MI:SS'), '211.778.416-60', 2, 12, 4);
INSERT INTO ORDEM_COMPRA (NUMERO_NOTA_FISCAL, DATA_HORA, CPF_CLIENTE, CODIGO_FILIAL, MATRICULA_FUNCIONARIO, NUMERO_CAIXA) VALUES (112, TO_TIMESTAMP('2009-12-10 23:00:50', 'YYYY-MM-DD HH24:MI:SS'), '688.783.292-62', 5, 91, 1);
INSERT INTO ORDEM_COMPRA (NUMERO_NOTA_FISCAL, DATA_HORA, CPF_CLIENTE, CODIGO_FILIAL, MATRICULA_FUNCIONARIO, NUMERO_CAIXA) VALUES (113, TO_TIMESTAMP('2012-12-18 14:57:13', 'YYYY-MM-DD HH24:MI:SS'), '712.481.264-82', 4, 95, 1);
INSERT INTO ORDEM_COMPRA (NUMERO_NOTA_FISCAL, DATA_HORA, CPF_CLIENTE, CODIGO_FILIAL, MATRICULA_FUNCIONARIO, NUMERO_CAIXA) VALUES (114, TO_TIMESTAMP('2011-09-28 06:18:56', 'YYYY-MM-DD HH24:MI:SS'), '848.846.724-39', 8, 66, 5);
INSERT INTO ORDEM_COMPRA (NUMERO_NOTA_FISCAL, DATA_HORA, CPF_CLIENTE, CODIGO_FILIAL, MATRICULA_FUNCIONARIO, NUMERO_CAIXA) VALUES (115, TO_TIMESTAMP('2000-04-11 15:00:27', 'YYYY-MM-DD HH24:MI:SS'), '645.675.317-84', 2, 20, 9);
INSERT INTO ORDEM_COMPRA (NUMERO_NOTA_FISCAL, DATA_HORA, CPF_CLIENTE, CODIGO_FILIAL, MATRICULA_FUNCIONARIO, NUMERO_CAIXA) VALUES (116, TO_TIMESTAMP('2011-05-14 01:46:41', 'YYYY-MM-DD HH24:MI:SS'), '232.273.812-92', 2, 10, 4);
INSERT INTO ORDEM_COMPRA (NUMERO_NOTA_FISCAL, DATA_HORA, CPF_CLIENTE, CODIGO_FILIAL, MATRICULA_FUNCIONARIO, NUMERO_CAIXA) VALUES (117, TO_TIMESTAMP('2001-03-13 21:33:02', 'YYYY-MM-DD HH24:MI:SS'), '206.290.956-37', 2, 81, 1);
INSERT INTO ORDEM_COMPRA (NUMERO_NOTA_FISCAL, DATA_HORA, CPF_CLIENTE, CODIGO_FILIAL, MATRICULA_FUNCIONARIO, NUMERO_CAIXA) VALUES (118, TO_TIMESTAMP('2002-07-02 20:45:22', 'YYYY-MM-DD HH24:MI:SS'), '971.213.656-32', 2, 77, 2);
INSERT INTO ORDEM_COMPRA (NUMERO_NOTA_FISCAL, DATA_HORA, CPF_CLIENTE, CODIGO_FILIAL, MATRICULA_FUNCIONARIO, NUMERO_CAIXA) VALUES (119, TO_TIMESTAMP('2019-04-11 12:23:41', 'YYYY-MM-DD HH24:MI:SS'), '211.778.416-60', 5, 11, 6);
INSERT INTO ORDEM_COMPRA (NUMERO_NOTA_FISCAL, DATA_HORA, CPF_CLIENTE, CODIGO_FILIAL, MATRICULA_FUNCIONARIO, NUMERO_CAIXA) VALUES (120, TO_TIMESTAMP('2004-05-19 03:25:37', 'YYYY-MM-DD HH24:MI:SS'), '484.286.249-57', 0, 72, 5);
INSERT INTO ORDEM_COMPRA (NUMERO_NOTA_FISCAL, DATA_HORA, CPF_CLIENTE, CODIGO_FILIAL, MATRICULA_FUNCIONARIO, NUMERO_CAIXA) VALUES (121, TO_TIMESTAMP('2012-10-05 21:18:52', 'YYYY-MM-DD HH24:MI:SS'), '277.368.344-92', 2, 8, 2);
INSERT INTO ORDEM_COMPRA (NUMERO_NOTA_FISCAL, DATA_HORA, CPF_CLIENTE, CODIGO_FILIAL, MATRICULA_FUNCIONARIO, NUMERO_CAIXA) VALUES (122, TO_TIMESTAMP('2019-02-19 00:16:39', 'YYYY-MM-DD HH24:MI:SS'), '655.173.374-54', 2, 124, 3);
INSERT INTO ORDEM_COMPRA (NUMERO_NOTA_FISCAL, DATA_HORA, CPF_CLIENTE, CODIGO_FILIAL, MATRICULA_FUNCIONARIO, NUMERO_CAIXA) VALUES (123, TO_TIMESTAMP('2018-09-22 17:28:50', 'YYYY-MM-DD HH24:MI:SS'), '561.438.770-94', 6, 127, 7);
INSERT INTO ORDEM_COMPRA (NUMERO_NOTA_FISCAL, DATA_HORA, CPF_CLIENTE, CODIGO_FILIAL, MATRICULA_FUNCIONARIO, NUMERO_CAIXA) VALUES (124, TO_TIMESTAMP('2015-03-09 04:42:01', 'YYYY-MM-DD HH24:MI:SS'), '833.915.821-48', 2, 39, 9);
INSERT INTO ORDEM_COMPRA (NUMERO_NOTA_FISCAL, DATA_HORA, CPF_CLIENTE, CODIGO_FILIAL, MATRICULA_FUNCIONARIO, NUMERO_CAIXA) VALUES (125, TO_TIMESTAMP('2009-09-03 14:03:15', 'YYYY-MM-DD HH24:MI:SS'), '234.718.980-63', 0, 72, 9);
INSERT INTO ORDEM_COMPRA (NUMERO_NOTA_FISCAL, DATA_HORA, CPF_CLIENTE, CODIGO_FILIAL, MATRICULA_FUNCIONARIO, NUMERO_CAIXA) VALUES (126, TO_TIMESTAMP('2002-06-25 05:06:41', 'YYYY-MM-DD HH24:MI:SS'), '630.236.508-34', 5, 126, 1);
INSERT INTO ORDEM_COMPRA (NUMERO_NOTA_FISCAL, DATA_HORA, CPF_CLIENTE, CODIGO_FILIAL, MATRICULA_FUNCIONARIO, NUMERO_CAIXA) VALUES (127, TO_TIMESTAMP('2018-12-06 00:27:50', 'YYYY-MM-DD HH24:MI:SS'), '848.846.724-39', 2, 103, 6);
INSERT INTO ORDEM_COMPRA (NUMERO_NOTA_FISCAL, DATA_HORA, CPF_CLIENTE, CODIGO_FILIAL, MATRICULA_FUNCIONARIO, NUMERO_CAIXA) VALUES (128, TO_TIMESTAMP('2015-03-12 22:22:23', 'YYYY-MM-DD HH24:MI:SS'), '232.273.812-92', 0, 143, 4);
INSERT INTO ORDEM_COMPRA (NUMERO_NOTA_FISCAL, DATA_HORA, CPF_CLIENTE, CODIGO_FILIAL, MATRICULA_FUNCIONARIO, NUMERO_CAIXA) VALUES (129, TO_TIMESTAMP('2008-02-22 21:58:25', 'YYYY-MM-DD HH24:MI:SS'), '793.474.125-62', 6, 107, 6);
INSERT INTO ORDEM_COMPRA (NUMERO_NOTA_FISCAL, DATA_HORA, CPF_CLIENTE, CODIGO_FILIAL, MATRICULA_FUNCIONARIO, NUMERO_CAIXA) VALUES (130, TO_TIMESTAMP('2000-06-17 21:27:39', 'YYYY-MM-DD HH24:MI:SS'), '929.355.477-12', 7, 34, 0);
INSERT INTO ORDEM_COMPRA (NUMERO_NOTA_FISCAL, DATA_HORA, CPF_CLIENTE, CODIGO_FILIAL, MATRICULA_FUNCIONARIO, NUMERO_CAIXA) VALUES (131, TO_TIMESTAMP('2016-08-16 14:44:08', 'YYYY-MM-DD HH24:MI:SS'), '869.391.926-42', 7, 96, 0);
INSERT INTO ORDEM_COMPRA (NUMERO_NOTA_FISCAL, DATA_HORA, CPF_CLIENTE, CODIGO_FILIAL, MATRICULA_FUNCIONARIO, NUMERO_CAIXA) VALUES (132, TO_TIMESTAMP('2018-08-16 13:10:06', 'YYYY-MM-DD HH24:MI:SS'), '808.580.924-41', 1, 145, 0);
INSERT INTO ORDEM_COMPRA (NUMERO_NOTA_FISCAL, DATA_HORA, CPF_CLIENTE, CODIGO_FILIAL, MATRICULA_FUNCIONARIO, NUMERO_CAIXA) VALUES (133, TO_TIMESTAMP('2010-07-24 04:02:59', 'YYYY-MM-DD HH24:MI:SS'), '776.321.588-22', 7, 53, 4);
INSERT INTO ORDEM_COMPRA (NUMERO_NOTA_FISCAL, DATA_HORA, CPF_CLIENTE, CODIGO_FILIAL, MATRICULA_FUNCIONARIO, NUMERO_CAIXA) VALUES (134, TO_TIMESTAMP('2011-05-24 09:11:49', 'YYYY-MM-DD HH24:MI:SS'), '145.858.963-92', 8, 101, 5);
INSERT INTO ORDEM_COMPRA (NUMERO_NOTA_FISCAL, DATA_HORA, CPF_CLIENTE, CODIGO_FILIAL, MATRICULA_FUNCIONARIO, NUMERO_CAIXA) VALUES (135, TO_TIMESTAMP('2013-10-24 10:58:00', 'YYYY-MM-DD HH24:MI:SS'), '696.602.416-54', 2, 149, 9);
INSERT INTO ORDEM_COMPRA (NUMERO_NOTA_FISCAL, DATA_HORA, CPF_CLIENTE, CODIGO_FILIAL, MATRICULA_FUNCIONARIO, NUMERO_CAIXA) VALUES (136, TO_TIMESTAMP('2005-07-26 08:07:16', 'YYYY-MM-DD HH24:MI:SS'), '793.665.933-58', 6, 7, 3);
INSERT INTO ORDEM_COMPRA (NUMERO_NOTA_FISCAL, DATA_HORA, CPF_CLIENTE, CODIGO_FILIAL, MATRICULA_FUNCIONARIO, NUMERO_CAIXA) VALUES (137, TO_TIMESTAMP('2017-12-20 07:07:21', 'YYYY-MM-DD HH24:MI:SS'), '847.662.935-92', 0, 86, 6);
INSERT INTO ORDEM_COMPRA (NUMERO_NOTA_FISCAL, DATA_HORA, CPF_CLIENTE, CODIGO_FILIAL, MATRICULA_FUNCIONARIO, NUMERO_CAIXA) VALUES (138, TO_TIMESTAMP('2002-04-19 23:35:45', 'YYYY-MM-DD HH24:MI:SS'), '358.137.539-44', 5, 40, 8);
INSERT INTO ORDEM_COMPRA (NUMERO_NOTA_FISCAL, DATA_HORA, CPF_CLIENTE, CODIGO_FILIAL, MATRICULA_FUNCIONARIO, NUMERO_CAIXA) VALUES (139, TO_TIMESTAMP('2000-08-05 11:04:19', 'YYYY-MM-DD HH24:MI:SS'), '686.903.307-13', 4, 105, 3);
INSERT INTO ORDEM_COMPRA (NUMERO_NOTA_FISCAL, DATA_HORA, CPF_CLIENTE, CODIGO_FILIAL, MATRICULA_FUNCIONARIO, NUMERO_CAIXA) VALUES (140, TO_TIMESTAMP('2012-04-20 02:21:52', 'YYYY-MM-DD HH24:MI:SS'), '186.122.290-36', 8, 102, 9);
INSERT INTO ORDEM_COMPRA (NUMERO_NOTA_FISCAL, DATA_HORA, CPF_CLIENTE, CODIGO_FILIAL, MATRICULA_FUNCIONARIO, NUMERO_CAIXA) VALUES (141, TO_TIMESTAMP('2003-07-08 01:54:00', 'YYYY-MM-DD HH24:MI:SS'), '381.901.486-68', 1, 135, 5);
INSERT INTO ORDEM_COMPRA (NUMERO_NOTA_FISCAL, DATA_HORA, CPF_CLIENTE, CODIGO_FILIAL, MATRICULA_FUNCIONARIO, NUMERO_CAIXA) VALUES (142, TO_TIMESTAMP('2017-05-05 02:19:13', 'YYYY-MM-DD HH24:MI:SS'), '561.438.770-94', 7, 89, 1);
INSERT INTO ORDEM_COMPRA (NUMERO_NOTA_FISCAL, DATA_HORA, CPF_CLIENTE, CODIGO_FILIAL, MATRICULA_FUNCIONARIO, NUMERO_CAIXA) VALUES (143, TO_TIMESTAMP('2018-12-21 03:59:30', 'YYYY-MM-DD HH24:MI:SS'), '479.329.688-58', 9, 145, 3);
INSERT INTO ORDEM_COMPRA (NUMERO_NOTA_FISCAL, DATA_HORA, CPF_CLIENTE, CODIGO_FILIAL, MATRICULA_FUNCIONARIO, NUMERO_CAIXA) VALUES (144, TO_TIMESTAMP('2013-09-03 02:17:09', 'YYYY-MM-DD HH24:MI:SS'), '613.194.889-74', 3, 40, 3);
INSERT INTO ORDEM_COMPRA (NUMERO_NOTA_FISCAL, DATA_HORA, CPF_CLIENTE, CODIGO_FILIAL, MATRICULA_FUNCIONARIO, NUMERO_CAIXA) VALUES (145, TO_TIMESTAMP('2011-08-18 15:16:12', 'YYYY-MM-DD HH24:MI:SS'), '939.410.325-24', 3, 71, 8);
INSERT INTO ORDEM_COMPRA (NUMERO_NOTA_FISCAL, DATA_HORA, CPF_CLIENTE, CODIGO_FILIAL, MATRICULA_FUNCIONARIO, NUMERO_CAIXA) VALUES (146, TO_TIMESTAMP('2018-01-12 10:04:43', 'YYYY-MM-DD HH24:MI:SS'), '284.607.479-71', 8, 89, 5);
INSERT INTO ORDEM_COMPRA (NUMERO_NOTA_FISCAL, DATA_HORA, CPF_CLIENTE, CODIGO_FILIAL, MATRICULA_FUNCIONARIO, NUMERO_CAIXA) VALUES (147, TO_TIMESTAMP('2011-09-10 22:58:10', 'YYYY-MM-DD HH24:MI:SS'), '675.576.913-34', 9, 13, 2);
INSERT INTO ORDEM_COMPRA (NUMERO_NOTA_FISCAL, DATA_HORA, CPF_CLIENTE, CODIGO_FILIAL, MATRICULA_FUNCIONARIO, NUMERO_CAIXA) VALUES (148, TO_TIMESTAMP('2017-01-06 15:16:25', 'YYYY-MM-DD HH24:MI:SS'), '184.421.564-85', 0, 93, 6);
INSERT INTO ORDEM_COMPRA (NUMERO_NOTA_FISCAL, DATA_HORA, CPF_CLIENTE, CODIGO_FILIAL, MATRICULA_FUNCIONARIO, NUMERO_CAIXA) VALUES (149, TO_TIMESTAMP('2004-03-05 16:19:04', 'YYYY-MM-DD HH24:MI:SS'), '415.594.789-48', 2, 67, 0);
INSERT INTO ORDEM_COMPRA (NUMERO_NOTA_FISCAL, DATA_HORA, CPF_CLIENTE, CODIGO_FILIAL, MATRICULA_FUNCIONARIO, NUMERO_CAIXA) VALUES (150, TO_TIMESTAMP('2000-08-24 17:19:58', 'YYYY-MM-DD HH24:MI:SS'), '652.250.653-65', 3, 60, 5);
INSERT INTO ORDEM_COMPRA (NUMERO_NOTA_FISCAL, DATA_HORA, CPF_CLIENTE, CODIGO_FILIAL, MATRICULA_FUNCIONARIO, NUMERO_CAIXA) VALUES (151, TO_TIMESTAMP('2013-10-21 13:03:04', 'YYYY-MM-DD HH24:MI:SS'), '251.428.111-61', 0, 117, 3);
INSERT INTO ORDEM_COMPRA (NUMERO_NOTA_FISCAL, DATA_HORA, CPF_CLIENTE, CODIGO_FILIAL, MATRICULA_FUNCIONARIO, NUMERO_CAIXA) VALUES (152, TO_TIMESTAMP('2009-08-21 08:46:04', 'YYYY-MM-DD HH24:MI:SS'), '561.102.811-12', 9, 79, 2);
INSERT INTO ORDEM_COMPRA (NUMERO_NOTA_FISCAL, DATA_HORA, CPF_CLIENTE, CODIGO_FILIAL, MATRICULA_FUNCIONARIO, NUMERO_CAIXA) VALUES (153, TO_TIMESTAMP('2012-04-26 20:50:53', 'YYYY-MM-DD HH24:MI:SS'), '847.662.935-92', 3, 0, 4);
INSERT INTO ORDEM_COMPRA (NUMERO_NOTA_FISCAL, DATA_HORA, CPF_CLIENTE, CODIGO_FILIAL, MATRICULA_FUNCIONARIO, NUMERO_CAIXA) VALUES (154, TO_TIMESTAMP('2004-10-05 19:43:44', 'YYYY-MM-DD HH24:MI:SS'), '696.602.416-54', 8, 12, 4);
INSERT INTO ORDEM_COMPRA (NUMERO_NOTA_FISCAL, DATA_HORA, CPF_CLIENTE, CODIGO_FILIAL, MATRICULA_FUNCIONARIO, NUMERO_CAIXA) VALUES (155, TO_TIMESTAMP('2014-05-08 09:50:46', 'YYYY-MM-DD HH24:MI:SS'), '827.751.331-49', 2, 118, 6);
INSERT INTO ORDEM_COMPRA (NUMERO_NOTA_FISCAL, DATA_HORA, CPF_CLIENTE, CODIGO_FILIAL, MATRICULA_FUNCIONARIO, NUMERO_CAIXA) VALUES (156, TO_TIMESTAMP('2010-07-17 19:10:17', 'YYYY-MM-DD HH24:MI:SS'), '714.489.533-17', 6, 70, 3);
INSERT INTO ORDEM_COMPRA (NUMERO_NOTA_FISCAL, DATA_HORA, CPF_CLIENTE, CODIGO_FILIAL, MATRICULA_FUNCIONARIO, NUMERO_CAIXA) VALUES (157, TO_TIMESTAMP('2004-03-27 22:34:20', 'YYYY-MM-DD HH24:MI:SS'), '929.355.477-12', 2, 59, 9);
INSERT INTO ORDEM_COMPRA (NUMERO_NOTA_FISCAL, DATA_HORA, CPF_CLIENTE, CODIGO_FILIAL, MATRICULA_FUNCIONARIO, NUMERO_CAIXA) VALUES (158, TO_TIMESTAMP('2019-01-01 12:31:11', 'YYYY-MM-DD HH24:MI:SS'), '422.255.767-85', 8, 137, 9);
INSERT INTO ORDEM_COMPRA (NUMERO_NOTA_FISCAL, DATA_HORA, CPF_CLIENTE, CODIGO_FILIAL, MATRICULA_FUNCIONARIO, NUMERO_CAIXA) VALUES (159, TO_TIMESTAMP('2000-09-18 02:14:53', 'YYYY-MM-DD HH24:MI:SS'), '533.903.723-95', 9, 140, 1);
INSERT INTO ORDEM_COMPRA (NUMERO_NOTA_FISCAL, DATA_HORA, CPF_CLIENTE, CODIGO_FILIAL, MATRICULA_FUNCIONARIO, NUMERO_CAIXA) VALUES (160, TO_TIMESTAMP('2010-08-26 11:23:38', 'YYYY-MM-DD HH24:MI:SS'), '848.846.724-39', 4, 98, 3);
INSERT INTO ORDEM_COMPRA (NUMERO_NOTA_FISCAL, DATA_HORA, CPF_CLIENTE, CODIGO_FILIAL, MATRICULA_FUNCIONARIO, NUMERO_CAIXA) VALUES (161, TO_TIMESTAMP('2015-02-22 11:27:53', 'YYYY-MM-DD HH24:MI:SS'), '284.607.479-71', 3, 144, 3);
INSERT INTO ORDEM_COMPRA (NUMERO_NOTA_FISCAL, DATA_HORA, CPF_CLIENTE, CODIGO_FILIAL, MATRICULA_FUNCIONARIO, NUMERO_CAIXA) VALUES (162, TO_TIMESTAMP('2000-06-05 20:59:43', 'YYYY-MM-DD HH24:MI:SS'), '533.903.723-95', 4, 115, 5);
INSERT INTO ORDEM_COMPRA (NUMERO_NOTA_FISCAL, DATA_HORA, CPF_CLIENTE, CODIGO_FILIAL, MATRICULA_FUNCIONARIO, NUMERO_CAIXA) VALUES (163, TO_TIMESTAMP('2011-06-01 00:54:41', 'YYYY-MM-DD HH24:MI:SS'), '487.531.261-50', 5, 138, 7);
INSERT INTO ORDEM_COMPRA (NUMERO_NOTA_FISCAL, DATA_HORA, CPF_CLIENTE, CODIGO_FILIAL, MATRICULA_FUNCIONARIO, NUMERO_CAIXA) VALUES (164, TO_TIMESTAMP('2017-06-07 08:05:12', 'YYYY-MM-DD HH24:MI:SS'), '186.664.482-95', 2, 96, 6);
INSERT INTO ORDEM_COMPRA (NUMERO_NOTA_FISCAL, DATA_HORA, CPF_CLIENTE, CODIGO_FILIAL, MATRICULA_FUNCIONARIO, NUMERO_CAIXA) VALUES (165, TO_TIMESTAMP('2012-11-12 22:20:55', 'YYYY-MM-DD HH24:MI:SS'), '206.290.956-37', 9, 36, 1);
INSERT INTO ORDEM_COMPRA (NUMERO_NOTA_FISCAL, DATA_HORA, CPF_CLIENTE, CODIGO_FILIAL, MATRICULA_FUNCIONARIO, NUMERO_CAIXA) VALUES (166, TO_TIMESTAMP('2012-09-13 11:43:20', 'YYYY-MM-DD HH24:MI:SS'), '851.292.471-57', 8, 23, 9);
INSERT INTO ORDEM_COMPRA (NUMERO_NOTA_FISCAL, DATA_HORA, CPF_CLIENTE, CODIGO_FILIAL, MATRICULA_FUNCIONARIO, NUMERO_CAIXA) VALUES (167, TO_TIMESTAMP('2010-04-19 09:42:14', 'YYYY-MM-DD HH24:MI:SS'), '587.902.265-84', 8, 45, 5);
INSERT INTO ORDEM_COMPRA (NUMERO_NOTA_FISCAL, DATA_HORA, CPF_CLIENTE, CODIGO_FILIAL, MATRICULA_FUNCIONARIO, NUMERO_CAIXA) VALUES (168, TO_TIMESTAMP('2008-10-05 13:11:21', 'YYYY-MM-DD HH24:MI:SS'), '379.192.447-93', 5, 113, 4);
INSERT INTO ORDEM_COMPRA (NUMERO_NOTA_FISCAL, DATA_HORA, CPF_CLIENTE, CODIGO_FILIAL, MATRICULA_FUNCIONARIO, NUMERO_CAIXA) VALUES (169, TO_TIMESTAMP('2014-07-25 10:00:22', 'YYYY-MM-DD HH24:MI:SS'), '290.692.851-10', 1, 54, 8);
INSERT INTO ORDEM_COMPRA (NUMERO_NOTA_FISCAL, DATA_HORA, CPF_CLIENTE, CODIGO_FILIAL, MATRICULA_FUNCIONARIO, NUMERO_CAIXA) VALUES (170, TO_TIMESTAMP('2002-07-21 06:18:51', 'YYYY-MM-DD HH24:MI:SS'), '230.979.899-25', 2, 20, 1);
INSERT INTO ORDEM_COMPRA (NUMERO_NOTA_FISCAL, DATA_HORA, CPF_CLIENTE, CODIGO_FILIAL, MATRICULA_FUNCIONARIO, NUMERO_CAIXA) VALUES (171, TO_TIMESTAMP('2009-01-13 02:51:37', 'YYYY-MM-DD HH24:MI:SS'), '343.649.364-29', 3, 104, 3);
INSERT INTO ORDEM_COMPRA (NUMERO_NOTA_FISCAL, DATA_HORA, CPF_CLIENTE, CODIGO_FILIAL, MATRICULA_FUNCIONARIO, NUMERO_CAIXA) VALUES (172, TO_TIMESTAMP('2006-09-08 09:51:48', 'YYYY-MM-DD HH24:MI:SS'), '343.649.364-29', 1, 142, 5);
INSERT INTO ORDEM_COMPRA (NUMERO_NOTA_FISCAL, DATA_HORA, CPF_CLIENTE, CODIGO_FILIAL, MATRICULA_FUNCIONARIO, NUMERO_CAIXA) VALUES (173, TO_TIMESTAMP('2009-03-19 05:47:04', 'YYYY-MM-DD HH24:MI:SS'), '948.909.520-46', 8, 59, 2);
INSERT INTO ORDEM_COMPRA (NUMERO_NOTA_FISCAL, DATA_HORA, CPF_CLIENTE, CODIGO_FILIAL, MATRICULA_FUNCIONARIO, NUMERO_CAIXA) VALUES (174, TO_TIMESTAMP('2012-09-23 16:51:09', 'YYYY-MM-DD HH24:MI:SS'), '203.146.472-37', 8, 146, 3);
INSERT INTO ORDEM_COMPRA (NUMERO_NOTA_FISCAL, DATA_HORA, CPF_CLIENTE, CODIGO_FILIAL, MATRICULA_FUNCIONARIO, NUMERO_CAIXA) VALUES (175, TO_TIMESTAMP('2014-06-19 03:58:56', 'YYYY-MM-DD HH24:MI:SS'), '821.369.801-32', 1, 34, 7);
INSERT INTO ORDEM_COMPRA (NUMERO_NOTA_FISCAL, DATA_HORA, CPF_CLIENTE, CODIGO_FILIAL, MATRICULA_FUNCIONARIO, NUMERO_CAIXA) VALUES (176, TO_TIMESTAMP('2000-11-05 04:04:36', 'YYYY-MM-DD HH24:MI:SS'), '753.212.130-47', 0, 139, 2);
INSERT INTO ORDEM_COMPRA (NUMERO_NOTA_FISCAL, DATA_HORA, CPF_CLIENTE, CODIGO_FILIAL, MATRICULA_FUNCIONARIO, NUMERO_CAIXA) VALUES (177, TO_TIMESTAMP('2003-01-26 17:49:37', 'YYYY-MM-DD HH24:MI:SS'), '292.645.750-68', 4, 24, 0);
INSERT INTO ORDEM_COMPRA (NUMERO_NOTA_FISCAL, DATA_HORA, CPF_CLIENTE, CODIGO_FILIAL, MATRICULA_FUNCIONARIO, NUMERO_CAIXA) VALUES (178, TO_TIMESTAMP('2007-12-22 06:40:40', 'YYYY-MM-DD HH24:MI:SS'), '971.213.656-32', 4, 29, 9);
INSERT INTO ORDEM_COMPRA (NUMERO_NOTA_FISCAL, DATA_HORA, CPF_CLIENTE, CODIGO_FILIAL, MATRICULA_FUNCIONARIO, NUMERO_CAIXA) VALUES (179, TO_TIMESTAMP('2015-11-03 20:48:58', 'YYYY-MM-DD HH24:MI:SS'), '686.903.307-13', 1, 21, 2);
INSERT INTO ORDEM_COMPRA (NUMERO_NOTA_FISCAL, DATA_HORA, CPF_CLIENTE, CODIGO_FILIAL, MATRICULA_FUNCIONARIO, NUMERO_CAIXA) VALUES (180, TO_TIMESTAMP('2015-07-24 09:56:37', 'YYYY-MM-DD HH24:MI:SS'), '747.343.696-34', 4, 45, 1);
INSERT INTO ORDEM_COMPRA (NUMERO_NOTA_FISCAL, DATA_HORA, CPF_CLIENTE, CODIGO_FILIAL, MATRICULA_FUNCIONARIO, NUMERO_CAIXA) VALUES (181, TO_TIMESTAMP('2014-04-26 00:33:02', 'YYYY-MM-DD HH24:MI:SS'), '652.250.653-65', 1, 126, 0);
INSERT INTO ORDEM_COMPRA (NUMERO_NOTA_FISCAL, DATA_HORA, CPF_CLIENTE, CODIGO_FILIAL, MATRICULA_FUNCIONARIO, NUMERO_CAIXA) VALUES (182, TO_TIMESTAMP('2000-08-14 06:09:58', 'YYYY-MM-DD HH24:MI:SS'), '234.803.552-11', 7, 32, 4);
INSERT INTO ORDEM_COMPRA (NUMERO_NOTA_FISCAL, DATA_HORA, CPF_CLIENTE, CODIGO_FILIAL, MATRICULA_FUNCIONARIO, NUMERO_CAIXA) VALUES (183, TO_TIMESTAMP('2015-03-10 12:56:45', 'YYYY-MM-DD HH24:MI:SS'), '135.132.256-20', 6, 105, 6);
INSERT INTO ORDEM_COMPRA (NUMERO_NOTA_FISCAL, DATA_HORA, CPF_CLIENTE, CODIGO_FILIAL, MATRICULA_FUNCIONARIO, NUMERO_CAIXA) VALUES (184, TO_TIMESTAMP('2015-11-17 01:09:50', 'YYYY-MM-DD HH24:MI:SS'), '585.355.649-49', 5, 64, 4);
INSERT INTO ORDEM_COMPRA (NUMERO_NOTA_FISCAL, DATA_HORA, CPF_CLIENTE, CODIGO_FILIAL, MATRICULA_FUNCIONARIO, NUMERO_CAIXA) VALUES (185, TO_TIMESTAMP('2018-12-28 04:23:27', 'YYYY-MM-DD HH24:MI:SS'), '175.808.800-27', 5, 31, 3);
INSERT INTO ORDEM_COMPRA (NUMERO_NOTA_FISCAL, DATA_HORA, CPF_CLIENTE, CODIGO_FILIAL, MATRICULA_FUNCIONARIO, NUMERO_CAIXA) VALUES (186, TO_TIMESTAMP('2006-10-06 14:25:46', 'YYYY-MM-DD HH24:MI:SS'), '895.237.685-30', 8, 49, 0);
INSERT INTO ORDEM_COMPRA (NUMERO_NOTA_FISCAL, DATA_HORA, CPF_CLIENTE, CODIGO_FILIAL, MATRICULA_FUNCIONARIO, NUMERO_CAIXA) VALUES (187, TO_TIMESTAMP('2001-09-19 03:00:04', 'YYYY-MM-DD HH24:MI:SS'), '887.783.167-75', 8, 104, 9);
INSERT INTO ORDEM_COMPRA (NUMERO_NOTA_FISCAL, DATA_HORA, CPF_CLIENTE, CODIGO_FILIAL, MATRICULA_FUNCIONARIO, NUMERO_CAIXA) VALUES (188, TO_TIMESTAMP('2015-07-28 17:49:18', 'YYYY-MM-DD HH24:MI:SS'), '145.858.963-92', 4, 97, 4);
INSERT INTO ORDEM_COMPRA (NUMERO_NOTA_FISCAL, DATA_HORA, CPF_CLIENTE, CODIGO_FILIAL, MATRICULA_FUNCIONARIO, NUMERO_CAIXA) VALUES (189, TO_TIMESTAMP('2012-11-07 00:21:46', 'YYYY-MM-DD HH24:MI:SS'), '158.444.367-62', 4, 42, 7);
INSERT INTO ORDEM_COMPRA (NUMERO_NOTA_FISCAL, DATA_HORA, CPF_CLIENTE, CODIGO_FILIAL, MATRICULA_FUNCIONARIO, NUMERO_CAIXA) VALUES (190, TO_TIMESTAMP('2016-05-21 02:41:46', 'YYYY-MM-DD HH24:MI:SS'), '686.273.928-60', 1, 98, 7);
INSERT INTO ORDEM_COMPRA (NUMERO_NOTA_FISCAL, DATA_HORA, CPF_CLIENTE, CODIGO_FILIAL, MATRICULA_FUNCIONARIO, NUMERO_CAIXA) VALUES (191, TO_TIMESTAMP('2014-09-17 19:21:00', 'YYYY-MM-DD HH24:MI:SS'), '379.192.447-93', 7, 19, 2);
INSERT INTO ORDEM_COMPRA (NUMERO_NOTA_FISCAL, DATA_HORA, CPF_CLIENTE, CODIGO_FILIAL, MATRICULA_FUNCIONARIO, NUMERO_CAIXA) VALUES (192, TO_TIMESTAMP('2000-05-14 15:43:38', 'YYYY-MM-DD HH24:MI:SS'), '720.154.934-71', 9, 148, 1);
INSERT INTO ORDEM_COMPRA (NUMERO_NOTA_FISCAL, DATA_HORA, CPF_CLIENTE, CODIGO_FILIAL, MATRICULA_FUNCIONARIO, NUMERO_CAIXA) VALUES (193, TO_TIMESTAMP('2006-06-20 09:04:22', 'YYYY-MM-DD HH24:MI:SS'), '820.678.345-41', 5, 63, 2);
INSERT INTO ORDEM_COMPRA (NUMERO_NOTA_FISCAL, DATA_HORA, CPF_CLIENTE, CODIGO_FILIAL, MATRICULA_FUNCIONARIO, NUMERO_CAIXA) VALUES (194, TO_TIMESTAMP('2005-05-25 16:20:14', 'YYYY-MM-DD HH24:MI:SS'), '848.846.724-39', 1, 114, 5);
INSERT INTO ORDEM_COMPRA (NUMERO_NOTA_FISCAL, DATA_HORA, CPF_CLIENTE, CODIGO_FILIAL, MATRICULA_FUNCIONARIO, NUMERO_CAIXA) VALUES (195, TO_TIMESTAMP('2010-07-13 11:22:40', 'YYYY-MM-DD HH24:MI:SS'), '714.489.533-17', 6, 37, 5);
INSERT INTO ORDEM_COMPRA (NUMERO_NOTA_FISCAL, DATA_HORA, CPF_CLIENTE, CODIGO_FILIAL, MATRICULA_FUNCIONARIO, NUMERO_CAIXA) VALUES (196, TO_TIMESTAMP('2014-02-13 11:10:08', 'YYYY-MM-DD HH24:MI:SS'), '824.128.724-72', 4, 4, 2);
INSERT INTO ORDEM_COMPRA (NUMERO_NOTA_FISCAL, DATA_HORA, CPF_CLIENTE, CODIGO_FILIAL, MATRICULA_FUNCIONARIO, NUMERO_CAIXA) VALUES (197, TO_TIMESTAMP('2013-09-28 14:47:42', 'YYYY-MM-DD HH24:MI:SS'), '291.840.983-15', 7, 70, 4);
INSERT INTO ORDEM_COMPRA (NUMERO_NOTA_FISCAL, DATA_HORA, CPF_CLIENTE, CODIGO_FILIAL, MATRICULA_FUNCIONARIO, NUMERO_CAIXA) VALUES (198, TO_TIMESTAMP('2000-10-01 08:42:10', 'YYYY-MM-DD HH24:MI:SS'), '175.808.800-27', 7, 130, 7);
INSERT INTO ORDEM_COMPRA (NUMERO_NOTA_FISCAL, DATA_HORA, CPF_CLIENTE, CODIGO_FILIAL, MATRICULA_FUNCIONARIO, NUMERO_CAIXA) VALUES (199, TO_TIMESTAMP('2015-03-24 07:53:35', 'YYYY-MM-DD HH24:MI:SS'), '774.709.307-43', 3, 79, 8);


------ ITEM ------

INSERT INTO ITEM (IDENTIFICADOR, NUM_NOTA_FISCAL_ORDEM, NUMERO_NOTA_FISCAL, QUANTIDADE, PRECO_PRODUTO, DESCONTO) VALUES (0, 89, 78, 62, 10.88, 0.15);
INSERT INTO ITEM (IDENTIFICADOR, NUM_NOTA_FISCAL_ORDEM, NUMERO_NOTA_FISCAL, QUANTIDADE, PRECO_PRODUTO, DESCONTO) VALUES (1, 161, 47, 34, 22.16, 0.09);
INSERT INTO ITEM (IDENTIFICADOR, NUM_NOTA_FISCAL_ORDEM, NUMERO_NOTA_FISCAL, QUANTIDADE, PRECO_PRODUTO, DESCONTO) VALUES (2, 32, 44, 63, 3.21, 0.03);
INSERT INTO ITEM (IDENTIFICADOR, NUM_NOTA_FISCAL_ORDEM, NUMERO_NOTA_FISCAL, QUANTIDADE, PRECO_PRODUTO, DESCONTO) VALUES (3, 0, 13, 80, 41.72, 0.19);
INSERT INTO ITEM (IDENTIFICADOR, NUM_NOTA_FISCAL_ORDEM, NUMERO_NOTA_FISCAL, QUANTIDADE, PRECO_PRODUTO, DESCONTO) VALUES (4, 139, 28, 15, 35.37, 0.16);
INSERT INTO ITEM (IDENTIFICADOR, NUM_NOTA_FISCAL_ORDEM, NUMERO_NOTA_FISCAL, QUANTIDADE, PRECO_PRODUTO, DESCONTO) VALUES (5, 144, 68, 40, 44.83, 0.19);
INSERT INTO ITEM (IDENTIFICADOR, NUM_NOTA_FISCAL_ORDEM, NUMERO_NOTA_FISCAL, QUANTIDADE, PRECO_PRODUTO, DESCONTO) VALUES (6, 146, 28, 57, 6.79, 0.05);
INSERT INTO ITEM (IDENTIFICADOR, NUM_NOTA_FISCAL_ORDEM, NUMERO_NOTA_FISCAL, QUANTIDADE, PRECO_PRODUTO, DESCONTO) VALUES (7, 101, 13, 55, 38.07, 0.17);
INSERT INTO ITEM (IDENTIFICADOR, NUM_NOTA_FISCAL_ORDEM, NUMERO_NOTA_FISCAL, QUANTIDADE, PRECO_PRODUTO, DESCONTO) VALUES (8, 150, 49, 33, 94.45, 0.06);
INSERT INTO ITEM (IDENTIFICADOR, NUM_NOTA_FISCAL_ORDEM, NUMERO_NOTA_FISCAL, QUANTIDADE, PRECO_PRODUTO, DESCONTO) VALUES (9, 143, 38, 21, 10.52, 0.09);
INSERT INTO ITEM (IDENTIFICADOR, NUM_NOTA_FISCAL_ORDEM, NUMERO_NOTA_FISCAL, QUANTIDADE, PRECO_PRODUTO, DESCONTO) VALUES (10, 167, 7, 72, 21.82, 0.13);
INSERT INTO ITEM (IDENTIFICADOR, NUM_NOTA_FISCAL_ORDEM, NUMERO_NOTA_FISCAL, QUANTIDADE, PRECO_PRODUTO, DESCONTO) VALUES (11, 182, 76, 99, 95.74, 0.01);
INSERT INTO ITEM (IDENTIFICADOR, NUM_NOTA_FISCAL_ORDEM, NUMERO_NOTA_FISCAL, QUANTIDADE, PRECO_PRODUTO, DESCONTO) VALUES (12, 98, 30, 33, 17.19, 0.17);
INSERT INTO ITEM (IDENTIFICADOR, NUM_NOTA_FISCAL_ORDEM, NUMERO_NOTA_FISCAL, QUANTIDADE, PRECO_PRODUTO, DESCONTO) VALUES (13, 100, 38, 24, 11.02, 0.17);
INSERT INTO ITEM (IDENTIFICADOR, NUM_NOTA_FISCAL_ORDEM, NUMERO_NOTA_FISCAL, QUANTIDADE, PRECO_PRODUTO, DESCONTO) VALUES (14, 120, 37, 11, 65.18, 0.11);
INSERT INTO ITEM (IDENTIFICADOR, NUM_NOTA_FISCAL_ORDEM, NUMERO_NOTA_FISCAL, QUANTIDADE, PRECO_PRODUTO, DESCONTO) VALUES (15, 48, 56, 91, 36.58, 0.13);
INSERT INTO ITEM (IDENTIFICADOR, NUM_NOTA_FISCAL_ORDEM, NUMERO_NOTA_FISCAL, QUANTIDADE, PRECO_PRODUTO, DESCONTO) VALUES (16, 173, 36, 95, 81.13, 0.14);
INSERT INTO ITEM (IDENTIFICADOR, NUM_NOTA_FISCAL_ORDEM, NUMERO_NOTA_FISCAL, QUANTIDADE, PRECO_PRODUTO, DESCONTO) VALUES (17, 9, 0, 74, 1.87, 0.11);
INSERT INTO ITEM (IDENTIFICADOR, NUM_NOTA_FISCAL_ORDEM, NUMERO_NOTA_FISCAL, QUANTIDADE, PRECO_PRODUTO, DESCONTO) VALUES (18, 141, 69, 83, 2.40, 0.12);
INSERT INTO ITEM (IDENTIFICADOR, NUM_NOTA_FISCAL_ORDEM, NUMERO_NOTA_FISCAL, QUANTIDADE, PRECO_PRODUTO, DESCONTO) VALUES (19, 182, 9, 15, 71.22, 0.19);
INSERT INTO ITEM (IDENTIFICADOR, NUM_NOTA_FISCAL_ORDEM, NUMERO_NOTA_FISCAL, QUANTIDADE, PRECO_PRODUTO, DESCONTO) VALUES (20, 30, 20, 26, 67.08, 0.07);
INSERT INTO ITEM (IDENTIFICADOR, NUM_NOTA_FISCAL_ORDEM, NUMERO_NOTA_FISCAL, QUANTIDADE, PRECO_PRODUTO, DESCONTO) VALUES (21, 110, 56, 16, 61.87, 0.00);
INSERT INTO ITEM (IDENTIFICADOR, NUM_NOTA_FISCAL_ORDEM, NUMERO_NOTA_FISCAL, QUANTIDADE, PRECO_PRODUTO, DESCONTO) VALUES (22, 108, 59, 12, 67.53, 0.14);
INSERT INTO ITEM (IDENTIFICADOR, NUM_NOTA_FISCAL_ORDEM, NUMERO_NOTA_FISCAL, QUANTIDADE, PRECO_PRODUTO, DESCONTO) VALUES (23, 110, 34, 74, 1.35, 0.16);
INSERT INTO ITEM (IDENTIFICADOR, NUM_NOTA_FISCAL_ORDEM, NUMERO_NOTA_FISCAL, QUANTIDADE, PRECO_PRODUTO, DESCONTO) VALUES (24, 109, 54, 11, 66.57, 0.18);
INSERT INTO ITEM (IDENTIFICADOR, NUM_NOTA_FISCAL_ORDEM, NUMERO_NOTA_FISCAL, QUANTIDADE, PRECO_PRODUTO, DESCONTO) VALUES (25, 158, 57, 58, 27.94, 0.17);
INSERT INTO ITEM (IDENTIFICADOR, NUM_NOTA_FISCAL_ORDEM, NUMERO_NOTA_FISCAL, QUANTIDADE, PRECO_PRODUTO, DESCONTO) VALUES (26, 83, 53, 39, 36.10, 0.12);
INSERT INTO ITEM (IDENTIFICADOR, NUM_NOTA_FISCAL_ORDEM, NUMERO_NOTA_FISCAL, QUANTIDADE, PRECO_PRODUTO, DESCONTO) VALUES (27, 91, 36, 31, 9.11, 0.02);
INSERT INTO ITEM (IDENTIFICADOR, NUM_NOTA_FISCAL_ORDEM, NUMERO_NOTA_FISCAL, QUANTIDADE, PRECO_PRODUTO, DESCONTO) VALUES (28, 89, 52, 59, 36.43, 0.00);
INSERT INTO ITEM (IDENTIFICADOR, NUM_NOTA_FISCAL_ORDEM, NUMERO_NOTA_FISCAL, QUANTIDADE, PRECO_PRODUTO, DESCONTO) VALUES (29, 86, 3, 6, 39.46, 0.11);
INSERT INTO ITEM (IDENTIFICADOR, NUM_NOTA_FISCAL_ORDEM, NUMERO_NOTA_FISCAL, QUANTIDADE, PRECO_PRODUTO, DESCONTO) VALUES (30, 78, 67, 21, 26.52, 0.15);
INSERT INTO ITEM (IDENTIFICADOR, NUM_NOTA_FISCAL_ORDEM, NUMERO_NOTA_FISCAL, QUANTIDADE, PRECO_PRODUTO, DESCONTO) VALUES (31, 157, 58, 33, 87.62, 0.07);
INSERT INTO ITEM (IDENTIFICADOR, NUM_NOTA_FISCAL_ORDEM, NUMERO_NOTA_FISCAL, QUANTIDADE, PRECO_PRODUTO, DESCONTO) VALUES (32, 17, 38, 47, 96.82, 0.15);
INSERT INTO ITEM (IDENTIFICADOR, NUM_NOTA_FISCAL_ORDEM, NUMERO_NOTA_FISCAL, QUANTIDADE, PRECO_PRODUTO, DESCONTO) VALUES (33, 43, 65, 72, 97.12, 0.09);
INSERT INTO ITEM (IDENTIFICADOR, NUM_NOTA_FISCAL_ORDEM, NUMERO_NOTA_FISCAL, QUANTIDADE, PRECO_PRODUTO, DESCONTO) VALUES (34, 114, 53, 94, 9.23, 0.06);
INSERT INTO ITEM (IDENTIFICADOR, NUM_NOTA_FISCAL_ORDEM, NUMERO_NOTA_FISCAL, QUANTIDADE, PRECO_PRODUTO, DESCONTO) VALUES (35, 13, 54, 56, 25.59, 0.08);
INSERT INTO ITEM (IDENTIFICADOR, NUM_NOTA_FISCAL_ORDEM, NUMERO_NOTA_FISCAL, QUANTIDADE, PRECO_PRODUTO, DESCONTO) VALUES (36, 65, 32, 64, 59.54, 0.08);
INSERT INTO ITEM (IDENTIFICADOR, NUM_NOTA_FISCAL_ORDEM, NUMERO_NOTA_FISCAL, QUANTIDADE, PRECO_PRODUTO, DESCONTO) VALUES (37, 59, 69, 16, 57.78, 0.07);
INSERT INTO ITEM (IDENTIFICADOR, NUM_NOTA_FISCAL_ORDEM, NUMERO_NOTA_FISCAL, QUANTIDADE, PRECO_PRODUTO, DESCONTO) VALUES (38, 110, 15, 95, 73.53, 0.06);
INSERT INTO ITEM (IDENTIFICADOR, NUM_NOTA_FISCAL_ORDEM, NUMERO_NOTA_FISCAL, QUANTIDADE, PRECO_PRODUTO, DESCONTO) VALUES (39, 128, 54, 37, 2.91, 0.07);
INSERT INTO ITEM (IDENTIFICADOR, NUM_NOTA_FISCAL_ORDEM, NUMERO_NOTA_FISCAL, QUANTIDADE, PRECO_PRODUTO, DESCONTO) VALUES (40, 76, 2, 56, 90.75, 0.20);
INSERT INTO ITEM (IDENTIFICADOR, NUM_NOTA_FISCAL_ORDEM, NUMERO_NOTA_FISCAL, QUANTIDADE, PRECO_PRODUTO, DESCONTO) VALUES (41, 66, 66, 4, 19.61, 0.01);
INSERT INTO ITEM (IDENTIFICADOR, NUM_NOTA_FISCAL_ORDEM, NUMERO_NOTA_FISCAL, QUANTIDADE, PRECO_PRODUTO, DESCONTO) VALUES (42, 178, 26, 61, 74.44, 0.15);
INSERT INTO ITEM (IDENTIFICADOR, NUM_NOTA_FISCAL_ORDEM, NUMERO_NOTA_FISCAL, QUANTIDADE, PRECO_PRODUTO, DESCONTO) VALUES (43, 94, 53, 92, 71.96, 0.18);
INSERT INTO ITEM (IDENTIFICADOR, NUM_NOTA_FISCAL_ORDEM, NUMERO_NOTA_FISCAL, QUANTIDADE, PRECO_PRODUTO, DESCONTO) VALUES (44, 74, 2, 94, 59.01, 0.00);
INSERT INTO ITEM (IDENTIFICADOR, NUM_NOTA_FISCAL_ORDEM, NUMERO_NOTA_FISCAL, QUANTIDADE, PRECO_PRODUTO, DESCONTO) VALUES (45, 73, 1, 16, 64.53, 0.09);
INSERT INTO ITEM (IDENTIFICADOR, NUM_NOTA_FISCAL_ORDEM, NUMERO_NOTA_FISCAL, QUANTIDADE, PRECO_PRODUTO, DESCONTO) VALUES (46, 116, 25, 54, 51.61, 0.17);
INSERT INTO ITEM (IDENTIFICADOR, NUM_NOTA_FISCAL_ORDEM, NUMERO_NOTA_FISCAL, QUANTIDADE, PRECO_PRODUTO, DESCONTO) VALUES (47, 74, 45, 15, 9.31, 0.18);
INSERT INTO ITEM (IDENTIFICADOR, NUM_NOTA_FISCAL_ORDEM, NUMERO_NOTA_FISCAL, QUANTIDADE, PRECO_PRODUTO, DESCONTO) VALUES (48, 88, 15, 25, 29.44, 0.12);
INSERT INTO ITEM (IDENTIFICADOR, NUM_NOTA_FISCAL_ORDEM, NUMERO_NOTA_FISCAL, QUANTIDADE, PRECO_PRODUTO, DESCONTO) VALUES (49, 78, 7, 76, 59.12, 0.02);
INSERT INTO ITEM (IDENTIFICADOR, NUM_NOTA_FISCAL_ORDEM, NUMERO_NOTA_FISCAL, QUANTIDADE, PRECO_PRODUTO, DESCONTO) VALUES (50, 125, 62, 16, 12.35, 0.20);
INSERT INTO ITEM (IDENTIFICADOR, NUM_NOTA_FISCAL_ORDEM, NUMERO_NOTA_FISCAL, QUANTIDADE, PRECO_PRODUTO, DESCONTO) VALUES (51, 78, 62, 60, 17.57, 0.18);
INSERT INTO ITEM (IDENTIFICADOR, NUM_NOTA_FISCAL_ORDEM, NUMERO_NOTA_FISCAL, QUANTIDADE, PRECO_PRODUTO, DESCONTO) VALUES (52, 109, 48, 62, 100.21, 0.20);
INSERT INTO ITEM (IDENTIFICADOR, NUM_NOTA_FISCAL_ORDEM, NUMERO_NOTA_FISCAL, QUANTIDADE, PRECO_PRODUTO, DESCONTO) VALUES (53, 178, 56, 38, 78.24, 0.09);
INSERT INTO ITEM (IDENTIFICADOR, NUM_NOTA_FISCAL_ORDEM, NUMERO_NOTA_FISCAL, QUANTIDADE, PRECO_PRODUTO, DESCONTO) VALUES (54, 152, 36, 8, 70.18, 0.13);
INSERT INTO ITEM (IDENTIFICADOR, NUM_NOTA_FISCAL_ORDEM, NUMERO_NOTA_FISCAL, QUANTIDADE, PRECO_PRODUTO, DESCONTO) VALUES (55, 77, 64, 55, 15.08, 0.14);
INSERT INTO ITEM (IDENTIFICADOR, NUM_NOTA_FISCAL_ORDEM, NUMERO_NOTA_FISCAL, QUANTIDADE, PRECO_PRODUTO, DESCONTO) VALUES (56, 180, 60, 43, 87.60, 0.10);
INSERT INTO ITEM (IDENTIFICADOR, NUM_NOTA_FISCAL_ORDEM, NUMERO_NOTA_FISCAL, QUANTIDADE, PRECO_PRODUTO, DESCONTO) VALUES (57, 178, 57, 69, 19.99, 0.02);
INSERT INTO ITEM (IDENTIFICADOR, NUM_NOTA_FISCAL_ORDEM, NUMERO_NOTA_FISCAL, QUANTIDADE, PRECO_PRODUTO, DESCONTO) VALUES (58, 197, 50, 45, 81.29, 0.05);
INSERT INTO ITEM (IDENTIFICADOR, NUM_NOTA_FISCAL_ORDEM, NUMERO_NOTA_FISCAL, QUANTIDADE, PRECO_PRODUTO, DESCONTO) VALUES (59, 55, 4, 51, 95.83, 0.11);
INSERT INTO ITEM (IDENTIFICADOR, NUM_NOTA_FISCAL_ORDEM, NUMERO_NOTA_FISCAL, QUANTIDADE, PRECO_PRODUTO, DESCONTO) VALUES (60, 105, 36, 87, 54.50, 0.14);
INSERT INTO ITEM (IDENTIFICADOR, NUM_NOTA_FISCAL_ORDEM, NUMERO_NOTA_FISCAL, QUANTIDADE, PRECO_PRODUTO, DESCONTO) VALUES (61, 179, 65, 74, 97.34, 0.08);
INSERT INTO ITEM (IDENTIFICADOR, NUM_NOTA_FISCAL_ORDEM, NUMERO_NOTA_FISCAL, QUANTIDADE, PRECO_PRODUTO, DESCONTO) VALUES (62, 15, 58, 98, 82.96, 0.02);
INSERT INTO ITEM (IDENTIFICADOR, NUM_NOTA_FISCAL_ORDEM, NUMERO_NOTA_FISCAL, QUANTIDADE, PRECO_PRODUTO, DESCONTO) VALUES (63, 6, 21, 40, 29.63, 0.12);
INSERT INTO ITEM (IDENTIFICADOR, NUM_NOTA_FISCAL_ORDEM, NUMERO_NOTA_FISCAL, QUANTIDADE, PRECO_PRODUTO, DESCONTO) VALUES (64, 114, 11, 66, 86.90, 0.11);
INSERT INTO ITEM (IDENTIFICADOR, NUM_NOTA_FISCAL_ORDEM, NUMERO_NOTA_FISCAL, QUANTIDADE, PRECO_PRODUTO, DESCONTO) VALUES (65, 71, 67, 6, 44.76, 0.06);
INSERT INTO ITEM (IDENTIFICADOR, NUM_NOTA_FISCAL_ORDEM, NUMERO_NOTA_FISCAL, QUANTIDADE, PRECO_PRODUTO, DESCONTO) VALUES (66, 103, 21, 62, 61.20, 0.06);
INSERT INTO ITEM (IDENTIFICADOR, NUM_NOTA_FISCAL_ORDEM, NUMERO_NOTA_FISCAL, QUANTIDADE, PRECO_PRODUTO, DESCONTO) VALUES (67, 66, 22, 48, 77.02, 0.08);
INSERT INTO ITEM (IDENTIFICADOR, NUM_NOTA_FISCAL_ORDEM, NUMERO_NOTA_FISCAL, QUANTIDADE, PRECO_PRODUTO, DESCONTO) VALUES (68, 4, 16, 99, 46.34, 0.07);
INSERT INTO ITEM (IDENTIFICADOR, NUM_NOTA_FISCAL_ORDEM, NUMERO_NOTA_FISCAL, QUANTIDADE, PRECO_PRODUTO, DESCONTO) VALUES (69, 2, 46, 24, 27.01, 0.10);
INSERT INTO ITEM (IDENTIFICADOR, NUM_NOTA_FISCAL_ORDEM, NUMERO_NOTA_FISCAL, QUANTIDADE, PRECO_PRODUTO, DESCONTO) VALUES (70, 144, 51, 91, 23.16, 0.08);
INSERT INTO ITEM (IDENTIFICADOR, NUM_NOTA_FISCAL_ORDEM, NUMERO_NOTA_FISCAL, QUANTIDADE, PRECO_PRODUTO, DESCONTO) VALUES (71, 21, 10, 72, 30.63, 0.08);
INSERT INTO ITEM (IDENTIFICADOR, NUM_NOTA_FISCAL_ORDEM, NUMERO_NOTA_FISCAL, QUANTIDADE, PRECO_PRODUTO, DESCONTO) VALUES (72, 78, 76, 26, 93.93, 0.12);
INSERT INTO ITEM (IDENTIFICADOR, NUM_NOTA_FISCAL_ORDEM, NUMERO_NOTA_FISCAL, QUANTIDADE, PRECO_PRODUTO, DESCONTO) VALUES (73, 47, 5, 8, 96.04, 0.20);
INSERT INTO ITEM (IDENTIFICADOR, NUM_NOTA_FISCAL_ORDEM, NUMERO_NOTA_FISCAL, QUANTIDADE, PRECO_PRODUTO, DESCONTO) VALUES (74, 101, 16, 93, 93.96, 0.20);
INSERT INTO ITEM (IDENTIFICADOR, NUM_NOTA_FISCAL_ORDEM, NUMERO_NOTA_FISCAL, QUANTIDADE, PRECO_PRODUTO, DESCONTO) VALUES (75, 118, 7, 74, 29.39, 0.02);
INSERT INTO ITEM (IDENTIFICADOR, NUM_NOTA_FISCAL_ORDEM, NUMERO_NOTA_FISCAL, QUANTIDADE, PRECO_PRODUTO, DESCONTO) VALUES (76, 57, 30, 73, 53.24, 0.12);
INSERT INTO ITEM (IDENTIFICADOR, NUM_NOTA_FISCAL_ORDEM, NUMERO_NOTA_FISCAL, QUANTIDADE, PRECO_PRODUTO, DESCONTO) VALUES (77, 56, 64, 11, 73.68, 0.12);
INSERT INTO ITEM (IDENTIFICADOR, NUM_NOTA_FISCAL_ORDEM, NUMERO_NOTA_FISCAL, QUANTIDADE, PRECO_PRODUTO, DESCONTO) VALUES (78, 101, 66, 40, 64.85, 0.08);
INSERT INTO ITEM (IDENTIFICADOR, NUM_NOTA_FISCAL_ORDEM, NUMERO_NOTA_FISCAL, QUANTIDADE, PRECO_PRODUTO, DESCONTO) VALUES (79, 91, 78, 18, 94.88, 0.08);
INSERT INTO ITEM (IDENTIFICADOR, NUM_NOTA_FISCAL_ORDEM, NUMERO_NOTA_FISCAL, QUANTIDADE, PRECO_PRODUTO, DESCONTO) VALUES (80, 8, 71, 48, 17.65, 0.15);
INSERT INTO ITEM (IDENTIFICADOR, NUM_NOTA_FISCAL_ORDEM, NUMERO_NOTA_FISCAL, QUANTIDADE, PRECO_PRODUTO, DESCONTO) VALUES (81, 95, 2, 22, 31.53, 0.13);
INSERT INTO ITEM (IDENTIFICADOR, NUM_NOTA_FISCAL_ORDEM, NUMERO_NOTA_FISCAL, QUANTIDADE, PRECO_PRODUTO, DESCONTO) VALUES (82, 159, 5, 67, 64.07, 0.02);
INSERT INTO ITEM (IDENTIFICADOR, NUM_NOTA_FISCAL_ORDEM, NUMERO_NOTA_FISCAL, QUANTIDADE, PRECO_PRODUTO, DESCONTO) VALUES (83, 90, 29, 98, 54.74, 0.20);
INSERT INTO ITEM (IDENTIFICADOR, NUM_NOTA_FISCAL_ORDEM, NUMERO_NOTA_FISCAL, QUANTIDADE, PRECO_PRODUTO, DESCONTO) VALUES (84, 180, 74, 38, 67.20, 0.16);
INSERT INTO ITEM (IDENTIFICADOR, NUM_NOTA_FISCAL_ORDEM, NUMERO_NOTA_FISCAL, QUANTIDADE, PRECO_PRODUTO, DESCONTO) VALUES (85, 197, 10, 81, 63.40, 0.15);
INSERT INTO ITEM (IDENTIFICADOR, NUM_NOTA_FISCAL_ORDEM, NUMERO_NOTA_FISCAL, QUANTIDADE, PRECO_PRODUTO, DESCONTO) VALUES (86, 102, 1, 84, 51.88, 0.11);
INSERT INTO ITEM (IDENTIFICADOR, NUM_NOTA_FISCAL_ORDEM, NUMERO_NOTA_FISCAL, QUANTIDADE, PRECO_PRODUTO, DESCONTO) VALUES (87, 37, 18, 47, 48.34, 0.20);
INSERT INTO ITEM (IDENTIFICADOR, NUM_NOTA_FISCAL_ORDEM, NUMERO_NOTA_FISCAL, QUANTIDADE, PRECO_PRODUTO, DESCONTO) VALUES (88, 102, 30, 37, 57.21, 0.10);
INSERT INTO ITEM (IDENTIFICADOR, NUM_NOTA_FISCAL_ORDEM, NUMERO_NOTA_FISCAL, QUANTIDADE, PRECO_PRODUTO, DESCONTO) VALUES (89, 73, 70, 97, 59.96, 0.05);
INSERT INTO ITEM (IDENTIFICADOR, NUM_NOTA_FISCAL_ORDEM, NUMERO_NOTA_FISCAL, QUANTIDADE, PRECO_PRODUTO, DESCONTO) VALUES (90, 60, 7, 40, 35.35, 0.17);
INSERT INTO ITEM (IDENTIFICADOR, NUM_NOTA_FISCAL_ORDEM, NUMERO_NOTA_FISCAL, QUANTIDADE, PRECO_PRODUTO, DESCONTO) VALUES (91, 39, 78, 10, 93.92, 0.10);
INSERT INTO ITEM (IDENTIFICADOR, NUM_NOTA_FISCAL_ORDEM, NUMERO_NOTA_FISCAL, QUANTIDADE, PRECO_PRODUTO, DESCONTO) VALUES (92, 79, 3, 52, 99.19, 0.20);
INSERT INTO ITEM (IDENTIFICADOR, NUM_NOTA_FISCAL_ORDEM, NUMERO_NOTA_FISCAL, QUANTIDADE, PRECO_PRODUTO, DESCONTO) VALUES (93, 140, 59, 43, 32.28, 0.13);
INSERT INTO ITEM (IDENTIFICADOR, NUM_NOTA_FISCAL_ORDEM, NUMERO_NOTA_FISCAL, QUANTIDADE, PRECO_PRODUTO, DESCONTO) VALUES (94, 192, 58, 25, 57.01, 0.14);
INSERT INTO ITEM (IDENTIFICADOR, NUM_NOTA_FISCAL_ORDEM, NUMERO_NOTA_FISCAL, QUANTIDADE, PRECO_PRODUTO, DESCONTO) VALUES (95, 191, 14, 66, 81.15, 0.12);
INSERT INTO ITEM (IDENTIFICADOR, NUM_NOTA_FISCAL_ORDEM, NUMERO_NOTA_FISCAL, QUANTIDADE, PRECO_PRODUTO, DESCONTO) VALUES (96, 105, 6, 10, 41.39, 0.01);
INSERT INTO ITEM (IDENTIFICADOR, NUM_NOTA_FISCAL_ORDEM, NUMERO_NOTA_FISCAL, QUANTIDADE, PRECO_PRODUTO, DESCONTO) VALUES (97, 61, 16, 88, 92.53, 0.20);
INSERT INTO ITEM (IDENTIFICADOR, NUM_NOTA_FISCAL_ORDEM, NUMERO_NOTA_FISCAL, QUANTIDADE, PRECO_PRODUTO, DESCONTO) VALUES (98, 104, 53, 54, 55.80, 0.16);
INSERT INTO ITEM (IDENTIFICADOR, NUM_NOTA_FISCAL_ORDEM, NUMERO_NOTA_FISCAL, QUANTIDADE, PRECO_PRODUTO, DESCONTO) VALUES (99, 192, 22, 45, 71.71, 0.04);
INSERT INTO ITEM (IDENTIFICADOR, NUM_NOTA_FISCAL_ORDEM, NUMERO_NOTA_FISCAL, QUANTIDADE, PRECO_PRODUTO, DESCONTO) VALUES (100, 90, 50, 23, 69.62, 0.05);
INSERT INTO ITEM (IDENTIFICADOR, NUM_NOTA_FISCAL_ORDEM, NUMERO_NOTA_FISCAL, QUANTIDADE, PRECO_PRODUTO, DESCONTO) VALUES (101, 164, 65, 93, 100.42, 0.08);
INSERT INTO ITEM (IDENTIFICADOR, NUM_NOTA_FISCAL_ORDEM, NUMERO_NOTA_FISCAL, QUANTIDADE, PRECO_PRODUTO, DESCONTO) VALUES (102, 152, 61, 86, 44.41, 0.02);
INSERT INTO ITEM (IDENTIFICADOR, NUM_NOTA_FISCAL_ORDEM, NUMERO_NOTA_FISCAL, QUANTIDADE, PRECO_PRODUTO, DESCONTO) VALUES (103, 137, 10, 71, 80.89, 0.18);
INSERT INTO ITEM (IDENTIFICADOR, NUM_NOTA_FISCAL_ORDEM, NUMERO_NOTA_FISCAL, QUANTIDADE, PRECO_PRODUTO, DESCONTO) VALUES (104, 74, 75, 87, 37.30, 0.10);
INSERT INTO ITEM (IDENTIFICADOR, NUM_NOTA_FISCAL_ORDEM, NUMERO_NOTA_FISCAL, QUANTIDADE, PRECO_PRODUTO, DESCONTO) VALUES (105, 60, 13, 23, 11.78, 0.14);
INSERT INTO ITEM (IDENTIFICADOR, NUM_NOTA_FISCAL_ORDEM, NUMERO_NOTA_FISCAL, QUANTIDADE, PRECO_PRODUTO, DESCONTO) VALUES (106, 0, 29, 66, 11.73, 0.03);
INSERT INTO ITEM (IDENTIFICADOR, NUM_NOTA_FISCAL_ORDEM, NUMERO_NOTA_FISCAL, QUANTIDADE, PRECO_PRODUTO, DESCONTO) VALUES (107, 164, 12, 29, 23.80, 0.11);
INSERT INTO ITEM (IDENTIFICADOR, NUM_NOTA_FISCAL_ORDEM, NUMERO_NOTA_FISCAL, QUANTIDADE, PRECO_PRODUTO, DESCONTO) VALUES (108, 65, 11, 30, 70.13, 0.08);
INSERT INTO ITEM (IDENTIFICADOR, NUM_NOTA_FISCAL_ORDEM, NUMERO_NOTA_FISCAL, QUANTIDADE, PRECO_PRODUTO, DESCONTO) VALUES (109, 70, 54, 52, 25.46, 0.10);
INSERT INTO ITEM (IDENTIFICADOR, NUM_NOTA_FISCAL_ORDEM, NUMERO_NOTA_FISCAL, QUANTIDADE, PRECO_PRODUTO, DESCONTO) VALUES (110, 95, 35, 36, 53.70, 0.19);
INSERT INTO ITEM (IDENTIFICADOR, NUM_NOTA_FISCAL_ORDEM, NUMERO_NOTA_FISCAL, QUANTIDADE, PRECO_PRODUTO, DESCONTO) VALUES (111, 170, 61, 47, 64.59, 0.12);
INSERT INTO ITEM (IDENTIFICADOR, NUM_NOTA_FISCAL_ORDEM, NUMERO_NOTA_FISCAL, QUANTIDADE, PRECO_PRODUTO, DESCONTO) VALUES (112, 81, 72, 55, 11.10, 0.02);
INSERT INTO ITEM (IDENTIFICADOR, NUM_NOTA_FISCAL_ORDEM, NUMERO_NOTA_FISCAL, QUANTIDADE, PRECO_PRODUTO, DESCONTO) VALUES (113, 61, 68, 61, 1.70, 0.11);
INSERT INTO ITEM (IDENTIFICADOR, NUM_NOTA_FISCAL_ORDEM, NUMERO_NOTA_FISCAL, QUANTIDADE, PRECO_PRODUTO, DESCONTO) VALUES (114, 173, 32, 43, 86.77, 0.18);
INSERT INTO ITEM (IDENTIFICADOR, NUM_NOTA_FISCAL_ORDEM, NUMERO_NOTA_FISCAL, QUANTIDADE, PRECO_PRODUTO, DESCONTO) VALUES (115, 25, 46, 88, 42.11, 0.08);
INSERT INTO ITEM (IDENTIFICADOR, NUM_NOTA_FISCAL_ORDEM, NUMERO_NOTA_FISCAL, QUANTIDADE, PRECO_PRODUTO, DESCONTO) VALUES (116, 131, 1, 52, 74.31, 0.11);
INSERT INTO ITEM (IDENTIFICADOR, NUM_NOTA_FISCAL_ORDEM, NUMERO_NOTA_FISCAL, QUANTIDADE, PRECO_PRODUTO, DESCONTO) VALUES (117, 73, 25, 4, 4.39, 0.13);
INSERT INTO ITEM (IDENTIFICADOR, NUM_NOTA_FISCAL_ORDEM, NUMERO_NOTA_FISCAL, QUANTIDADE, PRECO_PRODUTO, DESCONTO) VALUES (118, 47, 5, 94, 73.94, 0.06);
INSERT INTO ITEM (IDENTIFICADOR, NUM_NOTA_FISCAL_ORDEM, NUMERO_NOTA_FISCAL, QUANTIDADE, PRECO_PRODUTO, DESCONTO) VALUES (119, 35, 29, 23, 76.82, 0.03);
INSERT INTO ITEM (IDENTIFICADOR, NUM_NOTA_FISCAL_ORDEM, NUMERO_NOTA_FISCAL, QUANTIDADE, PRECO_PRODUTO, DESCONTO) VALUES (120, 64, 49, 85, 85.24, 0.14);
INSERT INTO ITEM (IDENTIFICADOR, NUM_NOTA_FISCAL_ORDEM, NUMERO_NOTA_FISCAL, QUANTIDADE, PRECO_PRODUTO, DESCONTO) VALUES (121, 59, 54, 83, 93.10, 0.15);
INSERT INTO ITEM (IDENTIFICADOR, NUM_NOTA_FISCAL_ORDEM, NUMERO_NOTA_FISCAL, QUANTIDADE, PRECO_PRODUTO, DESCONTO) VALUES (122, 101, 46, 58, 28.24, 0.03);
INSERT INTO ITEM (IDENTIFICADOR, NUM_NOTA_FISCAL_ORDEM, NUMERO_NOTA_FISCAL, QUANTIDADE, PRECO_PRODUTO, DESCONTO) VALUES (123, 190, 37, 88, 11.02, 0.09);
INSERT INTO ITEM (IDENTIFICADOR, NUM_NOTA_FISCAL_ORDEM, NUMERO_NOTA_FISCAL, QUANTIDADE, PRECO_PRODUTO, DESCONTO) VALUES (124, 89, 23, 34, 100.60, 0.06);
INSERT INTO ITEM (IDENTIFICADOR, NUM_NOTA_FISCAL_ORDEM, NUMERO_NOTA_FISCAL, QUANTIDADE, PRECO_PRODUTO, DESCONTO) VALUES (125, 173, 60, 95, 35.91, 0.02);
INSERT INTO ITEM (IDENTIFICADOR, NUM_NOTA_FISCAL_ORDEM, NUMERO_NOTA_FISCAL, QUANTIDADE, PRECO_PRODUTO, DESCONTO) VALUES (126, 195, 31, 17, 44.78, 0.19);
INSERT INTO ITEM (IDENTIFICADOR, NUM_NOTA_FISCAL_ORDEM, NUMERO_NOTA_FISCAL, QUANTIDADE, PRECO_PRODUTO, DESCONTO) VALUES (127, 148, 4, 40, 30.15, 0.12);
INSERT INTO ITEM (IDENTIFICADOR, NUM_NOTA_FISCAL_ORDEM, NUMERO_NOTA_FISCAL, QUANTIDADE, PRECO_PRODUTO, DESCONTO) VALUES (128, 192, 72, 9, 29.21, 0.04);
INSERT INTO ITEM (IDENTIFICADOR, NUM_NOTA_FISCAL_ORDEM, NUMERO_NOTA_FISCAL, QUANTIDADE, PRECO_PRODUTO, DESCONTO) VALUES (129, 132, 62, 24, 17.04, 0.07);
INSERT INTO ITEM (IDENTIFICADOR, NUM_NOTA_FISCAL_ORDEM, NUMERO_NOTA_FISCAL, QUANTIDADE, PRECO_PRODUTO, DESCONTO) VALUES (130, 24, 39, 25, 89.81, 0.19);
INSERT INTO ITEM (IDENTIFICADOR, NUM_NOTA_FISCAL_ORDEM, NUMERO_NOTA_FISCAL, QUANTIDADE, PRECO_PRODUTO, DESCONTO) VALUES (131, 79, 41, 55, 26.89, 0.20);
INSERT INTO ITEM (IDENTIFICADOR, NUM_NOTA_FISCAL_ORDEM, NUMERO_NOTA_FISCAL, QUANTIDADE, PRECO_PRODUTO, DESCONTO) VALUES (132, 140, 74, 44, 27.73, 0.08);
INSERT INTO ITEM (IDENTIFICADOR, NUM_NOTA_FISCAL_ORDEM, NUMERO_NOTA_FISCAL, QUANTIDADE, PRECO_PRODUTO, DESCONTO) VALUES (133, 71, 53, 15, 72.43, 0.18);
INSERT INTO ITEM (IDENTIFICADOR, NUM_NOTA_FISCAL_ORDEM, NUMERO_NOTA_FISCAL, QUANTIDADE, PRECO_PRODUTO, DESCONTO) VALUES (134, 89, 15, 19, 60.62, 0.17);
INSERT INTO ITEM (IDENTIFICADOR, NUM_NOTA_FISCAL_ORDEM, NUMERO_NOTA_FISCAL, QUANTIDADE, PRECO_PRODUTO, DESCONTO) VALUES (135, 106, 16, 94, 70.18, 0.02);
INSERT INTO ITEM (IDENTIFICADOR, NUM_NOTA_FISCAL_ORDEM, NUMERO_NOTA_FISCAL, QUANTIDADE, PRECO_PRODUTO, DESCONTO) VALUES (136, 71, 48, 84, 5.89, 0.10);
INSERT INTO ITEM (IDENTIFICADOR, NUM_NOTA_FISCAL_ORDEM, NUMERO_NOTA_FISCAL, QUANTIDADE, PRECO_PRODUTO, DESCONTO) VALUES (137, 153, 1, 53, 44.53, 0.15);
INSERT INTO ITEM (IDENTIFICADOR, NUM_NOTA_FISCAL_ORDEM, NUMERO_NOTA_FISCAL, QUANTIDADE, PRECO_PRODUTO, DESCONTO) VALUES (138, 9, 5, 87, 11.46, 0.09);
INSERT INTO ITEM (IDENTIFICADOR, NUM_NOTA_FISCAL_ORDEM, NUMERO_NOTA_FISCAL, QUANTIDADE, PRECO_PRODUTO, DESCONTO) VALUES (139, 141, 65, 52, 87.77, 0.20);
INSERT INTO ITEM (IDENTIFICADOR, NUM_NOTA_FISCAL_ORDEM, NUMERO_NOTA_FISCAL, QUANTIDADE, PRECO_PRODUTO, DESCONTO) VALUES (140, 145, 78, 96, 1.32, 0.03);
INSERT INTO ITEM (IDENTIFICADOR, NUM_NOTA_FISCAL_ORDEM, NUMERO_NOTA_FISCAL, QUANTIDADE, PRECO_PRODUTO, DESCONTO) VALUES (141, 60, 30, 99, 58.29, 0.01);
INSERT INTO ITEM (IDENTIFICADOR, NUM_NOTA_FISCAL_ORDEM, NUMERO_NOTA_FISCAL, QUANTIDADE, PRECO_PRODUTO, DESCONTO) VALUES (142, 180, 39, 15, 52.95, 0.14);
INSERT INTO ITEM (IDENTIFICADOR, NUM_NOTA_FISCAL_ORDEM, NUMERO_NOTA_FISCAL, QUANTIDADE, PRECO_PRODUTO, DESCONTO) VALUES (143, 117, 44, 2, 87.24, 0.00);
INSERT INTO ITEM (IDENTIFICADOR, NUM_NOTA_FISCAL_ORDEM, NUMERO_NOTA_FISCAL, QUANTIDADE, PRECO_PRODUTO, DESCONTO) VALUES (144, 176, 26, 8, 21.65, 0.02);
INSERT INTO ITEM (IDENTIFICADOR, NUM_NOTA_FISCAL_ORDEM, NUMERO_NOTA_FISCAL, QUANTIDADE, PRECO_PRODUTO, DESCONTO) VALUES (145, 44, 42, 10, 11.46, 0.07);
INSERT INTO ITEM (IDENTIFICADOR, NUM_NOTA_FISCAL_ORDEM, NUMERO_NOTA_FISCAL, QUANTIDADE, PRECO_PRODUTO, DESCONTO) VALUES (146, 143, 20, 6, 23.97, 0.19);
INSERT INTO ITEM (IDENTIFICADOR, NUM_NOTA_FISCAL_ORDEM, NUMERO_NOTA_FISCAL, QUANTIDADE, PRECO_PRODUTO, DESCONTO) VALUES (147, 43, 6, 66, 36.72, 0.01);
INSERT INTO ITEM (IDENTIFICADOR, NUM_NOTA_FISCAL_ORDEM, NUMERO_NOTA_FISCAL, QUANTIDADE, PRECO_PRODUTO, DESCONTO) VALUES (148, 24, 68, 19, 16.80, 0.20);
INSERT INTO ITEM (IDENTIFICADOR, NUM_NOTA_FISCAL_ORDEM, NUMERO_NOTA_FISCAL, QUANTIDADE, PRECO_PRODUTO, DESCONTO) VALUES (149, 2, 52, 98, 3.77, 0.11);
INSERT INTO ITEM (IDENTIFICADOR, NUM_NOTA_FISCAL_ORDEM, NUMERO_NOTA_FISCAL, QUANTIDADE, PRECO_PRODUTO, DESCONTO) VALUES (150, 148, 62, 37, 11.25, 0.18);
INSERT INTO ITEM (IDENTIFICADOR, NUM_NOTA_FISCAL_ORDEM, NUMERO_NOTA_FISCAL, QUANTIDADE, PRECO_PRODUTO, DESCONTO) VALUES (151, 143, 8, 99, 88.24, 0.15);
INSERT INTO ITEM (IDENTIFICADOR, NUM_NOTA_FISCAL_ORDEM, NUMERO_NOTA_FISCAL, QUANTIDADE, PRECO_PRODUTO, DESCONTO) VALUES (152, 53, 31, 42, 3.26, 0.12);
INSERT INTO ITEM (IDENTIFICADOR, NUM_NOTA_FISCAL_ORDEM, NUMERO_NOTA_FISCAL, QUANTIDADE, PRECO_PRODUTO, DESCONTO) VALUES (153, 74, 22, 82, 31.51, 0.16);
INSERT INTO ITEM (IDENTIFICADOR, NUM_NOTA_FISCAL_ORDEM, NUMERO_NOTA_FISCAL, QUANTIDADE, PRECO_PRODUTO, DESCONTO) VALUES (154, 110, 44, 54, 97.41, 0.01);
INSERT INTO ITEM (IDENTIFICADOR, NUM_NOTA_FISCAL_ORDEM, NUMERO_NOTA_FISCAL, QUANTIDADE, PRECO_PRODUTO, DESCONTO) VALUES (155, 111, 42, 39, 19.76, 0.02);
INSERT INTO ITEM (IDENTIFICADOR, NUM_NOTA_FISCAL_ORDEM, NUMERO_NOTA_FISCAL, QUANTIDADE, PRECO_PRODUTO, DESCONTO) VALUES (156, 106, 8, 30, 31.60, 0.14);
INSERT INTO ITEM (IDENTIFICADOR, NUM_NOTA_FISCAL_ORDEM, NUMERO_NOTA_FISCAL, QUANTIDADE, PRECO_PRODUTO, DESCONTO) VALUES (157, 141, 73, 87, 91.22, 0.19);
INSERT INTO ITEM (IDENTIFICADOR, NUM_NOTA_FISCAL_ORDEM, NUMERO_NOTA_FISCAL, QUANTIDADE, PRECO_PRODUTO, DESCONTO) VALUES (158, 40, 25, 39, 62.26, 0.12);
INSERT INTO ITEM (IDENTIFICADOR, NUM_NOTA_FISCAL_ORDEM, NUMERO_NOTA_FISCAL, QUANTIDADE, PRECO_PRODUTO, DESCONTO) VALUES (159, 35, 69, 53, 60.72, 0.08);
INSERT INTO ITEM (IDENTIFICADOR, NUM_NOTA_FISCAL_ORDEM, NUMERO_NOTA_FISCAL, QUANTIDADE, PRECO_PRODUTO, DESCONTO) VALUES (160, 197, 63, 33, 84.46, 0.00);
INSERT INTO ITEM (IDENTIFICADOR, NUM_NOTA_FISCAL_ORDEM, NUMERO_NOTA_FISCAL, QUANTIDADE, PRECO_PRODUTO, DESCONTO) VALUES (161, 162, 10, 99, 85.64, 0.05);
INSERT INTO ITEM (IDENTIFICADOR, NUM_NOTA_FISCAL_ORDEM, NUMERO_NOTA_FISCAL, QUANTIDADE, PRECO_PRODUTO, DESCONTO) VALUES (162, 124, 45, 70, 74.73, 0.07);
INSERT INTO ITEM (IDENTIFICADOR, NUM_NOTA_FISCAL_ORDEM, NUMERO_NOTA_FISCAL, QUANTIDADE, PRECO_PRODUTO, DESCONTO) VALUES (163, 136, 36, 87, 68.42, 0.14);
INSERT INTO ITEM (IDENTIFICADOR, NUM_NOTA_FISCAL_ORDEM, NUMERO_NOTA_FISCAL, QUANTIDADE, PRECO_PRODUTO, DESCONTO) VALUES (164, 122, 8, 5, 26.14, 0.20);
INSERT INTO ITEM (IDENTIFICADOR, NUM_NOTA_FISCAL_ORDEM, NUMERO_NOTA_FISCAL, QUANTIDADE, PRECO_PRODUTO, DESCONTO) VALUES (165, 171, 34, 72, 32.70, 0.15);
INSERT INTO ITEM (IDENTIFICADOR, NUM_NOTA_FISCAL_ORDEM, NUMERO_NOTA_FISCAL, QUANTIDADE, PRECO_PRODUTO, DESCONTO) VALUES (166, 29, 38, 81, 53.11, 0.17);
INSERT INTO ITEM (IDENTIFICADOR, NUM_NOTA_FISCAL_ORDEM, NUMERO_NOTA_FISCAL, QUANTIDADE, PRECO_PRODUTO, DESCONTO) VALUES (167, 1, 22, 45, 52.08, 0.02);
INSERT INTO ITEM (IDENTIFICADOR, NUM_NOTA_FISCAL_ORDEM, NUMERO_NOTA_FISCAL, QUANTIDADE, PRECO_PRODUTO, DESCONTO) VALUES (168, 58, 55, 48, 38.02, 0.12);
INSERT INTO ITEM (IDENTIFICADOR, NUM_NOTA_FISCAL_ORDEM, NUMERO_NOTA_FISCAL, QUANTIDADE, PRECO_PRODUTO, DESCONTO) VALUES (169, 176, 52, 75, 89.21, 0.10);
INSERT INTO ITEM (IDENTIFICADOR, NUM_NOTA_FISCAL_ORDEM, NUMERO_NOTA_FISCAL, QUANTIDADE, PRECO_PRODUTO, DESCONTO) VALUES (170, 105, 53, 11, 58.28, 0.19);
INSERT INTO ITEM (IDENTIFICADOR, NUM_NOTA_FISCAL_ORDEM, NUMERO_NOTA_FISCAL, QUANTIDADE, PRECO_PRODUTO, DESCONTO) VALUES (171, 23, 8, 86, 37.77, 0.01);
INSERT INTO ITEM (IDENTIFICADOR, NUM_NOTA_FISCAL_ORDEM, NUMERO_NOTA_FISCAL, QUANTIDADE, PRECO_PRODUTO, DESCONTO) VALUES (172, 167, 52, 67, 51.01, 0.19);
INSERT INTO ITEM (IDENTIFICADOR, NUM_NOTA_FISCAL_ORDEM, NUMERO_NOTA_FISCAL, QUANTIDADE, PRECO_PRODUTO, DESCONTO) VALUES (173, 132, 66, 18, 98.91, 0.11);
INSERT INTO ITEM (IDENTIFICADOR, NUM_NOTA_FISCAL_ORDEM, NUMERO_NOTA_FISCAL, QUANTIDADE, PRECO_PRODUTO, DESCONTO) VALUES (174, 33, 76, 73, 89.50, 0.01);
INSERT INTO ITEM (IDENTIFICADOR, NUM_NOTA_FISCAL_ORDEM, NUMERO_NOTA_FISCAL, QUANTIDADE, PRECO_PRODUTO, DESCONTO) VALUES (175, 86, 42, 59, 52.94, 0.08);
INSERT INTO ITEM (IDENTIFICADOR, NUM_NOTA_FISCAL_ORDEM, NUMERO_NOTA_FISCAL, QUANTIDADE, PRECO_PRODUTO, DESCONTO) VALUES (176, 36, 78, 70, 51.69, 0.20);
INSERT INTO ITEM (IDENTIFICADOR, NUM_NOTA_FISCAL_ORDEM, NUMERO_NOTA_FISCAL, QUANTIDADE, PRECO_PRODUTO, DESCONTO) VALUES (177, 115, 24, 82, 18.19, 0.09);
INSERT INTO ITEM (IDENTIFICADOR, NUM_NOTA_FISCAL_ORDEM, NUMERO_NOTA_FISCAL, QUANTIDADE, PRECO_PRODUTO, DESCONTO) VALUES (178, 182, 69, 46, 16.20, 0.09);
INSERT INTO ITEM (IDENTIFICADOR, NUM_NOTA_FISCAL_ORDEM, NUMERO_NOTA_FISCAL, QUANTIDADE, PRECO_PRODUTO, DESCONTO) VALUES (179, 99, 79, 77, 64.82, 0.01);
INSERT INTO ITEM (IDENTIFICADOR, NUM_NOTA_FISCAL_ORDEM, NUMERO_NOTA_FISCAL, QUANTIDADE, PRECO_PRODUTO, DESCONTO) VALUES (180, 196, 68, 82, 21.81, 0.04);
INSERT INTO ITEM (IDENTIFICADOR, NUM_NOTA_FISCAL_ORDEM, NUMERO_NOTA_FISCAL, QUANTIDADE, PRECO_PRODUTO, DESCONTO) VALUES (181, 197, 2, 93, 6.15, 0.13);
INSERT INTO ITEM (IDENTIFICADOR, NUM_NOTA_FISCAL_ORDEM, NUMERO_NOTA_FISCAL, QUANTIDADE, PRECO_PRODUTO, DESCONTO) VALUES (182, 77, 8, 80, 73.74, 0.02);
INSERT INTO ITEM (IDENTIFICADOR, NUM_NOTA_FISCAL_ORDEM, NUMERO_NOTA_FISCAL, QUANTIDADE, PRECO_PRODUTO, DESCONTO) VALUES (183, 27, 30, 63, 14.70, 0.06);
INSERT INTO ITEM (IDENTIFICADOR, NUM_NOTA_FISCAL_ORDEM, NUMERO_NOTA_FISCAL, QUANTIDADE, PRECO_PRODUTO, DESCONTO) VALUES (184, 110, 3, 49, 65.03, 0.16);
INSERT INTO ITEM (IDENTIFICADOR, NUM_NOTA_FISCAL_ORDEM, NUMERO_NOTA_FISCAL, QUANTIDADE, PRECO_PRODUTO, DESCONTO) VALUES (185, 70, 72, 89, 29.37, 0.11);
INSERT INTO ITEM (IDENTIFICADOR, NUM_NOTA_FISCAL_ORDEM, NUMERO_NOTA_FISCAL, QUANTIDADE, PRECO_PRODUTO, DESCONTO) VALUES (186, 17, 73, 79, 69.86, 0.10);
INSERT INTO ITEM (IDENTIFICADOR, NUM_NOTA_FISCAL_ORDEM, NUMERO_NOTA_FISCAL, QUANTIDADE, PRECO_PRODUTO, DESCONTO) VALUES (187, 29, 75, 57, 78.79, 0.12);
INSERT INTO ITEM (IDENTIFICADOR, NUM_NOTA_FISCAL_ORDEM, NUMERO_NOTA_FISCAL, QUANTIDADE, PRECO_PRODUTO, DESCONTO) VALUES (188, 15, 72, 90, 37.86, 0.04);
INSERT INTO ITEM (IDENTIFICADOR, NUM_NOTA_FISCAL_ORDEM, NUMERO_NOTA_FISCAL, QUANTIDADE, PRECO_PRODUTO, DESCONTO) VALUES (189, 122, 35, 32, 74.14, 0.10);
INSERT INTO ITEM (IDENTIFICADOR, NUM_NOTA_FISCAL_ORDEM, NUMERO_NOTA_FISCAL, QUANTIDADE, PRECO_PRODUTO, DESCONTO) VALUES (190, 29, 8, 20, 58.90, 0.01);
INSERT INTO ITEM (IDENTIFICADOR, NUM_NOTA_FISCAL_ORDEM, NUMERO_NOTA_FISCAL, QUANTIDADE, PRECO_PRODUTO, DESCONTO) VALUES (191, 121, 6, 3, 7.34, 0.20);
INSERT INTO ITEM (IDENTIFICADOR, NUM_NOTA_FISCAL_ORDEM, NUMERO_NOTA_FISCAL, QUANTIDADE, PRECO_PRODUTO, DESCONTO) VALUES (192, 55, 46, 1, 6.66, 0.11);
INSERT INTO ITEM (IDENTIFICADOR, NUM_NOTA_FISCAL_ORDEM, NUMERO_NOTA_FISCAL, QUANTIDADE, PRECO_PRODUTO, DESCONTO) VALUES (193, 96, 15, 89, 76.12, 0.02);
INSERT INTO ITEM (IDENTIFICADOR, NUM_NOTA_FISCAL_ORDEM, NUMERO_NOTA_FISCAL, QUANTIDADE, PRECO_PRODUTO, DESCONTO) VALUES (194, 164, 50, 7, 16.97, 0.16);
INSERT INTO ITEM (IDENTIFICADOR, NUM_NOTA_FISCAL_ORDEM, NUMERO_NOTA_FISCAL, QUANTIDADE, PRECO_PRODUTO, DESCONTO) VALUES (195, 100, 23, 40, 16.14, 0.10);
INSERT INTO ITEM (IDENTIFICADOR, NUM_NOTA_FISCAL_ORDEM, NUMERO_NOTA_FISCAL, QUANTIDADE, PRECO_PRODUTO, DESCONTO) VALUES (196, 139, 37, 1, 7.08, 0.04);
INSERT INTO ITEM (IDENTIFICADOR, NUM_NOTA_FISCAL_ORDEM, NUMERO_NOTA_FISCAL, QUANTIDADE, PRECO_PRODUTO, DESCONTO) VALUES (197, 62, 31, 83, 57.71, 0.14);
INSERT INTO ITEM (IDENTIFICADOR, NUM_NOTA_FISCAL_ORDEM, NUMERO_NOTA_FISCAL, QUANTIDADE, PRECO_PRODUTO, DESCONTO) VALUES (198, 194, 1, 90, 67.93, 0.07);
INSERT INTO ITEM (IDENTIFICADOR, NUM_NOTA_FISCAL_ORDEM, NUMERO_NOTA_FISCAL, QUANTIDADE, PRECO_PRODUTO, DESCONTO) VALUES (199, 106, 21, 73, 14.84, 0.15);
INSERT INTO ITEM (IDENTIFICADOR, NUM_NOTA_FISCAL_ORDEM, NUMERO_NOTA_FISCAL, QUANTIDADE, PRECO_PRODUTO, DESCONTO) VALUES (200, 28, 7, 5, 28.09, 0.19);
INSERT INTO ITEM (IDENTIFICADOR, NUM_NOTA_FISCAL_ORDEM, NUMERO_NOTA_FISCAL, QUANTIDADE, PRECO_PRODUTO, DESCONTO) VALUES (201, 157, 13, 88, 19.60, 0.16);
INSERT INTO ITEM (IDENTIFICADOR, NUM_NOTA_FISCAL_ORDEM, NUMERO_NOTA_FISCAL, QUANTIDADE, PRECO_PRODUTO, DESCONTO) VALUES (202, 118, 20, 98, 97.58, 0.19);
INSERT INTO ITEM (IDENTIFICADOR, NUM_NOTA_FISCAL_ORDEM, NUMERO_NOTA_FISCAL, QUANTIDADE, PRECO_PRODUTO, DESCONTO) VALUES (203, 176, 72, 70, 11.96, 0.19);
INSERT INTO ITEM (IDENTIFICADOR, NUM_NOTA_FISCAL_ORDEM, NUMERO_NOTA_FISCAL, QUANTIDADE, PRECO_PRODUTO, DESCONTO) VALUES (204, 28, 46, 92, 70.17, 0.19);
INSERT INTO ITEM (IDENTIFICADOR, NUM_NOTA_FISCAL_ORDEM, NUMERO_NOTA_FISCAL, QUANTIDADE, PRECO_PRODUTO, DESCONTO) VALUES (205, 172, 7, 41, 95.92, 0.07);
INSERT INTO ITEM (IDENTIFICADOR, NUM_NOTA_FISCAL_ORDEM, NUMERO_NOTA_FISCAL, QUANTIDADE, PRECO_PRODUTO, DESCONTO) VALUES (206, 138, 11, 51, 64.45, 0.02);
INSERT INTO ITEM (IDENTIFICADOR, NUM_NOTA_FISCAL_ORDEM, NUMERO_NOTA_FISCAL, QUANTIDADE, PRECO_PRODUTO, DESCONTO) VALUES (207, 74, 9, 66, 45.75, 0.08);
INSERT INTO ITEM (IDENTIFICADOR, NUM_NOTA_FISCAL_ORDEM, NUMERO_NOTA_FISCAL, QUANTIDADE, PRECO_PRODUTO, DESCONTO) VALUES (208, 137, 26, 31, 7.07, 0.03);
INSERT INTO ITEM (IDENTIFICADOR, NUM_NOTA_FISCAL_ORDEM, NUMERO_NOTA_FISCAL, QUANTIDADE, PRECO_PRODUTO, DESCONTO) VALUES (209, 125, 4, 8, 49.82, 0.19);
INSERT INTO ITEM (IDENTIFICADOR, NUM_NOTA_FISCAL_ORDEM, NUMERO_NOTA_FISCAL, QUANTIDADE, PRECO_PRODUTO, DESCONTO) VALUES (210, 174, 17, 84, 45.25, 0.05);
INSERT INTO ITEM (IDENTIFICADOR, NUM_NOTA_FISCAL_ORDEM, NUMERO_NOTA_FISCAL, QUANTIDADE, PRECO_PRODUTO, DESCONTO) VALUES (211, 87, 12, 3, 50.32, 0.11);
INSERT INTO ITEM (IDENTIFICADOR, NUM_NOTA_FISCAL_ORDEM, NUMERO_NOTA_FISCAL, QUANTIDADE, PRECO_PRODUTO, DESCONTO) VALUES (212, 7, 33, 80, 37.07, 0.17);
INSERT INTO ITEM (IDENTIFICADOR, NUM_NOTA_FISCAL_ORDEM, NUMERO_NOTA_FISCAL, QUANTIDADE, PRECO_PRODUTO, DESCONTO) VALUES (213, 168, 34, 7, 54.81, 0.06);
INSERT INTO ITEM (IDENTIFICADOR, NUM_NOTA_FISCAL_ORDEM, NUMERO_NOTA_FISCAL, QUANTIDADE, PRECO_PRODUTO, DESCONTO) VALUES (214, 162, 4, 98, 99.28, 0.12);
INSERT INTO ITEM (IDENTIFICADOR, NUM_NOTA_FISCAL_ORDEM, NUMERO_NOTA_FISCAL, QUANTIDADE, PRECO_PRODUTO, DESCONTO) VALUES (215, 145, 14, 20, 35.19, 0.04);
INSERT INTO ITEM (IDENTIFICADOR, NUM_NOTA_FISCAL_ORDEM, NUMERO_NOTA_FISCAL, QUANTIDADE, PRECO_PRODUTO, DESCONTO) VALUES (216, 81, 13, 32, 95.06, 0.09);
INSERT INTO ITEM (IDENTIFICADOR, NUM_NOTA_FISCAL_ORDEM, NUMERO_NOTA_FISCAL, QUANTIDADE, PRECO_PRODUTO, DESCONTO) VALUES (217, 148, 52, 28, 28.48, 0.20);
INSERT INTO ITEM (IDENTIFICADOR, NUM_NOTA_FISCAL_ORDEM, NUMERO_NOTA_FISCAL, QUANTIDADE, PRECO_PRODUTO, DESCONTO) VALUES (218, 159, 16, 66, 84.21, 0.08);
INSERT INTO ITEM (IDENTIFICADOR, NUM_NOTA_FISCAL_ORDEM, NUMERO_NOTA_FISCAL, QUANTIDADE, PRECO_PRODUTO, DESCONTO) VALUES (219, 29, 77, 65, 50.77, 0.14);
INSERT INTO ITEM (IDENTIFICADOR, NUM_NOTA_FISCAL_ORDEM, NUMERO_NOTA_FISCAL, QUANTIDADE, PRECO_PRODUTO, DESCONTO) VALUES (220, 35, 26, 59, 91.35, 0.04);
INSERT INTO ITEM (IDENTIFICADOR, NUM_NOTA_FISCAL_ORDEM, NUMERO_NOTA_FISCAL, QUANTIDADE, PRECO_PRODUTO, DESCONTO) VALUES (221, 173, 47, 39, 73.76, 0.06);
INSERT INTO ITEM (IDENTIFICADOR, NUM_NOTA_FISCAL_ORDEM, NUMERO_NOTA_FISCAL, QUANTIDADE, PRECO_PRODUTO, DESCONTO) VALUES (222, 29, 10, 52, 48.46, 0.06);
INSERT INTO ITEM (IDENTIFICADOR, NUM_NOTA_FISCAL_ORDEM, NUMERO_NOTA_FISCAL, QUANTIDADE, PRECO_PRODUTO, DESCONTO) VALUES (223, 192, 7, 4, 73.66, 0.08);
INSERT INTO ITEM (IDENTIFICADOR, NUM_NOTA_FISCAL_ORDEM, NUMERO_NOTA_FISCAL, QUANTIDADE, PRECO_PRODUTO, DESCONTO) VALUES (224, 100, 49, 100, 14.97, 0.08);
INSERT INTO ITEM (IDENTIFICADOR, NUM_NOTA_FISCAL_ORDEM, NUMERO_NOTA_FISCAL, QUANTIDADE, PRECO_PRODUTO, DESCONTO) VALUES (225, 121, 2, 4, 43.11, 0.06);
INSERT INTO ITEM (IDENTIFICADOR, NUM_NOTA_FISCAL_ORDEM, NUMERO_NOTA_FISCAL, QUANTIDADE, PRECO_PRODUTO, DESCONTO) VALUES (226, 22, 5, 5, 36.66, 0.06);
INSERT INTO ITEM (IDENTIFICADOR, NUM_NOTA_FISCAL_ORDEM, NUMERO_NOTA_FISCAL, QUANTIDADE, PRECO_PRODUTO, DESCONTO) VALUES (227, 4, 38, 11, 95.52, 0.05);
INSERT INTO ITEM (IDENTIFICADOR, NUM_NOTA_FISCAL_ORDEM, NUMERO_NOTA_FISCAL, QUANTIDADE, PRECO_PRODUTO, DESCONTO) VALUES (228, 131, 77, 51, 95.70, 0.05);
INSERT INTO ITEM (IDENTIFICADOR, NUM_NOTA_FISCAL_ORDEM, NUMERO_NOTA_FISCAL, QUANTIDADE, PRECO_PRODUTO, DESCONTO) VALUES (229, 60, 71, 46, 69.55, 0.09);
INSERT INTO ITEM (IDENTIFICADOR, NUM_NOTA_FISCAL_ORDEM, NUMERO_NOTA_FISCAL, QUANTIDADE, PRECO_PRODUTO, DESCONTO) VALUES (230, 37, 53, 31, 71.76, 0.08);
INSERT INTO ITEM (IDENTIFICADOR, NUM_NOTA_FISCAL_ORDEM, NUMERO_NOTA_FISCAL, QUANTIDADE, PRECO_PRODUTO, DESCONTO) VALUES (231, 0, 50, 67, 95.01, 0.12);
INSERT INTO ITEM (IDENTIFICADOR, NUM_NOTA_FISCAL_ORDEM, NUMERO_NOTA_FISCAL, QUANTIDADE, PRECO_PRODUTO, DESCONTO) VALUES (232, 68, 45, 10, 27.82, 0.20);
INSERT INTO ITEM (IDENTIFICADOR, NUM_NOTA_FISCAL_ORDEM, NUMERO_NOTA_FISCAL, QUANTIDADE, PRECO_PRODUTO, DESCONTO) VALUES (233, 82, 79, 84, 83.76, 0.11);
INSERT INTO ITEM (IDENTIFICADOR, NUM_NOTA_FISCAL_ORDEM, NUMERO_NOTA_FISCAL, QUANTIDADE, PRECO_PRODUTO, DESCONTO) VALUES (234, 146, 15, 11, 91.66, 0.14);
INSERT INTO ITEM (IDENTIFICADOR, NUM_NOTA_FISCAL_ORDEM, NUMERO_NOTA_FISCAL, QUANTIDADE, PRECO_PRODUTO, DESCONTO) VALUES (235, 180, 78, 65, 65.05, 0.13);
INSERT INTO ITEM (IDENTIFICADOR, NUM_NOTA_FISCAL_ORDEM, NUMERO_NOTA_FISCAL, QUANTIDADE, PRECO_PRODUTO, DESCONTO) VALUES (236, 158, 0, 11, 49.72, 0.02);
INSERT INTO ITEM (IDENTIFICADOR, NUM_NOTA_FISCAL_ORDEM, NUMERO_NOTA_FISCAL, QUANTIDADE, PRECO_PRODUTO, DESCONTO) VALUES (237, 104, 77, 77, 93.95, 0.09);
INSERT INTO ITEM (IDENTIFICADOR, NUM_NOTA_FISCAL_ORDEM, NUMERO_NOTA_FISCAL, QUANTIDADE, PRECO_PRODUTO, DESCONTO) VALUES (238, 47, 1, 66, 7.40, 0.11);
INSERT INTO ITEM (IDENTIFICADOR, NUM_NOTA_FISCAL_ORDEM, NUMERO_NOTA_FISCAL, QUANTIDADE, PRECO_PRODUTO, DESCONTO) VALUES (239, 161, 50, 37, 74.80, 0.20);
INSERT INTO ITEM (IDENTIFICADOR, NUM_NOTA_FISCAL_ORDEM, NUMERO_NOTA_FISCAL, QUANTIDADE, PRECO_PRODUTO, DESCONTO) VALUES (240, 96, 19, 90, 28.83, 0.03);
INSERT INTO ITEM (IDENTIFICADOR, NUM_NOTA_FISCAL_ORDEM, NUMERO_NOTA_FISCAL, QUANTIDADE, PRECO_PRODUTO, DESCONTO) VALUES (241, 128, 37, 86, 81.85, 0.08);
INSERT INTO ITEM (IDENTIFICADOR, NUM_NOTA_FISCAL_ORDEM, NUMERO_NOTA_FISCAL, QUANTIDADE, PRECO_PRODUTO, DESCONTO) VALUES (242, 98, 62, 2, 61.38, 0.11);
INSERT INTO ITEM (IDENTIFICADOR, NUM_NOTA_FISCAL_ORDEM, NUMERO_NOTA_FISCAL, QUANTIDADE, PRECO_PRODUTO, DESCONTO) VALUES (243, 116, 33, 73, 44.06, 0.16);
INSERT INTO ITEM (IDENTIFICADOR, NUM_NOTA_FISCAL_ORDEM, NUMERO_NOTA_FISCAL, QUANTIDADE, PRECO_PRODUTO, DESCONTO) VALUES (244, 170, 16, 31, 98.41, 0.18);
INSERT INTO ITEM (IDENTIFICADOR, NUM_NOTA_FISCAL_ORDEM, NUMERO_NOTA_FISCAL, QUANTIDADE, PRECO_PRODUTO, DESCONTO) VALUES (245, 166, 27, 69, 75.09, 0.15);
INSERT INTO ITEM (IDENTIFICADOR, NUM_NOTA_FISCAL_ORDEM, NUMERO_NOTA_FISCAL, QUANTIDADE, PRECO_PRODUTO, DESCONTO) VALUES (246, 157, 6, 94, 22.04, 0.00);
INSERT INTO ITEM (IDENTIFICADOR, NUM_NOTA_FISCAL_ORDEM, NUMERO_NOTA_FISCAL, QUANTIDADE, PRECO_PRODUTO, DESCONTO) VALUES (247, 67, 59, 8, 52.68, 0.15);
INSERT INTO ITEM (IDENTIFICADOR, NUM_NOTA_FISCAL_ORDEM, NUMERO_NOTA_FISCAL, QUANTIDADE, PRECO_PRODUTO, DESCONTO) VALUES (248, 126, 14, 94, 70.08, 0.01);
INSERT INTO ITEM (IDENTIFICADOR, NUM_NOTA_FISCAL_ORDEM, NUMERO_NOTA_FISCAL, QUANTIDADE, PRECO_PRODUTO, DESCONTO) VALUES (249, 54, 3, 33, 30.19, 0.10);
INSERT INTO ITEM (IDENTIFICADOR, NUM_NOTA_FISCAL_ORDEM, NUMERO_NOTA_FISCAL, QUANTIDADE, PRECO_PRODUTO, DESCONTO) VALUES (250, 58, 70, 15, 95.65, 0.02);
INSERT INTO ITEM (IDENTIFICADOR, NUM_NOTA_FISCAL_ORDEM, NUMERO_NOTA_FISCAL, QUANTIDADE, PRECO_PRODUTO, DESCONTO) VALUES (251, 119, 45, 24, 27.68, 0.12);
INSERT INTO ITEM (IDENTIFICADOR, NUM_NOTA_FISCAL_ORDEM, NUMERO_NOTA_FISCAL, QUANTIDADE, PRECO_PRODUTO, DESCONTO) VALUES (252, 149, 78, 30, 60.55, 0.09);
INSERT INTO ITEM (IDENTIFICADOR, NUM_NOTA_FISCAL_ORDEM, NUMERO_NOTA_FISCAL, QUANTIDADE, PRECO_PRODUTO, DESCONTO) VALUES (253, 132, 24, 64, 24.72, 0.19);
INSERT INTO ITEM (IDENTIFICADOR, NUM_NOTA_FISCAL_ORDEM, NUMERO_NOTA_FISCAL, QUANTIDADE, PRECO_PRODUTO, DESCONTO) VALUES (254, 165, 50, 52, 54.50, 0.08);
INSERT INTO ITEM (IDENTIFICADOR, NUM_NOTA_FISCAL_ORDEM, NUMERO_NOTA_FISCAL, QUANTIDADE, PRECO_PRODUTO, DESCONTO) VALUES (255, 42, 34, 82, 97.67, 0.00);
INSERT INTO ITEM (IDENTIFICADOR, NUM_NOTA_FISCAL_ORDEM, NUMERO_NOTA_FISCAL, QUANTIDADE, PRECO_PRODUTO, DESCONTO) VALUES (256, 10, 15, 10, 86.36, 0.02);
INSERT INTO ITEM (IDENTIFICADOR, NUM_NOTA_FISCAL_ORDEM, NUMERO_NOTA_FISCAL, QUANTIDADE, PRECO_PRODUTO, DESCONTO) VALUES (257, 114, 74, 68, 88.91, 0.05);
INSERT INTO ITEM (IDENTIFICADOR, NUM_NOTA_FISCAL_ORDEM, NUMERO_NOTA_FISCAL, QUANTIDADE, PRECO_PRODUTO, DESCONTO) VALUES (258, 94, 67, 80, 24.16, 0.13);
INSERT INTO ITEM (IDENTIFICADOR, NUM_NOTA_FISCAL_ORDEM, NUMERO_NOTA_FISCAL, QUANTIDADE, PRECO_PRODUTO, DESCONTO) VALUES (259, 108, 48, 73, 3.33, 0.20);
INSERT INTO ITEM (IDENTIFICADOR, NUM_NOTA_FISCAL_ORDEM, NUMERO_NOTA_FISCAL, QUANTIDADE, PRECO_PRODUTO, DESCONTO) VALUES (260, 109, 70, 5, 79.92, 0.20);
INSERT INTO ITEM (IDENTIFICADOR, NUM_NOTA_FISCAL_ORDEM, NUMERO_NOTA_FISCAL, QUANTIDADE, PRECO_PRODUTO, DESCONTO) VALUES (261, 48, 76, 80, 77.13, 0.10);
INSERT INTO ITEM (IDENTIFICADOR, NUM_NOTA_FISCAL_ORDEM, NUMERO_NOTA_FISCAL, QUANTIDADE, PRECO_PRODUTO, DESCONTO) VALUES (262, 174, 49, 20, 36.06, 0.19);
INSERT INTO ITEM (IDENTIFICADOR, NUM_NOTA_FISCAL_ORDEM, NUMERO_NOTA_FISCAL, QUANTIDADE, PRECO_PRODUTO, DESCONTO) VALUES (263, 175, 11, 41, 32.35, 0.18);
INSERT INTO ITEM (IDENTIFICADOR, NUM_NOTA_FISCAL_ORDEM, NUMERO_NOTA_FISCAL, QUANTIDADE, PRECO_PRODUTO, DESCONTO) VALUES (264, 183, 31, 9, 77.19, 0.17);
INSERT INTO ITEM (IDENTIFICADOR, NUM_NOTA_FISCAL_ORDEM, NUMERO_NOTA_FISCAL, QUANTIDADE, PRECO_PRODUTO, DESCONTO) VALUES (265, 97, 62, 17, 23.43, 0.10);
INSERT INTO ITEM (IDENTIFICADOR, NUM_NOTA_FISCAL_ORDEM, NUMERO_NOTA_FISCAL, QUANTIDADE, PRECO_PRODUTO, DESCONTO) VALUES (266, 1, 52, 68, 43.98, 0.04);
INSERT INTO ITEM (IDENTIFICADOR, NUM_NOTA_FISCAL_ORDEM, NUMERO_NOTA_FISCAL, QUANTIDADE, PRECO_PRODUTO, DESCONTO) VALUES (267, 14, 58, 76, 55.26, 0.03);
INSERT INTO ITEM (IDENTIFICADOR, NUM_NOTA_FISCAL_ORDEM, NUMERO_NOTA_FISCAL, QUANTIDADE, PRECO_PRODUTO, DESCONTO) VALUES (268, 110, 54, 17, 29.77, 0.15);
INSERT INTO ITEM (IDENTIFICADOR, NUM_NOTA_FISCAL_ORDEM, NUMERO_NOTA_FISCAL, QUANTIDADE, PRECO_PRODUTO, DESCONTO) VALUES (269, 184, 61, 97, 94.09, 0.17);
INSERT INTO ITEM (IDENTIFICADOR, NUM_NOTA_FISCAL_ORDEM, NUMERO_NOTA_FISCAL, QUANTIDADE, PRECO_PRODUTO, DESCONTO) VALUES (270, 8, 64, 59, 71.40, 0.15);
INSERT INTO ITEM (IDENTIFICADOR, NUM_NOTA_FISCAL_ORDEM, NUMERO_NOTA_FISCAL, QUANTIDADE, PRECO_PRODUTO, DESCONTO) VALUES (271, 8, 37, 37, 94.99, 0.17);
INSERT INTO ITEM (IDENTIFICADOR, NUM_NOTA_FISCAL_ORDEM, NUMERO_NOTA_FISCAL, QUANTIDADE, PRECO_PRODUTO, DESCONTO) VALUES (272, 173, 5, 67, 39.57, 0.20);
INSERT INTO ITEM (IDENTIFICADOR, NUM_NOTA_FISCAL_ORDEM, NUMERO_NOTA_FISCAL, QUANTIDADE, PRECO_PRODUTO, DESCONTO) VALUES (273, 13, 45, 27, 65.88, 0.08);
INSERT INTO ITEM (IDENTIFICADOR, NUM_NOTA_FISCAL_ORDEM, NUMERO_NOTA_FISCAL, QUANTIDADE, PRECO_PRODUTO, DESCONTO) VALUES (274, 33, 40, 26, 63.57, 0.00);
INSERT INTO ITEM (IDENTIFICADOR, NUM_NOTA_FISCAL_ORDEM, NUMERO_NOTA_FISCAL, QUANTIDADE, PRECO_PRODUTO, DESCONTO) VALUES (275, 83, 17, 5, 60.19, 0.16);
INSERT INTO ITEM (IDENTIFICADOR, NUM_NOTA_FISCAL_ORDEM, NUMERO_NOTA_FISCAL, QUANTIDADE, PRECO_PRODUTO, DESCONTO) VALUES (276, 184, 64, 34, 100.49, 0.04);
INSERT INTO ITEM (IDENTIFICADOR, NUM_NOTA_FISCAL_ORDEM, NUMERO_NOTA_FISCAL, QUANTIDADE, PRECO_PRODUTO, DESCONTO) VALUES (277, 28, 45, 14, 12.14, 0.17);
INSERT INTO ITEM (IDENTIFICADOR, NUM_NOTA_FISCAL_ORDEM, NUMERO_NOTA_FISCAL, QUANTIDADE, PRECO_PRODUTO, DESCONTO) VALUES (278, 141, 18, 22, 85.83, 0.14);
INSERT INTO ITEM (IDENTIFICADOR, NUM_NOTA_FISCAL_ORDEM, NUMERO_NOTA_FISCAL, QUANTIDADE, PRECO_PRODUTO, DESCONTO) VALUES (279, 18, 34, 55, 100.04, 0.20);
INSERT INTO ITEM (IDENTIFICADOR, NUM_NOTA_FISCAL_ORDEM, NUMERO_NOTA_FISCAL, QUANTIDADE, PRECO_PRODUTO, DESCONTO) VALUES (280, 49, 8, 51, 99.91, 0.19);
INSERT INTO ITEM (IDENTIFICADOR, NUM_NOTA_FISCAL_ORDEM, NUMERO_NOTA_FISCAL, QUANTIDADE, PRECO_PRODUTO, DESCONTO) VALUES (281, 120, 62, 85, 79.04, 0.13);
INSERT INTO ITEM (IDENTIFICADOR, NUM_NOTA_FISCAL_ORDEM, NUMERO_NOTA_FISCAL, QUANTIDADE, PRECO_PRODUTO, DESCONTO) VALUES (282, 104, 58, 28, 28.32, 0.13);
INSERT INTO ITEM (IDENTIFICADOR, NUM_NOTA_FISCAL_ORDEM, NUMERO_NOTA_FISCAL, QUANTIDADE, PRECO_PRODUTO, DESCONTO) VALUES (283, 23, 48, 79, 40.42, 0.01);
INSERT INTO ITEM (IDENTIFICADOR, NUM_NOTA_FISCAL_ORDEM, NUMERO_NOTA_FISCAL, QUANTIDADE, PRECO_PRODUTO, DESCONTO) VALUES (284, 45, 17, 67, 75.39, 0.08);
INSERT INTO ITEM (IDENTIFICADOR, NUM_NOTA_FISCAL_ORDEM, NUMERO_NOTA_FISCAL, QUANTIDADE, PRECO_PRODUTO, DESCONTO) VALUES (285, 76, 31, 23, 89.49, 0.10);
INSERT INTO ITEM (IDENTIFICADOR, NUM_NOTA_FISCAL_ORDEM, NUMERO_NOTA_FISCAL, QUANTIDADE, PRECO_PRODUTO, DESCONTO) VALUES (286, 100, 17, 19, 23.69, 0.16);
INSERT INTO ITEM (IDENTIFICADOR, NUM_NOTA_FISCAL_ORDEM, NUMERO_NOTA_FISCAL, QUANTIDADE, PRECO_PRODUTO, DESCONTO) VALUES (287, 43, 59, 36, 90.91, 0.10);
INSERT INTO ITEM (IDENTIFICADOR, NUM_NOTA_FISCAL_ORDEM, NUMERO_NOTA_FISCAL, QUANTIDADE, PRECO_PRODUTO, DESCONTO) VALUES (288, 101, 23, 86, 19.85, 0.02);
INSERT INTO ITEM (IDENTIFICADOR, NUM_NOTA_FISCAL_ORDEM, NUMERO_NOTA_FISCAL, QUANTIDADE, PRECO_PRODUTO, DESCONTO) VALUES (289, 60, 54, 60, 40.13, 0.18);
INSERT INTO ITEM (IDENTIFICADOR, NUM_NOTA_FISCAL_ORDEM, NUMERO_NOTA_FISCAL, QUANTIDADE, PRECO_PRODUTO, DESCONTO) VALUES (290, 82, 79, 97, 11.71, 0.01);
INSERT INTO ITEM (IDENTIFICADOR, NUM_NOTA_FISCAL_ORDEM, NUMERO_NOTA_FISCAL, QUANTIDADE, PRECO_PRODUTO, DESCONTO) VALUES (291, 121, 30, 49, 92.99, 0.07);
INSERT INTO ITEM (IDENTIFICADOR, NUM_NOTA_FISCAL_ORDEM, NUMERO_NOTA_FISCAL, QUANTIDADE, PRECO_PRODUTO, DESCONTO) VALUES (292, 179, 4, 48, 13.70, 0.03);
INSERT INTO ITEM (IDENTIFICADOR, NUM_NOTA_FISCAL_ORDEM, NUMERO_NOTA_FISCAL, QUANTIDADE, PRECO_PRODUTO, DESCONTO) VALUES (293, 107, 32, 88, 86.72, 0.07);
INSERT INTO ITEM (IDENTIFICADOR, NUM_NOTA_FISCAL_ORDEM, NUMERO_NOTA_FISCAL, QUANTIDADE, PRECO_PRODUTO, DESCONTO) VALUES (294, 70, 21, 87, 92.23, 0.12);
INSERT INTO ITEM (IDENTIFICADOR, NUM_NOTA_FISCAL_ORDEM, NUMERO_NOTA_FISCAL, QUANTIDADE, PRECO_PRODUTO, DESCONTO) VALUES (295, 180, 35, 47, 91.40, 0.00);
INSERT INTO ITEM (IDENTIFICADOR, NUM_NOTA_FISCAL_ORDEM, NUMERO_NOTA_FISCAL, QUANTIDADE, PRECO_PRODUTO, DESCONTO) VALUES (296, 72, 25, 67, 12.29, 0.16);
INSERT INTO ITEM (IDENTIFICADOR, NUM_NOTA_FISCAL_ORDEM, NUMERO_NOTA_FISCAL, QUANTIDADE, PRECO_PRODUTO, DESCONTO) VALUES (297, 2, 18, 84, 99.51, 0.08);
INSERT INTO ITEM (IDENTIFICADOR, NUM_NOTA_FISCAL_ORDEM, NUMERO_NOTA_FISCAL, QUANTIDADE, PRECO_PRODUTO, DESCONTO) VALUES (298, 169, 66, 14, 14.12, 0.14);
INSERT INTO ITEM (IDENTIFICADOR, NUM_NOTA_FISCAL_ORDEM, NUMERO_NOTA_FISCAL, QUANTIDADE, PRECO_PRODUTO, DESCONTO) VALUES (299, 17, 0, 37, 66.10, 0.07);


------ REALIZA_RECLAMACAO ------

INSERT INTO REALIZA_RECLAMACAO (ID_RECLAMACAO, DATA_HORA, DESCRICAO, CODIGO_FILIAL, CPF_CLIENTE) VALUES (0, TO_TIMESTAMP('2016-05-10 22:51:53', 'YYYY-MM-DD HH24:MI:SS'), 'Descrio da Reclamao 0', 9, '204.686.821-48');
INSERT INTO REALIZA_RECLAMACAO (ID_RECLAMACAO, DATA_HORA, DESCRICAO, CODIGO_FILIAL, CPF_CLIENTE) VALUES (1, TO_TIMESTAMP('2015-03-07 14:51:35', 'YYYY-MM-DD HH24:MI:SS'), 'Descrio da Reclamao 1', 0, '820.678.345-41');
INSERT INTO REALIZA_RECLAMACAO (ID_RECLAMACAO, DATA_HORA, DESCRICAO, CODIGO_FILIAL, CPF_CLIENTE) VALUES (2, TO_TIMESTAMP('2011-02-27 23:09:32', 'YYYY-MM-DD HH24:MI:SS'), 'Descrio da Reclamao 2', 9, '485.872.187-67');
INSERT INTO REALIZA_RECLAMACAO (ID_RECLAMACAO, DATA_HORA, DESCRICAO, CODIGO_FILIAL, CPF_CLIENTE) VALUES (3, TO_TIMESTAMP('2002-07-24 22:13:59', 'YYYY-MM-DD HH24:MI:SS'), 'Descrio da Reclamao 3', 2, '834.373.270-66');
INSERT INTO REALIZA_RECLAMACAO (ID_RECLAMACAO, DATA_HORA, DESCRICAO, CODIGO_FILIAL, CPF_CLIENTE) VALUES (4, TO_TIMESTAMP('2012-11-03 21:55:40', 'YYYY-MM-DD HH24:MI:SS'), 'Descrio da Reclamao 4', 6, '184.421.564-85');
INSERT INTO REALIZA_RECLAMACAO (ID_RECLAMACAO, DATA_HORA, DESCRICAO, CODIGO_FILIAL, CPF_CLIENTE) VALUES (5, TO_TIMESTAMP('2005-09-22 17:14:47', 'YYYY-MM-DD HH24:MI:SS'), 'Descrio da Reclamao 5', 8, '533.903.723-95');
INSERT INTO REALIZA_RECLAMACAO (ID_RECLAMACAO, DATA_HORA, DESCRICAO, CODIGO_FILIAL, CPF_CLIENTE) VALUES (6, TO_TIMESTAMP('2007-09-11 17:12:07', 'YYYY-MM-DD HH24:MI:SS'), 'Descrio da Reclamao 6', 1, '135.132.256-20');
INSERT INTO REALIZA_RECLAMACAO (ID_RECLAMACAO, DATA_HORA, DESCRICAO, CODIGO_FILIAL, CPF_CLIENTE) VALUES (7, TO_TIMESTAMP('2002-07-04 22:49:43', 'YYYY-MM-DD HH24:MI:SS'), 'Descrio da Reclamao 7', 6, '720.154.934-71');
INSERT INTO REALIZA_RECLAMACAO (ID_RECLAMACAO, DATA_HORA, DESCRICAO, CODIGO_FILIAL, CPF_CLIENTE) VALUES (8, TO_TIMESTAMP('2003-05-15 08:38:11', 'YYYY-MM-DD HH24:MI:SS'), 'Descrio da Reclamao 8', 4, '685.106.671-88');
INSERT INTO REALIZA_RECLAMACAO (ID_RECLAMACAO, DATA_HORA, DESCRICAO, CODIGO_FILIAL, CPF_CLIENTE) VALUES (9, TO_TIMESTAMP('2019-02-13 01:50:20', 'YYYY-MM-DD HH24:MI:SS'), 'Descrio da Reclamao 9', 2, '464.289.155-41');
INSERT INTO REALIZA_RECLAMACAO (ID_RECLAMACAO, DATA_HORA, DESCRICAO, CODIGO_FILIAL, CPF_CLIENTE) VALUES (10, TO_TIMESTAMP('2012-09-17 02:45:01', 'YYYY-MM-DD HH24:MI:SS'), 'Descrio da Reclamao 10', 0, '685.106.671-88');
INSERT INTO REALIZA_RECLAMACAO (ID_RECLAMACAO, DATA_HORA, DESCRICAO, CODIGO_FILIAL, CPF_CLIENTE) VALUES (11, TO_TIMESTAMP('2003-01-12 14:08:12', 'YYYY-MM-DD HH24:MI:SS'), 'Descrio da Reclamao 11', 1, '851.292.471-57');
INSERT INTO REALIZA_RECLAMACAO (ID_RECLAMACAO, DATA_HORA, DESCRICAO, CODIGO_FILIAL, CPF_CLIENTE) VALUES (12, TO_TIMESTAMP('2015-11-21 23:14:03', 'YYYY-MM-DD HH24:MI:SS'), 'Descrio da Reclamao 12', 9, '726.615.380-20');
INSERT INTO REALIZA_RECLAMACAO (ID_RECLAMACAO, DATA_HORA, DESCRICAO, CODIGO_FILIAL, CPF_CLIENTE) VALUES (13, TO_TIMESTAMP('2000-07-04 02:11:17', 'YYYY-MM-DD HH24:MI:SS'), 'Descrio da Reclamao 13', 9, '726.615.380-20');
INSERT INTO REALIZA_RECLAMACAO (ID_RECLAMACAO, DATA_HORA, DESCRICAO, CODIGO_FILIAL, CPF_CLIENTE) VALUES (14, TO_TIMESTAMP('2009-11-04 13:47:22', 'YYYY-MM-DD HH24:MI:SS'), 'Descrio da Reclamao 14', 9, '726.615.380-20');
INSERT INTO REALIZA_RECLAMACAO (ID_RECLAMACAO, DATA_HORA, DESCRICAO, CODIGO_FILIAL, CPF_CLIENTE) VALUES (15, TO_TIMESTAMP('2019-06-24 14:16:34', 'YYYY-MM-DD HH24:MI:SS'), 'Descrio da Reclamao 15', 8, '820.678.345-41');
INSERT INTO REALIZA_RECLAMACAO (ID_RECLAMACAO, DATA_HORA, DESCRICAO, CODIGO_FILIAL, CPF_CLIENTE) VALUES (16, TO_TIMESTAMP('2005-02-23 07:59:50', 'YYYY-MM-DD HH24:MI:SS'), 'Descrio da Reclamao 16', 2, '808.580.924-41');
INSERT INTO REALIZA_RECLAMACAO (ID_RECLAMACAO, DATA_HORA, DESCRICAO, CODIGO_FILIAL, CPF_CLIENTE) VALUES (17, TO_TIMESTAMP('2001-09-28 22:45:49', 'YYYY-MM-DD HH24:MI:SS'), 'Descrio da Reclamao 17', 3, '266.704.846-65');
INSERT INTO REALIZA_RECLAMACAO (ID_RECLAMACAO, DATA_HORA, DESCRICAO, CODIGO_FILIAL, CPF_CLIENTE) VALUES (18, TO_TIMESTAMP('2016-08-02 22:44:36', 'YYYY-MM-DD HH24:MI:SS'), 'Descrio da Reclamao 18', 9, '360.640.317-86');
INSERT INTO REALIZA_RECLAMACAO (ID_RECLAMACAO, DATA_HORA, DESCRICAO, CODIGO_FILIAL, CPF_CLIENTE) VALUES (19, TO_TIMESTAMP('2013-03-05 18:59:47', 'YYYY-MM-DD HH24:MI:SS'), 'Descrio da Reclamao 19', 7, '415.594.789-48');
INSERT INTO REALIZA_RECLAMACAO (ID_RECLAMACAO, DATA_HORA, DESCRICAO, CODIGO_FILIAL, CPF_CLIENTE) VALUES (20, TO_TIMESTAMP('2017-07-16 17:07:21', 'YYYY-MM-DD HH24:MI:SS'), 'Descrio da Reclamao 20', 6, '575.116.156-52');
INSERT INTO REALIZA_RECLAMACAO (ID_RECLAMACAO, DATA_HORA, DESCRICAO, CODIGO_FILIAL, CPF_CLIENTE) VALUES (21, TO_TIMESTAMP('2012-01-10 18:33:53', 'YYYY-MM-DD HH24:MI:SS'), 'Descrio da Reclamao 21', 1, '290.692.851-10');
INSERT INTO REALIZA_RECLAMACAO (ID_RECLAMACAO, DATA_HORA, DESCRICAO, CODIGO_FILIAL, CPF_CLIENTE) VALUES (22, TO_TIMESTAMP('2009-02-18 08:44:13', 'YYYY-MM-DD HH24:MI:SS'), 'Descrio da Reclamao 22', 8, '733.116.908-65');
INSERT INTO REALIZA_RECLAMACAO (ID_RECLAMACAO, DATA_HORA, DESCRICAO, CODIGO_FILIAL, CPF_CLIENTE) VALUES (23, TO_TIMESTAMP('2010-06-01 21:55:32', 'YYYY-MM-DD HH24:MI:SS'), 'Descrio da Reclamao 23', 4, '448.483.744-68');
INSERT INTO REALIZA_RECLAMACAO (ID_RECLAMACAO, DATA_HORA, DESCRICAO, CODIGO_FILIAL, CPF_CLIENTE) VALUES (24, TO_TIMESTAMP('2014-08-04 07:01:48', 'YYYY-MM-DD HH24:MI:SS'), 'Descrio da Reclamao 24', 5, '912.716.753-75');
INSERT INTO REALIZA_RECLAMACAO (ID_RECLAMACAO, DATA_HORA, DESCRICAO, CODIGO_FILIAL, CPF_CLIENTE) VALUES (25, TO_TIMESTAMP('2008-01-08 22:21:39', 'YYYY-MM-DD HH24:MI:SS'), 'Descrio da Reclamao 25', 6, '470.538.560-76');
INSERT INTO REALIZA_RECLAMACAO (ID_RECLAMACAO, DATA_HORA, DESCRICAO, CODIGO_FILIAL, CPF_CLIENTE) VALUES (26, TO_TIMESTAMP('2001-06-14 17:19:47', 'YYYY-MM-DD HH24:MI:SS'), 'Descrio da Reclamao 26', 9, '340.619.355-71');
INSERT INTO REALIZA_RECLAMACAO (ID_RECLAMACAO, DATA_HORA, DESCRICAO, CODIGO_FILIAL, CPF_CLIENTE) VALUES (27, TO_TIMESTAMP('2012-12-10 01:20:06', 'YYYY-MM-DD HH24:MI:SS'), 'Descrio da Reclamao 27', 2, '720.154.934-71');
INSERT INTO REALIZA_RECLAMACAO (ID_RECLAMACAO, DATA_HORA, DESCRICAO, CODIGO_FILIAL, CPF_CLIENTE) VALUES (28, TO_TIMESTAMP('2014-12-12 03:53:51', 'YYYY-MM-DD HH24:MI:SS'), 'Descrio da Reclamao 28', 1, '685.106.671-88');
INSERT INTO REALIZA_RECLAMACAO (ID_RECLAMACAO, DATA_HORA, DESCRICAO, CODIGO_FILIAL, CPF_CLIENTE) VALUES (29, TO_TIMESTAMP('2019-02-08 20:04:31', 'YYYY-MM-DD HH24:MI:SS'), 'Descrio da Reclamao 29', 5, '793.665.933-58');


------ UPDATE FUNCIONARIO ------

UPDATE FUNCIONARIO SET CODIGO_FILIAL = 9 WHERE MATRICULA = 0;
UPDATE FUNCIONARIO SET CODIGO_FILIAL = 2 WHERE MATRICULA = 1;
UPDATE FUNCIONARIO SET CODIGO_FILIAL = 7 WHERE MATRICULA = 2;
UPDATE FUNCIONARIO SET CODIGO_FILIAL = 8 WHERE MATRICULA = 3;
UPDATE FUNCIONARIO SET CODIGO_FILIAL = 6 WHERE MATRICULA = 4;
UPDATE FUNCIONARIO SET CODIGO_FILIAL = 2 WHERE MATRICULA = 5;
UPDATE FUNCIONARIO SET CODIGO_FILIAL = 5 WHERE MATRICULA = 6;
UPDATE FUNCIONARIO SET CODIGO_FILIAL = 4 WHERE MATRICULA = 7;
UPDATE FUNCIONARIO SET CODIGO_FILIAL = 4 WHERE MATRICULA = 8;
UPDATE FUNCIONARIO SET CODIGO_FILIAL = 5 WHERE MATRICULA = 9;
UPDATE FUNCIONARIO SET CODIGO_FILIAL = 5 WHERE MATRICULA = 10;
UPDATE FUNCIONARIO SET CODIGO_FILIAL = 6 WHERE MATRICULA = 11;
UPDATE FUNCIONARIO SET CODIGO_FILIAL = 4 WHERE MATRICULA = 12;
UPDATE FUNCIONARIO SET CODIGO_FILIAL = 3 WHERE MATRICULA = 13;
UPDATE FUNCIONARIO SET CODIGO_FILIAL = 2 WHERE MATRICULA = 14;
UPDATE FUNCIONARIO SET CODIGO_FILIAL = 9 WHERE MATRICULA = 15;
UPDATE FUNCIONARIO SET CODIGO_FILIAL = 4 WHERE MATRICULA = 16;
UPDATE FUNCIONARIO SET CODIGO_FILIAL = 1 WHERE MATRICULA = 17;
UPDATE FUNCIONARIO SET CODIGO_FILIAL = 3 WHERE MATRICULA = 18;
UPDATE FUNCIONARIO SET CODIGO_FILIAL = 5 WHERE MATRICULA = 19;
UPDATE FUNCIONARIO SET CODIGO_FILIAL = 3 WHERE MATRICULA = 20;
UPDATE FUNCIONARIO SET CODIGO_FILIAL = 1 WHERE MATRICULA = 21;
UPDATE FUNCIONARIO SET CODIGO_FILIAL = 7 WHERE MATRICULA = 22;
UPDATE FUNCIONARIO SET CODIGO_FILIAL = 4 WHERE MATRICULA = 23;
UPDATE FUNCIONARIO SET CODIGO_FILIAL = 5 WHERE MATRICULA = 24;
UPDATE FUNCIONARIO SET CODIGO_FILIAL = 6 WHERE MATRICULA = 25;
UPDATE FUNCIONARIO SET CODIGO_FILIAL = 4 WHERE MATRICULA = 26;
UPDATE FUNCIONARIO SET CODIGO_FILIAL = 4 WHERE MATRICULA = 27;
UPDATE FUNCIONARIO SET CODIGO_FILIAL = 2 WHERE MATRICULA = 28;
UPDATE FUNCIONARIO SET CODIGO_FILIAL = 9 WHERE MATRICULA = 29;
UPDATE FUNCIONARIO SET CODIGO_FILIAL = 1 WHERE MATRICULA = 30;
UPDATE FUNCIONARIO SET CODIGO_FILIAL = 8 WHERE MATRICULA = 31;
UPDATE FUNCIONARIO SET CODIGO_FILIAL = 5 WHERE MATRICULA = 32;
UPDATE FUNCIONARIO SET CODIGO_FILIAL = 5 WHERE MATRICULA = 33;
UPDATE FUNCIONARIO SET CODIGO_FILIAL = 9 WHERE MATRICULA = 34;
UPDATE FUNCIONARIO SET CODIGO_FILIAL = 7 WHERE MATRICULA = 35;
UPDATE FUNCIONARIO SET CODIGO_FILIAL = 5 WHERE MATRICULA = 36;
UPDATE FUNCIONARIO SET CODIGO_FILIAL = 3 WHERE MATRICULA = 37;
UPDATE FUNCIONARIO SET CODIGO_FILIAL = 3 WHERE MATRICULA = 38;
UPDATE FUNCIONARIO SET CODIGO_FILIAL = 6 WHERE MATRICULA = 39;
UPDATE FUNCIONARIO SET CODIGO_FILIAL = 5 WHERE MATRICULA = 40;
UPDATE FUNCIONARIO SET CODIGO_FILIAL = 4 WHERE MATRICULA = 41;
UPDATE FUNCIONARIO SET CODIGO_FILIAL = 4 WHERE MATRICULA = 42;
UPDATE FUNCIONARIO SET CODIGO_FILIAL = 7 WHERE MATRICULA = 43;
UPDATE FUNCIONARIO SET CODIGO_FILIAL = 0 WHERE MATRICULA = 44;
UPDATE FUNCIONARIO SET CODIGO_FILIAL = 3 WHERE MATRICULA = 45;
UPDATE FUNCIONARIO SET CODIGO_FILIAL = 0 WHERE MATRICULA = 46;
UPDATE FUNCIONARIO SET CODIGO_FILIAL = 2 WHERE MATRICULA = 47;
UPDATE FUNCIONARIO SET CODIGO_FILIAL = 7 WHERE MATRICULA = 48;
UPDATE FUNCIONARIO SET CODIGO_FILIAL = 7 WHERE MATRICULA = 49;
UPDATE FUNCIONARIO SET CODIGO_FILIAL = 4 WHERE MATRICULA = 50;
UPDATE FUNCIONARIO SET CODIGO_FILIAL = 3 WHERE MATRICULA = 51;
UPDATE FUNCIONARIO SET CODIGO_FILIAL = 0 WHERE MATRICULA = 52;
UPDATE FUNCIONARIO SET CODIGO_FILIAL = 2 WHERE MATRICULA = 53;
UPDATE FUNCIONARIO SET CODIGO_FILIAL = 6 WHERE MATRICULA = 54;
UPDATE FUNCIONARIO SET CODIGO_FILIAL = 0 WHERE MATRICULA = 55;
UPDATE FUNCIONARIO SET CODIGO_FILIAL = 2 WHERE MATRICULA = 56;
UPDATE FUNCIONARIO SET CODIGO_FILIAL = 8 WHERE MATRICULA = 57;
UPDATE FUNCIONARIO SET CODIGO_FILIAL = 7 WHERE MATRICULA = 58;
UPDATE FUNCIONARIO SET CODIGO_FILIAL = 1 WHERE MATRICULA = 59;
UPDATE FUNCIONARIO SET CODIGO_FILIAL = 1 WHERE MATRICULA = 60;
UPDATE FUNCIONARIO SET CODIGO_FILIAL = 5 WHERE MATRICULA = 61;
UPDATE FUNCIONARIO SET CODIGO_FILIAL = 2 WHERE MATRICULA = 62;
UPDATE FUNCIONARIO SET CODIGO_FILIAL = 3 WHERE MATRICULA = 63;
UPDATE FUNCIONARIO SET CODIGO_FILIAL = 1 WHERE MATRICULA = 64;
UPDATE FUNCIONARIO SET CODIGO_FILIAL = 4 WHERE MATRICULA = 65;
UPDATE FUNCIONARIO SET CODIGO_FILIAL = 4 WHERE MATRICULA = 66;
UPDATE FUNCIONARIO SET CODIGO_FILIAL = 8 WHERE MATRICULA = 67;
UPDATE FUNCIONARIO SET CODIGO_FILIAL = 4 WHERE MATRICULA = 68;
UPDATE FUNCIONARIO SET CODIGO_FILIAL = 3 WHERE MATRICULA = 69;
UPDATE FUNCIONARIO SET CODIGO_FILIAL = 4 WHERE MATRICULA = 70;
UPDATE FUNCIONARIO SET CODIGO_FILIAL = 9 WHERE MATRICULA = 71;
UPDATE FUNCIONARIO SET CODIGO_FILIAL = 3 WHERE MATRICULA = 72;
UPDATE FUNCIONARIO SET CODIGO_FILIAL = 2 WHERE MATRICULA = 73;
UPDATE FUNCIONARIO SET CODIGO_FILIAL = 5 WHERE MATRICULA = 74;
UPDATE FUNCIONARIO SET CODIGO_FILIAL = 7 WHERE MATRICULA = 75;
UPDATE FUNCIONARIO SET CODIGO_FILIAL = 1 WHERE MATRICULA = 76;
UPDATE FUNCIONARIO SET CODIGO_FILIAL = 1 WHERE MATRICULA = 77;
UPDATE FUNCIONARIO SET CODIGO_FILIAL = 5 WHERE MATRICULA = 78;
UPDATE FUNCIONARIO SET CODIGO_FILIAL = 4 WHERE MATRICULA = 79;
UPDATE FUNCIONARIO SET CODIGO_FILIAL = 8 WHERE MATRICULA = 80;
UPDATE FUNCIONARIO SET CODIGO_FILIAL = 0 WHERE MATRICULA = 81;
UPDATE FUNCIONARIO SET CODIGO_FILIAL = 2 WHERE MATRICULA = 82;
UPDATE FUNCIONARIO SET CODIGO_FILIAL = 1 WHERE MATRICULA = 83;
UPDATE FUNCIONARIO SET CODIGO_FILIAL = 4 WHERE MATRICULA = 84;
UPDATE FUNCIONARIO SET CODIGO_FILIAL = 0 WHERE MATRICULA = 85;
UPDATE FUNCIONARIO SET CODIGO_FILIAL = 5 WHERE MATRICULA = 86;
UPDATE FUNCIONARIO SET CODIGO_FILIAL = 3 WHERE MATRICULA = 87;
UPDATE FUNCIONARIO SET CODIGO_FILIAL = 6 WHERE MATRICULA = 88;
UPDATE FUNCIONARIO SET CODIGO_FILIAL = 9 WHERE MATRICULA = 89;
UPDATE FUNCIONARIO SET CODIGO_FILIAL = 3 WHERE MATRICULA = 90;
UPDATE FUNCIONARIO SET CODIGO_FILIAL = 3 WHERE MATRICULA = 91;
UPDATE FUNCIONARIO SET CODIGO_FILIAL = 1 WHERE MATRICULA = 92;
UPDATE FUNCIONARIO SET CODIGO_FILIAL = 5 WHERE MATRICULA = 93;
UPDATE FUNCIONARIO SET CODIGO_FILIAL = 8 WHERE MATRICULA = 94;
UPDATE FUNCIONARIO SET CODIGO_FILIAL = 5 WHERE MATRICULA = 95;
UPDATE FUNCIONARIO SET CODIGO_FILIAL = 9 WHERE MATRICULA = 96;
UPDATE FUNCIONARIO SET CODIGO_FILIAL = 1 WHERE MATRICULA = 97;
UPDATE FUNCIONARIO SET CODIGO_FILIAL = 0 WHERE MATRICULA = 98;
UPDATE FUNCIONARIO SET CODIGO_FILIAL = 4 WHERE MATRICULA = 99;
UPDATE FUNCIONARIO SET CODIGO_FILIAL = 2 WHERE MATRICULA = 100;
UPDATE FUNCIONARIO SET CODIGO_FILIAL = 4 WHERE MATRICULA = 101;
UPDATE FUNCIONARIO SET CODIGO_FILIAL = 1 WHERE MATRICULA = 102;
UPDATE FUNCIONARIO SET CODIGO_FILIAL = 6 WHERE MATRICULA = 103;
UPDATE FUNCIONARIO SET CODIGO_FILIAL = 7 WHERE MATRICULA = 104;
UPDATE FUNCIONARIO SET CODIGO_FILIAL = 9 WHERE MATRICULA = 105;
UPDATE FUNCIONARIO SET CODIGO_FILIAL = 2 WHERE MATRICULA = 106;
UPDATE FUNCIONARIO SET CODIGO_FILIAL = 1 WHERE MATRICULA = 107;
UPDATE FUNCIONARIO SET CODIGO_FILIAL = 4 WHERE MATRICULA = 108;
UPDATE FUNCIONARIO SET CODIGO_FILIAL = 0 WHERE MATRICULA = 109;
UPDATE FUNCIONARIO SET CODIGO_FILIAL = 2 WHERE MATRICULA = 110;
UPDATE FUNCIONARIO SET CODIGO_FILIAL = 6 WHERE MATRICULA = 111;
UPDATE FUNCIONARIO SET CODIGO_FILIAL = 2 WHERE MATRICULA = 112;
UPDATE FUNCIONARIO SET CODIGO_FILIAL = 4 WHERE MATRICULA = 113;
UPDATE FUNCIONARIO SET CODIGO_FILIAL = 2 WHERE MATRICULA = 114;
UPDATE FUNCIONARIO SET CODIGO_FILIAL = 5 WHERE MATRICULA = 115;
UPDATE FUNCIONARIO SET CODIGO_FILIAL = 3 WHERE MATRICULA = 116;
UPDATE FUNCIONARIO SET CODIGO_FILIAL = 5 WHERE MATRICULA = 117;
UPDATE FUNCIONARIO SET CODIGO_FILIAL = 6 WHERE MATRICULA = 118;
UPDATE FUNCIONARIO SET CODIGO_FILIAL = 6 WHERE MATRICULA = 119;
UPDATE FUNCIONARIO SET CODIGO_FILIAL = 2 WHERE MATRICULA = 120;
UPDATE FUNCIONARIO SET CODIGO_FILIAL = 6 WHERE MATRICULA = 121;
UPDATE FUNCIONARIO SET CODIGO_FILIAL = 8 WHERE MATRICULA = 122;
UPDATE FUNCIONARIO SET CODIGO_FILIAL = 5 WHERE MATRICULA = 123;
UPDATE FUNCIONARIO SET CODIGO_FILIAL = 7 WHERE MATRICULA = 124;
UPDATE FUNCIONARIO SET CODIGO_FILIAL = 9 WHERE MATRICULA = 125;
UPDATE FUNCIONARIO SET CODIGO_FILIAL = 2 WHERE MATRICULA = 126;
UPDATE FUNCIONARIO SET CODIGO_FILIAL = 7 WHERE MATRICULA = 127;
UPDATE FUNCIONARIO SET CODIGO_FILIAL = 4 WHERE MATRICULA = 128;
UPDATE FUNCIONARIO SET CODIGO_FILIAL = 7 WHERE MATRICULA = 129;
UPDATE FUNCIONARIO SET CODIGO_FILIAL = 7 WHERE MATRICULA = 130;
UPDATE FUNCIONARIO SET CODIGO_FILIAL = 2 WHERE MATRICULA = 131;
UPDATE FUNCIONARIO SET CODIGO_FILIAL = 4 WHERE MATRICULA = 132;
UPDATE FUNCIONARIO SET CODIGO_FILIAL = 7 WHERE MATRICULA = 133;
UPDATE FUNCIONARIO SET CODIGO_FILIAL = 9 WHERE MATRICULA = 134;
UPDATE FUNCIONARIO SET CODIGO_FILIAL = 2 WHERE MATRICULA = 135;
UPDATE FUNCIONARIO SET CODIGO_FILIAL = 2 WHERE MATRICULA = 136;
UPDATE FUNCIONARIO SET CODIGO_FILIAL = 6 WHERE MATRICULA = 137;
UPDATE FUNCIONARIO SET CODIGO_FILIAL = 0 WHERE MATRICULA = 138;
UPDATE FUNCIONARIO SET CODIGO_FILIAL = 1 WHERE MATRICULA = 139;
UPDATE FUNCIONARIO SET CODIGO_FILIAL = 3 WHERE MATRICULA = 140;
UPDATE FUNCIONARIO SET CODIGO_FILIAL = 9 WHERE MATRICULA = 141;
UPDATE FUNCIONARIO SET CODIGO_FILIAL = 9 WHERE MATRICULA = 142;
UPDATE FUNCIONARIO SET CODIGO_FILIAL = 7 WHERE MATRICULA = 143;
UPDATE FUNCIONARIO SET CODIGO_FILIAL = 4 WHERE MATRICULA = 144;
UPDATE FUNCIONARIO SET CODIGO_FILIAL = 0 WHERE MATRICULA = 145;
UPDATE FUNCIONARIO SET CODIGO_FILIAL = 9 WHERE MATRICULA = 146;
UPDATE FUNCIONARIO SET CODIGO_FILIAL = 4 WHERE MATRICULA = 147;
UPDATE FUNCIONARIO SET CODIGO_FILIAL = 5 WHERE MATRICULA = 148;
UPDATE FUNCIONARIO SET CODIGO_FILIAL = 4 WHERE MATRICULA = 149;
