

------ CLIENTE ------

INSERT INTO CLIENTE (CPF, NOME, EMAIL, PONTOS_CRM, RUA, NUM, CIDADE, ESTADO, BAIRRO) VALUES ('960.305.661-15', 'Cliente 00', 'cliente00@gmail.com', 1814, 'Rua 21', 'Num 502', 'Cidade 76', 'Estado 82', 'Bairro 69');
INSERT INTO CLIENTE (CPF, NOME, EMAIL, PONTOS_CRM, RUA, NUM, CIDADE, ESTADO, BAIRRO) VALUES ('876.889.650-60', 'Cliente 01', 'cliente01@gmail.com', 862, 'Rua 81', 'Num 894', 'Cidade 19', 'Estado 63', 'Bairro 86');
INSERT INTO CLIENTE (CPF, NOME, EMAIL, PONTOS_CRM, RUA, NUM, CIDADE, ESTADO, BAIRRO) VALUES ('874.607.677-37', 'Cliente 02', 'cliente02@gmail.com', 973, 'Rua 38', 'Num 91', 'Cidade 40', 'Estado 21', 'Bairro 98');
INSERT INTO CLIENTE (CPF, NOME, EMAIL, PONTOS_CRM, RUA, NUM, CIDADE, ESTADO, BAIRRO) VALUES ('970.919.835-35', 'Cliente 03', 'cliente03@gmail.com', 232, 'Rua 73', 'Num 424', 'Cidade 54', 'Estado 98', 'Bairro 22');
INSERT INTO CLIENTE (CPF, NOME, EMAIL, PONTOS_CRM, RUA, NUM, CIDADE, ESTADO, BAIRRO) VALUES ('341.504.405-50', 'Cliente 04', 'cliente04@gmail.com', 268, 'Rua 73', 'Num 277', 'Cidade 66', 'Estado 38', 'Bairro 58');
INSERT INTO CLIENTE (CPF, NOME, EMAIL, PONTOS_CRM, RUA, NUM, CIDADE, ESTADO, BAIRRO) VALUES ('454.802.717-62', 'Cliente 05', 'cliente05@gmail.com', 193, 'Rua 77', 'Num 608', 'Cidade 43', 'Estado 45', 'Bairro 96');
INSERT INTO CLIENTE (CPF, NOME, EMAIL, PONTOS_CRM, RUA, NUM, CIDADE, ESTADO, BAIRRO) VALUES ('897.548.835-10', 'Cliente 06', 'cliente06@gmail.com', 1749, 'Rua 71', 'Num 404', 'Cidade 47', 'Estado 97', 'Bairro 73');
INSERT INTO CLIENTE (CPF, NOME, EMAIL, PONTOS_CRM, RUA, NUM, CIDADE, ESTADO, BAIRRO) VALUES ('371.187.415-92', 'Cliente 07', 'cliente07@gmail.com', 1451, 'Rua 56', 'Num 723', 'Cidade 82', 'Estado 43', 'Bairro 84');
INSERT INTO CLIENTE (CPF, NOME, EMAIL, PONTOS_CRM, RUA, NUM, CIDADE, ESTADO, BAIRRO) VALUES ('165.623.906-57', 'Cliente 08', 'cliente08@gmail.com', 1474, 'Rua 92', 'Num 969', 'Cidade 49', 'Estado 53', 'Bairro 57');
INSERT INTO CLIENTE (CPF, NOME, EMAIL, PONTOS_CRM, RUA, NUM, CIDADE, ESTADO, BAIRRO) VALUES ('993.819.777-37', 'Cliente 09', 'cliente09@gmail.com', 689, 'Rua 53', 'Num 989', 'Cidade 44', 'Estado 60', 'Bairro 76');
INSERT INTO CLIENTE (CPF, NOME, EMAIL, PONTOS_CRM, RUA, NUM, CIDADE, ESTADO, BAIRRO) VALUES ('734.148.310-63', 'Cliente 010', 'cliente010@gmail.com', 582, 'Rua 79', 'Num 68', 'Cidade 34', 'Estado 48', 'Bairro 87');
INSERT INTO CLIENTE (CPF, NOME, EMAIL, PONTOS_CRM, RUA, NUM, CIDADE, ESTADO, BAIRRO) VALUES ('942.802.419-30', 'Cliente 011', 'cliente011@gmail.com', 524, 'Rua 52', 'Num 958', 'Cidade 50', 'Estado 17', 'Bairro 57');
INSERT INTO CLIENTE (CPF, NOME, EMAIL, PONTOS_CRM, RUA, NUM, CIDADE, ESTADO, BAIRRO) VALUES ('552.859.854-21', 'Cliente 012', 'cliente012@gmail.com', 1832, 'Rua 46', 'Num 528', 'Cidade 63', 'Estado 61', 'Bairro 87');
INSERT INTO CLIENTE (CPF, NOME, EMAIL, PONTOS_CRM, RUA, NUM, CIDADE, ESTADO, BAIRRO) VALUES ('335.792.200-56', 'Cliente 013', 'cliente013@gmail.com', 751, 'Rua 85', 'Num 359', 'Cidade 87', 'Estado 36', 'Bairro 49');
INSERT INTO CLIENTE (CPF, NOME, EMAIL, PONTOS_CRM, RUA, NUM, CIDADE, ESTADO, BAIRRO) VALUES ('137.230.896-68', 'Cliente 014', 'cliente014@gmail.com', 41, 'Rua 64', 'Num 82', 'Cidade 78', 'Estado 76', 'Bairro 24');
INSERT INTO CLIENTE (CPF, NOME, EMAIL, PONTOS_CRM, RUA, NUM, CIDADE, ESTADO, BAIRRO) VALUES ('190.819.118-90', 'Cliente 015', 'cliente015@gmail.com', 1411, 'Rua 46', 'Num 69', 'Cidade 96', 'Estado 39', 'Bairro 34');
INSERT INTO CLIENTE (CPF, NOME, EMAIL, PONTOS_CRM, RUA, NUM, CIDADE, ESTADO, BAIRRO) VALUES ('403.903.959-64', 'Cliente 016', 'cliente016@gmail.com', 1302, 'Rua 40', 'Num 53', 'Cidade 89', 'Estado 32', 'Bairro 100');
INSERT INTO CLIENTE (CPF, NOME, EMAIL, PONTOS_CRM, RUA, NUM, CIDADE, ESTADO, BAIRRO) VALUES ('307.587.312-27', 'Cliente 017', 'cliente017@gmail.com', 320, 'Rua 88', 'Num 845', 'Cidade 60', 'Estado 40', 'Bairro 13');
INSERT INTO CLIENTE (CPF, NOME, EMAIL, PONTOS_CRM, RUA, NUM, CIDADE, ESTADO, BAIRRO) VALUES ('703.880.926-84', 'Cliente 018', 'cliente018@gmail.com', 1653, 'Rua 21', 'Num 857', 'Cidade 13', 'Estado 34', 'Bairro 89');
INSERT INTO CLIENTE (CPF, NOME, EMAIL, PONTOS_CRM, RUA, NUM, CIDADE, ESTADO, BAIRRO) VALUES ('634.199.986-65', 'Cliente 019', 'cliente019@gmail.com', 1855, 'Rua 25', 'Num 482', 'Cidade 94', 'Estado 95', 'Bairro 70');
INSERT INTO CLIENTE (CPF, NOME, EMAIL, PONTOS_CRM, RUA, NUM, CIDADE, ESTADO, BAIRRO) VALUES ('977.938.832-36', 'Cliente 020', 'cliente020@gmail.com', 536, 'Rua 53', 'Num 117', 'Cidade 71', 'Estado 84', 'Bairro 39');
INSERT INTO CLIENTE (CPF, NOME, EMAIL, PONTOS_CRM, RUA, NUM, CIDADE, ESTADO, BAIRRO) VALUES ('338.976.708-76', 'Cliente 021', 'cliente021@gmail.com', 992, 'Rua 68', 'Num 413', 'Cidade 56', 'Estado 91', 'Bairro 42');
INSERT INTO CLIENTE (CPF, NOME, EMAIL, PONTOS_CRM, RUA, NUM, CIDADE, ESTADO, BAIRRO) VALUES ('216.605.446-16', 'Cliente 022', 'cliente022@gmail.com', 1887, 'Rua 23', 'Num 309', 'Cidade 39', 'Estado 34', 'Bairro 21');
INSERT INTO CLIENTE (CPF, NOME, EMAIL, PONTOS_CRM, RUA, NUM, CIDADE, ESTADO, BAIRRO) VALUES ('849.814.464-26', 'Cliente 023', 'cliente023@gmail.com', 310, 'Rua 22', 'Num 114', 'Cidade 16', 'Estado 46', 'Bairro 83');
INSERT INTO CLIENTE (CPF, NOME, EMAIL, PONTOS_CRM, RUA, NUM, CIDADE, ESTADO, BAIRRO) VALUES ('999.578.146-10', 'Cliente 024', 'cliente024@gmail.com', 541, 'Rua 86', 'Num 969', 'Cidade 59', 'Estado 76', 'Bairro 24');
INSERT INTO CLIENTE (CPF, NOME, EMAIL, PONTOS_CRM, RUA, NUM, CIDADE, ESTADO, BAIRRO) VALUES ('562.458.376-51', 'Cliente 025', 'cliente025@gmail.com', 1240, 'Rua 12', 'Num 336', 'Cidade 17', 'Estado 21', 'Bairro 52');
INSERT INTO CLIENTE (CPF, NOME, EMAIL, PONTOS_CRM, RUA, NUM, CIDADE, ESTADO, BAIRRO) VALUES ('196.774.719-85', 'Cliente 026', 'cliente026@gmail.com', 646, 'Rua 31', 'Num 660', 'Cidade 72', 'Estado 78', 'Bairro 34');
INSERT INTO CLIENTE (CPF, NOME, EMAIL, PONTOS_CRM, RUA, NUM, CIDADE, ESTADO, BAIRRO) VALUES ('241.281.178-32', 'Cliente 027', 'cliente027@gmail.com', 352, 'Rua 75', 'Num 43', 'Cidade 18', 'Estado 75', 'Bairro 18');
INSERT INTO CLIENTE (CPF, NOME, EMAIL, PONTOS_CRM, RUA, NUM, CIDADE, ESTADO, BAIRRO) VALUES ('280.357.820-56', 'Cliente 028', 'cliente028@gmail.com', 281, 'Rua 68', 'Num 118', 'Cidade 58', 'Estado 80', 'Bairro 88');
INSERT INTO CLIENTE (CPF, NOME, EMAIL, PONTOS_CRM, RUA, NUM, CIDADE, ESTADO, BAIRRO) VALUES ('867.691.419-29', 'Cliente 029', 'cliente029@gmail.com', 723, 'Rua 49', 'Num 553', 'Cidade 49', 'Estado 14', 'Bairro 33');
INSERT INTO CLIENTE (CPF, NOME, EMAIL, PONTOS_CRM, RUA, NUM, CIDADE, ESTADO, BAIRRO) VALUES ('997.846.528-29', 'Cliente 030', 'cliente030@gmail.com', 1451, 'Rua 13', 'Num 677', 'Cidade 91', 'Estado 95', 'Bairro 55');
INSERT INTO CLIENTE (CPF, NOME, EMAIL, PONTOS_CRM, RUA, NUM, CIDADE, ESTADO, BAIRRO) VALUES ('486.459.551-23', 'Cliente 031', 'cliente031@gmail.com', 898, 'Rua 85', 'Num 134', 'Cidade 13', 'Estado 16', 'Bairro 79');
INSERT INTO CLIENTE (CPF, NOME, EMAIL, PONTOS_CRM, RUA, NUM, CIDADE, ESTADO, BAIRRO) VALUES ('518.959.505-67', 'Cliente 032', 'cliente032@gmail.com', 974, 'Rua 81', 'Num 243', 'Cidade 38', 'Estado 97', 'Bairro 17');
INSERT INTO CLIENTE (CPF, NOME, EMAIL, PONTOS_CRM, RUA, NUM, CIDADE, ESTADO, BAIRRO) VALUES ('476.447.463-38', 'Cliente 033', 'cliente033@gmail.com', 1412, 'Rua 51', 'Num 461', 'Cidade 36', 'Estado 29', 'Bairro 89');
INSERT INTO CLIENTE (CPF, NOME, EMAIL, PONTOS_CRM, RUA, NUM, CIDADE, ESTADO, BAIRRO) VALUES ('275.873.422-83', 'Cliente 034', 'cliente034@gmail.com', 340, 'Rua 13', 'Num 602', 'Cidade 27', 'Estado 42', 'Bairro 93');
INSERT INTO CLIENTE (CPF, NOME, EMAIL, PONTOS_CRM, RUA, NUM, CIDADE, ESTADO, BAIRRO) VALUES ('975.573.326-91', 'Cliente 035', 'cliente035@gmail.com', 1782, 'Rua 17', 'Num 493', 'Cidade 15', 'Estado 49', 'Bairro 36');
INSERT INTO CLIENTE (CPF, NOME, EMAIL, PONTOS_CRM, RUA, NUM, CIDADE, ESTADO, BAIRRO) VALUES ('515.412.884-60', 'Cliente 036', 'cliente036@gmail.com', 771, 'Rua 19', 'Num 359', 'Cidade 86', 'Estado 14', 'Bairro 72');
INSERT INTO CLIENTE (CPF, NOME, EMAIL, PONTOS_CRM, RUA, NUM, CIDADE, ESTADO, BAIRRO) VALUES ('740.801.691-46', 'Cliente 037', 'cliente037@gmail.com', 315, 'Rua 47', 'Num 621', 'Cidade 71', 'Estado 44', 'Bairro 56');
INSERT INTO CLIENTE (CPF, NOME, EMAIL, PONTOS_CRM, RUA, NUM, CIDADE, ESTADO, BAIRRO) VALUES ('589.860.356-50', 'Cliente 038', 'cliente038@gmail.com', 1896, 'Rua 29', 'Num 641', 'Cidade 13', 'Estado 73', 'Bairro 41');
INSERT INTO CLIENTE (CPF, NOME, EMAIL, PONTOS_CRM, RUA, NUM, CIDADE, ESTADO, BAIRRO) VALUES ('270.590.364-81', 'Cliente 039', 'cliente039@gmail.com', 1066, 'Rua 46', 'Num 310', 'Cidade 15', 'Estado 97', 'Bairro 83');
INSERT INTO CLIENTE (CPF, NOME, EMAIL, PONTOS_CRM, RUA, NUM, CIDADE, ESTADO, BAIRRO) VALUES ('994.595.745-55', 'Cliente 040', 'cliente040@gmail.com', 1031, 'Rua 82', 'Num 707', 'Cidade 36', 'Estado 77', 'Bairro 80');
INSERT INTO CLIENTE (CPF, NOME, EMAIL, PONTOS_CRM, RUA, NUM, CIDADE, ESTADO, BAIRRO) VALUES ('295.526.990-31', 'Cliente 041', 'cliente041@gmail.com', 918, 'Rua 84', 'Num 226', 'Cidade 70', 'Estado 28', 'Bairro 60');
INSERT INTO CLIENTE (CPF, NOME, EMAIL, PONTOS_CRM, RUA, NUM, CIDADE, ESTADO, BAIRRO) VALUES ('316.644.584-31', 'Cliente 042', 'cliente042@gmail.com', 87, 'Rua 57', 'Num 503', 'Cidade 28', 'Estado 25', 'Bairro 88');
INSERT INTO CLIENTE (CPF, NOME, EMAIL, PONTOS_CRM, RUA, NUM, CIDADE, ESTADO, BAIRRO) VALUES ('237.704.905-54', 'Cliente 043', 'cliente043@gmail.com', 689, 'Rua 49', 'Num 981', 'Cidade 46', 'Estado 57', 'Bairro 66');
INSERT INTO CLIENTE (CPF, NOME, EMAIL, PONTOS_CRM, RUA, NUM, CIDADE, ESTADO, BAIRRO) VALUES ('807.135.191-61', 'Cliente 044', 'cliente044@gmail.com', 534, 'Rua 93', 'Num 218', 'Cidade 85', 'Estado 46', 'Bairro 95');
INSERT INTO CLIENTE (CPF, NOME, EMAIL, PONTOS_CRM, RUA, NUM, CIDADE, ESTADO, BAIRRO) VALUES ('244.606.740-65', 'Cliente 045', 'cliente045@gmail.com', 785, 'Rua 40', 'Num 433', 'Cidade 81', 'Estado 69', 'Bairro 14');
INSERT INTO CLIENTE (CPF, NOME, EMAIL, PONTOS_CRM, RUA, NUM, CIDADE, ESTADO, BAIRRO) VALUES ('549.377.815-85', 'Cliente 046', 'cliente046@gmail.com', 589, 'Rua 73', 'Num 404', 'Cidade 53', 'Estado 28', 'Bairro 15');
INSERT INTO CLIENTE (CPF, NOME, EMAIL, PONTOS_CRM, RUA, NUM, CIDADE, ESTADO, BAIRRO) VALUES ('317.982.338-55', 'Cliente 047', 'cliente047@gmail.com', 1679, 'Rua 83', 'Num 812', 'Cidade 66', 'Estado 89', 'Bairro 16');
INSERT INTO CLIENTE (CPF, NOME, EMAIL, PONTOS_CRM, RUA, NUM, CIDADE, ESTADO, BAIRRO) VALUES ('404.312.776-58', 'Cliente 048', 'cliente048@gmail.com', 1526, 'Rua 72', 'Num 899', 'Cidade 48', 'Estado 63', 'Bairro 99');
INSERT INTO CLIENTE (CPF, NOME, EMAIL, PONTOS_CRM, RUA, NUM, CIDADE, ESTADO, BAIRRO) VALUES ('142.858.465-16', 'Cliente 049', 'cliente049@gmail.com', 491, 'Rua 89', 'Num 251', 'Cidade 69', 'Estado 81', 'Bairro 25');
INSERT INTO CLIENTE (CPF, NOME, EMAIL, PONTOS_CRM, RUA, NUM, CIDADE, ESTADO, BAIRRO) VALUES ('320.374.690-60', 'Cliente 050', 'cliente050@gmail.com', 612, 'Rua 16', 'Num 933', 'Cidade 20', 'Estado 98', 'Bairro 96');
INSERT INTO CLIENTE (CPF, NOME, EMAIL, PONTOS_CRM, RUA, NUM, CIDADE, ESTADO, BAIRRO) VALUES ('425.809.775-98', 'Cliente 051', 'cliente051@gmail.com', 366, 'Rua 63', 'Num 537', 'Cidade 25', 'Estado 28', 'Bairro 21');
INSERT INTO CLIENTE (CPF, NOME, EMAIL, PONTOS_CRM, RUA, NUM, CIDADE, ESTADO, BAIRRO) VALUES ('954.302.965-58', 'Cliente 052', 'cliente052@gmail.com', 59, 'Rua 93', 'Num 960', 'Cidade 59', 'Estado 22', 'Bairro 33');
INSERT INTO CLIENTE (CPF, NOME, EMAIL, PONTOS_CRM, RUA, NUM, CIDADE, ESTADO, BAIRRO) VALUES ('995.916.840-94', 'Cliente 053', 'cliente053@gmail.com', 730, 'Rua 44', 'Num 279', 'Cidade 66', 'Estado 19', 'Bairro 25');
INSERT INTO CLIENTE (CPF, NOME, EMAIL, PONTOS_CRM, RUA, NUM, CIDADE, ESTADO, BAIRRO) VALUES ('869.421.501-48', 'Cliente 054', 'cliente054@gmail.com', 1280, 'Rua 51', 'Num 970', 'Cidade 42', 'Estado 14', 'Bairro 41');
INSERT INTO CLIENTE (CPF, NOME, EMAIL, PONTOS_CRM, RUA, NUM, CIDADE, ESTADO, BAIRRO) VALUES ('671.393.989-44', 'Cliente 055', 'cliente055@gmail.com', 1876, 'Rua 62', 'Num 252', 'Cidade 29', 'Estado 23', 'Bairro 58');
INSERT INTO CLIENTE (CPF, NOME, EMAIL, PONTOS_CRM, RUA, NUM, CIDADE, ESTADO, BAIRRO) VALUES ('453.418.225-12', 'Cliente 056', 'cliente056@gmail.com', 1894, 'Rua 78', 'Num 179', 'Cidade 89', 'Estado 11', 'Bairro 65');
INSERT INTO CLIENTE (CPF, NOME, EMAIL, PONTOS_CRM, RUA, NUM, CIDADE, ESTADO, BAIRRO) VALUES ('295.774.497-92', 'Cliente 057', 'cliente057@gmail.com', 1948, 'Rua 89', 'Num 851', 'Cidade 44', 'Estado 52', 'Bairro 52');
INSERT INTO CLIENTE (CPF, NOME, EMAIL, PONTOS_CRM, RUA, NUM, CIDADE, ESTADO, BAIRRO) VALUES ('786.847.785-76', 'Cliente 058', 'cliente058@gmail.com', 475, 'Rua 24', 'Num 19', 'Cidade 58', 'Estado 13', 'Bairro 45');
INSERT INTO CLIENTE (CPF, NOME, EMAIL, PONTOS_CRM, RUA, NUM, CIDADE, ESTADO, BAIRRO) VALUES ('489.405.822-57', 'Cliente 059', 'cliente059@gmail.com', 1132, 'Rua 89', 'Num 955', 'Cidade 32', 'Estado 87', 'Bairro 84');
INSERT INTO CLIENTE (CPF, NOME, EMAIL, PONTOS_CRM, RUA, NUM, CIDADE, ESTADO, BAIRRO) VALUES ('387.118.319-37', 'Cliente 060', 'cliente060@gmail.com', 1973, 'Rua 91', 'Num 598', 'Cidade 47', 'Estado 95', 'Bairro 11');
INSERT INTO CLIENTE (CPF, NOME, EMAIL, PONTOS_CRM, RUA, NUM, CIDADE, ESTADO, BAIRRO) VALUES ('766.682.890-35', 'Cliente 061', 'cliente061@gmail.com', 1628, 'Rua 22', 'Num 72', 'Cidade 44', 'Estado 39', 'Bairro 76');
INSERT INTO CLIENTE (CPF, NOME, EMAIL, PONTOS_CRM, RUA, NUM, CIDADE, ESTADO, BAIRRO) VALUES ('803.667.483-15', 'Cliente 062', 'cliente062@gmail.com', 781, 'Rua 54', 'Num 616', 'Cidade 21', 'Estado 85', 'Bairro 82');
INSERT INTO CLIENTE (CPF, NOME, EMAIL, PONTOS_CRM, RUA, NUM, CIDADE, ESTADO, BAIRRO) VALUES ('387.918.960-62', 'Cliente 063', 'cliente063@gmail.com', 1657, 'Rua 63', 'Num 293', 'Cidade 79', 'Estado 84', 'Bairro 78');
INSERT INTO CLIENTE (CPF, NOME, EMAIL, PONTOS_CRM, RUA, NUM, CIDADE, ESTADO, BAIRRO) VALUES ('547.647.786-67', 'Cliente 064', 'cliente064@gmail.com', 982, 'Rua 33', 'Num 995', 'Cidade 43', 'Estado 38', 'Bairro 18');
INSERT INTO CLIENTE (CPF, NOME, EMAIL, PONTOS_CRM, RUA, NUM, CIDADE, ESTADO, BAIRRO) VALUES ('192.337.367-71', 'Cliente 065', 'cliente065@gmail.com', 1343, 'Rua 13', 'Num 457', 'Cidade 73', 'Estado 16', 'Bairro 29');
INSERT INTO CLIENTE (CPF, NOME, EMAIL, PONTOS_CRM, RUA, NUM, CIDADE, ESTADO, BAIRRO) VALUES ('219.388.398-96', 'Cliente 066', 'cliente066@gmail.com', 79, 'Rua 73', 'Num 833', 'Cidade 15', 'Estado 14', 'Bairro 37');
INSERT INTO CLIENTE (CPF, NOME, EMAIL, PONTOS_CRM, RUA, NUM, CIDADE, ESTADO, BAIRRO) VALUES ('783.199.697-20', 'Cliente 067', 'cliente067@gmail.com', 1351, 'Rua 49', 'Num 672', 'Cidade 12', 'Estado 13', 'Bairro 69');
INSERT INTO CLIENTE (CPF, NOME, EMAIL, PONTOS_CRM, RUA, NUM, CIDADE, ESTADO, BAIRRO) VALUES ('405.317.941-85', 'Cliente 068', 'cliente068@gmail.com', 1596, 'Rua 59', 'Num 687', 'Cidade 74', 'Estado 31', 'Bairro 78');
INSERT INTO CLIENTE (CPF, NOME, EMAIL, PONTOS_CRM, RUA, NUM, CIDADE, ESTADO, BAIRRO) VALUES ('218.652.726-27', 'Cliente 069', 'cliente069@gmail.com', 598, 'Rua 82', 'Num 710', 'Cidade 99', 'Estado 83', 'Bairro 38');
INSERT INTO CLIENTE (CPF, NOME, EMAIL, PONTOS_CRM, RUA, NUM, CIDADE, ESTADO, BAIRRO) VALUES ('302.894.740-39', 'Cliente 070', 'cliente070@gmail.com', 12, 'Rua 47', 'Num 559', 'Cidade 20', 'Estado 76', 'Bairro 63');
INSERT INTO CLIENTE (CPF, NOME, EMAIL, PONTOS_CRM, RUA, NUM, CIDADE, ESTADO, BAIRRO) VALUES ('468.475.792-99', 'Cliente 071', 'cliente071@gmail.com', 286, 'Rua 20', 'Num 818', 'Cidade 33', 'Estado 79', 'Bairro 88');
INSERT INTO CLIENTE (CPF, NOME, EMAIL, PONTOS_CRM, RUA, NUM, CIDADE, ESTADO, BAIRRO) VALUES ('673.325.512-11', 'Cliente 072', 'cliente072@gmail.com', 1626, 'Rua 24', 'Num 600', 'Cidade 66', 'Estado 59', 'Bairro 81');
INSERT INTO CLIENTE (CPF, NOME, EMAIL, PONTOS_CRM, RUA, NUM, CIDADE, ESTADO, BAIRRO) VALUES ('752.197.954-88', 'Cliente 073', 'cliente073@gmail.com', 396, 'Rua 19', 'Num 408', 'Cidade 22', 'Estado 91', 'Bairro 64');
INSERT INTO CLIENTE (CPF, NOME, EMAIL, PONTOS_CRM, RUA, NUM, CIDADE, ESTADO, BAIRRO) VALUES ('607.350.458-83', 'Cliente 074', 'cliente074@gmail.com', 253, 'Rua 45', 'Num 662', 'Cidade 53', 'Estado 11', 'Bairro 94');
INSERT INTO CLIENTE (CPF, NOME, EMAIL, PONTOS_CRM, RUA, NUM, CIDADE, ESTADO, BAIRRO) VALUES ('893.383.957-36', 'Cliente 075', 'cliente075@gmail.com', 453, 'Rua 90', 'Num 365', 'Cidade 50', 'Estado 25', 'Bairro 34');
INSERT INTO CLIENTE (CPF, NOME, EMAIL, PONTOS_CRM, RUA, NUM, CIDADE, ESTADO, BAIRRO) VALUES ('901.155.762-34', 'Cliente 076', 'cliente076@gmail.com', 1362, 'Rua 63', 'Num 744', 'Cidade 84', 'Estado 38', 'Bairro 85');
INSERT INTO CLIENTE (CPF, NOME, EMAIL, PONTOS_CRM, RUA, NUM, CIDADE, ESTADO, BAIRRO) VALUES ('338.190.587-64', 'Cliente 077', 'cliente077@gmail.com', 750, 'Rua 69', 'Num 595', 'Cidade 76', 'Estado 63', 'Bairro 21');
INSERT INTO CLIENTE (CPF, NOME, EMAIL, PONTOS_CRM, RUA, NUM, CIDADE, ESTADO, BAIRRO) VALUES ('176.335.138-89', 'Cliente 078', 'cliente078@gmail.com', 1791, 'Rua 97', 'Num 964', 'Cidade 89', 'Estado 15', 'Bairro 77');
INSERT INTO CLIENTE (CPF, NOME, EMAIL, PONTOS_CRM, RUA, NUM, CIDADE, ESTADO, BAIRRO) VALUES ('408.483.432-52', 'Cliente 079', 'cliente079@gmail.com', 1828, 'Rua 22', 'Num 303', 'Cidade 21', 'Estado 91', 'Bairro 98');
INSERT INTO CLIENTE (CPF, NOME, EMAIL, PONTOS_CRM, RUA, NUM, CIDADE, ESTADO, BAIRRO) VALUES ('796.226.414-29', 'Cliente 080', 'cliente080@gmail.com', 911, 'Rua 84', 'Num 569', 'Cidade 83', 'Estado 92', 'Bairro 43');
INSERT INTO CLIENTE (CPF, NOME, EMAIL, PONTOS_CRM, RUA, NUM, CIDADE, ESTADO, BAIRRO) VALUES ('828.476.544-64', 'Cliente 081', 'cliente081@gmail.com', 1534, 'Rua 78', 'Num 239', 'Cidade 63', 'Estado 98', 'Bairro 71');
INSERT INTO CLIENTE (CPF, NOME, EMAIL, PONTOS_CRM, RUA, NUM, CIDADE, ESTADO, BAIRRO) VALUES ('214.225.124-39', 'Cliente 082', 'cliente082@gmail.com', 1605, 'Rua 68', 'Num 161', 'Cidade 95', 'Estado 76', 'Bairro 27');
INSERT INTO CLIENTE (CPF, NOME, EMAIL, PONTOS_CRM, RUA, NUM, CIDADE, ESTADO, BAIRRO) VALUES ('845.804.189-66', 'Cliente 083', 'cliente083@gmail.com', 284, 'Rua 74', 'Num 749', 'Cidade 78', 'Estado 60', 'Bairro 34');
INSERT INTO CLIENTE (CPF, NOME, EMAIL, PONTOS_CRM, RUA, NUM, CIDADE, ESTADO, BAIRRO) VALUES ('136.400.684-58', 'Cliente 084', 'cliente084@gmail.com', 1143, 'Rua 40', 'Num 102', 'Cidade 12', 'Estado 67', 'Bairro 57');
INSERT INTO CLIENTE (CPF, NOME, EMAIL, PONTOS_CRM, RUA, NUM, CIDADE, ESTADO, BAIRRO) VALUES ('317.686.848-84', 'Cliente 085', 'cliente085@gmail.com', 1427, 'Rua 66', 'Num 446', 'Cidade 86', 'Estado 46', 'Bairro 43');
INSERT INTO CLIENTE (CPF, NOME, EMAIL, PONTOS_CRM, RUA, NUM, CIDADE, ESTADO, BAIRRO) VALUES ('595.154.588-11', 'Cliente 086', 'cliente086@gmail.com', 951, 'Rua 71', 'Num 103', 'Cidade 57', 'Estado 17', 'Bairro 69');
INSERT INTO CLIENTE (CPF, NOME, EMAIL, PONTOS_CRM, RUA, NUM, CIDADE, ESTADO, BAIRRO) VALUES ('931.148.109-24', 'Cliente 087', 'cliente087@gmail.com', 1789, 'Rua 52', 'Num 915', 'Cidade 89', 'Estado 98', 'Bairro 41');
INSERT INTO CLIENTE (CPF, NOME, EMAIL, PONTOS_CRM, RUA, NUM, CIDADE, ESTADO, BAIRRO) VALUES ('330.520.551-62', 'Cliente 088', 'cliente088@gmail.com', 1585, 'Rua 23', 'Num 906', 'Cidade 23', 'Estado 43', 'Bairro 80');
INSERT INTO CLIENTE (CPF, NOME, EMAIL, PONTOS_CRM, RUA, NUM, CIDADE, ESTADO, BAIRRO) VALUES ('229.624.952-12', 'Cliente 089', 'cliente089@gmail.com', 972, 'Rua 29', 'Num 873', 'Cidade 72', 'Estado 96', 'Bairro 77');
INSERT INTO CLIENTE (CPF, NOME, EMAIL, PONTOS_CRM, RUA, NUM, CIDADE, ESTADO, BAIRRO) VALUES ('564.286.746-71', 'Cliente 090', 'cliente090@gmail.com', 165, 'Rua 39', 'Num 186', 'Cidade 99', 'Estado 71', 'Bairro 73');
INSERT INTO CLIENTE (CPF, NOME, EMAIL, PONTOS_CRM, RUA, NUM, CIDADE, ESTADO, BAIRRO) VALUES ('513.153.617-59', 'Cliente 091', 'cliente091@gmail.com', 1737, 'Rua 27', 'Num 978', 'Cidade 97', 'Estado 82', 'Bairro 54');
INSERT INTO CLIENTE (CPF, NOME, EMAIL, PONTOS_CRM, RUA, NUM, CIDADE, ESTADO, BAIRRO) VALUES ('727.222.464-36', 'Cliente 092', 'cliente092@gmail.com', 783, 'Rua 62', 'Num 318', 'Cidade 50', 'Estado 72', 'Bairro 31');
INSERT INTO CLIENTE (CPF, NOME, EMAIL, PONTOS_CRM, RUA, NUM, CIDADE, ESTADO, BAIRRO) VALUES ('229.350.394-46', 'Cliente 093', 'cliente093@gmail.com', 1027, 'Rua 92', 'Num 734', 'Cidade 57', 'Estado 99', 'Bairro 40');
INSERT INTO CLIENTE (CPF, NOME, EMAIL, PONTOS_CRM, RUA, NUM, CIDADE, ESTADO, BAIRRO) VALUES ('612.407.951-17', 'Cliente 094', 'cliente094@gmail.com', 887, 'Rua 24', 'Num 628', 'Cidade 80', 'Estado 23', 'Bairro 55');
INSERT INTO CLIENTE (CPF, NOME, EMAIL, PONTOS_CRM, RUA, NUM, CIDADE, ESTADO, BAIRRO) VALUES ('361.520.432-80', 'Cliente 095', 'cliente095@gmail.com', 259, 'Rua 89', 'Num 955', 'Cidade 30', 'Estado 81', 'Bairro 85');
INSERT INTO CLIENTE (CPF, NOME, EMAIL, PONTOS_CRM, RUA, NUM, CIDADE, ESTADO, BAIRRO) VALUES ('690.591.294-91', 'Cliente 096', 'cliente096@gmail.com', 1095, 'Rua 39', 'Num 476', 'Cidade 59', 'Estado 28', 'Bairro 57');
INSERT INTO CLIENTE (CPF, NOME, EMAIL, PONTOS_CRM, RUA, NUM, CIDADE, ESTADO, BAIRRO) VALUES ('124.859.897-96', 'Cliente 097', 'cliente097@gmail.com', 1269, 'Rua 82', 'Num 512', 'Cidade 20', 'Estado 71', 'Bairro 23');
INSERT INTO CLIENTE (CPF, NOME, EMAIL, PONTOS_CRM, RUA, NUM, CIDADE, ESTADO, BAIRRO) VALUES ('703.726.733-43', 'Cliente 098', 'cliente098@gmail.com', 1730, 'Rua 53', 'Num 848', 'Cidade 88', 'Estado 69', 'Bairro 91');
INSERT INTO CLIENTE (CPF, NOME, EMAIL, PONTOS_CRM, RUA, NUM, CIDADE, ESTADO, BAIRRO) VALUES ('977.492.893-57', 'Cliente 099', 'cliente099@gmail.com', 1538, 'Rua 50', 'Num 742', 'Cidade 34', 'Estado 58', 'Bairro 14');
INSERT INTO CLIENTE (CPF, NOME, EMAIL, PONTOS_CRM, RUA, NUM, CIDADE, ESTADO, BAIRRO) VALUES ('939.753.484-60', 'Cliente 0100', 'cliente0100@gmail.com', 1833, 'Rua 24', 'Num 933', 'Cidade 46', 'Estado 58', 'Bairro 86');
INSERT INTO CLIENTE (CPF, NOME, EMAIL, PONTOS_CRM, RUA, NUM, CIDADE, ESTADO, BAIRRO) VALUES ('607.767.329-44', 'Cliente 0101', 'cliente0101@gmail.com', 1256, 'Rua 44', 'Num 188', 'Cidade 52', 'Estado 38', 'Bairro 78');
INSERT INTO CLIENTE (CPF, NOME, EMAIL, PONTOS_CRM, RUA, NUM, CIDADE, ESTADO, BAIRRO) VALUES ('249.990.538-94', 'Cliente 0102', 'cliente0102@gmail.com', 574, 'Rua 22', 'Num 556', 'Cidade 91', 'Estado 35', 'Bairro 51');
INSERT INTO CLIENTE (CPF, NOME, EMAIL, PONTOS_CRM, RUA, NUM, CIDADE, ESTADO, BAIRRO) VALUES ('591.138.133-40', 'Cliente 0103', 'cliente0103@gmail.com', 1062, 'Rua 32', 'Num 858', 'Cidade 78', 'Estado 78', 'Bairro 32');
INSERT INTO CLIENTE (CPF, NOME, EMAIL, PONTOS_CRM, RUA, NUM, CIDADE, ESTADO, BAIRRO) VALUES ('917.680.318-19', 'Cliente 0104', 'cliente0104@gmail.com', 1004, 'Rua 63', 'Num 472', 'Cidade 34', 'Estado 80', 'Bairro 14');
INSERT INTO CLIENTE (CPF, NOME, EMAIL, PONTOS_CRM, RUA, NUM, CIDADE, ESTADO, BAIRRO) VALUES ('301.431.109-54', 'Cliente 0105', 'cliente0105@gmail.com', 556, 'Rua 99', 'Num 636', 'Cidade 74', 'Estado 81', 'Bairro 14');
INSERT INTO CLIENTE (CPF, NOME, EMAIL, PONTOS_CRM, RUA, NUM, CIDADE, ESTADO, BAIRRO) VALUES ('724.188.468-12', 'Cliente 0106', 'cliente0106@gmail.com', 763, 'Rua 57', 'Num 643', 'Cidade 47', 'Estado 10', 'Bairro 71');
INSERT INTO CLIENTE (CPF, NOME, EMAIL, PONTOS_CRM, RUA, NUM, CIDADE, ESTADO, BAIRRO) VALUES ('738.838.708-35', 'Cliente 0107', 'cliente0107@gmail.com', 389, 'Rua 70', 'Num 156', 'Cidade 63', 'Estado 46', 'Bairro 37');
INSERT INTO CLIENTE (CPF, NOME, EMAIL, PONTOS_CRM, RUA, NUM, CIDADE, ESTADO, BAIRRO) VALUES ('345.335.248-26', 'Cliente 0108', 'cliente0108@gmail.com', 963, 'Rua 10', 'Num 344', 'Cidade 79', 'Estado 11', 'Bairro 81');
INSERT INTO CLIENTE (CPF, NOME, EMAIL, PONTOS_CRM, RUA, NUM, CIDADE, ESTADO, BAIRRO) VALUES ('289.717.359-27', 'Cliente 0109', 'cliente0109@gmail.com', 1990, 'Rua 81', 'Num 539', 'Cidade 79', 'Estado 28', 'Bairro 96');
INSERT INTO CLIENTE (CPF, NOME, EMAIL, PONTOS_CRM, RUA, NUM, CIDADE, ESTADO, BAIRRO) VALUES ('349.472.809-68', 'Cliente 0110', 'cliente0110@gmail.com', 1573, 'Rua 43', 'Num 733', 'Cidade 75', 'Estado 71', 'Bairro 46');
INSERT INTO CLIENTE (CPF, NOME, EMAIL, PONTOS_CRM, RUA, NUM, CIDADE, ESTADO, BAIRRO) VALUES ('131.648.339-63', 'Cliente 0111', 'cliente0111@gmail.com', 153, 'Rua 16', 'Num 451', 'Cidade 62', 'Estado 78', 'Bairro 94');
INSERT INTO CLIENTE (CPF, NOME, EMAIL, PONTOS_CRM, RUA, NUM, CIDADE, ESTADO, BAIRRO) VALUES ('710.282.990-21', 'Cliente 0112', 'cliente0112@gmail.com', 78, 'Rua 11', 'Num 106', 'Cidade 17', 'Estado 96', 'Bairro 56');
INSERT INTO CLIENTE (CPF, NOME, EMAIL, PONTOS_CRM, RUA, NUM, CIDADE, ESTADO, BAIRRO) VALUES ('135.306.142-18', 'Cliente 0113', 'cliente0113@gmail.com', 1191, 'Rua 33', 'Num 729', 'Cidade 89', 'Estado 24', 'Bairro 59');
INSERT INTO CLIENTE (CPF, NOME, EMAIL, PONTOS_CRM, RUA, NUM, CIDADE, ESTADO, BAIRRO) VALUES ('465.539.446-51', 'Cliente 0114', 'cliente0114@gmail.com', 1500, 'Rua 26', 'Num 733', 'Cidade 64', 'Estado 21', 'Bairro 68');
INSERT INTO CLIENTE (CPF, NOME, EMAIL, PONTOS_CRM, RUA, NUM, CIDADE, ESTADO, BAIRRO) VALUES ('550.695.397-32', 'Cliente 0115', 'cliente0115@gmail.com', 1262, 'Rua 31', 'Num 845', 'Cidade 65', 'Estado 46', 'Bairro 11');
INSERT INTO CLIENTE (CPF, NOME, EMAIL, PONTOS_CRM, RUA, NUM, CIDADE, ESTADO, BAIRRO) VALUES ('651.214.821-84', 'Cliente 0116', 'cliente0116@gmail.com', 1216, 'Rua 15', 'Num 516', 'Cidade 24', 'Estado 29', 'Bairro 28');
INSERT INTO CLIENTE (CPF, NOME, EMAIL, PONTOS_CRM, RUA, NUM, CIDADE, ESTADO, BAIRRO) VALUES ('252.699.810-64', 'Cliente 0117', 'cliente0117@gmail.com', 1205, 'Rua 21', 'Num 954', 'Cidade 82', 'Estado 71', 'Bairro 100');
INSERT INTO CLIENTE (CPF, NOME, EMAIL, PONTOS_CRM, RUA, NUM, CIDADE, ESTADO, BAIRRO) VALUES ('106.807.307-38', 'Cliente 0118', 'cliente0118@gmail.com', 711, 'Rua 92', 'Num 905', 'Cidade 48', 'Estado 18', 'Bairro 80');
INSERT INTO CLIENTE (CPF, NOME, EMAIL, PONTOS_CRM, RUA, NUM, CIDADE, ESTADO, BAIRRO) VALUES ('400.173.210-31', 'Cliente 0119', 'cliente0119@gmail.com', 784, 'Rua 66', 'Num 43', 'Cidade 52', 'Estado 42', 'Bairro 41');
INSERT INTO CLIENTE (CPF, NOME, EMAIL, PONTOS_CRM, RUA, NUM, CIDADE, ESTADO, BAIRRO) VALUES ('386.619.343-81', 'Cliente 0120', 'cliente0120@gmail.com', 1006, 'Rua 46', 'Num 469', 'Cidade 70', 'Estado 73', 'Bairro 82');
INSERT INTO CLIENTE (CPF, NOME, EMAIL, PONTOS_CRM, RUA, NUM, CIDADE, ESTADO, BAIRRO) VALUES ('699.848.303-80', 'Cliente 0121', 'cliente0121@gmail.com', 1607, 'Rua 33', 'Num 313', 'Cidade 54', 'Estado 72', 'Bairro 83');
INSERT INTO CLIENTE (CPF, NOME, EMAIL, PONTOS_CRM, RUA, NUM, CIDADE, ESTADO, BAIRRO) VALUES ('496.206.831-25', 'Cliente 0122', 'cliente0122@gmail.com', 92, 'Rua 46', 'Num 361', 'Cidade 14', 'Estado 62', 'Bairro 95');
INSERT INTO CLIENTE (CPF, NOME, EMAIL, PONTOS_CRM, RUA, NUM, CIDADE, ESTADO, BAIRRO) VALUES ('434.233.947-45', 'Cliente 0123', 'cliente0123@gmail.com', 953, 'Rua 44', 'Num 346', 'Cidade 50', 'Estado 39', 'Bairro 89');
INSERT INTO CLIENTE (CPF, NOME, EMAIL, PONTOS_CRM, RUA, NUM, CIDADE, ESTADO, BAIRRO) VALUES ('441.855.641-56', 'Cliente 0124', 'cliente0124@gmail.com', 1164, 'Rua 70', 'Num 648', 'Cidade 84', 'Estado 56', 'Bairro 79');
INSERT INTO CLIENTE (CPF, NOME, EMAIL, PONTOS_CRM, RUA, NUM, CIDADE, ESTADO, BAIRRO) VALUES ('413.322.146-39', 'Cliente 0125', 'cliente0125@gmail.com', 606, 'Rua 46', 'Num 751', 'Cidade 16', 'Estado 93', 'Bairro 91');
INSERT INTO CLIENTE (CPF, NOME, EMAIL, PONTOS_CRM, RUA, NUM, CIDADE, ESTADO, BAIRRO) VALUES ('661.429.210-90', 'Cliente 0126', 'cliente0126@gmail.com', 1508, 'Rua 84', 'Num 199', 'Cidade 18', 'Estado 93', 'Bairro 26');
INSERT INTO CLIENTE (CPF, NOME, EMAIL, PONTOS_CRM, RUA, NUM, CIDADE, ESTADO, BAIRRO) VALUES ('907.226.459-97', 'Cliente 0127', 'cliente0127@gmail.com', 1926, 'Rua 23', 'Num 467', 'Cidade 46', 'Estado 91', 'Bairro 69');
INSERT INTO CLIENTE (CPF, NOME, EMAIL, PONTOS_CRM, RUA, NUM, CIDADE, ESTADO, BAIRRO) VALUES ('736.515.956-80', 'Cliente 0128', 'cliente0128@gmail.com', 1506, 'Rua 96', 'Num 552', 'Cidade 36', 'Estado 68', 'Bairro 88');
INSERT INTO CLIENTE (CPF, NOME, EMAIL, PONTOS_CRM, RUA, NUM, CIDADE, ESTADO, BAIRRO) VALUES ('330.698.498-47', 'Cliente 0129', 'cliente0129@gmail.com', 1997, 'Rua 33', 'Num 756', 'Cidade 62', 'Estado 95', 'Bairro 59');
INSERT INTO CLIENTE (CPF, NOME, EMAIL, PONTOS_CRM, RUA, NUM, CIDADE, ESTADO, BAIRRO) VALUES ('438.176.463-87', 'Cliente 0130', 'cliente0130@gmail.com', 1204, 'Rua 47', 'Num 88', 'Cidade 94', 'Estado 95', 'Bairro 82');
INSERT INTO CLIENTE (CPF, NOME, EMAIL, PONTOS_CRM, RUA, NUM, CIDADE, ESTADO, BAIRRO) VALUES ('721.559.124-77', 'Cliente 0131', 'cliente0131@gmail.com', 450, 'Rua 79', 'Num 858', 'Cidade 14', 'Estado 73', 'Bairro 65');
INSERT INTO CLIENTE (CPF, NOME, EMAIL, PONTOS_CRM, RUA, NUM, CIDADE, ESTADO, BAIRRO) VALUES ('199.175.747-86', 'Cliente 0132', 'cliente0132@gmail.com', 753, 'Rua 55', 'Num 643', 'Cidade 14', 'Estado 90', 'Bairro 28');
INSERT INTO CLIENTE (CPF, NOME, EMAIL, PONTOS_CRM, RUA, NUM, CIDADE, ESTADO, BAIRRO) VALUES ('278.642.871-15', 'Cliente 0133', 'cliente0133@gmail.com', 412, 'Rua 71', 'Num 619', 'Cidade 13', 'Estado 91', 'Bairro 83');
INSERT INTO CLIENTE (CPF, NOME, EMAIL, PONTOS_CRM, RUA, NUM, CIDADE, ESTADO, BAIRRO) VALUES ('672.269.554-98', 'Cliente 0134', 'cliente0134@gmail.com', 694, 'Rua 60', 'Num 232', 'Cidade 31', 'Estado 27', 'Bairro 59');
INSERT INTO CLIENTE (CPF, NOME, EMAIL, PONTOS_CRM, RUA, NUM, CIDADE, ESTADO, BAIRRO) VALUES ('988.987.426-95', 'Cliente 0135', 'cliente0135@gmail.com', 89, 'Rua 52', 'Num 340', 'Cidade 24', 'Estado 20', 'Bairro 44');
INSERT INTO CLIENTE (CPF, NOME, EMAIL, PONTOS_CRM, RUA, NUM, CIDADE, ESTADO, BAIRRO) VALUES ('114.770.438-47', 'Cliente 0136', 'cliente0136@gmail.com', 1335, 'Rua 71', 'Num 125', 'Cidade 50', 'Estado 90', 'Bairro 32');
INSERT INTO CLIENTE (CPF, NOME, EMAIL, PONTOS_CRM, RUA, NUM, CIDADE, ESTADO, BAIRRO) VALUES ('878.913.550-26', 'Cliente 0137', 'cliente0137@gmail.com', 68, 'Rua 87', 'Num 938', 'Cidade 20', 'Estado 83', 'Bairro 33');
INSERT INTO CLIENTE (CPF, NOME, EMAIL, PONTOS_CRM, RUA, NUM, CIDADE, ESTADO, BAIRRO) VALUES ('660.623.133-98', 'Cliente 0138', 'cliente0138@gmail.com', 905, 'Rua 71', 'Num 104', 'Cidade 12', 'Estado 22', 'Bairro 47');
INSERT INTO CLIENTE (CPF, NOME, EMAIL, PONTOS_CRM, RUA, NUM, CIDADE, ESTADO, BAIRRO) VALUES ('749.630.750-16', 'Cliente 0139', 'cliente0139@gmail.com', 218, 'Rua 79', 'Num 149', 'Cidade 14', 'Estado 86', 'Bairro 10');
INSERT INTO CLIENTE (CPF, NOME, EMAIL, PONTOS_CRM, RUA, NUM, CIDADE, ESTADO, BAIRRO) VALUES ('554.575.833-27', 'Cliente 0140', 'cliente0140@gmail.com', 717, 'Rua 21', 'Num 966', 'Cidade 29', 'Estado 97', 'Bairro 75');
INSERT INTO CLIENTE (CPF, NOME, EMAIL, PONTOS_CRM, RUA, NUM, CIDADE, ESTADO, BAIRRO) VALUES ('274.299.512-54', 'Cliente 0141', 'cliente0141@gmail.com', 1630, 'Rua 65', 'Num 956', 'Cidade 39', 'Estado 50', 'Bairro 23');
INSERT INTO CLIENTE (CPF, NOME, EMAIL, PONTOS_CRM, RUA, NUM, CIDADE, ESTADO, BAIRRO) VALUES ('925.170.586-97', 'Cliente 0142', 'cliente0142@gmail.com', 421, 'Rua 19', 'Num 741', 'Cidade 46', 'Estado 22', 'Bairro 22');
INSERT INTO CLIENTE (CPF, NOME, EMAIL, PONTOS_CRM, RUA, NUM, CIDADE, ESTADO, BAIRRO) VALUES ('837.382.438-57', 'Cliente 0143', 'cliente0143@gmail.com', 840, 'Rua 98', 'Num 115', 'Cidade 77', 'Estado 39', 'Bairro 65');
INSERT INTO CLIENTE (CPF, NOME, EMAIL, PONTOS_CRM, RUA, NUM, CIDADE, ESTADO, BAIRRO) VALUES ('313.679.752-66', 'Cliente 0144', 'cliente0144@gmail.com', 225, 'Rua 66', 'Num 614', 'Cidade 92', 'Estado 53', 'Bairro 62');
INSERT INTO CLIENTE (CPF, NOME, EMAIL, PONTOS_CRM, RUA, NUM, CIDADE, ESTADO, BAIRRO) VALUES ('454.540.849-67', 'Cliente 0145', 'cliente0145@gmail.com', 515, 'Rua 35', 'Num 831', 'Cidade 69', 'Estado 26', 'Bairro 95');
INSERT INTO CLIENTE (CPF, NOME, EMAIL, PONTOS_CRM, RUA, NUM, CIDADE, ESTADO, BAIRRO) VALUES ('274.552.158-82', 'Cliente 0146', 'cliente0146@gmail.com', 965, 'Rua 70', 'Num 791', 'Cidade 29', 'Estado 84', 'Bairro 33');
INSERT INTO CLIENTE (CPF, NOME, EMAIL, PONTOS_CRM, RUA, NUM, CIDADE, ESTADO, BAIRRO) VALUES ('984.361.361-10', 'Cliente 0147', 'cliente0147@gmail.com', 1249, 'Rua 46', 'Num 354', 'Cidade 15', 'Estado 64', 'Bairro 82');
INSERT INTO CLIENTE (CPF, NOME, EMAIL, PONTOS_CRM, RUA, NUM, CIDADE, ESTADO, BAIRRO) VALUES ('885.825.982-74', 'Cliente 0148', 'cliente0148@gmail.com', 936, 'Rua 92', 'Num 603', 'Cidade 75', 'Estado 62', 'Bairro 69');
INSERT INTO CLIENTE (CPF, NOME, EMAIL, PONTOS_CRM, RUA, NUM, CIDADE, ESTADO, BAIRRO) VALUES ('398.409.486-98', 'Cliente 0149', 'cliente0149@gmail.com', 1645, 'Rua 88', 'Num 588', 'Cidade 48', 'Estado 83', 'Bairro 41');
INSERT INTO CLIENTE (CPF, NOME, EMAIL, PONTOS_CRM, RUA, NUM, CIDADE, ESTADO, BAIRRO) VALUES ('904.373.780-26', 'Cliente 0150', 'cliente0150@gmail.com', 693, 'Rua 95', 'Num 893', 'Cidade 78', 'Estado 86', 'Bairro 55');
INSERT INTO CLIENTE (CPF, NOME, EMAIL, PONTOS_CRM, RUA, NUM, CIDADE, ESTADO, BAIRRO) VALUES ('552.435.577-30', 'Cliente 0151', 'cliente0151@gmail.com', 1104, 'Rua 41', 'Num 904', 'Cidade 95', 'Estado 11', 'Bairro 15');
INSERT INTO CLIENTE (CPF, NOME, EMAIL, PONTOS_CRM, RUA, NUM, CIDADE, ESTADO, BAIRRO) VALUES ('461.778.436-22', 'Cliente 0152', 'cliente0152@gmail.com', 573, 'Rua 60', 'Num 46', 'Cidade 27', 'Estado 68', 'Bairro 35');
INSERT INTO CLIENTE (CPF, NOME, EMAIL, PONTOS_CRM, RUA, NUM, CIDADE, ESTADO, BAIRRO) VALUES ('512.842.989-52', 'Cliente 0153', 'cliente0153@gmail.com', 830, 'Rua 27', 'Num 398', 'Cidade 93', 'Estado 76', 'Bairro 79');
INSERT INTO CLIENTE (CPF, NOME, EMAIL, PONTOS_CRM, RUA, NUM, CIDADE, ESTADO, BAIRRO) VALUES ('995.115.225-67', 'Cliente 0154', 'cliente0154@gmail.com', 283, 'Rua 92', 'Num 510', 'Cidade 53', 'Estado 72', 'Bairro 25');
INSERT INTO CLIENTE (CPF, NOME, EMAIL, PONTOS_CRM, RUA, NUM, CIDADE, ESTADO, BAIRRO) VALUES ('261.488.561-38', 'Cliente 0155', 'cliente0155@gmail.com', 1121, 'Rua 86', 'Num 349', 'Cidade 92', 'Estado 22', 'Bairro 97');
INSERT INTO CLIENTE (CPF, NOME, EMAIL, PONTOS_CRM, RUA, NUM, CIDADE, ESTADO, BAIRRO) VALUES ('601.799.423-81', 'Cliente 0156', 'cliente0156@gmail.com', 1988, 'Rua 79', 'Num 995', 'Cidade 54', 'Estado 98', 'Bairro 96');
INSERT INTO CLIENTE (CPF, NOME, EMAIL, PONTOS_CRM, RUA, NUM, CIDADE, ESTADO, BAIRRO) VALUES ('978.964.950-91', 'Cliente 0157', 'cliente0157@gmail.com', 1254, 'Rua 68', 'Num 221', 'Cidade 29', 'Estado 79', 'Bairro 37');
INSERT INTO CLIENTE (CPF, NOME, EMAIL, PONTOS_CRM, RUA, NUM, CIDADE, ESTADO, BAIRRO) VALUES ('788.160.523-91', 'Cliente 0158', 'cliente0158@gmail.com', 1804, 'Rua 27', 'Num 305', 'Cidade 60', 'Estado 94', 'Bairro 95');
INSERT INTO CLIENTE (CPF, NOME, EMAIL, PONTOS_CRM, RUA, NUM, CIDADE, ESTADO, BAIRRO) VALUES ('808.204.499-16', 'Cliente 0159', 'cliente0159@gmail.com', 1570, 'Rua 46', 'Num 979', 'Cidade 47', 'Estado 32', 'Bairro 66');
INSERT INTO CLIENTE (CPF, NOME, EMAIL, PONTOS_CRM, RUA, NUM, CIDADE, ESTADO, BAIRRO) VALUES ('559.414.428-12', 'Cliente 0160', 'cliente0160@gmail.com', 1991, 'Rua 45', 'Num 687', 'Cidade 38', 'Estado 50', 'Bairro 50');
INSERT INTO CLIENTE (CPF, NOME, EMAIL, PONTOS_CRM, RUA, NUM, CIDADE, ESTADO, BAIRRO) VALUES ('203.159.580-89', 'Cliente 0161', 'cliente0161@gmail.com', 444, 'Rua 13', 'Num 528', 'Cidade 39', 'Estado 64', 'Bairro 52');
INSERT INTO CLIENTE (CPF, NOME, EMAIL, PONTOS_CRM, RUA, NUM, CIDADE, ESTADO, BAIRRO) VALUES ('219.597.792-15', 'Cliente 0162', 'cliente0162@gmail.com', 1727, 'Rua 90', 'Num 384', 'Cidade 46', 'Estado 87', 'Bairro 76');
INSERT INTO CLIENTE (CPF, NOME, EMAIL, PONTOS_CRM, RUA, NUM, CIDADE, ESTADO, BAIRRO) VALUES ('618.259.441-46', 'Cliente 0163', 'cliente0163@gmail.com', 1795, 'Rua 41', 'Num 297', 'Cidade 62', 'Estado 65', 'Bairro 46');
INSERT INTO CLIENTE (CPF, NOME, EMAIL, PONTOS_CRM, RUA, NUM, CIDADE, ESTADO, BAIRRO) VALUES ('578.283.685-41', 'Cliente 0164', 'cliente0164@gmail.com', 1812, 'Rua 91', 'Num 178', 'Cidade 18', 'Estado 15', 'Bairro 26');
INSERT INTO CLIENTE (CPF, NOME, EMAIL, PONTOS_CRM, RUA, NUM, CIDADE, ESTADO, BAIRRO) VALUES ('307.714.944-55', 'Cliente 0165', 'cliente0165@gmail.com', 1265, 'Rua 19', 'Num 660', 'Cidade 32', 'Estado 67', 'Bairro 13');
INSERT INTO CLIENTE (CPF, NOME, EMAIL, PONTOS_CRM, RUA, NUM, CIDADE, ESTADO, BAIRRO) VALUES ('422.492.949-34', 'Cliente 0166', 'cliente0166@gmail.com', 279, 'Rua 64', 'Num 895', 'Cidade 43', 'Estado 76', 'Bairro 82');
INSERT INTO CLIENTE (CPF, NOME, EMAIL, PONTOS_CRM, RUA, NUM, CIDADE, ESTADO, BAIRRO) VALUES ('243.726.922-54', 'Cliente 0167', 'cliente0167@gmail.com', 280, 'Rua 92', 'Num 203', 'Cidade 27', 'Estado 70', 'Bairro 73');
INSERT INTO CLIENTE (CPF, NOME, EMAIL, PONTOS_CRM, RUA, NUM, CIDADE, ESTADO, BAIRRO) VALUES ('965.871.972-14', 'Cliente 0168', 'cliente0168@gmail.com', 973, 'Rua 59', 'Num 928', 'Cidade 91', 'Estado 65', 'Bairro 10');
INSERT INTO CLIENTE (CPF, NOME, EMAIL, PONTOS_CRM, RUA, NUM, CIDADE, ESTADO, BAIRRO) VALUES ('340.766.948-90', 'Cliente 0169', 'cliente0169@gmail.com', 865, 'Rua 63', 'Num 42', 'Cidade 44', 'Estado 10', 'Bairro 29');
INSERT INTO CLIENTE (CPF, NOME, EMAIL, PONTOS_CRM, RUA, NUM, CIDADE, ESTADO, BAIRRO) VALUES ('491.143.614-72', 'Cliente 0170', 'cliente0170@gmail.com', 248, 'Rua 66', 'Num 175', 'Cidade 92', 'Estado 14', 'Bairro 17');
INSERT INTO CLIENTE (CPF, NOME, EMAIL, PONTOS_CRM, RUA, NUM, CIDADE, ESTADO, BAIRRO) VALUES ('470.848.759-26', 'Cliente 0171', 'cliente0171@gmail.com', 196, 'Rua 96', 'Num 483', 'Cidade 91', 'Estado 39', 'Bairro 85');
INSERT INTO CLIENTE (CPF, NOME, EMAIL, PONTOS_CRM, RUA, NUM, CIDADE, ESTADO, BAIRRO) VALUES ('399.975.470-32', 'Cliente 0172', 'cliente0172@gmail.com', 922, 'Rua 15', 'Num 630', 'Cidade 33', 'Estado 92', 'Bairro 18');
INSERT INTO CLIENTE (CPF, NOME, EMAIL, PONTOS_CRM, RUA, NUM, CIDADE, ESTADO, BAIRRO) VALUES ('877.191.950-75', 'Cliente 0173', 'cliente0173@gmail.com', 925, 'Rua 46', 'Num 119', 'Cidade 19', 'Estado 23', 'Bairro 81');
INSERT INTO CLIENTE (CPF, NOME, EMAIL, PONTOS_CRM, RUA, NUM, CIDADE, ESTADO, BAIRRO) VALUES ('195.709.899-46', 'Cliente 0174', 'cliente0174@gmail.com', 743, 'Rua 85', 'Num 287', 'Cidade 68', 'Estado 80', 'Bairro 35');
INSERT INTO CLIENTE (CPF, NOME, EMAIL, PONTOS_CRM, RUA, NUM, CIDADE, ESTADO, BAIRRO) VALUES ('267.964.998-63', 'Cliente 0175', 'cliente0175@gmail.com', 1435, 'Rua 66', 'Num 573', 'Cidade 99', 'Estado 26', 'Bairro 22');
INSERT INTO CLIENTE (CPF, NOME, EMAIL, PONTOS_CRM, RUA, NUM, CIDADE, ESTADO, BAIRRO) VALUES ('357.534.358-43', 'Cliente 0176', 'cliente0176@gmail.com', 1353, 'Rua 97', 'Num 353', 'Cidade 80', 'Estado 87', 'Bairro 44');
INSERT INTO CLIENTE (CPF, NOME, EMAIL, PONTOS_CRM, RUA, NUM, CIDADE, ESTADO, BAIRRO) VALUES ('447.234.141-47', 'Cliente 0177', 'cliente0177@gmail.com', 913, 'Rua 27', 'Num 319', 'Cidade 75', 'Estado 29', 'Bairro 67');
INSERT INTO CLIENTE (CPF, NOME, EMAIL, PONTOS_CRM, RUA, NUM, CIDADE, ESTADO, BAIRRO) VALUES ('516.981.460-17', 'Cliente 0178', 'cliente0178@gmail.com', 1343, 'Rua 65', 'Num 889', 'Cidade 19', 'Estado 10', 'Bairro 38');
INSERT INTO CLIENTE (CPF, NOME, EMAIL, PONTOS_CRM, RUA, NUM, CIDADE, ESTADO, BAIRRO) VALUES ('405.845.108-10', 'Cliente 0179', 'cliente0179@gmail.com', 1195, 'Rua 41', 'Num 89', 'Cidade 85', 'Estado 80', 'Bairro 19');
INSERT INTO CLIENTE (CPF, NOME, EMAIL, PONTOS_CRM, RUA, NUM, CIDADE, ESTADO, BAIRRO) VALUES ('952.533.473-44', 'Cliente 0180', 'cliente0180@gmail.com', 1137, 'Rua 71', 'Num 912', 'Cidade 67', 'Estado 20', 'Bairro 57');
INSERT INTO CLIENTE (CPF, NOME, EMAIL, PONTOS_CRM, RUA, NUM, CIDADE, ESTADO, BAIRRO) VALUES ('201.647.484-94', 'Cliente 0181', 'cliente0181@gmail.com', 1478, 'Rua 99', 'Num 802', 'Cidade 31', 'Estado 37', 'Bairro 26');
INSERT INTO CLIENTE (CPF, NOME, EMAIL, PONTOS_CRM, RUA, NUM, CIDADE, ESTADO, BAIRRO) VALUES ('348.604.770-29', 'Cliente 0182', 'cliente0182@gmail.com', 1563, 'Rua 22', 'Num 619', 'Cidade 85', 'Estado 40', 'Bairro 64');
INSERT INTO CLIENTE (CPF, NOME, EMAIL, PONTOS_CRM, RUA, NUM, CIDADE, ESTADO, BAIRRO) VALUES ('419.313.506-19', 'Cliente 0183', 'cliente0183@gmail.com', 1310, 'Rua 12', 'Num 518', 'Cidade 46', 'Estado 26', 'Bairro 66');
INSERT INTO CLIENTE (CPF, NOME, EMAIL, PONTOS_CRM, RUA, NUM, CIDADE, ESTADO, BAIRRO) VALUES ('133.883.128-93', 'Cliente 0184', 'cliente0184@gmail.com', 1775, 'Rua 62', 'Num 240', 'Cidade 97', 'Estado 57', 'Bairro 92');
INSERT INTO CLIENTE (CPF, NOME, EMAIL, PONTOS_CRM, RUA, NUM, CIDADE, ESTADO, BAIRRO) VALUES ('471.353.808-53', 'Cliente 0185', 'cliente0185@gmail.com', 1229, 'Rua 98', 'Num 194', 'Cidade 14', 'Estado 23', 'Bairro 77');
INSERT INTO CLIENTE (CPF, NOME, EMAIL, PONTOS_CRM, RUA, NUM, CIDADE, ESTADO, BAIRRO) VALUES ('575.619.880-22', 'Cliente 0186', 'cliente0186@gmail.com', 1343, 'Rua 34', 'Num 669', 'Cidade 16', 'Estado 20', 'Bairro 35');
INSERT INTO CLIENTE (CPF, NOME, EMAIL, PONTOS_CRM, RUA, NUM, CIDADE, ESTADO, BAIRRO) VALUES ('909.466.702-67', 'Cliente 0187', 'cliente0187@gmail.com', 718, 'Rua 33', 'Num 725', 'Cidade 26', 'Estado 47', 'Bairro 17');
INSERT INTO CLIENTE (CPF, NOME, EMAIL, PONTOS_CRM, RUA, NUM, CIDADE, ESTADO, BAIRRO) VALUES ('760.668.726-59', 'Cliente 0188', 'cliente0188@gmail.com', 140, 'Rua 94', 'Num 809', 'Cidade 95', 'Estado 72', 'Bairro 96');
INSERT INTO CLIENTE (CPF, NOME, EMAIL, PONTOS_CRM, RUA, NUM, CIDADE, ESTADO, BAIRRO) VALUES ('850.826.722-11', 'Cliente 0189', 'cliente0189@gmail.com', 1609, 'Rua 59', 'Num 18', 'Cidade 64', 'Estado 92', 'Bairro 76');
INSERT INTO CLIENTE (CPF, NOME, EMAIL, PONTOS_CRM, RUA, NUM, CIDADE, ESTADO, BAIRRO) VALUES ('446.200.989-60', 'Cliente 0190', 'cliente0190@gmail.com', 1993, 'Rua 86', 'Num 43', 'Cidade 58', 'Estado 78', 'Bairro 24');
INSERT INTO CLIENTE (CPF, NOME, EMAIL, PONTOS_CRM, RUA, NUM, CIDADE, ESTADO, BAIRRO) VALUES ('535.375.736-56', 'Cliente 0191', 'cliente0191@gmail.com', 179, 'Rua 41', 'Num 145', 'Cidade 23', 'Estado 93', 'Bairro 44');
INSERT INTO CLIENTE (CPF, NOME, EMAIL, PONTOS_CRM, RUA, NUM, CIDADE, ESTADO, BAIRRO) VALUES ('470.370.668-27', 'Cliente 0192', 'cliente0192@gmail.com', 1808, 'Rua 38', 'Num 789', 'Cidade 33', 'Estado 36', 'Bairro 75');
INSERT INTO CLIENTE (CPF, NOME, EMAIL, PONTOS_CRM, RUA, NUM, CIDADE, ESTADO, BAIRRO) VALUES ('563.352.703-33', 'Cliente 0193', 'cliente0193@gmail.com', 484, 'Rua 24', 'Num 35', 'Cidade 38', 'Estado 20', 'Bairro 92');
INSERT INTO CLIENTE (CPF, NOME, EMAIL, PONTOS_CRM, RUA, NUM, CIDADE, ESTADO, BAIRRO) VALUES ('997.502.778-78', 'Cliente 0194', 'cliente0194@gmail.com', 1939, 'Rua 42', 'Num 118', 'Cidade 84', 'Estado 79', 'Bairro 83');
INSERT INTO CLIENTE (CPF, NOME, EMAIL, PONTOS_CRM, RUA, NUM, CIDADE, ESTADO, BAIRRO) VALUES ('631.615.245-23', 'Cliente 0195', 'cliente0195@gmail.com', 1138, 'Rua 62', 'Num 309', 'Cidade 100', 'Estado 76', 'Bairro 27');
INSERT INTO CLIENTE (CPF, NOME, EMAIL, PONTOS_CRM, RUA, NUM, CIDADE, ESTADO, BAIRRO) VALUES ('132.465.527-65', 'Cliente 0196', 'cliente0196@gmail.com', 28, 'Rua 41', 'Num 858', 'Cidade 69', 'Estado 43', 'Bairro 40');
INSERT INTO CLIENTE (CPF, NOME, EMAIL, PONTOS_CRM, RUA, NUM, CIDADE, ESTADO, BAIRRO) VALUES ('207.982.708-52', 'Cliente 0197', 'cliente0197@gmail.com', 403, 'Rua 12', 'Num 189', 'Cidade 76', 'Estado 53', 'Bairro 48');
INSERT INTO CLIENTE (CPF, NOME, EMAIL, PONTOS_CRM, RUA, NUM, CIDADE, ESTADO, BAIRRO) VALUES ('781.485.160-38', 'Cliente 0198', 'cliente0198@gmail.com', 1961, 'Rua 40', 'Num 210', 'Cidade 29', 'Estado 17', 'Bairro 67');
INSERT INTO CLIENTE (CPF, NOME, EMAIL, PONTOS_CRM, RUA, NUM, CIDADE, ESTADO, BAIRRO) VALUES ('651.660.431-67', 'Cliente 0199', 'cliente0199@gmail.com', 444, 'Rua 29', 'Num 492', 'Cidade 88', 'Estado 91', 'Bairro 90');


------ TELEFONE_CLIENTE ------

INSERT INTO TELEFONE_CLIENTE (CPF_CLIENTE, TELEFONE) VALUES ('699.848.303-80', '(66) 91418-9421');
INSERT INTO TELEFONE_CLIENTE (CPF_CLIENTE, TELEFONE) VALUES ('738.838.708-35', '(93) 91561-4760');
INSERT INTO TELEFONE_CLIENTE (CPF_CLIENTE, TELEFONE) VALUES ('190.819.118-90', '(74) 93949-7179');
INSERT INTO TELEFONE_CLIENTE (CPF_CLIENTE, TELEFONE) VALUES ('496.206.831-25', '(11) 92095-3156');
INSERT INTO TELEFONE_CLIENTE (CPF_CLIENTE, TELEFONE) VALUES ('942.802.419-30', '(86) 98216-2049');
INSERT INTO TELEFONE_CLIENTE (CPF_CLIENTE, TELEFONE) VALUES ('345.335.248-26', '(83) 92257-6270');
INSERT INTO TELEFONE_CLIENTE (CPF_CLIENTE, TELEFONE) VALUES ('438.176.463-87', '(95) 98405-5052');
INSERT INTO TELEFONE_CLIENTE (CPF_CLIENTE, TELEFONE) VALUES ('978.964.950-91', '(48) 90655-6984');
INSERT INTO TELEFONE_CLIENTE (CPF_CLIENTE, TELEFONE) VALUES ('124.859.897-96', '(45) 92703-8548');
INSERT INTO TELEFONE_CLIENTE (CPF_CLIENTE, TELEFONE) VALUES ('199.175.747-86', '(60) 99088-5106');
INSERT INTO TELEFONE_CLIENTE (CPF_CLIENTE, TELEFONE) VALUES ('660.623.133-98', '(63) 90952-6902');
INSERT INTO TELEFONE_CLIENTE (CPF_CLIENTE, TELEFONE) VALUES ('786.847.785-76', '(37) 96450-8008');
INSERT INTO TELEFONE_CLIENTE (CPF_CLIENTE, TELEFONE) VALUES ('803.667.483-15', '(32) 96908-8426');
INSERT INTO TELEFONE_CLIENTE (CPF_CLIENTE, TELEFONE) VALUES ('595.154.588-11', '(78) 97964-6361');
INSERT INTO TELEFONE_CLIENTE (CPF_CLIENTE, TELEFONE) VALUES ('267.964.998-63', '(45) 99340-8222');
INSERT INTO TELEFONE_CLIENTE (CPF_CLIENTE, TELEFONE) VALUES ('137.230.896-68', '(19) 98005-5808');
INSERT INTO TELEFONE_CLIENTE (CPF_CLIENTE, TELEFONE) VALUES ('552.435.577-30', '(34) 99255-7003');
INSERT INTO TELEFONE_CLIENTE (CPF_CLIENTE, TELEFONE) VALUES ('563.352.703-33', '(87) 98560-4117');
INSERT INTO TELEFONE_CLIENTE (CPF_CLIENTE, TELEFONE) VALUES ('607.767.329-44', '(77) 94375-6234');
INSERT INTO TELEFONE_CLIENTE (CPF_CLIENTE, TELEFONE) VALUES ('470.370.668-27', '(20) 94549-2726');
INSERT INTO TELEFONE_CLIENTE (CPF_CLIENTE, TELEFONE) VALUES ('316.644.584-31', '(43) 98846-5272');
INSERT INTO TELEFONE_CLIENTE (CPF_CLIENTE, TELEFONE) VALUES ('550.695.397-32', '(75) 90795-4232');
INSERT INTO TELEFONE_CLIENTE (CPF_CLIENTE, TELEFONE) VALUES ('275.873.422-83', '(27) 94765-6947');
INSERT INTO TELEFONE_CLIENTE (CPF_CLIENTE, TELEFONE) VALUES ('270.590.364-81', '(81) 97714-7705');
INSERT INTO TELEFONE_CLIENTE (CPF_CLIENTE, TELEFONE) VALUES ('578.283.685-41', '(20) 97347-7087');
INSERT INTO TELEFONE_CLIENTE (CPF_CLIENTE, TELEFONE) VALUES ('897.548.835-10', '(57) 97137-2884');
INSERT INTO TELEFONE_CLIENTE (CPF_CLIENTE, TELEFONE) VALUES ('274.552.158-82', '(55) 95479-3154');
INSERT INTO TELEFONE_CLIENTE (CPF_CLIENTE, TELEFONE) VALUES ('229.350.394-46', '(28) 97218-1956');
INSERT INTO TELEFONE_CLIENTE (CPF_CLIENTE, TELEFONE) VALUES ('552.859.854-21', '(80) 99330-1706');
INSERT INTO TELEFONE_CLIENTE (CPF_CLIENTE, TELEFONE) VALUES ('760.668.726-59', '(66) 91267-9727');
INSERT INTO TELEFONE_CLIENTE (CPF_CLIENTE, TELEFONE) VALUES ('405.845.108-10', '(93) 90199-1019');
INSERT INTO TELEFONE_CLIENTE (CPF_CLIENTE, TELEFONE) VALUES ('607.767.329-44', '(35) 95005-9921');
INSERT INTO TELEFONE_CLIENTE (CPF_CLIENTE, TELEFONE) VALUES ('425.809.775-98', '(98) 96918-6527');
INSERT INTO TELEFONE_CLIENTE (CPF_CLIENTE, TELEFONE) VALUES ('453.418.225-12', '(87) 99792-4813');
INSERT INTO TELEFONE_CLIENTE (CPF_CLIENTE, TELEFONE) VALUES ('535.375.736-56', '(77) 97488-7315');
INSERT INTO TELEFONE_CLIENTE (CPF_CLIENTE, TELEFONE) VALUES ('828.476.544-64', '(21) 93222-2601');
INSERT INTO TELEFONE_CLIENTE (CPF_CLIENTE, TELEFONE) VALUES ('371.187.415-92', '(48) 91590-1750');
INSERT INTO TELEFONE_CLIENTE (CPF_CLIENTE, TELEFONE) VALUES ('357.534.358-43', '(44) 95633-4144');
INSERT INTO TELEFONE_CLIENTE (CPF_CLIENTE, TELEFONE) VALUES ('340.766.948-90', '(66) 91686-8040');
INSERT INTO TELEFONE_CLIENTE (CPF_CLIENTE, TELEFONE) VALUES ('518.959.505-67', '(92) 97416-7785');
INSERT INTO TELEFONE_CLIENTE (CPF_CLIENTE, TELEFONE) VALUES ('330.698.498-47', '(11) 92679-9486');
INSERT INTO TELEFONE_CLIENTE (CPF_CLIENTE, TELEFONE) VALUES ('849.814.464-26', '(25) 97613-4800');
INSERT INTO TELEFONE_CLIENTE (CPF_CLIENTE, TELEFONE) VALUES ('710.282.990-21', '(96) 99219-5916');
INSERT INTO TELEFONE_CLIENTE (CPF_CLIENTE, TELEFONE) VALUES ('907.226.459-97', '(74) 92447-3819');
INSERT INTO TELEFONE_CLIENTE (CPF_CLIENTE, TELEFONE) VALUES ('317.686.848-84', '(96) 99444-2904');
INSERT INTO TELEFONE_CLIENTE (CPF_CLIENTE, TELEFONE) VALUES ('547.647.786-67', '(68) 93849-6369');
INSERT INTO TELEFONE_CLIENTE (CPF_CLIENTE, TELEFONE) VALUES ('438.176.463-87', '(93) 92335-9075');
INSERT INTO TELEFONE_CLIENTE (CPF_CLIENTE, TELEFONE) VALUES ('441.855.641-56', '(93) 97193-3465');
INSERT INTO TELEFONE_CLIENTE (CPF_CLIENTE, TELEFONE) VALUES ('850.826.722-11', '(44) 96685-2924');
INSERT INTO TELEFONE_CLIENTE (CPF_CLIENTE, TELEFONE) VALUES ('975.573.326-91', '(28) 99817-5203');
INSERT INTO TELEFONE_CLIENTE (CPF_CLIENTE, TELEFONE) VALUES ('404.312.776-58', '(18) 90477-9717');
INSERT INTO TELEFONE_CLIENTE (CPF_CLIENTE, TELEFONE) VALUES ('988.987.426-95', '(48) 91642-1620');
INSERT INTO TELEFONE_CLIENTE (CPF_CLIENTE, TELEFONE) VALUES ('995.916.840-94', '(89) 90665-1360');
INSERT INTO TELEFONE_CLIENTE (CPF_CLIENTE, TELEFONE) VALUES ('137.230.896-68', '(80) 97333-7549');
INSERT INTO TELEFONE_CLIENTE (CPF_CLIENTE, TELEFONE) VALUES ('447.234.141-47', '(79) 97444-5893');
INSERT INTO TELEFONE_CLIENTE (CPF_CLIENTE, TELEFONE) VALUES ('295.526.990-31', '(45) 93821-6516');
INSERT INTO TELEFONE_CLIENTE (CPF_CLIENTE, TELEFONE) VALUES ('454.540.849-67', '(18) 93458-7971');
INSERT INTO TELEFONE_CLIENTE (CPF_CLIENTE, TELEFONE) VALUES ('925.170.586-97', '(78) 98964-7527');
INSERT INTO TELEFONE_CLIENTE (CPF_CLIENTE, TELEFONE) VALUES ('275.873.422-83', '(38) 94433-4548');
INSERT INTO TELEFONE_CLIENTE (CPF_CLIENTE, TELEFONE) VALUES ('447.234.141-47', '(62) 95205-7592');
INSERT INTO TELEFONE_CLIENTE (CPF_CLIENTE, TELEFONE) VALUES ('454.802.717-62', '(81) 96517-3198');
INSERT INTO TELEFONE_CLIENTE (CPF_CLIENTE, TELEFONE) VALUES ('552.859.854-21', '(32) 92591-3641');
INSERT INTO TELEFONE_CLIENTE (CPF_CLIENTE, TELEFONE) VALUES ('939.753.484-60', '(84) 95827-9190');
INSERT INTO TELEFONE_CLIENTE (CPF_CLIENTE, TELEFONE) VALUES ('867.691.419-29', '(40) 92269-1801');
INSERT INTO TELEFONE_CLIENTE (CPF_CLIENTE, TELEFONE) VALUES ('999.578.146-10', '(73) 92253-6714');
INSERT INTO TELEFONE_CLIENTE (CPF_CLIENTE, TELEFONE) VALUES ('869.421.501-48', '(68) 90994-5489');
INSERT INTO TELEFONE_CLIENTE (CPF_CLIENTE, TELEFONE) VALUES ('278.642.871-15', '(36) 97869-5607');
INSERT INTO TELEFONE_CLIENTE (CPF_CLIENTE, TELEFONE) VALUES ('403.903.959-64', '(22) 96915-5196');
INSERT INTO TELEFONE_CLIENTE (CPF_CLIENTE, TELEFONE) VALUES ('386.619.343-81', '(33) 98544-2164');
INSERT INTO TELEFONE_CLIENTE (CPF_CLIENTE, TELEFONE) VALUES ('601.799.423-81', '(78) 92539-8317');
INSERT INTO TELEFONE_CLIENTE (CPF_CLIENTE, TELEFONE) VALUES ('243.726.922-54', '(15) 98104-7774');
INSERT INTO TELEFONE_CLIENTE (CPF_CLIENTE, TELEFONE) VALUES ('563.352.703-33', '(34) 93344-2163');
INSERT INTO TELEFONE_CLIENTE (CPF_CLIENTE, TELEFONE) VALUES ('942.802.419-30', '(72) 98687-6732');
INSERT INTO TELEFONE_CLIENTE (CPF_CLIENTE, TELEFONE) VALUES ('330.520.551-62', '(14) 99107-6749');
INSERT INTO TELEFONE_CLIENTE (CPF_CLIENTE, TELEFONE) VALUES ('893.383.957-36', '(95) 93503-7203');
INSERT INTO TELEFONE_CLIENTE (CPF_CLIENTE, TELEFONE) VALUES ('703.880.926-84', '(60) 92669-5129');
INSERT INTO TELEFONE_CLIENTE (CPF_CLIENTE, TELEFONE) VALUES ('828.476.544-64', '(52) 93567-9942');
INSERT INTO TELEFONE_CLIENTE (CPF_CLIENTE, TELEFONE) VALUES ('710.282.990-21', '(67) 91808-3368');
INSERT INTO TELEFONE_CLIENTE (CPF_CLIENTE, TELEFONE) VALUES ('218.652.726-27', '(67) 94627-9006');
INSERT INTO TELEFONE_CLIENTE (CPF_CLIENTE, TELEFONE) VALUES ('631.615.245-23', '(78) 93219-8301');
INSERT INTO TELEFONE_CLIENTE (CPF_CLIENTE, TELEFONE) VALUES ('589.860.356-50', '(60) 92297-4286');
INSERT INTO TELEFONE_CLIENTE (CPF_CLIENTE, TELEFONE) VALUES ('219.597.792-15', '(36) 96391-4232');
INSERT INTO TELEFONE_CLIENTE (CPF_CLIENTE, TELEFONE) VALUES ('320.374.690-60', '(72) 95049-9017');
INSERT INTO TELEFONE_CLIENTE (CPF_CLIENTE, TELEFONE) VALUES ('114.770.438-47', '(74) 94220-4430');
INSERT INTO TELEFONE_CLIENTE (CPF_CLIENTE, TELEFONE) VALUES ('874.607.677-37', '(12) 91788-4654');
INSERT INTO TELEFONE_CLIENTE (CPF_CLIENTE, TELEFONE) VALUES ('203.159.580-89', '(15) 93077-8613');
INSERT INTO TELEFONE_CLIENTE (CPF_CLIENTE, TELEFONE) VALUES ('470.848.759-26', '(11) 97386-7285');
INSERT INTO TELEFONE_CLIENTE (CPF_CLIENTE, TELEFONE) VALUES ('547.647.786-67', '(71) 96367-2994');
INSERT INTO TELEFONE_CLIENTE (CPF_CLIENTE, TELEFONE) VALUES ('317.982.338-55', '(51) 90419-4342');
INSERT INTO TELEFONE_CLIENTE (CPF_CLIENTE, TELEFONE) VALUES ('999.578.146-10', '(88) 93827-1079');
INSERT INTO TELEFONE_CLIENTE (CPF_CLIENTE, TELEFONE) VALUES ('320.374.690-60', '(15) 94951-7396');
INSERT INTO TELEFONE_CLIENTE (CPF_CLIENTE, TELEFONE) VALUES ('243.726.922-54', '(11) 90417-7898');
INSERT INTO TELEFONE_CLIENTE (CPF_CLIENTE, TELEFONE) VALUES ('874.607.677-37', '(24) 95491-9422');
INSERT INTO TELEFONE_CLIENTE (CPF_CLIENTE, TELEFONE) VALUES ('960.305.661-15', '(29) 98877-3004');
INSERT INTO TELEFONE_CLIENTE (CPF_CLIENTE, TELEFONE) VALUES ('244.606.740-65', '(28) 99491-2565');
INSERT INTO TELEFONE_CLIENTE (CPF_CLIENTE, TELEFONE) VALUES ('901.155.762-34', '(29) 95927-4700');
INSERT INTO TELEFONE_CLIENTE (CPF_CLIENTE, TELEFONE) VALUES ('651.214.821-84', '(93) 93246-4158');
INSERT INTO TELEFONE_CLIENTE (CPF_CLIENTE, TELEFONE) VALUES ('133.883.128-93', '(83) 91144-6237');
INSERT INTO TELEFONE_CLIENTE (CPF_CLIENTE, TELEFONE) VALUES ('766.682.890-35', '(17) 94175-1677');
INSERT INTO TELEFONE_CLIENTE (CPF_CLIENTE, TELEFONE) VALUES ('661.429.210-90', '(96) 92813-6240');
INSERT INTO TELEFONE_CLIENTE (CPF_CLIENTE, TELEFONE) VALUES ('196.774.719-85', '(42) 91435-2721');
INSERT INTO TELEFONE_CLIENTE (CPF_CLIENTE, TELEFONE) VALUES ('413.322.146-39', '(68) 92605-4993');
INSERT INTO TELEFONE_CLIENTE (CPF_CLIENTE, TELEFONE) VALUES ('752.197.954-88', '(78) 98864-8755');
INSERT INTO TELEFONE_CLIENTE (CPF_CLIENTE, TELEFONE) VALUES ('672.269.554-98', '(85) 97277-1473');
INSERT INTO TELEFONE_CLIENTE (CPF_CLIENTE, TELEFONE) VALUES ('736.515.956-80', '(41) 90077-4026');
INSERT INTO TELEFONE_CLIENTE (CPF_CLIENTE, TELEFONE) VALUES ('997.846.528-29', '(52) 96499-8971');
INSERT INTO TELEFONE_CLIENTE (CPF_CLIENTE, TELEFONE) VALUES ('133.883.128-93', '(67) 98748-9622');
INSERT INTO TELEFONE_CLIENTE (CPF_CLIENTE, TELEFONE) VALUES ('447.234.141-47', '(21) 92989-7211');
INSERT INTO TELEFONE_CLIENTE (CPF_CLIENTE, TELEFONE) VALUES ('845.804.189-66', '(64) 96248-6318');
INSERT INTO TELEFONE_CLIENTE (CPF_CLIENTE, TELEFONE) VALUES ('114.770.438-47', '(94) 93043-5773');
INSERT INTO TELEFONE_CLIENTE (CPF_CLIENTE, TELEFONE) VALUES ('965.871.972-14', '(85) 97836-7514');
INSERT INTO TELEFONE_CLIENTE (CPF_CLIENTE, TELEFONE) VALUES ('783.199.697-20', '(69) 90459-1963');
INSERT INTO TELEFONE_CLIENTE (CPF_CLIENTE, TELEFONE) VALUES ('808.204.499-16', '(12) 90100-6041');
INSERT INTO TELEFONE_CLIENTE (CPF_CLIENTE, TELEFONE) VALUES ('137.230.896-68', '(29) 95344-5744');
INSERT INTO TELEFONE_CLIENTE (CPF_CLIENTE, TELEFONE) VALUES ('885.825.982-74', '(67) 91963-3834');
INSERT INTO TELEFONE_CLIENTE (CPF_CLIENTE, TELEFONE) VALUES ('199.175.747-86', '(54) 96191-8908');
INSERT INTO TELEFONE_CLIENTE (CPF_CLIENTE, TELEFONE) VALUES ('338.190.587-64', '(54) 96398-3195');
INSERT INTO TELEFONE_CLIENTE (CPF_CLIENTE, TELEFONE) VALUES ('422.492.949-34', '(63) 98467-6765');
INSERT INTO TELEFONE_CLIENTE (CPF_CLIENTE, TELEFONE) VALUES ('404.312.776-58', '(31) 95349-8958');
INSERT INTO TELEFONE_CLIENTE (CPF_CLIENTE, TELEFONE) VALUES ('721.559.124-77', '(85) 98143-6957');
INSERT INTO TELEFONE_CLIENTE (CPF_CLIENTE, TELEFONE) VALUES ('114.770.438-47', '(38) 91746-6279');
INSERT INTO TELEFONE_CLIENTE (CPF_CLIENTE, TELEFONE) VALUES ('454.540.849-67', '(85) 92338-1827');
INSERT INTO TELEFONE_CLIENTE (CPF_CLIENTE, TELEFONE) VALUES ('907.226.459-97', '(68) 96213-1215');
INSERT INTO TELEFONE_CLIENTE (CPF_CLIENTE, TELEFONE) VALUES ('796.226.414-29', '(29) 98773-2271');
INSERT INTO TELEFONE_CLIENTE (CPF_CLIENTE, TELEFONE) VALUES ('313.679.752-66', '(23) 91814-5471');
INSERT INTO TELEFONE_CLIENTE (CPF_CLIENTE, TELEFONE) VALUES ('513.153.617-59', '(96) 95884-2551');
INSERT INTO TELEFONE_CLIENTE (CPF_CLIENTE, TELEFONE) VALUES ('513.153.617-59', '(41) 98652-5681');
INSERT INTO TELEFONE_CLIENTE (CPF_CLIENTE, TELEFONE) VALUES ('513.153.617-59', '(53) 91517-1445');
INSERT INTO TELEFONE_CLIENTE (CPF_CLIENTE, TELEFONE) VALUES ('703.726.733-43', '(88) 96031-6083');
INSERT INTO TELEFONE_CLIENTE (CPF_CLIENTE, TELEFONE) VALUES ('199.175.747-86', '(20) 99871-9638');
INSERT INTO TELEFONE_CLIENTE (CPF_CLIENTE, TELEFONE) VALUES ('302.894.740-39', '(86) 93320-8606');
INSERT INTO TELEFONE_CLIENTE (CPF_CLIENTE, TELEFONE) VALUES ('106.807.307-38', '(56) 98673-6998');
INSERT INTO TELEFONE_CLIENTE (CPF_CLIENTE, TELEFONE) VALUES ('470.848.759-26', '(81) 98716-2872');
INSERT INTO TELEFONE_CLIENTE (CPF_CLIENTE, TELEFONE) VALUES ('267.964.998-63', '(35) 95911-1378');
INSERT INTO TELEFONE_CLIENTE (CPF_CLIENTE, TELEFONE) VALUES ('904.373.780-26', '(72) 94736-8366');
INSERT INTO TELEFONE_CLIENTE (CPF_CLIENTE, TELEFONE) VALUES ('671.393.989-44', '(10) 96308-9909');
INSERT INTO TELEFONE_CLIENTE (CPF_CLIENTE, TELEFONE) VALUES ('317.686.848-84', '(52) 96674-8121');
INSERT INTO TELEFONE_CLIENTE (CPF_CLIENTE, TELEFONE) VALUES ('660.623.133-98', '(47) 90920-1087');
INSERT INTO TELEFONE_CLIENTE (CPF_CLIENTE, TELEFONE) VALUES ('673.325.512-11', '(40) 99036-3532');
INSERT INTO TELEFONE_CLIENTE (CPF_CLIENTE, TELEFONE) VALUES ('939.753.484-60', '(14) 91174-9504');
INSERT INTO TELEFONE_CLIENTE (CPF_CLIENTE, TELEFONE) VALUES ('470.848.759-26', '(14) 90268-9352');
INSERT INTO TELEFONE_CLIENTE (CPF_CLIENTE, TELEFONE) VALUES ('317.982.338-55', '(51) 92745-7827');
INSERT INTO TELEFONE_CLIENTE (CPF_CLIENTE, TELEFONE) VALUES ('942.802.419-30', '(60) 92939-5015');
INSERT INTO TELEFONE_CLIENTE (CPF_CLIENTE, TELEFONE) VALUES ('195.709.899-46', '(21) 99418-1754');
INSERT INTO TELEFONE_CLIENTE (CPF_CLIENTE, TELEFONE) VALUES ('942.802.419-30', '(91) 92839-5332');
INSERT INTO TELEFONE_CLIENTE (CPF_CLIENTE, TELEFONE) VALUES ('874.607.677-37', '(49) 98824-6191');
INSERT INTO TELEFONE_CLIENTE (CPF_CLIENTE, TELEFONE) VALUES ('965.871.972-14', '(83) 98553-6262');
INSERT INTO TELEFONE_CLIENTE (CPF_CLIENTE, TELEFONE) VALUES ('651.660.431-67', '(18) 93165-9736');
INSERT INTO TELEFONE_CLIENTE (CPF_CLIENTE, TELEFONE) VALUES ('939.753.484-60', '(81) 99065-5930');
INSERT INTO TELEFONE_CLIENTE (CPF_CLIENTE, TELEFONE) VALUES ('349.472.809-68', '(92) 94971-4058');
INSERT INTO TELEFONE_CLIENTE (CPF_CLIENTE, TELEFONE) VALUES ('589.860.356-50', '(78) 93574-6093');
INSERT INTO TELEFONE_CLIENTE (CPF_CLIENTE, TELEFONE) VALUES ('403.903.959-64', '(15) 94216-2658');
INSERT INTO TELEFONE_CLIENTE (CPF_CLIENTE, TELEFONE) VALUES ('176.335.138-89', '(84) 97601-4362');
INSERT INTO TELEFONE_CLIENTE (CPF_CLIENTE, TELEFONE) VALUES ('192.337.367-71', '(85) 98411-7014');
INSERT INTO TELEFONE_CLIENTE (CPF_CLIENTE, TELEFONE) VALUES ('261.488.561-38', '(94) 95642-1540');
INSERT INTO TELEFONE_CLIENTE (CPF_CLIENTE, TELEFONE) VALUES ('874.607.677-37', '(62) 96890-3473');
INSERT INTO TELEFONE_CLIENTE (CPF_CLIENTE, TELEFONE) VALUES ('124.859.897-96', '(45) 92580-2458');
INSERT INTO TELEFONE_CLIENTE (CPF_CLIENTE, TELEFONE) VALUES ('470.370.668-27', '(66) 96591-3240');
INSERT INTO TELEFONE_CLIENTE (CPF_CLIENTE, TELEFONE) VALUES ('203.159.580-89', '(61) 97645-7968');
INSERT INTO TELEFONE_CLIENTE (CPF_CLIENTE, TELEFONE) VALUES ('348.604.770-29', '(21) 98453-2129');
INSERT INTO TELEFONE_CLIENTE (CPF_CLIENTE, TELEFONE) VALUES ('796.226.414-29', '(19) 90466-6116');
INSERT INTO TELEFONE_CLIENTE (CPF_CLIENTE, TELEFONE) VALUES ('252.699.810-64', '(96) 90814-1073');
INSERT INTO TELEFONE_CLIENTE (CPF_CLIENTE, TELEFONE) VALUES ('241.281.178-32', '(46) 90105-9369');
INSERT INTO TELEFONE_CLIENTE (CPF_CLIENTE, TELEFONE) VALUES ('249.990.538-94', '(52) 91138-6153');
INSERT INTO TELEFONE_CLIENTE (CPF_CLIENTE, TELEFONE) VALUES ('942.802.419-30', '(94) 95584-1693');
INSERT INTO TELEFONE_CLIENTE (CPF_CLIENTE, TELEFONE) VALUES ('454.802.717-62', '(91) 90511-5191');
INSERT INTO TELEFONE_CLIENTE (CPF_CLIENTE, TELEFONE) VALUES ('132.465.527-65', '(16) 91543-1721');
INSERT INTO TELEFONE_CLIENTE (CPF_CLIENTE, TELEFONE) VALUES ('939.753.484-60', '(68) 98249-5641');
INSERT INTO TELEFONE_CLIENTE (CPF_CLIENTE, TELEFONE) VALUES ('241.281.178-32', '(17) 91374-5021');
INSERT INTO TELEFONE_CLIENTE (CPF_CLIENTE, TELEFONE) VALUES ('408.483.432-52', '(43) 98851-1831');
INSERT INTO TELEFONE_CLIENTE (CPF_CLIENTE, TELEFONE) VALUES ('137.230.896-68', '(57) 93678-8411');
INSERT INTO TELEFONE_CLIENTE (CPF_CLIENTE, TELEFONE) VALUES ('243.726.922-54', '(52) 93766-9415');
INSERT INTO TELEFONE_CLIENTE (CPF_CLIENTE, TELEFONE) VALUES ('132.465.527-65', '(29) 97809-5628');
INSERT INTO TELEFONE_CLIENTE (CPF_CLIENTE, TELEFONE) VALUES ('876.889.650-60', '(25) 96747-6706');
INSERT INTO TELEFONE_CLIENTE (CPF_CLIENTE, TELEFONE) VALUES ('413.322.146-39', '(34) 94568-9295');
INSERT INTO TELEFONE_CLIENTE (CPF_CLIENTE, TELEFONE) VALUES ('137.230.896-68', '(58) 96388-8748');
INSERT INTO TELEFONE_CLIENTE (CPF_CLIENTE, TELEFONE) VALUES ('142.858.465-16', '(48) 94320-3703');
INSERT INTO TELEFONE_CLIENTE (CPF_CLIENTE, TELEFONE) VALUES ('786.847.785-76', '(34) 99903-6244');
INSERT INTO TELEFONE_CLIENTE (CPF_CLIENTE, TELEFONE) VALUES ('270.590.364-81', '(99) 90707-7178');
INSERT INTO TELEFONE_CLIENTE (CPF_CLIENTE, TELEFONE) VALUES ('295.774.497-92', '(84) 94950-5218');
INSERT INTO TELEFONE_CLIENTE (CPF_CLIENTE, TELEFONE) VALUES ('939.753.484-60', '(45) 93155-4455');
INSERT INTO TELEFONE_CLIENTE (CPF_CLIENTE, TELEFONE) VALUES ('515.412.884-60', '(17) 92240-7131');
INSERT INTO TELEFONE_CLIENTE (CPF_CLIENTE, TELEFONE) VALUES ('261.488.561-38', '(59) 91608-8773');
INSERT INTO TELEFONE_CLIENTE (CPF_CLIENTE, TELEFONE) VALUES ('535.375.736-56', '(68) 97612-3726');
INSERT INTO TELEFONE_CLIENTE (CPF_CLIENTE, TELEFONE) VALUES ('535.375.736-56', '(15) 92018-5219');
INSERT INTO TELEFONE_CLIENTE (CPF_CLIENTE, TELEFONE) VALUES ('132.465.527-65', '(47) 90488-6827');
INSERT INTO TELEFONE_CLIENTE (CPF_CLIENTE, TELEFONE) VALUES ('559.414.428-12', '(40) 92928-1898');
INSERT INTO TELEFONE_CLIENTE (CPF_CLIENTE, TELEFONE) VALUES ('740.801.691-46', '(31) 92879-9765');
INSERT INTO TELEFONE_CLIENTE (CPF_CLIENTE, TELEFONE) VALUES ('386.619.343-81', '(47) 92150-1375');
INSERT INTO TELEFONE_CLIENTE (CPF_CLIENTE, TELEFONE) VALUES ('550.695.397-32', '(21) 96582-3731');
INSERT INTO TELEFONE_CLIENTE (CPF_CLIENTE, TELEFONE) VALUES ('997.846.528-29', '(40) 99112-8353');
INSERT INTO TELEFONE_CLIENTE (CPF_CLIENTE, TELEFONE) VALUES ('897.548.835-10', '(21) 91352-5735');
INSERT INTO TELEFONE_CLIENTE (CPF_CLIENTE, TELEFONE) VALUES ('699.848.303-80', '(14) 92202-8235');
INSERT INTO TELEFONE_CLIENTE (CPF_CLIENTE, TELEFONE) VALUES ('124.859.897-96', '(87) 93082-6774');
INSERT INTO TELEFONE_CLIENTE (CPF_CLIENTE, TELEFONE) VALUES ('807.135.191-61', '(81) 94939-6850');
INSERT INTO TELEFONE_CLIENTE (CPF_CLIENTE, TELEFONE) VALUES ('135.306.142-18', '(12) 96021-3518');
INSERT INTO TELEFONE_CLIENTE (CPF_CLIENTE, TELEFONE) VALUES ('850.826.722-11', '(32) 93698-1961');
INSERT INTO TELEFONE_CLIENTE (CPF_CLIENTE, TELEFONE) VALUES ('796.226.414-29', '(71) 93027-1542');
INSERT INTO TELEFONE_CLIENTE (CPF_CLIENTE, TELEFONE) VALUES ('280.357.820-56', '(89) 99625-8020');
INSERT INTO TELEFONE_CLIENTE (CPF_CLIENTE, TELEFONE) VALUES ('419.313.506-19', '(47) 91965-6848');


------ FUNCIONARIO ------

INSERT INTO FUNCIONARIO (MATRICULA, CPF, IDENTIDADE, NOME, ENDERECO, SALARIO, FUNCAO, MATRICULA_SUPERVISOR, CODIGO_FILIAL) VALUES (0, '864.832.265-78', '626043', 'Funcionario 00', 'Rua 18', 4932, 'Caixa', null, null);
INSERT INTO FUNCIONARIO (MATRICULA, CPF, IDENTIDADE, NOME, ENDERECO, SALARIO, FUNCAO, MATRICULA_SUPERVISOR, CODIGO_FILIAL) VALUES (1, '712.641.812-77', '676717', 'Funcionario 01', 'Rua 25', 6098, 'Segurana', 0, null);
INSERT INTO FUNCIONARIO (MATRICULA, CPF, IDENTIDADE, NOME, ENDERECO, SALARIO, FUNCAO, MATRICULA_SUPERVISOR, CODIGO_FILIAL) VALUES (2, '511.970.854-30', '521945', 'Funcionario 02', 'Rua 100', 3168, 'Aougueiro', 1, null);
INSERT INTO FUNCIONARIO (MATRICULA, CPF, IDENTIDADE, NOME, ENDERECO, SALARIO, FUNCAO, MATRICULA_SUPERVISOR, CODIGO_FILIAL) VALUES (3, '236.197.873-77', '496391', 'Funcionario 03', 'Rua 35', 3462, 'Caixa', 0, null);
INSERT INTO FUNCIONARIO (MATRICULA, CPF, IDENTIDADE, NOME, ENDERECO, SALARIO, FUNCAO, MATRICULA_SUPERVISOR, CODIGO_FILIAL) VALUES (4, '178.527.541-95', '321633', 'Funcionario 04', 'Rua 11', 3848, 'Aougueiro', 2, null);
INSERT INTO FUNCIONARIO (MATRICULA, CPF, IDENTIDADE, NOME, ENDERECO, SALARIO, FUNCAO, MATRICULA_SUPERVISOR, CODIGO_FILIAL) VALUES (5, '879.316.109-82', '738032', 'Funcionario 05', 'Rua 95', 4005, 'Caixa', 5, null);
INSERT INTO FUNCIONARIO (MATRICULA, CPF, IDENTIDADE, NOME, ENDERECO, SALARIO, FUNCAO, MATRICULA_SUPERVISOR, CODIGO_FILIAL) VALUES (6, '634.654.119-24', '209090', 'Funcionario 06', 'Rua 72', 9340, 'Aougueiro', 3, null);
INSERT INTO FUNCIONARIO (MATRICULA, CPF, IDENTIDADE, NOME, ENDERECO, SALARIO, FUNCAO, MATRICULA_SUPERVISOR, CODIGO_FILIAL) VALUES (7, '385.189.834-93', '752251', 'Funcionario 07', 'Rua 80', 3590, 'Aougueiro', 4, null);
INSERT INTO FUNCIONARIO (MATRICULA, CPF, IDENTIDADE, NOME, ENDERECO, SALARIO, FUNCAO, MATRICULA_SUPERVISOR, CODIGO_FILIAL) VALUES (8, '457.787.556-37', '521956', 'Funcionario 08', 'Rua 65', 9092, 'Aougueiro', 1, null);
INSERT INTO FUNCIONARIO (MATRICULA, CPF, IDENTIDADE, NOME, ENDERECO, SALARIO, FUNCAO, MATRICULA_SUPERVISOR, CODIGO_FILIAL) VALUES (9, '982.413.172-83', '200859', 'Funcionario 09', 'Rua 44', 7177, 'Limpeza', 5, null);
INSERT INTO FUNCIONARIO (MATRICULA, CPF, IDENTIDADE, NOME, ENDERECO, SALARIO, FUNCAO, MATRICULA_SUPERVISOR, CODIGO_FILIAL) VALUES (10, '103.433.278-30', '618206', 'Funcionario 010', 'Rua 26', 4553, 'Segurana', 5, null);
INSERT INTO FUNCIONARIO (MATRICULA, CPF, IDENTIDADE, NOME, ENDERECO, SALARIO, FUNCAO, MATRICULA_SUPERVISOR, CODIGO_FILIAL) VALUES (11, '351.358.852-44', '198418', 'Funcionario 011', 'Rua 100', 6514, 'Padeiro', 4, null);
INSERT INTO FUNCIONARIO (MATRICULA, CPF, IDENTIDADE, NOME, ENDERECO, SALARIO, FUNCAO, MATRICULA_SUPERVISOR, CODIGO_FILIAL) VALUES (12, '916.926.651-49', '297838', 'Funcionario 012', 'Rua 42', 7712, 'Limpeza', 2, null);
INSERT INTO FUNCIONARIO (MATRICULA, CPF, IDENTIDADE, NOME, ENDERECO, SALARIO, FUNCAO, MATRICULA_SUPERVISOR, CODIGO_FILIAL) VALUES (13, '856.230.132-70', '295318', 'Funcionario 013', 'Rua 59', 1108, 'Limpeza', 13, null);
INSERT INTO FUNCIONARIO (MATRICULA, CPF, IDENTIDADE, NOME, ENDERECO, SALARIO, FUNCAO, MATRICULA_SUPERVISOR, CODIGO_FILIAL) VALUES (14, '906.512.418-15', '161484', 'Funcionario 014', 'Rua 13', 4588, 'Padeiro', 12, null);
INSERT INTO FUNCIONARIO (MATRICULA, CPF, IDENTIDADE, NOME, ENDERECO, SALARIO, FUNCAO, MATRICULA_SUPERVISOR, CODIGO_FILIAL) VALUES (15, '717.375.491-54', '506331', 'Funcionario 015', 'Rua 10', 2611, 'Segurana', 1, null);
INSERT INTO FUNCIONARIO (MATRICULA, CPF, IDENTIDADE, NOME, ENDERECO, SALARIO, FUNCAO, MATRICULA_SUPERVISOR, CODIGO_FILIAL) VALUES (16, '188.777.958-45', '292361', 'Funcionario 016', 'Rua 10', 4037, 'Caixa', 12, null);
INSERT INTO FUNCIONARIO (MATRICULA, CPF, IDENTIDADE, NOME, ENDERECO, SALARIO, FUNCAO, MATRICULA_SUPERVISOR, CODIGO_FILIAL) VALUES (17, '560.503.387-40', '135833', 'Funcionario 017', 'Rua 16', 4726, 'Padeiro', 10, null);
INSERT INTO FUNCIONARIO (MATRICULA, CPF, IDENTIDADE, NOME, ENDERECO, SALARIO, FUNCAO, MATRICULA_SUPERVISOR, CODIGO_FILIAL) VALUES (18, '816.662.103-61', '286754', 'Funcionario 018', 'Rua 70', 8771, 'Empacotador', 13, null);
INSERT INTO FUNCIONARIO (MATRICULA, CPF, IDENTIDADE, NOME, ENDERECO, SALARIO, FUNCAO, MATRICULA_SUPERVISOR, CODIGO_FILIAL) VALUES (19, '729.510.299-17', '830174', 'Funcionario 019', 'Rua 82', 9777, 'Padeiro', 19, null);
INSERT INTO FUNCIONARIO (MATRICULA, CPF, IDENTIDADE, NOME, ENDERECO, SALARIO, FUNCAO, MATRICULA_SUPERVISOR, CODIGO_FILIAL) VALUES (20, '411.817.763-66', '560447', 'Funcionario 020', 'Rua 20', 6087, 'Empacotador', 16, null);
INSERT INTO FUNCIONARIO (MATRICULA, CPF, IDENTIDADE, NOME, ENDERECO, SALARIO, FUNCAO, MATRICULA_SUPERVISOR, CODIGO_FILIAL) VALUES (21, '224.803.627-31', '149255', 'Funcionario 021', 'Rua 95', 2829, 'Caixa', 19, null);
INSERT INTO FUNCIONARIO (MATRICULA, CPF, IDENTIDADE, NOME, ENDERECO, SALARIO, FUNCAO, MATRICULA_SUPERVISOR, CODIGO_FILIAL) VALUES (22, '246.607.823-39', '358651', 'Funcionario 022', 'Rua 52', 4269, 'Segurana', 4, null);
INSERT INTO FUNCIONARIO (MATRICULA, CPF, IDENTIDADE, NOME, ENDERECO, SALARIO, FUNCAO, MATRICULA_SUPERVISOR, CODIGO_FILIAL) VALUES (23, '556.408.599-28', '204827', 'Funcionario 023', 'Rua 94', 5679, 'Segurana', 15, null);
INSERT INTO FUNCIONARIO (MATRICULA, CPF, IDENTIDADE, NOME, ENDERECO, SALARIO, FUNCAO, MATRICULA_SUPERVISOR, CODIGO_FILIAL) VALUES (24, '452.482.115-96', '527854', 'Funcionario 024', 'Rua 53', 3286, 'Caixa', 8, null);
INSERT INTO FUNCIONARIO (MATRICULA, CPF, IDENTIDADE, NOME, ENDERECO, SALARIO, FUNCAO, MATRICULA_SUPERVISOR, CODIGO_FILIAL) VALUES (25, '216.887.511-39', '148231', 'Funcionario 025', 'Rua 78', 6608, 'Caixa', 21, null);
INSERT INTO FUNCIONARIO (MATRICULA, CPF, IDENTIDADE, NOME, ENDERECO, SALARIO, FUNCAO, MATRICULA_SUPERVISOR, CODIGO_FILIAL) VALUES (26, '977.675.738-32', '530782', 'Funcionario 026', 'Rua 81', 9724, 'Limpeza', 9, null);
INSERT INTO FUNCIONARIO (MATRICULA, CPF, IDENTIDADE, NOME, ENDERECO, SALARIO, FUNCAO, MATRICULA_SUPERVISOR, CODIGO_FILIAL) VALUES (27, '116.204.851-80', '479701', 'Funcionario 027', 'Rua 82', 1232, 'Caixa', 22, null);
INSERT INTO FUNCIONARIO (MATRICULA, CPF, IDENTIDADE, NOME, ENDERECO, SALARIO, FUNCAO, MATRICULA_SUPERVISOR, CODIGO_FILIAL) VALUES (28, '679.721.568-14', '543660', 'Funcionario 028', 'Rua 14', 7446, 'Limpeza', 25, null);
INSERT INTO FUNCIONARIO (MATRICULA, CPF, IDENTIDADE, NOME, ENDERECO, SALARIO, FUNCAO, MATRICULA_SUPERVISOR, CODIGO_FILIAL) VALUES (29, '983.491.338-71', '708486', 'Funcionario 029', 'Rua 41', 3038, 'Caixa', 6, null);
INSERT INTO FUNCIONARIO (MATRICULA, CPF, IDENTIDADE, NOME, ENDERECO, SALARIO, FUNCAO, MATRICULA_SUPERVISOR, CODIGO_FILIAL) VALUES (30, '427.589.433-12', '299255', 'Funcionario 030', 'Rua 59', 2347, 'Caixa', 21, null);
INSERT INTO FUNCIONARIO (MATRICULA, CPF, IDENTIDADE, NOME, ENDERECO, SALARIO, FUNCAO, MATRICULA_SUPERVISOR, CODIGO_FILIAL) VALUES (31, '945.476.559-20', '211509', 'Funcionario 031', 'Rua 86', 6107, 'Limpeza', 19, null);
INSERT INTO FUNCIONARIO (MATRICULA, CPF, IDENTIDADE, NOME, ENDERECO, SALARIO, FUNCAO, MATRICULA_SUPERVISOR, CODIGO_FILIAL) VALUES (32, '691.194.566-32', '558967', 'Funcionario 032', 'Rua 62', 3379, 'Aougueiro', 22, null);
INSERT INTO FUNCIONARIO (MATRICULA, CPF, IDENTIDADE, NOME, ENDERECO, SALARIO, FUNCAO, MATRICULA_SUPERVISOR, CODIGO_FILIAL) VALUES (33, '544.476.285-39', '281027', 'Funcionario 033', 'Rua 41', 4445, 'Padeiro', 28, null);
INSERT INTO FUNCIONARIO (MATRICULA, CPF, IDENTIDADE, NOME, ENDERECO, SALARIO, FUNCAO, MATRICULA_SUPERVISOR, CODIGO_FILIAL) VALUES (34, '673.346.313-40', '711172', 'Funcionario 034', 'Rua 52', 3988, 'Empacotador', 18, null);
INSERT INTO FUNCIONARIO (MATRICULA, CPF, IDENTIDADE, NOME, ENDERECO, SALARIO, FUNCAO, MATRICULA_SUPERVISOR, CODIGO_FILIAL) VALUES (35, '410.646.107-74', '844685', 'Funcionario 035', 'Rua 99', 2883, 'Empacotador', 30, null);
INSERT INTO FUNCIONARIO (MATRICULA, CPF, IDENTIDADE, NOME, ENDERECO, SALARIO, FUNCAO, MATRICULA_SUPERVISOR, CODIGO_FILIAL) VALUES (36, '992.925.363-34', '229741', 'Funcionario 036', 'Rua 50', 5383, 'Padeiro', 21, null);
INSERT INTO FUNCIONARIO (MATRICULA, CPF, IDENTIDADE, NOME, ENDERECO, SALARIO, FUNCAO, MATRICULA_SUPERVISOR, CODIGO_FILIAL) VALUES (37, '791.634.625-12', '235258', 'Funcionario 037', 'Rua 88', 5953, 'Caixa', 28, null);
INSERT INTO FUNCIONARIO (MATRICULA, CPF, IDENTIDADE, NOME, ENDERECO, SALARIO, FUNCAO, MATRICULA_SUPERVISOR, CODIGO_FILIAL) VALUES (38, '321.890.341-62', '566470', 'Funcionario 038', 'Rua 82', 7809, 'Empacotador', 21, null);
INSERT INTO FUNCIONARIO (MATRICULA, CPF, IDENTIDADE, NOME, ENDERECO, SALARIO, FUNCAO, MATRICULA_SUPERVISOR, CODIGO_FILIAL) VALUES (39, '102.349.701-53', '148806', 'Funcionario 039', 'Rua 13', 2338, 'Padeiro', 22, null);
INSERT INTO FUNCIONARIO (MATRICULA, CPF, IDENTIDADE, NOME, ENDERECO, SALARIO, FUNCAO, MATRICULA_SUPERVISOR, CODIGO_FILIAL) VALUES (40, '346.820.492-67', '197032', 'Funcionario 040', 'Rua 18', 5905, 'Padeiro', 5, null);
INSERT INTO FUNCIONARIO (MATRICULA, CPF, IDENTIDADE, NOME, ENDERECO, SALARIO, FUNCAO, MATRICULA_SUPERVISOR, CODIGO_FILIAL) VALUES (41, '956.682.142-38', '725637', 'Funcionario 041', 'Rua 41', 5317, 'Padeiro', 40, null);
INSERT INTO FUNCIONARIO (MATRICULA, CPF, IDENTIDADE, NOME, ENDERECO, SALARIO, FUNCAO, MATRICULA_SUPERVISOR, CODIGO_FILIAL) VALUES (42, '865.165.493-59', '819464', 'Funcionario 042', 'Rua 62', 8007, 'Segurana', 8, null);
INSERT INTO FUNCIONARIO (MATRICULA, CPF, IDENTIDADE, NOME, ENDERECO, SALARIO, FUNCAO, MATRICULA_SUPERVISOR, CODIGO_FILIAL) VALUES (43, '235.298.561-33', '295984', 'Funcionario 043', 'Rua 62', 2170, 'Limpeza', 20, null);
INSERT INTO FUNCIONARIO (MATRICULA, CPF, IDENTIDADE, NOME, ENDERECO, SALARIO, FUNCAO, MATRICULA_SUPERVISOR, CODIGO_FILIAL) VALUES (44, '320.678.382-58', '349130', 'Funcionario 044', 'Rua 40', 2074, 'Empacotador', 43, null);
INSERT INTO FUNCIONARIO (MATRICULA, CPF, IDENTIDADE, NOME, ENDERECO, SALARIO, FUNCAO, MATRICULA_SUPERVISOR, CODIGO_FILIAL) VALUES (45, '850.771.918-51', '469549', 'Funcionario 045', 'Rua 53', 5672, 'Limpeza', 45, null);
INSERT INTO FUNCIONARIO (MATRICULA, CPF, IDENTIDADE, NOME, ENDERECO, SALARIO, FUNCAO, MATRICULA_SUPERVISOR, CODIGO_FILIAL) VALUES (46, '905.962.975-39', '873774', 'Funcionario 046', 'Rua 56', 4633, 'Segurana', 0, null);
INSERT INTO FUNCIONARIO (MATRICULA, CPF, IDENTIDADE, NOME, ENDERECO, SALARIO, FUNCAO, MATRICULA_SUPERVISOR, CODIGO_FILIAL) VALUES (47, '211.765.924-22', '810980', 'Funcionario 047', 'Rua 41', 4519, 'Limpeza', 34, null);
INSERT INTO FUNCIONARIO (MATRICULA, CPF, IDENTIDADE, NOME, ENDERECO, SALARIO, FUNCAO, MATRICULA_SUPERVISOR, CODIGO_FILIAL) VALUES (48, '689.850.648-92', '775557', 'Funcionario 048', 'Rua 78', 2822, 'Padeiro', 36, null);
INSERT INTO FUNCIONARIO (MATRICULA, CPF, IDENTIDADE, NOME, ENDERECO, SALARIO, FUNCAO, MATRICULA_SUPERVISOR, CODIGO_FILIAL) VALUES (49, '603.825.420-86', '244525', 'Funcionario 049', 'Rua 40', 7032, 'Aougueiro', 35, null);
INSERT INTO FUNCIONARIO (MATRICULA, CPF, IDENTIDADE, NOME, ENDERECO, SALARIO, FUNCAO, MATRICULA_SUPERVISOR, CODIGO_FILIAL) VALUES (50, '446.278.961-10', '725086', 'Funcionario 050', 'Rua 43', 9030, 'Caixa', 3, null);
INSERT INTO FUNCIONARIO (MATRICULA, CPF, IDENTIDADE, NOME, ENDERECO, SALARIO, FUNCAO, MATRICULA_SUPERVISOR, CODIGO_FILIAL) VALUES (51, '961.142.426-27', '482335', 'Funcionario 051', 'Rua 30', 5809, 'Padeiro', 22, null);
INSERT INTO FUNCIONARIO (MATRICULA, CPF, IDENTIDADE, NOME, ENDERECO, SALARIO, FUNCAO, MATRICULA_SUPERVISOR, CODIGO_FILIAL) VALUES (52, '993.778.726-71', '243499', 'Funcionario 052', 'Rua 53', 5961, 'Padeiro', 42, null);
INSERT INTO FUNCIONARIO (MATRICULA, CPF, IDENTIDADE, NOME, ENDERECO, SALARIO, FUNCAO, MATRICULA_SUPERVISOR, CODIGO_FILIAL) VALUES (53, '262.586.551-37', '625982', 'Funcionario 053', 'Rua 26', 2515, 'Aougueiro', 22, null);
INSERT INTO FUNCIONARIO (MATRICULA, CPF, IDENTIDADE, NOME, ENDERECO, SALARIO, FUNCAO, MATRICULA_SUPERVISOR, CODIGO_FILIAL) VALUES (54, '421.970.912-32', '887635', 'Funcionario 054', 'Rua 91', 9638, 'Limpeza', 17, null);
INSERT INTO FUNCIONARIO (MATRICULA, CPF, IDENTIDADE, NOME, ENDERECO, SALARIO, FUNCAO, MATRICULA_SUPERVISOR, CODIGO_FILIAL) VALUES (55, '471.410.101-78', '392034', 'Funcionario 055', 'Rua 18', 6419, 'Empacotador', 54, null);
INSERT INTO FUNCIONARIO (MATRICULA, CPF, IDENTIDADE, NOME, ENDERECO, SALARIO, FUNCAO, MATRICULA_SUPERVISOR, CODIGO_FILIAL) VALUES (56, '411.239.583-15', '284580', 'Funcionario 056', 'Rua 58', 3520, 'Segurana', 53, null);
INSERT INTO FUNCIONARIO (MATRICULA, CPF, IDENTIDADE, NOME, ENDERECO, SALARIO, FUNCAO, MATRICULA_SUPERVISOR, CODIGO_FILIAL) VALUES (57, '197.598.729-89', '219947', 'Funcionario 057', 'Rua 79', 6758, 'Caixa', 23, null);
INSERT INTO FUNCIONARIO (MATRICULA, CPF, IDENTIDADE, NOME, ENDERECO, SALARIO, FUNCAO, MATRICULA_SUPERVISOR, CODIGO_FILIAL) VALUES (58, '810.450.340-50', '176816', 'Funcionario 058', 'Rua 46', 7149, 'Aougueiro', 39, null);
INSERT INTO FUNCIONARIO (MATRICULA, CPF, IDENTIDADE, NOME, ENDERECO, SALARIO, FUNCAO, MATRICULA_SUPERVISOR, CODIGO_FILIAL) VALUES (59, '312.848.777-53', '405209', 'Funcionario 059', 'Rua 84', 9681, 'Segurana', 47, null);
INSERT INTO FUNCIONARIO (MATRICULA, CPF, IDENTIDADE, NOME, ENDERECO, SALARIO, FUNCAO, MATRICULA_SUPERVISOR, CODIGO_FILIAL) VALUES (60, '514.706.110-67', '360748', 'Funcionario 060', 'Rua 67', 8010, 'Padeiro', 42, null);
INSERT INTO FUNCIONARIO (MATRICULA, CPF, IDENTIDADE, NOME, ENDERECO, SALARIO, FUNCAO, MATRICULA_SUPERVISOR, CODIGO_FILIAL) VALUES (61, '652.612.391-84', '173766', 'Funcionario 061', 'Rua 19', 3835, 'Padeiro', 55, null);
INSERT INTO FUNCIONARIO (MATRICULA, CPF, IDENTIDADE, NOME, ENDERECO, SALARIO, FUNCAO, MATRICULA_SUPERVISOR, CODIGO_FILIAL) VALUES (62, '387.685.885-84', '662255', 'Funcionario 062', 'Rua 81', 6621, 'Caixa', 19, null);
INSERT INTO FUNCIONARIO (MATRICULA, CPF, IDENTIDADE, NOME, ENDERECO, SALARIO, FUNCAO, MATRICULA_SUPERVISOR, CODIGO_FILIAL) VALUES (63, '225.238.931-51', '123074', 'Funcionario 063', 'Rua 27', 6452, 'Limpeza', 3, null);
INSERT INTO FUNCIONARIO (MATRICULA, CPF, IDENTIDADE, NOME, ENDERECO, SALARIO, FUNCAO, MATRICULA_SUPERVISOR, CODIGO_FILIAL) VALUES (64, '515.751.895-86', '260558', 'Funcionario 064', 'Rua 91', 4745, 'Segurana', 24, null);
INSERT INTO FUNCIONARIO (MATRICULA, CPF, IDENTIDADE, NOME, ENDERECO, SALARIO, FUNCAO, MATRICULA_SUPERVISOR, CODIGO_FILIAL) VALUES (65, '551.364.547-96', '678395', 'Funcionario 065', 'Rua 56', 8969, 'Caixa', 1, null);
INSERT INTO FUNCIONARIO (MATRICULA, CPF, IDENTIDADE, NOME, ENDERECO, SALARIO, FUNCAO, MATRICULA_SUPERVISOR, CODIGO_FILIAL) VALUES (66, '404.724.693-90', '603092', 'Funcionario 066', 'Rua 78', 4921, 'Empacotador', 34, null);
INSERT INTO FUNCIONARIO (MATRICULA, CPF, IDENTIDADE, NOME, ENDERECO, SALARIO, FUNCAO, MATRICULA_SUPERVISOR, CODIGO_FILIAL) VALUES (67, '957.881.446-75', '387657', 'Funcionario 067', 'Rua 34', 3119, 'Empacotador', 65, null);
INSERT INTO FUNCIONARIO (MATRICULA, CPF, IDENTIDADE, NOME, ENDERECO, SALARIO, FUNCAO, MATRICULA_SUPERVISOR, CODIGO_FILIAL) VALUES (68, '807.423.879-73', '763978', 'Funcionario 068', 'Rua 74', 3626, 'Padeiro', 2, null);
INSERT INTO FUNCIONARIO (MATRICULA, CPF, IDENTIDADE, NOME, ENDERECO, SALARIO, FUNCAO, MATRICULA_SUPERVISOR, CODIGO_FILIAL) VALUES (69, '978.108.313-91', '577399', 'Funcionario 069', 'Rua 100', 2423, 'Caixa', 37, null);
INSERT INTO FUNCIONARIO (MATRICULA, CPF, IDENTIDADE, NOME, ENDERECO, SALARIO, FUNCAO, MATRICULA_SUPERVISOR, CODIGO_FILIAL) VALUES (70, '177.475.743-92', '168142', 'Funcionario 070', 'Rua 99', 1461, 'Aougueiro', 58, null);
INSERT INTO FUNCIONARIO (MATRICULA, CPF, IDENTIDADE, NOME, ENDERECO, SALARIO, FUNCAO, MATRICULA_SUPERVISOR, CODIGO_FILIAL) VALUES (71, '659.669.873-34', '503340', 'Funcionario 071', 'Rua 55', 4657, 'Padeiro', 67, null);
INSERT INTO FUNCIONARIO (MATRICULA, CPF, IDENTIDADE, NOME, ENDERECO, SALARIO, FUNCAO, MATRICULA_SUPERVISOR, CODIGO_FILIAL) VALUES (72, '617.177.771-98', '568752', 'Funcionario 072', 'Rua 30', 9241, 'Aougueiro', 40, null);
INSERT INTO FUNCIONARIO (MATRICULA, CPF, IDENTIDADE, NOME, ENDERECO, SALARIO, FUNCAO, MATRICULA_SUPERVISOR, CODIGO_FILIAL) VALUES (73, '171.704.309-28', '189948', 'Funcionario 073', 'Rua 71', 1234, 'Empacotador', 12, null);
INSERT INTO FUNCIONARIO (MATRICULA, CPF, IDENTIDADE, NOME, ENDERECO, SALARIO, FUNCAO, MATRICULA_SUPERVISOR, CODIGO_FILIAL) VALUES (74, '494.368.596-69', '360200', 'Funcionario 074', 'Rua 17', 4581, 'Empacotador', 60, null);
INSERT INTO FUNCIONARIO (MATRICULA, CPF, IDENTIDADE, NOME, ENDERECO, SALARIO, FUNCAO, MATRICULA_SUPERVISOR, CODIGO_FILIAL) VALUES (75, '601.895.209-12', '518449', 'Funcionario 075', 'Rua 90', 6993, 'Padeiro', 0, null);
INSERT INTO FUNCIONARIO (MATRICULA, CPF, IDENTIDADE, NOME, ENDERECO, SALARIO, FUNCAO, MATRICULA_SUPERVISOR, CODIGO_FILIAL) VALUES (76, '149.192.958-65', '680814', 'Funcionario 076', 'Rua 33', 1232, 'Empacotador', 4, null);
INSERT INTO FUNCIONARIO (MATRICULA, CPF, IDENTIDADE, NOME, ENDERECO, SALARIO, FUNCAO, MATRICULA_SUPERVISOR, CODIGO_FILIAL) VALUES (77, '162.427.770-14', '839019', 'Funcionario 077', 'Rua 86', 9048, 'Limpeza', 55, null);
INSERT INTO FUNCIONARIO (MATRICULA, CPF, IDENTIDADE, NOME, ENDERECO, SALARIO, FUNCAO, MATRICULA_SUPERVISOR, CODIGO_FILIAL) VALUES (78, '271.711.500-27', '504128', 'Funcionario 078', 'Rua 15', 9477, 'Empacotador', 29, null);
INSERT INTO FUNCIONARIO (MATRICULA, CPF, IDENTIDADE, NOME, ENDERECO, SALARIO, FUNCAO, MATRICULA_SUPERVISOR, CODIGO_FILIAL) VALUES (79, '419.687.554-78', '749453', 'Funcionario 079', 'Rua 63', 7960, 'Caixa', 33, null);
INSERT INTO FUNCIONARIO (MATRICULA, CPF, IDENTIDADE, NOME, ENDERECO, SALARIO, FUNCAO, MATRICULA_SUPERVISOR, CODIGO_FILIAL) VALUES (80, '321.924.442-47', '235142', 'Funcionario 080', 'Rua 48', 8484, 'Padeiro', 7, null);
INSERT INTO FUNCIONARIO (MATRICULA, CPF, IDENTIDADE, NOME, ENDERECO, SALARIO, FUNCAO, MATRICULA_SUPERVISOR, CODIGO_FILIAL) VALUES (81, '859.668.915-62', '814996', 'Funcionario 081', 'Rua 11', 8135, 'Padeiro', 26, null);
INSERT INTO FUNCIONARIO (MATRICULA, CPF, IDENTIDADE, NOME, ENDERECO, SALARIO, FUNCAO, MATRICULA_SUPERVISOR, CODIGO_FILIAL) VALUES (82, '748.528.224-24', '313903', 'Funcionario 082', 'Rua 48', 3170, 'Segurana', 52, null);
INSERT INTO FUNCIONARIO (MATRICULA, CPF, IDENTIDADE, NOME, ENDERECO, SALARIO, FUNCAO, MATRICULA_SUPERVISOR, CODIGO_FILIAL) VALUES (83, '333.436.220-91', '200933', 'Funcionario 083', 'Rua 76', 8041, 'Empacotador', 12, null);
INSERT INTO FUNCIONARIO (MATRICULA, CPF, IDENTIDADE, NOME, ENDERECO, SALARIO, FUNCAO, MATRICULA_SUPERVISOR, CODIGO_FILIAL) VALUES (84, '309.289.766-10', '169244', 'Funcionario 084', 'Rua 49', 3126, 'Padeiro', 27, null);
INSERT INTO FUNCIONARIO (MATRICULA, CPF, IDENTIDADE, NOME, ENDERECO, SALARIO, FUNCAO, MATRICULA_SUPERVISOR, CODIGO_FILIAL) VALUES (85, '606.466.837-64', '778720', 'Funcionario 085', 'Rua 83', 1095, 'Aougueiro', 61, null);
INSERT INTO FUNCIONARIO (MATRICULA, CPF, IDENTIDADE, NOME, ENDERECO, SALARIO, FUNCAO, MATRICULA_SUPERVISOR, CODIGO_FILIAL) VALUES (86, '549.965.395-63', '739665', 'Funcionario 086', 'Rua 46', 4454, 'Segurana', 20, null);
INSERT INTO FUNCIONARIO (MATRICULA, CPF, IDENTIDADE, NOME, ENDERECO, SALARIO, FUNCAO, MATRICULA_SUPERVISOR, CODIGO_FILIAL) VALUES (87, '281.951.183-87', '769778', 'Funcionario 087', 'Rua 44', 4483, 'Padeiro', 25, null);
INSERT INTO FUNCIONARIO (MATRICULA, CPF, IDENTIDADE, NOME, ENDERECO, SALARIO, FUNCAO, MATRICULA_SUPERVISOR, CODIGO_FILIAL) VALUES (88, '793.459.788-60', '252548', 'Funcionario 088', 'Rua 28', 3879, 'Caixa', 50, null);
INSERT INTO FUNCIONARIO (MATRICULA, CPF, IDENTIDADE, NOME, ENDERECO, SALARIO, FUNCAO, MATRICULA_SUPERVISOR, CODIGO_FILIAL) VALUES (89, '410.995.185-84', '515409', 'Funcionario 089', 'Rua 17', 1667, 'Padeiro', 30, null);
INSERT INTO FUNCIONARIO (MATRICULA, CPF, IDENTIDADE, NOME, ENDERECO, SALARIO, FUNCAO, MATRICULA_SUPERVISOR, CODIGO_FILIAL) VALUES (90, '139.444.801-29', '841387', 'Funcionario 090', 'Rua 29', 3279, 'Padeiro', 60, null);
INSERT INTO FUNCIONARIO (MATRICULA, CPF, IDENTIDADE, NOME, ENDERECO, SALARIO, FUNCAO, MATRICULA_SUPERVISOR, CODIGO_FILIAL) VALUES (91, '652.517.836-75', '690218', 'Funcionario 091', 'Rua 70', 2134, 'Limpeza', 82, null);
INSERT INTO FUNCIONARIO (MATRICULA, CPF, IDENTIDADE, NOME, ENDERECO, SALARIO, FUNCAO, MATRICULA_SUPERVISOR, CODIGO_FILIAL) VALUES (92, '932.575.258-94', '880795', 'Funcionario 092', 'Rua 21', 2853, 'Caixa', 6, null);
INSERT INTO FUNCIONARIO (MATRICULA, CPF, IDENTIDADE, NOME, ENDERECO, SALARIO, FUNCAO, MATRICULA_SUPERVISOR, CODIGO_FILIAL) VALUES (93, '969.903.939-24', '159476', 'Funcionario 093', 'Rua 20', 3223, 'Empacotador', 30, null);
INSERT INTO FUNCIONARIO (MATRICULA, CPF, IDENTIDADE, NOME, ENDERECO, SALARIO, FUNCAO, MATRICULA_SUPERVISOR, CODIGO_FILIAL) VALUES (94, '194.646.206-26', '229182', 'Funcionario 094', 'Rua 26', 5585, 'Empacotador', 28, null);
INSERT INTO FUNCIONARIO (MATRICULA, CPF, IDENTIDADE, NOME, ENDERECO, SALARIO, FUNCAO, MATRICULA_SUPERVISOR, CODIGO_FILIAL) VALUES (95, '364.240.520-21', '583429', 'Funcionario 095', 'Rua 61', 8800, 'Padeiro', 6, null);
INSERT INTO FUNCIONARIO (MATRICULA, CPF, IDENTIDADE, NOME, ENDERECO, SALARIO, FUNCAO, MATRICULA_SUPERVISOR, CODIGO_FILIAL) VALUES (96, '758.449.240-57', '180618', 'Funcionario 096', 'Rua 50', 1089, 'Empacotador', 49, null);
INSERT INTO FUNCIONARIO (MATRICULA, CPF, IDENTIDADE, NOME, ENDERECO, SALARIO, FUNCAO, MATRICULA_SUPERVISOR, CODIGO_FILIAL) VALUES (97, '127.960.862-74', '352798', 'Funcionario 097', 'Rua 59', 7505, 'Limpeza', 50, null);
INSERT INTO FUNCIONARIO (MATRICULA, CPF, IDENTIDADE, NOME, ENDERECO, SALARIO, FUNCAO, MATRICULA_SUPERVISOR, CODIGO_FILIAL) VALUES (98, '823.896.670-69', '595399', 'Funcionario 098', 'Rua 45', 9412, 'Segurana', 23, null);
INSERT INTO FUNCIONARIO (MATRICULA, CPF, IDENTIDADE, NOME, ENDERECO, SALARIO, FUNCAO, MATRICULA_SUPERVISOR, CODIGO_FILIAL) VALUES (99, '435.939.815-25', '809080', 'Funcionario 099', 'Rua 35', 8476, 'Caixa', 13, null);
INSERT INTO FUNCIONARIO (MATRICULA, CPF, IDENTIDADE, NOME, ENDERECO, SALARIO, FUNCAO, MATRICULA_SUPERVISOR, CODIGO_FILIAL) VALUES (100, '368.972.622-91', '620667', 'Funcionario 0100', 'Rua 73', 7818, 'Limpeza', 74, null);
INSERT INTO FUNCIONARIO (MATRICULA, CPF, IDENTIDADE, NOME, ENDERECO, SALARIO, FUNCAO, MATRICULA_SUPERVISOR, CODIGO_FILIAL) VALUES (101, '657.627.106-79', '632504', 'Funcionario 0101', 'Rua 36', 7817, 'Padeiro', 4, null);
INSERT INTO FUNCIONARIO (MATRICULA, CPF, IDENTIDADE, NOME, ENDERECO, SALARIO, FUNCAO, MATRICULA_SUPERVISOR, CODIGO_FILIAL) VALUES (102, '139.570.518-79', '748479', 'Funcionario 0102', 'Rua 70', 6296, 'Segurana', 38, null);
INSERT INTO FUNCIONARIO (MATRICULA, CPF, IDENTIDADE, NOME, ENDERECO, SALARIO, FUNCAO, MATRICULA_SUPERVISOR, CODIGO_FILIAL) VALUES (103, '909.139.935-82', '340030', 'Funcionario 0103', 'Rua 67', 1971, 'Padeiro', 26, null);
INSERT INTO FUNCIONARIO (MATRICULA, CPF, IDENTIDADE, NOME, ENDERECO, SALARIO, FUNCAO, MATRICULA_SUPERVISOR, CODIGO_FILIAL) VALUES (104, '479.970.288-91', '117345', 'Funcionario 0104', 'Rua 90', 9848, 'Caixa', 42, null);
INSERT INTO FUNCIONARIO (MATRICULA, CPF, IDENTIDADE, NOME, ENDERECO, SALARIO, FUNCAO, MATRICULA_SUPERVISOR, CODIGO_FILIAL) VALUES (105, '318.326.288-20', '555740', 'Funcionario 0105', 'Rua 23', 3167, 'Empacotador', 36, null);
INSERT INTO FUNCIONARIO (MATRICULA, CPF, IDENTIDADE, NOME, ENDERECO, SALARIO, FUNCAO, MATRICULA_SUPERVISOR, CODIGO_FILIAL) VALUES (106, '608.559.682-74', '479818', 'Funcionario 0106', 'Rua 95', 2186, 'Empacotador', 73, null);
INSERT INTO FUNCIONARIO (MATRICULA, CPF, IDENTIDADE, NOME, ENDERECO, SALARIO, FUNCAO, MATRICULA_SUPERVISOR, CODIGO_FILIAL) VALUES (107, '327.551.558-13', '463836', 'Funcionario 0107', 'Rua 54', 7813, 'Segurana', 7, null);
INSERT INTO FUNCIONARIO (MATRICULA, CPF, IDENTIDADE, NOME, ENDERECO, SALARIO, FUNCAO, MATRICULA_SUPERVISOR, CODIGO_FILIAL) VALUES (108, '795.867.689-80', '859418', 'Funcionario 0108', 'Rua 41', 9392, 'Limpeza', 87, null);
INSERT INTO FUNCIONARIO (MATRICULA, CPF, IDENTIDADE, NOME, ENDERECO, SALARIO, FUNCAO, MATRICULA_SUPERVISOR, CODIGO_FILIAL) VALUES (109, '940.939.799-11', '854612', 'Funcionario 0109', 'Rua 32', 7272, 'Empacotador', 96, null);
INSERT INTO FUNCIONARIO (MATRICULA, CPF, IDENTIDADE, NOME, ENDERECO, SALARIO, FUNCAO, MATRICULA_SUPERVISOR, CODIGO_FILIAL) VALUES (110, '148.106.471-21', '115753', 'Funcionario 0110', 'Rua 13', 7378, 'Limpeza', 108, null);
INSERT INTO FUNCIONARIO (MATRICULA, CPF, IDENTIDADE, NOME, ENDERECO, SALARIO, FUNCAO, MATRICULA_SUPERVISOR, CODIGO_FILIAL) VALUES (111, '928.767.820-52', '873858', 'Funcionario 0111', 'Rua 64', 8464, 'Segurana', 80, null);
INSERT INTO FUNCIONARIO (MATRICULA, CPF, IDENTIDADE, NOME, ENDERECO, SALARIO, FUNCAO, MATRICULA_SUPERVISOR, CODIGO_FILIAL) VALUES (112, '996.117.238-60', '794176', 'Funcionario 0112', 'Rua 51', 9196, 'Caixa', 92, null);
INSERT INTO FUNCIONARIO (MATRICULA, CPF, IDENTIDADE, NOME, ENDERECO, SALARIO, FUNCAO, MATRICULA_SUPERVISOR, CODIGO_FILIAL) VALUES (113, '841.336.935-80', '602556', 'Funcionario 0113', 'Rua 85', 1679, 'Aougueiro', 18, null);
INSERT INTO FUNCIONARIO (MATRICULA, CPF, IDENTIDADE, NOME, ENDERECO, SALARIO, FUNCAO, MATRICULA_SUPERVISOR, CODIGO_FILIAL) VALUES (114, '837.183.146-85', '543328', 'Funcionario 0114', 'Rua 19', 5490, 'Limpeza', 26, null);
INSERT INTO FUNCIONARIO (MATRICULA, CPF, IDENTIDADE, NOME, ENDERECO, SALARIO, FUNCAO, MATRICULA_SUPERVISOR, CODIGO_FILIAL) VALUES (115, '486.178.859-76', '707415', 'Funcionario 0115', 'Rua 30', 3290, 'Empacotador', 12, null);
INSERT INTO FUNCIONARIO (MATRICULA, CPF, IDENTIDADE, NOME, ENDERECO, SALARIO, FUNCAO, MATRICULA_SUPERVISOR, CODIGO_FILIAL) VALUES (116, '819.922.766-96', '437145', 'Funcionario 0116', 'Rua 56', 1051, 'Segurana', 105, null);
INSERT INTO FUNCIONARIO (MATRICULA, CPF, IDENTIDADE, NOME, ENDERECO, SALARIO, FUNCAO, MATRICULA_SUPERVISOR, CODIGO_FILIAL) VALUES (117, '800.983.267-86', '350033', 'Funcionario 0117', 'Rua 96', 4360, 'Caixa', 56, null);
INSERT INTO FUNCIONARIO (MATRICULA, CPF, IDENTIDADE, NOME, ENDERECO, SALARIO, FUNCAO, MATRICULA_SUPERVISOR, CODIGO_FILIAL) VALUES (118, '692.387.876-17', '168074', 'Funcionario 0118', 'Rua 59', 9806, 'Padeiro', 19, null);
INSERT INTO FUNCIONARIO (MATRICULA, CPF, IDENTIDADE, NOME, ENDERECO, SALARIO, FUNCAO, MATRICULA_SUPERVISOR, CODIGO_FILIAL) VALUES (119, '456.486.242-13', '391089', 'Funcionario 0119', 'Rua 64', 3128, 'Empacotador', 73, null);
INSERT INTO FUNCIONARIO (MATRICULA, CPF, IDENTIDADE, NOME, ENDERECO, SALARIO, FUNCAO, MATRICULA_SUPERVISOR, CODIGO_FILIAL) VALUES (120, '381.740.496-86', '114778', 'Funcionario 0120', 'Rua 57', 1278, 'Segurana', 101, null);
INSERT INTO FUNCIONARIO (MATRICULA, CPF, IDENTIDADE, NOME, ENDERECO, SALARIO, FUNCAO, MATRICULA_SUPERVISOR, CODIGO_FILIAL) VALUES (121, '339.937.155-94', '716164', 'Funcionario 0121', 'Rua 90', 2723, 'Limpeza', 106, null);
INSERT INTO FUNCIONARIO (MATRICULA, CPF, IDENTIDADE, NOME, ENDERECO, SALARIO, FUNCAO, MATRICULA_SUPERVISOR, CODIGO_FILIAL) VALUES (122, '327.418.912-71', '407209', 'Funcionario 0122', 'Rua 60', 5460, 'Segurana', 94, null);
INSERT INTO FUNCIONARIO (MATRICULA, CPF, IDENTIDADE, NOME, ENDERECO, SALARIO, FUNCAO, MATRICULA_SUPERVISOR, CODIGO_FILIAL) VALUES (123, '506.759.287-42', '412701', 'Funcionario 0123', 'Rua 89', 5907, 'Empacotador', 112, null);
INSERT INTO FUNCIONARIO (MATRICULA, CPF, IDENTIDADE, NOME, ENDERECO, SALARIO, FUNCAO, MATRICULA_SUPERVISOR, CODIGO_FILIAL) VALUES (124, '878.868.817-62', '667397', 'Funcionario 0124', 'Rua 29', 6969, 'Limpeza', 44, null);
INSERT INTO FUNCIONARIO (MATRICULA, CPF, IDENTIDADE, NOME, ENDERECO, SALARIO, FUNCAO, MATRICULA_SUPERVISOR, CODIGO_FILIAL) VALUES (125, '916.725.325-51', '824884', 'Funcionario 0125', 'Rua 52', 4951, 'Segurana', 119, null);
INSERT INTO FUNCIONARIO (MATRICULA, CPF, IDENTIDADE, NOME, ENDERECO, SALARIO, FUNCAO, MATRICULA_SUPERVISOR, CODIGO_FILIAL) VALUES (126, '607.878.745-72', '585821', 'Funcionario 0126', 'Rua 36', 6421, 'Padeiro', 60, null);
INSERT INTO FUNCIONARIO (MATRICULA, CPF, IDENTIDADE, NOME, ENDERECO, SALARIO, FUNCAO, MATRICULA_SUPERVISOR, CODIGO_FILIAL) VALUES (127, '569.775.629-91', '689047', 'Funcionario 0127', 'Rua 25', 6498, 'Padeiro', 93, null);
INSERT INTO FUNCIONARIO (MATRICULA, CPF, IDENTIDADE, NOME, ENDERECO, SALARIO, FUNCAO, MATRICULA_SUPERVISOR, CODIGO_FILIAL) VALUES (128, '877.770.413-92', '438276', 'Funcionario 0128', 'Rua 74', 9936, 'Limpeza', 51, null);
INSERT INTO FUNCIONARIO (MATRICULA, CPF, IDENTIDADE, NOME, ENDERECO, SALARIO, FUNCAO, MATRICULA_SUPERVISOR, CODIGO_FILIAL) VALUES (129, '474.515.290-78', '170134', 'Funcionario 0129', 'Rua 31', 1307, 'Limpeza', 46, null);
INSERT INTO FUNCIONARIO (MATRICULA, CPF, IDENTIDADE, NOME, ENDERECO, SALARIO, FUNCAO, MATRICULA_SUPERVISOR, CODIGO_FILIAL) VALUES (130, '507.306.554-16', '658397', 'Funcionario 0130', 'Rua 72', 6134, 'Empacotador', 37, null);
INSERT INTO FUNCIONARIO (MATRICULA, CPF, IDENTIDADE, NOME, ENDERECO, SALARIO, FUNCAO, MATRICULA_SUPERVISOR, CODIGO_FILIAL) VALUES (131, '117.791.437-54', '641453', 'Funcionario 0131', 'Rua 63', 6405, 'Segurana', 92, null);
INSERT INTO FUNCIONARIO (MATRICULA, CPF, IDENTIDADE, NOME, ENDERECO, SALARIO, FUNCAO, MATRICULA_SUPERVISOR, CODIGO_FILIAL) VALUES (132, '543.802.309-45', '705982', 'Funcionario 0132', 'Rua 64', 4187, 'Empacotador', 117, null);
INSERT INTO FUNCIONARIO (MATRICULA, CPF, IDENTIDADE, NOME, ENDERECO, SALARIO, FUNCAO, MATRICULA_SUPERVISOR, CODIGO_FILIAL) VALUES (133, '584.848.742-33', '363271', 'Funcionario 0133', 'Rua 93', 9075, 'Caixa', 56, null);
INSERT INTO FUNCIONARIO (MATRICULA, CPF, IDENTIDADE, NOME, ENDERECO, SALARIO, FUNCAO, MATRICULA_SUPERVISOR, CODIGO_FILIAL) VALUES (134, '911.733.885-95', '689949', 'Funcionario 0134', 'Rua 96', 7064, 'Empacotador', 53, null);
INSERT INTO FUNCIONARIO (MATRICULA, CPF, IDENTIDADE, NOME, ENDERECO, SALARIO, FUNCAO, MATRICULA_SUPERVISOR, CODIGO_FILIAL) VALUES (135, '260.157.141-23', '129666', 'Funcionario 0135', 'Rua 53', 1165, 'Segurana', 114, null);
INSERT INTO FUNCIONARIO (MATRICULA, CPF, IDENTIDADE, NOME, ENDERECO, SALARIO, FUNCAO, MATRICULA_SUPERVISOR, CODIGO_FILIAL) VALUES (136, '403.261.138-22', '489399', 'Funcionario 0136', 'Rua 51', 2185, 'Empacotador', 103, null);
INSERT INTO FUNCIONARIO (MATRICULA, CPF, IDENTIDADE, NOME, ENDERECO, SALARIO, FUNCAO, MATRICULA_SUPERVISOR, CODIGO_FILIAL) VALUES (137, '659.593.935-86', '736285', 'Funcionario 0137', 'Rua 36', 2818, 'Caixa', 57, null);
INSERT INTO FUNCIONARIO (MATRICULA, CPF, IDENTIDADE, NOME, ENDERECO, SALARIO, FUNCAO, MATRICULA_SUPERVISOR, CODIGO_FILIAL) VALUES (138, '757.857.488-81', '577862', 'Funcionario 0138', 'Rua 11', 3589, 'Limpeza', 87, null);
INSERT INTO FUNCIONARIO (MATRICULA, CPF, IDENTIDADE, NOME, ENDERECO, SALARIO, FUNCAO, MATRICULA_SUPERVISOR, CODIGO_FILIAL) VALUES (139, '252.454.324-57', '259316', 'Funcionario 0139', 'Rua 86', 3582, 'Limpeza', 94, null);
INSERT INTO FUNCIONARIO (MATRICULA, CPF, IDENTIDADE, NOME, ENDERECO, SALARIO, FUNCAO, MATRICULA_SUPERVISOR, CODIGO_FILIAL) VALUES (140, '402.843.893-25', '832734', 'Funcionario 0140', 'Rua 48', 5296, 'Empacotador', 7, null);
INSERT INTO FUNCIONARIO (MATRICULA, CPF, IDENTIDADE, NOME, ENDERECO, SALARIO, FUNCAO, MATRICULA_SUPERVISOR, CODIGO_FILIAL) VALUES (141, '298.107.178-63', '693276', 'Funcionario 0141', 'Rua 14', 2006, 'Segurana', 51, null);
INSERT INTO FUNCIONARIO (MATRICULA, CPF, IDENTIDADE, NOME, ENDERECO, SALARIO, FUNCAO, MATRICULA_SUPERVISOR, CODIGO_FILIAL) VALUES (142, '921.442.442-69', '833185', 'Funcionario 0142', 'Rua 11', 1170, 'Segurana', 119, null);
INSERT INTO FUNCIONARIO (MATRICULA, CPF, IDENTIDADE, NOME, ENDERECO, SALARIO, FUNCAO, MATRICULA_SUPERVISOR, CODIGO_FILIAL) VALUES (143, '271.711.218-70', '113494', 'Funcionario 0143', 'Rua 28', 3879, 'Padeiro', 9, null);
INSERT INTO FUNCIONARIO (MATRICULA, CPF, IDENTIDADE, NOME, ENDERECO, SALARIO, FUNCAO, MATRICULA_SUPERVISOR, CODIGO_FILIAL) VALUES (144, '107.465.219-31', '268195', 'Funcionario 0144', 'Rua 80', 1146, 'Caixa', 129, null);
INSERT INTO FUNCIONARIO (MATRICULA, CPF, IDENTIDADE, NOME, ENDERECO, SALARIO, FUNCAO, MATRICULA_SUPERVISOR, CODIGO_FILIAL) VALUES (145, '726.535.243-64', '736788', 'Funcionario 0145', 'Rua 69', 9712, 'Segurana', 84, null);
INSERT INTO FUNCIONARIO (MATRICULA, CPF, IDENTIDADE, NOME, ENDERECO, SALARIO, FUNCAO, MATRICULA_SUPERVISOR, CODIGO_FILIAL) VALUES (146, '452.509.481-96', '200634', 'Funcionario 0146', 'Rua 24', 8306, 'Caixa', 104, null);
INSERT INTO FUNCIONARIO (MATRICULA, CPF, IDENTIDADE, NOME, ENDERECO, SALARIO, FUNCAO, MATRICULA_SUPERVISOR, CODIGO_FILIAL) VALUES (147, '363.656.662-56', '242751', 'Funcionario 0147', 'Rua 37', 9181, 'Caixa', 145, null);
INSERT INTO FUNCIONARIO (MATRICULA, CPF, IDENTIDADE, NOME, ENDERECO, SALARIO, FUNCAO, MATRICULA_SUPERVISOR, CODIGO_FILIAL) VALUES (148, '258.309.807-88', '121730', 'Funcionario 0148', 'Rua 31', 6664, 'Aougueiro', 131, null);
INSERT INTO FUNCIONARIO (MATRICULA, CPF, IDENTIDADE, NOME, ENDERECO, SALARIO, FUNCAO, MATRICULA_SUPERVISOR, CODIGO_FILIAL) VALUES (149, '788.633.443-36', '869286', 'Funcionario 0149', 'Rua 97', 6201, 'Empacotador', 85, null);


------ TELEFONE_FUNCIONARIO ------

INSERT INTO TELEFONE_FUNCIONARIO (MATRICULA, TELEFONE) VALUES (70, '(62) 93119-4552');
INSERT INTO TELEFONE_FUNCIONARIO (MATRICULA, TELEFONE) VALUES (136, '(21) 94665-3016');
INSERT INTO TELEFONE_FUNCIONARIO (MATRICULA, TELEFONE) VALUES (127, '(74) 92574-8904');
INSERT INTO TELEFONE_FUNCIONARIO (MATRICULA, TELEFONE) VALUES (20, '(37) 91090-1868');
INSERT INTO TELEFONE_FUNCIONARIO (MATRICULA, TELEFONE) VALUES (126, '(24) 92478-6704');
INSERT INTO TELEFONE_FUNCIONARIO (MATRICULA, TELEFONE) VALUES (75, '(83) 90118-6120');
INSERT INTO TELEFONE_FUNCIONARIO (MATRICULA, TELEFONE) VALUES (127, '(40) 97455-2358');
INSERT INTO TELEFONE_FUNCIONARIO (MATRICULA, TELEFONE) VALUES (80, '(90) 95077-4149');
INSERT INTO TELEFONE_FUNCIONARIO (MATRICULA, TELEFONE) VALUES (9, '(77) 95523-8593');
INSERT INTO TELEFONE_FUNCIONARIO (MATRICULA, TELEFONE) VALUES (2, '(47) 90454-8046');
INSERT INTO TELEFONE_FUNCIONARIO (MATRICULA, TELEFONE) VALUES (78, '(65) 94755-1023');
INSERT INTO TELEFONE_FUNCIONARIO (MATRICULA, TELEFONE) VALUES (49, '(69) 96005-5579');
INSERT INTO TELEFONE_FUNCIONARIO (MATRICULA, TELEFONE) VALUES (39, '(19) 99067-3398');
INSERT INTO TELEFONE_FUNCIONARIO (MATRICULA, TELEFONE) VALUES (124, '(37) 94814-7049');
INSERT INTO TELEFONE_FUNCIONARIO (MATRICULA, TELEFONE) VALUES (95, '(49) 97792-4871');
INSERT INTO TELEFONE_FUNCIONARIO (MATRICULA, TELEFONE) VALUES (87, '(59) 91153-1197');
INSERT INTO TELEFONE_FUNCIONARIO (MATRICULA, TELEFONE) VALUES (20, '(84) 97757-6590');
INSERT INTO TELEFONE_FUNCIONARIO (MATRICULA, TELEFONE) VALUES (87, '(11) 90656-4151');
INSERT INTO TELEFONE_FUNCIONARIO (MATRICULA, TELEFONE) VALUES (87, '(92) 98973-7690');
INSERT INTO TELEFONE_FUNCIONARIO (MATRICULA, TELEFONE) VALUES (129, '(38) 99993-8867');
INSERT INTO TELEFONE_FUNCIONARIO (MATRICULA, TELEFONE) VALUES (13, '(15) 98958-6043');
INSERT INTO TELEFONE_FUNCIONARIO (MATRICULA, TELEFONE) VALUES (32, '(89) 98193-8330');
INSERT INTO TELEFONE_FUNCIONARIO (MATRICULA, TELEFONE) VALUES (45, '(83) 98951-8366');
INSERT INTO TELEFONE_FUNCIONARIO (MATRICULA, TELEFONE) VALUES (124, '(95) 90096-2423');
INSERT INTO TELEFONE_FUNCIONARIO (MATRICULA, TELEFONE) VALUES (82, '(79) 93703-1960');
INSERT INTO TELEFONE_FUNCIONARIO (MATRICULA, TELEFONE) VALUES (88, '(72) 97386-4777');
INSERT INTO TELEFONE_FUNCIONARIO (MATRICULA, TELEFONE) VALUES (102, '(25) 96942-6617');
INSERT INTO TELEFONE_FUNCIONARIO (MATRICULA, TELEFONE) VALUES (106, '(52) 98909-5503');
INSERT INTO TELEFONE_FUNCIONARIO (MATRICULA, TELEFONE) VALUES (33, '(18) 92412-5324');
INSERT INTO TELEFONE_FUNCIONARIO (MATRICULA, TELEFONE) VALUES (95, '(32) 97054-3175');
INSERT INTO TELEFONE_FUNCIONARIO (MATRICULA, TELEFONE) VALUES (103, '(48) 93271-7809');
INSERT INTO TELEFONE_FUNCIONARIO (MATRICULA, TELEFONE) VALUES (17, '(95) 90907-1921');
INSERT INTO TELEFONE_FUNCIONARIO (MATRICULA, TELEFONE) VALUES (52, '(88) 96880-3955');
INSERT INTO TELEFONE_FUNCIONARIO (MATRICULA, TELEFONE) VALUES (134, '(88) 90145-9842');
INSERT INTO TELEFONE_FUNCIONARIO (MATRICULA, TELEFONE) VALUES (17, '(99) 92544-6746');
INSERT INTO TELEFONE_FUNCIONARIO (MATRICULA, TELEFONE) VALUES (55, '(35) 97043-4129');
INSERT INTO TELEFONE_FUNCIONARIO (MATRICULA, TELEFONE) VALUES (122, '(45) 98439-5620');
INSERT INTO TELEFONE_FUNCIONARIO (MATRICULA, TELEFONE) VALUES (143, '(24) 98800-9181');
INSERT INTO TELEFONE_FUNCIONARIO (MATRICULA, TELEFONE) VALUES (60, '(75) 96478-6047');
INSERT INTO TELEFONE_FUNCIONARIO (MATRICULA, TELEFONE) VALUES (70, '(13) 97616-1646');
INSERT INTO TELEFONE_FUNCIONARIO (MATRICULA, TELEFONE) VALUES (0, '(67) 95562-6594');
INSERT INTO TELEFONE_FUNCIONARIO (MATRICULA, TELEFONE) VALUES (137, '(16) 94772-1463');
INSERT INTO TELEFONE_FUNCIONARIO (MATRICULA, TELEFONE) VALUES (130, '(90) 91767-1406');
INSERT INTO TELEFONE_FUNCIONARIO (MATRICULA, TELEFONE) VALUES (124, '(24) 91107-9665');
INSERT INTO TELEFONE_FUNCIONARIO (MATRICULA, TELEFONE) VALUES (126, '(61) 99999-5997');
INSERT INTO TELEFONE_FUNCIONARIO (MATRICULA, TELEFONE) VALUES (131, '(54) 99269-7288');
INSERT INTO TELEFONE_FUNCIONARIO (MATRICULA, TELEFONE) VALUES (51, '(28) 98222-5237');
INSERT INTO TELEFONE_FUNCIONARIO (MATRICULA, TELEFONE) VALUES (87, '(98) 98714-4531');
INSERT INTO TELEFONE_FUNCIONARIO (MATRICULA, TELEFONE) VALUES (60, '(56) 97004-8504');
INSERT INTO TELEFONE_FUNCIONARIO (MATRICULA, TELEFONE) VALUES (64, '(75) 95244-5740');
INSERT INTO TELEFONE_FUNCIONARIO (MATRICULA, TELEFONE) VALUES (76, '(35) 92835-1933');
INSERT INTO TELEFONE_FUNCIONARIO (MATRICULA, TELEFONE) VALUES (24, '(94) 94815-8437');
INSERT INTO TELEFONE_FUNCIONARIO (MATRICULA, TELEFONE) VALUES (114, '(34) 91129-6154');
INSERT INTO TELEFONE_FUNCIONARIO (MATRICULA, TELEFONE) VALUES (23, '(88) 93643-2163');
INSERT INTO TELEFONE_FUNCIONARIO (MATRICULA, TELEFONE) VALUES (15, '(51) 92416-9778');
INSERT INTO TELEFONE_FUNCIONARIO (MATRICULA, TELEFONE) VALUES (25, '(33) 90941-8475');
INSERT INTO TELEFONE_FUNCIONARIO (MATRICULA, TELEFONE) VALUES (104, '(53) 97040-6779');
INSERT INTO TELEFONE_FUNCIONARIO (MATRICULA, TELEFONE) VALUES (93, '(96) 99676-6247');
INSERT INTO TELEFONE_FUNCIONARIO (MATRICULA, TELEFONE) VALUES (68, '(65) 92026-8547');
INSERT INTO TELEFONE_FUNCIONARIO (MATRICULA, TELEFONE) VALUES (54, '(18) 91067-7938');
INSERT INTO TELEFONE_FUNCIONARIO (MATRICULA, TELEFONE) VALUES (141, '(26) 97144-4411');
INSERT INTO TELEFONE_FUNCIONARIO (MATRICULA, TELEFONE) VALUES (32, '(45) 90371-6791');
INSERT INTO TELEFONE_FUNCIONARIO (MATRICULA, TELEFONE) VALUES (97, '(94) 98477-3050');
INSERT INTO TELEFONE_FUNCIONARIO (MATRICULA, TELEFONE) VALUES (114, '(14) 98375-5817');
INSERT INTO TELEFONE_FUNCIONARIO (MATRICULA, TELEFONE) VALUES (5, '(94) 97941-9317');
INSERT INTO TELEFONE_FUNCIONARIO (MATRICULA, TELEFONE) VALUES (73, '(49) 98702-6537');
INSERT INTO TELEFONE_FUNCIONARIO (MATRICULA, TELEFONE) VALUES (132, '(85) 91540-7731');
INSERT INTO TELEFONE_FUNCIONARIO (MATRICULA, TELEFONE) VALUES (26, '(48) 92703-7674');
INSERT INTO TELEFONE_FUNCIONARIO (MATRICULA, TELEFONE) VALUES (82, '(91) 94957-2387');
INSERT INTO TELEFONE_FUNCIONARIO (MATRICULA, TELEFONE) VALUES (111, '(61) 99969-2937');
INSERT INTO TELEFONE_FUNCIONARIO (MATRICULA, TELEFONE) VALUES (68, '(69) 96635-7124');
INSERT INTO TELEFONE_FUNCIONARIO (MATRICULA, TELEFONE) VALUES (4, '(88) 92037-6359');
INSERT INTO TELEFONE_FUNCIONARIO (MATRICULA, TELEFONE) VALUES (119, '(67) 92995-3345');
INSERT INTO TELEFONE_FUNCIONARIO (MATRICULA, TELEFONE) VALUES (70, '(85) 92529-7946');
INSERT INTO TELEFONE_FUNCIONARIO (MATRICULA, TELEFONE) VALUES (114, '(16) 97306-4035');
INSERT INTO TELEFONE_FUNCIONARIO (MATRICULA, TELEFONE) VALUES (50, '(87) 93425-7457');
INSERT INTO TELEFONE_FUNCIONARIO (MATRICULA, TELEFONE) VALUES (8, '(67) 94683-2807');
INSERT INTO TELEFONE_FUNCIONARIO (MATRICULA, TELEFONE) VALUES (26, '(71) 99275-1186');
INSERT INTO TELEFONE_FUNCIONARIO (MATRICULA, TELEFONE) VALUES (76, '(90) 98918-6446');
INSERT INTO TELEFONE_FUNCIONARIO (MATRICULA, TELEFONE) VALUES (97, '(66) 90886-1767');
INSERT INTO TELEFONE_FUNCIONARIO (MATRICULA, TELEFONE) VALUES (47, '(51) 91934-2587');
INSERT INTO TELEFONE_FUNCIONARIO (MATRICULA, TELEFONE) VALUES (126, '(23) 91445-4648');
INSERT INTO TELEFONE_FUNCIONARIO (MATRICULA, TELEFONE) VALUES (28, '(55) 99316-3000');
INSERT INTO TELEFONE_FUNCIONARIO (MATRICULA, TELEFONE) VALUES (16, '(64) 92309-1297');
INSERT INTO TELEFONE_FUNCIONARIO (MATRICULA, TELEFONE) VALUES (21, '(84) 94589-3075');
INSERT INTO TELEFONE_FUNCIONARIO (MATRICULA, TELEFONE) VALUES (138, '(19) 99678-1309');
INSERT INTO TELEFONE_FUNCIONARIO (MATRICULA, TELEFONE) VALUES (72, '(98) 95058-1619');
INSERT INTO TELEFONE_FUNCIONARIO (MATRICULA, TELEFONE) VALUES (110, '(40) 96923-2013');
INSERT INTO TELEFONE_FUNCIONARIO (MATRICULA, TELEFONE) VALUES (17, '(40) 93743-9648');
INSERT INTO TELEFONE_FUNCIONARIO (MATRICULA, TELEFONE) VALUES (121, '(79) 94640-1867');
INSERT INTO TELEFONE_FUNCIONARIO (MATRICULA, TELEFONE) VALUES (149, '(96) 97954-8558');
INSERT INTO TELEFONE_FUNCIONARIO (MATRICULA, TELEFONE) VALUES (24, '(31) 91608-7452');
INSERT INTO TELEFONE_FUNCIONARIO (MATRICULA, TELEFONE) VALUES (89, '(14) 99695-3796');
INSERT INTO TELEFONE_FUNCIONARIO (MATRICULA, TELEFONE) VALUES (99, '(51) 92330-8813');
INSERT INTO TELEFONE_FUNCIONARIO (MATRICULA, TELEFONE) VALUES (111, '(93) 91819-8837');
INSERT INTO TELEFONE_FUNCIONARIO (MATRICULA, TELEFONE) VALUES (96, '(16) 98407-6329');
INSERT INTO TELEFONE_FUNCIONARIO (MATRICULA, TELEFONE) VALUES (149, '(61) 91215-1446');
INSERT INTO TELEFONE_FUNCIONARIO (MATRICULA, TELEFONE) VALUES (71, '(93) 94935-6653');
INSERT INTO TELEFONE_FUNCIONARIO (MATRICULA, TELEFONE) VALUES (149, '(14) 98570-7854');
INSERT INTO TELEFONE_FUNCIONARIO (MATRICULA, TELEFONE) VALUES (142, '(99) 93047-4901');


------ DEPENDENTE ------

INSERT INTO DEPENDENTE (CPF, DATA_NASC, NOME, MATRICULA_FUNCIONARIO) VALUES ('547.920.287-63', TO_DATE('10/09/1928','DD/MM/YYYY'), 'Dependente 00', 86);
INSERT INTO DEPENDENTE (CPF, DATA_NASC, NOME, MATRICULA_FUNCIONARIO) VALUES ('969.547.516-94', TO_DATE('10/03/1926','DD/MM/YYYY'), 'Dependente 01', 43);
INSERT INTO DEPENDENTE (CPF, DATA_NASC, NOME, MATRICULA_FUNCIONARIO) VALUES ('592.355.645-65', TO_DATE('18/02/1954','DD/MM/YYYY'), 'Dependente 02', 55);
INSERT INTO DEPENDENTE (CPF, DATA_NASC, NOME, MATRICULA_FUNCIONARIO) VALUES ('166.877.363-36', TO_DATE('20/10/1983','DD/MM/YYYY'), 'Dependente 03', 32);
INSERT INTO DEPENDENTE (CPF, DATA_NASC, NOME, MATRICULA_FUNCIONARIO) VALUES ('820.958.322-17', TO_DATE('26/09/1933','DD/MM/YYYY'), 'Dependente 04', 46);
INSERT INTO DEPENDENTE (CPF, DATA_NASC, NOME, MATRICULA_FUNCIONARIO) VALUES ('378.387.646-93', TO_DATE('11/08/1945','DD/MM/YYYY'), 'Dependente 05', 74);
INSERT INTO DEPENDENTE (CPF, DATA_NASC, NOME, MATRICULA_FUNCIONARIO) VALUES ('936.105.661-12', TO_DATE('24/09/1952','DD/MM/YYYY'), 'Dependente 06', 34);
INSERT INTO DEPENDENTE (CPF, DATA_NASC, NOME, MATRICULA_FUNCIONARIO) VALUES ('889.455.757-90', TO_DATE('17/07/1938','DD/MM/YYYY'), 'Dependente 07', 39);
INSERT INTO DEPENDENTE (CPF, DATA_NASC, NOME, MATRICULA_FUNCIONARIO) VALUES ('427.513.855-31', TO_DATE('09/06/1928','DD/MM/YYYY'), 'Dependente 08', 77);
INSERT INTO DEPENDENTE (CPF, DATA_NASC, NOME, MATRICULA_FUNCIONARIO) VALUES ('582.101.899-81', TO_DATE('05/04/1939','DD/MM/YYYY'), 'Dependente 09', 136);
INSERT INTO DEPENDENTE (CPF, DATA_NASC, NOME, MATRICULA_FUNCIONARIO) VALUES ('597.705.103-49', TO_DATE('26/09/1987','DD/MM/YYYY'), 'Dependente 010', 71);
INSERT INTO DEPENDENTE (CPF, DATA_NASC, NOME, MATRICULA_FUNCIONARIO) VALUES ('351.717.739-69', TO_DATE('27/11/1966','DD/MM/YYYY'), 'Dependente 011', 20);
INSERT INTO DEPENDENTE (CPF, DATA_NASC, NOME, MATRICULA_FUNCIONARIO) VALUES ('585.717.639-43', TO_DATE('19/08/1986','DD/MM/YYYY'), 'Dependente 012', 126);
INSERT INTO DEPENDENTE (CPF, DATA_NASC, NOME, MATRICULA_FUNCIONARIO) VALUES ('431.477.932-31', TO_DATE('22/01/1928','DD/MM/YYYY'), 'Dependente 013', 38);
INSERT INTO DEPENDENTE (CPF, DATA_NASC, NOME, MATRICULA_FUNCIONARIO) VALUES ('377.987.397-88', TO_DATE('18/09/1934','DD/MM/YYYY'), 'Dependente 014', 75);
INSERT INTO DEPENDENTE (CPF, DATA_NASC, NOME, MATRICULA_FUNCIONARIO) VALUES ('752.833.119-56', TO_DATE('13/12/1997','DD/MM/YYYY'), 'Dependente 015', 39);
INSERT INTO DEPENDENTE (CPF, DATA_NASC, NOME, MATRICULA_FUNCIONARIO) VALUES ('446.864.447-47', TO_DATE('27/02/1930','DD/MM/YYYY'), 'Dependente 016', 34);
INSERT INTO DEPENDENTE (CPF, DATA_NASC, NOME, MATRICULA_FUNCIONARIO) VALUES ('853.798.920-69', TO_DATE('11/11/1910','DD/MM/YYYY'), 'Dependente 017', 111);
INSERT INTO DEPENDENTE (CPF, DATA_NASC, NOME, MATRICULA_FUNCIONARIO) VALUES ('656.392.601-75', TO_DATE('24/09/1976','DD/MM/YYYY'), 'Dependente 018', 99);
INSERT INTO DEPENDENTE (CPF, DATA_NASC, NOME, MATRICULA_FUNCIONARIO) VALUES ('554.642.259-48', TO_DATE('27/09/1937','DD/MM/YYYY'), 'Dependente 019', 10);
INSERT INTO DEPENDENTE (CPF, DATA_NASC, NOME, MATRICULA_FUNCIONARIO) VALUES ('822.669.948-97', TO_DATE('25/04/2014','DD/MM/YYYY'), 'Dependente 020', 18);
INSERT INTO DEPENDENTE (CPF, DATA_NASC, NOME, MATRICULA_FUNCIONARIO) VALUES ('330.547.932-43', TO_DATE('28/09/2018','DD/MM/YYYY'), 'Dependente 021', 76);
INSERT INTO DEPENDENTE (CPF, DATA_NASC, NOME, MATRICULA_FUNCIONARIO) VALUES ('459.384.712-17', TO_DATE('08/09/1935','DD/MM/YYYY'), 'Dependente 022', 21);
INSERT INTO DEPENDENTE (CPF, DATA_NASC, NOME, MATRICULA_FUNCIONARIO) VALUES ('389.967.585-13', TO_DATE('21/12/1990','DD/MM/YYYY'), 'Dependente 023', 74);
INSERT INTO DEPENDENTE (CPF, DATA_NASC, NOME, MATRICULA_FUNCIONARIO) VALUES ('398.255.855-65', TO_DATE('05/01/1993','DD/MM/YYYY'), 'Dependente 024', 93);
INSERT INTO DEPENDENTE (CPF, DATA_NASC, NOME, MATRICULA_FUNCIONARIO) VALUES ('268.191.802-93', TO_DATE('19/07/1954','DD/MM/YYYY'), 'Dependente 025', 136);
INSERT INTO DEPENDENTE (CPF, DATA_NASC, NOME, MATRICULA_FUNCIONARIO) VALUES ('793.827.714-75', TO_DATE('02/06/2009','DD/MM/YYYY'), 'Dependente 026', 119);
INSERT INTO DEPENDENTE (CPF, DATA_NASC, NOME, MATRICULA_FUNCIONARIO) VALUES ('970.679.953-57', TO_DATE('13/10/2006','DD/MM/YYYY'), 'Dependente 027', 77);
INSERT INTO DEPENDENTE (CPF, DATA_NASC, NOME, MATRICULA_FUNCIONARIO) VALUES ('962.845.615-20', TO_DATE('14/09/1990','DD/MM/YYYY'), 'Dependente 028', 98);
INSERT INTO DEPENDENTE (CPF, DATA_NASC, NOME, MATRICULA_FUNCIONARIO) VALUES ('235.281.705-19', TO_DATE('17/07/1918','DD/MM/YYYY'), 'Dependente 029', 88);
INSERT INTO DEPENDENTE (CPF, DATA_NASC, NOME, MATRICULA_FUNCIONARIO) VALUES ('893.116.400-69', TO_DATE('26/08/1921','DD/MM/YYYY'), 'Dependente 030', 28);
INSERT INTO DEPENDENTE (CPF, DATA_NASC, NOME, MATRICULA_FUNCIONARIO) VALUES ('206.224.238-26', TO_DATE('14/02/1941','DD/MM/YYYY'), 'Dependente 031', 142);
INSERT INTO DEPENDENTE (CPF, DATA_NASC, NOME, MATRICULA_FUNCIONARIO) VALUES ('721.881.604-78', TO_DATE('03/04/1918','DD/MM/YYYY'), 'Dependente 032', 38);
INSERT INTO DEPENDENTE (CPF, DATA_NASC, NOME, MATRICULA_FUNCIONARIO) VALUES ('676.941.560-30', TO_DATE('21/02/1983','DD/MM/YYYY'), 'Dependente 033', 79);
INSERT INTO DEPENDENTE (CPF, DATA_NASC, NOME, MATRICULA_FUNCIONARIO) VALUES ('336.565.944-76', TO_DATE('23/06/2001','DD/MM/YYYY'), 'Dependente 034', 78);
INSERT INTO DEPENDENTE (CPF, DATA_NASC, NOME, MATRICULA_FUNCIONARIO) VALUES ('450.318.752-42', TO_DATE('11/03/1994','DD/MM/YYYY'), 'Dependente 035', 64);
INSERT INTO DEPENDENTE (CPF, DATA_NASC, NOME, MATRICULA_FUNCIONARIO) VALUES ('776.841.518-91', TO_DATE('26/09/2014','DD/MM/YYYY'), 'Dependente 036', 77);
INSERT INTO DEPENDENTE (CPF, DATA_NASC, NOME, MATRICULA_FUNCIONARIO) VALUES ('843.130.884-26', TO_DATE('15/09/1971','DD/MM/YYYY'), 'Dependente 037', 28);
INSERT INTO DEPENDENTE (CPF, DATA_NASC, NOME, MATRICULA_FUNCIONARIO) VALUES ('694.383.764-98', TO_DATE('11/02/1922','DD/MM/YYYY'), 'Dependente 038', 29);
INSERT INTO DEPENDENTE (CPF, DATA_NASC, NOME, MATRICULA_FUNCIONARIO) VALUES ('466.788.137-47', TO_DATE('14/03/1979','DD/MM/YYYY'), 'Dependente 039', 7);
INSERT INTO DEPENDENTE (CPF, DATA_NASC, NOME, MATRICULA_FUNCIONARIO) VALUES ('332.167.426-92', TO_DATE('19/07/1974','DD/MM/YYYY'), 'Dependente 040', 5);
INSERT INTO DEPENDENTE (CPF, DATA_NASC, NOME, MATRICULA_FUNCIONARIO) VALUES ('189.732.472-27', TO_DATE('03/08/1972','DD/MM/YYYY'), 'Dependente 041', 41);
INSERT INTO DEPENDENTE (CPF, DATA_NASC, NOME, MATRICULA_FUNCIONARIO) VALUES ('686.499.716-93', TO_DATE('18/12/1979','DD/MM/YYYY'), 'Dependente 042', 139);
INSERT INTO DEPENDENTE (CPF, DATA_NASC, NOME, MATRICULA_FUNCIONARIO) VALUES ('256.717.814-90', TO_DATE('19/10/1987','DD/MM/YYYY'), 'Dependente 043', 9);
INSERT INTO DEPENDENTE (CPF, DATA_NASC, NOME, MATRICULA_FUNCIONARIO) VALUES ('994.970.362-17', TO_DATE('05/08/2019','DD/MM/YYYY'), 'Dependente 044', 82);
INSERT INTO DEPENDENTE (CPF, DATA_NASC, NOME, MATRICULA_FUNCIONARIO) VALUES ('723.298.278-66', TO_DATE('21/07/1973','DD/MM/YYYY'), 'Dependente 045', 93);
INSERT INTO DEPENDENTE (CPF, DATA_NASC, NOME, MATRICULA_FUNCIONARIO) VALUES ('632.193.633-92', TO_DATE('17/03/1984','DD/MM/YYYY'), 'Dependente 046', 30);
INSERT INTO DEPENDENTE (CPF, DATA_NASC, NOME, MATRICULA_FUNCIONARIO) VALUES ('935.496.593-86', TO_DATE('16/02/1930','DD/MM/YYYY'), 'Dependente 047', 84);
INSERT INTO DEPENDENTE (CPF, DATA_NASC, NOME, MATRICULA_FUNCIONARIO) VALUES ('186.950.680-43', TO_DATE('04/02/1931','DD/MM/YYYY'), 'Dependente 048', 81);
INSERT INTO DEPENDENTE (CPF, DATA_NASC, NOME, MATRICULA_FUNCIONARIO) VALUES ('236.770.917-29', TO_DATE('14/08/1977','DD/MM/YYYY'), 'Dependente 049', 143);
INSERT INTO DEPENDENTE (CPF, DATA_NASC, NOME, MATRICULA_FUNCIONARIO) VALUES ('153.102.416-51', TO_DATE('25/04/1964','DD/MM/YYYY'), 'Dependente 050', 3);
INSERT INTO DEPENDENTE (CPF, DATA_NASC, NOME, MATRICULA_FUNCIONARIO) VALUES ('838.395.331-66', TO_DATE('18/07/1961','DD/MM/YYYY'), 'Dependente 051', 40);
INSERT INTO DEPENDENTE (CPF, DATA_NASC, NOME, MATRICULA_FUNCIONARIO) VALUES ('713.326.356-35', TO_DATE('23/05/1982','DD/MM/YYYY'), 'Dependente 052', 121);
INSERT INTO DEPENDENTE (CPF, DATA_NASC, NOME, MATRICULA_FUNCIONARIO) VALUES ('118.149.768-67', TO_DATE('05/04/1911','DD/MM/YYYY'), 'Dependente 053', 139);
INSERT INTO DEPENDENTE (CPF, DATA_NASC, NOME, MATRICULA_FUNCIONARIO) VALUES ('551.370.242-89', TO_DATE('23/08/1989','DD/MM/YYYY'), 'Dependente 054', 49);
INSERT INTO DEPENDENTE (CPF, DATA_NASC, NOME, MATRICULA_FUNCIONARIO) VALUES ('366.693.893-69', TO_DATE('20/07/1947','DD/MM/YYYY'), 'Dependente 055', 41);
INSERT INTO DEPENDENTE (CPF, DATA_NASC, NOME, MATRICULA_FUNCIONARIO) VALUES ('135.434.625-39', TO_DATE('22/12/1968','DD/MM/YYYY'), 'Dependente 056', 91);
INSERT INTO DEPENDENTE (CPF, DATA_NASC, NOME, MATRICULA_FUNCIONARIO) VALUES ('450.539.440-34', TO_DATE('16/12/1985','DD/MM/YYYY'), 'Dependente 057', 63);
INSERT INTO DEPENDENTE (CPF, DATA_NASC, NOME, MATRICULA_FUNCIONARIO) VALUES ('363.467.728-42', TO_DATE('15/09/2007','DD/MM/YYYY'), 'Dependente 058', 16);
INSERT INTO DEPENDENTE (CPF, DATA_NASC, NOME, MATRICULA_FUNCIONARIO) VALUES ('538.302.905-88', TO_DATE('09/06/1973','DD/MM/YYYY'), 'Dependente 059', 25);
INSERT INTO DEPENDENTE (CPF, DATA_NASC, NOME, MATRICULA_FUNCIONARIO) VALUES ('314.920.728-27', TO_DATE('20/04/1946','DD/MM/YYYY'), 'Dependente 060', 111);
INSERT INTO DEPENDENTE (CPF, DATA_NASC, NOME, MATRICULA_FUNCIONARIO) VALUES ('147.490.907-58', TO_DATE('17/02/1938','DD/MM/YYYY'), 'Dependente 061', 136);
INSERT INTO DEPENDENTE (CPF, DATA_NASC, NOME, MATRICULA_FUNCIONARIO) VALUES ('734.568.436-47', TO_DATE('20/07/2006','DD/MM/YYYY'), 'Dependente 062', 51);
INSERT INTO DEPENDENTE (CPF, DATA_NASC, NOME, MATRICULA_FUNCIONARIO) VALUES ('682.894.772-46', TO_DATE('04/07/1946','DD/MM/YYYY'), 'Dependente 063', 108);
INSERT INTO DEPENDENTE (CPF, DATA_NASC, NOME, MATRICULA_FUNCIONARIO) VALUES ('853.424.258-97', TO_DATE('16/06/1984','DD/MM/YYYY'), 'Dependente 064', 43);
INSERT INTO DEPENDENTE (CPF, DATA_NASC, NOME, MATRICULA_FUNCIONARIO) VALUES ('713.254.337-60', TO_DATE('28/05/1925','DD/MM/YYYY'), 'Dependente 065', 18);
INSERT INTO DEPENDENTE (CPF, DATA_NASC, NOME, MATRICULA_FUNCIONARIO) VALUES ('222.940.663-61', TO_DATE('26/04/1948','DD/MM/YYYY'), 'Dependente 066', 63);
INSERT INTO DEPENDENTE (CPF, DATA_NASC, NOME, MATRICULA_FUNCIONARIO) VALUES ('113.369.740-75', TO_DATE('11/10/2015','DD/MM/YYYY'), 'Dependente 067', 93);
INSERT INTO DEPENDENTE (CPF, DATA_NASC, NOME, MATRICULA_FUNCIONARIO) VALUES ('425.136.155-46', TO_DATE('17/12/1956','DD/MM/YYYY'), 'Dependente 068', 18);
INSERT INTO DEPENDENTE (CPF, DATA_NASC, NOME, MATRICULA_FUNCIONARIO) VALUES ('652.228.291-41', TO_DATE('19/02/2015','DD/MM/YYYY'), 'Dependente 069', 35);
INSERT INTO DEPENDENTE (CPF, DATA_NASC, NOME, MATRICULA_FUNCIONARIO) VALUES ('814.298.204-62', TO_DATE('20/11/1963','DD/MM/YYYY'), 'Dependente 070', 65);
INSERT INTO DEPENDENTE (CPF, DATA_NASC, NOME, MATRICULA_FUNCIONARIO) VALUES ('482.266.386-32', TO_DATE('07/08/1997','DD/MM/YYYY'), 'Dependente 071', 2);
INSERT INTO DEPENDENTE (CPF, DATA_NASC, NOME, MATRICULA_FUNCIONARIO) VALUES ('106.312.209-60', TO_DATE('07/10/1956','DD/MM/YYYY'), 'Dependente 072', 94);
INSERT INTO DEPENDENTE (CPF, DATA_NASC, NOME, MATRICULA_FUNCIONARIO) VALUES ('621.629.248-12', TO_DATE('05/07/2002','DD/MM/YYYY'), 'Dependente 073', 54);
INSERT INTO DEPENDENTE (CPF, DATA_NASC, NOME, MATRICULA_FUNCIONARIO) VALUES ('690.453.697-48', TO_DATE('13/08/2000','DD/MM/YYYY'), 'Dependente 074', 100);
INSERT INTO DEPENDENTE (CPF, DATA_NASC, NOME, MATRICULA_FUNCIONARIO) VALUES ('811.400.567-81', TO_DATE('14/02/1988','DD/MM/YYYY'), 'Dependente 075', 90);
INSERT INTO DEPENDENTE (CPF, DATA_NASC, NOME, MATRICULA_FUNCIONARIO) VALUES ('721.839.520-38', TO_DATE('13/05/1961','DD/MM/YYYY'), 'Dependente 076', 92);
INSERT INTO DEPENDENTE (CPF, DATA_NASC, NOME, MATRICULA_FUNCIONARIO) VALUES ('990.697.801-52', TO_DATE('05/05/2012','DD/MM/YYYY'), 'Dependente 077', 27);
INSERT INTO DEPENDENTE (CPF, DATA_NASC, NOME, MATRICULA_FUNCIONARIO) VALUES ('412.665.629-37', TO_DATE('18/05/1991','DD/MM/YYYY'), 'Dependente 078', 149);
INSERT INTO DEPENDENTE (CPF, DATA_NASC, NOME, MATRICULA_FUNCIONARIO) VALUES ('625.435.322-60', TO_DATE('28/04/1958','DD/MM/YYYY'), 'Dependente 079', 28);


------ FILIAL ------

INSERT INTO FILIAL (CODIGO_IDENTIFICACAO, NOME, ENDERECO, TELEFONE) VALUES (0, 'Filial 0', 'Rua 18', '(54) 93082-2184');
INSERT INTO FILIAL (CODIGO_IDENTIFICACAO, NOME, ENDERECO, TELEFONE) VALUES (1, 'Filial 1', 'Rua 20', '(96) 92515-7540');
INSERT INTO FILIAL (CODIGO_IDENTIFICACAO, NOME, ENDERECO, TELEFONE) VALUES (2, 'Filial 2', 'Rua 11', '(35) 97679-6470');
INSERT INTO FILIAL (CODIGO_IDENTIFICACAO, NOME, ENDERECO, TELEFONE) VALUES (3, 'Filial 3', 'Rua 56', '(42) 96683-5032');
INSERT INTO FILIAL (CODIGO_IDENTIFICACAO, NOME, ENDERECO, TELEFONE) VALUES (4, 'Filial 4', 'Rua 85', '(67) 95357-8849');
INSERT INTO FILIAL (CODIGO_IDENTIFICACAO, NOME, ENDERECO, TELEFONE) VALUES (5, 'Filial 5', 'Rua 24', '(78) 95211-2790');
INSERT INTO FILIAL (CODIGO_IDENTIFICACAO, NOME, ENDERECO, TELEFONE) VALUES (6, 'Filial 6', 'Rua 56', '(61) 96217-6986');
INSERT INTO FILIAL (CODIGO_IDENTIFICACAO, NOME, ENDERECO, TELEFONE) VALUES (7, 'Filial 7', 'Rua 35', '(41) 91801-2896');
INSERT INTO FILIAL (CODIGO_IDENTIFICACAO, NOME, ENDERECO, TELEFONE) VALUES (8, 'Filial 8', 'Rua 84', '(22) 93827-4447');
INSERT INTO FILIAL (CODIGO_IDENTIFICACAO, NOME, ENDERECO, TELEFONE) VALUES (9, 'Filial 9', 'Rua 65', '(63) 95844-7582');


------ MARCA ------

INSERT INTO MARCA (IDENTIFICADOR, NOME) VALUES (0, 'Marca 0');
INSERT INTO MARCA (IDENTIFICADOR, NOME) VALUES (1, 'Marca 1');
INSERT INTO MARCA (IDENTIFICADOR, NOME) VALUES (2, 'Marca 2');
INSERT INTO MARCA (IDENTIFICADOR, NOME) VALUES (3, 'Marca 3');
INSERT INTO MARCA (IDENTIFICADOR, NOME) VALUES (4, 'Marca 4');
INSERT INTO MARCA (IDENTIFICADOR, NOME) VALUES (5, 'Marca 5');
INSERT INTO MARCA (IDENTIFICADOR, NOME) VALUES (6, 'Marca 6');
INSERT INTO MARCA (IDENTIFICADOR, NOME) VALUES (7, 'Marca 7');
INSERT INTO MARCA (IDENTIFICADOR, NOME) VALUES (8, 'Marca 8');
INSERT INTO MARCA (IDENTIFICADOR, NOME) VALUES (9, 'Marca 9');
INSERT INTO MARCA (IDENTIFICADOR, NOME) VALUES (10, 'Marca 10');
INSERT INTO MARCA (IDENTIFICADOR, NOME) VALUES (11, 'Marca 11');
INSERT INTO MARCA (IDENTIFICADOR, NOME) VALUES (12, 'Marca 12');
INSERT INTO MARCA (IDENTIFICADOR, NOME) VALUES (13, 'Marca 13');
INSERT INTO MARCA (IDENTIFICADOR, NOME) VALUES (14, 'Marca 14');
INSERT INTO MARCA (IDENTIFICADOR, NOME) VALUES (15, 'Marca 15');
INSERT INTO MARCA (IDENTIFICADOR, NOME) VALUES (16, 'Marca 16');
INSERT INTO MARCA (IDENTIFICADOR, NOME) VALUES (17, 'Marca 17');
INSERT INTO MARCA (IDENTIFICADOR, NOME) VALUES (18, 'Marca 18');
INSERT INTO MARCA (IDENTIFICADOR, NOME) VALUES (19, 'Marca 19');
INSERT INTO MARCA (IDENTIFICADOR, NOME) VALUES (20, 'Marca 20');
INSERT INTO MARCA (IDENTIFICADOR, NOME) VALUES (21, 'Marca 21');
INSERT INTO MARCA (IDENTIFICADOR, NOME) VALUES (22, 'Marca 22');
INSERT INTO MARCA (IDENTIFICADOR, NOME) VALUES (23, 'Marca 23');
INSERT INTO MARCA (IDENTIFICADOR, NOME) VALUES (24, 'Marca 24');


------ CATEGORIA ------

INSERT INTO CATEGORIA (IDENTIFICADOR, NOME) VALUES (0, 'Categoria 0');
INSERT INTO CATEGORIA (IDENTIFICADOR, NOME) VALUES (1, 'Categoria 1');
INSERT INTO CATEGORIA (IDENTIFICADOR, NOME) VALUES (2, 'Categoria 2');
INSERT INTO CATEGORIA (IDENTIFICADOR, NOME) VALUES (3, 'Categoria 3');
INSERT INTO CATEGORIA (IDENTIFICADOR, NOME) VALUES (4, 'Categoria 4');
INSERT INTO CATEGORIA (IDENTIFICADOR, NOME) VALUES (5, 'Categoria 5');
INSERT INTO CATEGORIA (IDENTIFICADOR, NOME) VALUES (6, 'Categoria 6');
INSERT INTO CATEGORIA (IDENTIFICADOR, NOME) VALUES (7, 'Categoria 7');
INSERT INTO CATEGORIA (IDENTIFICADOR, NOME) VALUES (8, 'Categoria 8');
INSERT INTO CATEGORIA (IDENTIFICADOR, NOME) VALUES (9, 'Categoria 9');
INSERT INTO CATEGORIA (IDENTIFICADOR, NOME) VALUES (10, 'Categoria 10');
INSERT INTO CATEGORIA (IDENTIFICADOR, NOME) VALUES (11, 'Categoria 11');
INSERT INTO CATEGORIA (IDENTIFICADOR, NOME) VALUES (12, 'Categoria 12');
INSERT INTO CATEGORIA (IDENTIFICADOR, NOME) VALUES (13, 'Categoria 13');
INSERT INTO CATEGORIA (IDENTIFICADOR, NOME) VALUES (14, 'Categoria 14');
INSERT INTO CATEGORIA (IDENTIFICADOR, NOME) VALUES (15, 'Categoria 15');
INSERT INTO CATEGORIA (IDENTIFICADOR, NOME) VALUES (16, 'Categoria 16');
INSERT INTO CATEGORIA (IDENTIFICADOR, NOME) VALUES (17, 'Categoria 17');
INSERT INTO CATEGORIA (IDENTIFICADOR, NOME) VALUES (18, 'Categoria 18');
INSERT INTO CATEGORIA (IDENTIFICADOR, NOME) VALUES (19, 'Categoria 19');
INSERT INTO CATEGORIA (IDENTIFICADOR, NOME) VALUES (20, 'Categoria 20');
INSERT INTO CATEGORIA (IDENTIFICADOR, NOME) VALUES (21, 'Categoria 21');
INSERT INTO CATEGORIA (IDENTIFICADOR, NOME) VALUES (22, 'Categoria 22');
INSERT INTO CATEGORIA (IDENTIFICADOR, NOME) VALUES (23, 'Categoria 23');
INSERT INTO CATEGORIA (IDENTIFICADOR, NOME) VALUES (24, 'Categoria 24');
INSERT INTO CATEGORIA (IDENTIFICADOR, NOME) VALUES (25, 'Categoria 25');
INSERT INTO CATEGORIA (IDENTIFICADOR, NOME) VALUES (26, 'Categoria 26');
INSERT INTO CATEGORIA (IDENTIFICADOR, NOME) VALUES (27, 'Categoria 27');
INSERT INTO CATEGORIA (IDENTIFICADOR, NOME) VALUES (28, 'Categoria 28');
INSERT INTO CATEGORIA (IDENTIFICADOR, NOME) VALUES (29, 'Categoria 29');


------ PRODUTO ------

INSERT INTO PRODUTO (CODIGO_IDENTIFICACAO, NOME, DESCRICAO, MARGEM_LUCRO, CODIGO_FILIAL, QUANTIDADE, PRECO_COMPRA, PRECO_VENDA, DATA_COMPRA, DATA_VALIDADE, ID_MARCA, ID_CATEGORIA) VALUES (0, 'Produto 00', 'Descrio do Produto 00', '7256', 1, 832, 7, 61, TO_DATE('10/09/1923','DD/MM/YYYY'), TO_DATE('27/02/1977','DD/MM/YYYY'), 10, 18);
INSERT INTO PRODUTO (CODIGO_IDENTIFICACAO, NOME, DESCRICAO, MARGEM_LUCRO, CODIGO_FILIAL, QUANTIDADE, PRECO_COMPRA, PRECO_VENDA, DATA_COMPRA, DATA_VALIDADE, ID_MARCA, ID_CATEGORIA) VALUES (1, 'Produto 01', 'Descrio do Produto 01', '7762', 0, 258, 16, 31, TO_DATE('01/10/1927','DD/MM/YYYY'), TO_DATE('06/05/1930','DD/MM/YYYY'), 16, 10);
INSERT INTO PRODUTO (CODIGO_IDENTIFICACAO, NOME, DESCRICAO, MARGEM_LUCRO, CODIGO_FILIAL, QUANTIDADE, PRECO_COMPRA, PRECO_VENDA, DATA_COMPRA, DATA_VALIDADE, ID_MARCA, ID_CATEGORIA) VALUES (2, 'Produto 02', 'Descrio do Produto 02', '3061', 4, 535, 11, 79, TO_DATE('19/05/2012','DD/MM/YYYY'), TO_DATE('21/12/1952','DD/MM/YYYY'), 6, 2);
INSERT INTO PRODUTO (CODIGO_IDENTIFICACAO, NOME, DESCRICAO, MARGEM_LUCRO, CODIGO_FILIAL, QUANTIDADE, PRECO_COMPRA, PRECO_VENDA, DATA_COMPRA, DATA_VALIDADE, ID_MARCA, ID_CATEGORIA) VALUES (3, 'Produto 03', 'Descrio do Produto 03', '4714', 8, 624, 26, 70, TO_DATE('27/04/1997','DD/MM/YYYY'), TO_DATE('03/12/2001','DD/MM/YYYY'), 5, 6);
INSERT INTO PRODUTO (CODIGO_IDENTIFICACAO, NOME, DESCRICAO, MARGEM_LUCRO, CODIGO_FILIAL, QUANTIDADE, PRECO_COMPRA, PRECO_VENDA, DATA_COMPRA, DATA_VALIDADE, ID_MARCA, ID_CATEGORIA) VALUES (4, 'Produto 04', 'Descrio do Produto 04', '4265', 9, 423, 23, 95, TO_DATE('12/09/1922','DD/MM/YYYY'), TO_DATE('24/03/1956','DD/MM/YYYY'), 14, 5);
INSERT INTO PRODUTO (CODIGO_IDENTIFICACAO, NOME, DESCRICAO, MARGEM_LUCRO, CODIGO_FILIAL, QUANTIDADE, PRECO_COMPRA, PRECO_VENDA, DATA_COMPRA, DATA_VALIDADE, ID_MARCA, ID_CATEGORIA) VALUES (5, 'Produto 05', 'Descrio do Produto 05', '8449', 9, 507, 1, 44, TO_DATE('25/06/1915','DD/MM/YYYY'), TO_DATE('20/03/1982','DD/MM/YYYY'), 13, 7);
INSERT INTO PRODUTO (CODIGO_IDENTIFICACAO, NOME, DESCRICAO, MARGEM_LUCRO, CODIGO_FILIAL, QUANTIDADE, PRECO_COMPRA, PRECO_VENDA, DATA_COMPRA, DATA_VALIDADE, ID_MARCA, ID_CATEGORIA) VALUES (6, 'Produto 06', 'Descrio do Produto 06', '7844', 6, 664, 19, 75, TO_DATE('25/06/1951','DD/MM/YYYY'), TO_DATE('12/08/2001','DD/MM/YYYY'), 10, 4);
INSERT INTO PRODUTO (CODIGO_IDENTIFICACAO, NOME, DESCRICAO, MARGEM_LUCRO, CODIGO_FILIAL, QUANTIDADE, PRECO_COMPRA, PRECO_VENDA, DATA_COMPRA, DATA_VALIDADE, ID_MARCA, ID_CATEGORIA) VALUES (7, 'Produto 07', 'Descrio do Produto 07', '9319', 0, 16, 30, 78, TO_DATE('09/08/1944','DD/MM/YYYY'), TO_DATE('23/01/2017','DD/MM/YYYY'), 9, 13);
INSERT INTO PRODUTO (CODIGO_IDENTIFICACAO, NOME, DESCRICAO, MARGEM_LUCRO, CODIGO_FILIAL, QUANTIDADE, PRECO_COMPRA, PRECO_VENDA, DATA_COMPRA, DATA_VALIDADE, ID_MARCA, ID_CATEGORIA) VALUES (8, 'Produto 08', 'Descrio do Produto 08', '8843', 5, 345, 19, 52, TO_DATE('14/08/2012','DD/MM/YYYY'), TO_DATE('27/12/1921','DD/MM/YYYY'), 12, 12);
INSERT INTO PRODUTO (CODIGO_IDENTIFICACAO, NOME, DESCRICAO, MARGEM_LUCRO, CODIGO_FILIAL, QUANTIDADE, PRECO_COMPRA, PRECO_VENDA, DATA_COMPRA, DATA_VALIDADE, ID_MARCA, ID_CATEGORIA) VALUES (9, 'Produto 09', 'Descrio do Produto 09', '8673', 1, 458, 2, 32, TO_DATE('09/04/2001','DD/MM/YYYY'), TO_DATE('02/05/1971','DD/MM/YYYY'), 13, 4);
INSERT INTO PRODUTO (CODIGO_IDENTIFICACAO, NOME, DESCRICAO, MARGEM_LUCRO, CODIGO_FILIAL, QUANTIDADE, PRECO_COMPRA, PRECO_VENDA, DATA_COMPRA, DATA_VALIDADE, ID_MARCA, ID_CATEGORIA) VALUES (10, 'Produto 010', 'Descrio do Produto 010', '525', 9, 944, 25, 40, TO_DATE('24/04/1954','DD/MM/YYYY'), TO_DATE('17/10/1930','DD/MM/YYYY'), 8, 24);
INSERT INTO PRODUTO (CODIGO_IDENTIFICACAO, NOME, DESCRICAO, MARGEM_LUCRO, CODIGO_FILIAL, QUANTIDADE, PRECO_COMPRA, PRECO_VENDA, DATA_COMPRA, DATA_VALIDADE, ID_MARCA, ID_CATEGORIA) VALUES (11, 'Produto 011', 'Descrio do Produto 011', '7928', 5, 849, 8, 37, TO_DATE('05/07/1989','DD/MM/YYYY'), TO_DATE('08/07/1953','DD/MM/YYYY'), 0, 1);
INSERT INTO PRODUTO (CODIGO_IDENTIFICACAO, NOME, DESCRICAO, MARGEM_LUCRO, CODIGO_FILIAL, QUANTIDADE, PRECO_COMPRA, PRECO_VENDA, DATA_COMPRA, DATA_VALIDADE, ID_MARCA, ID_CATEGORIA) VALUES (12, 'Produto 012', 'Descrio do Produto 012', '2600', 4, 522, 15, 43, TO_DATE('21/12/1929','DD/MM/YYYY'), TO_DATE('12/03/2004','DD/MM/YYYY'), 3, 15);
INSERT INTO PRODUTO (CODIGO_IDENTIFICACAO, NOME, DESCRICAO, MARGEM_LUCRO, CODIGO_FILIAL, QUANTIDADE, PRECO_COMPRA, PRECO_VENDA, DATA_COMPRA, DATA_VALIDADE, ID_MARCA, ID_CATEGORIA) VALUES (13, 'Produto 013', 'Descrio do Produto 013', '1193', 5, 470, 17, 56, TO_DATE('22/06/1972','DD/MM/YYYY'), TO_DATE('19/07/1934','DD/MM/YYYY'), 14, 16);
INSERT INTO PRODUTO (CODIGO_IDENTIFICACAO, NOME, DESCRICAO, MARGEM_LUCRO, CODIGO_FILIAL, QUANTIDADE, PRECO_COMPRA, PRECO_VENDA, DATA_COMPRA, DATA_VALIDADE, ID_MARCA, ID_CATEGORIA) VALUES (14, 'Produto 014', 'Descrio do Produto 014', '4529', 6, 329, 1, 80, TO_DATE('27/04/1923','DD/MM/YYYY'), TO_DATE('25/03/2010','DD/MM/YYYY'), 15, 18);
INSERT INTO PRODUTO (CODIGO_IDENTIFICACAO, NOME, DESCRICAO, MARGEM_LUCRO, CODIGO_FILIAL, QUANTIDADE, PRECO_COMPRA, PRECO_VENDA, DATA_COMPRA, DATA_VALIDADE, ID_MARCA, ID_CATEGORIA) VALUES (15, 'Produto 015', 'Descrio do Produto 015', '1068', 1, 834, 26, 45, TO_DATE('14/06/1966','DD/MM/YYYY'), TO_DATE('10/02/1967','DD/MM/YYYY'), 9, 24);
INSERT INTO PRODUTO (CODIGO_IDENTIFICACAO, NOME, DESCRICAO, MARGEM_LUCRO, CODIGO_FILIAL, QUANTIDADE, PRECO_COMPRA, PRECO_VENDA, DATA_COMPRA, DATA_VALIDADE, ID_MARCA, ID_CATEGORIA) VALUES (16, 'Produto 016', 'Descrio do Produto 016', '1527', 4, 158, 1, 96, TO_DATE('21/02/1918','DD/MM/YYYY'), TO_DATE('08/09/1947','DD/MM/YYYY'), 2, 20);
INSERT INTO PRODUTO (CODIGO_IDENTIFICACAO, NOME, DESCRICAO, MARGEM_LUCRO, CODIGO_FILIAL, QUANTIDADE, PRECO_COMPRA, PRECO_VENDA, DATA_COMPRA, DATA_VALIDADE, ID_MARCA, ID_CATEGORIA) VALUES (17, 'Produto 017', 'Descrio do Produto 017', '883', 8, 212, 25, 73, TO_DATE('01/09/1995','DD/MM/YYYY'), TO_DATE('28/08/1919','DD/MM/YYYY'), 18, 6);
INSERT INTO PRODUTO (CODIGO_IDENTIFICACAO, NOME, DESCRICAO, MARGEM_LUCRO, CODIGO_FILIAL, QUANTIDADE, PRECO_COMPRA, PRECO_VENDA, DATA_COMPRA, DATA_VALIDADE, ID_MARCA, ID_CATEGORIA) VALUES (18, 'Produto 018', 'Descrio do Produto 018', '4110', 6, 297, 21, 41, TO_DATE('04/09/1980','DD/MM/YYYY'), TO_DATE('08/02/2019','DD/MM/YYYY'), 22, 13);
INSERT INTO PRODUTO (CODIGO_IDENTIFICACAO, NOME, DESCRICAO, MARGEM_LUCRO, CODIGO_FILIAL, QUANTIDADE, PRECO_COMPRA, PRECO_VENDA, DATA_COMPRA, DATA_VALIDADE, ID_MARCA, ID_CATEGORIA) VALUES (19, 'Produto 019', 'Descrio do Produto 019', '5721', 0, 697, 8, 45, TO_DATE('17/11/1970','DD/MM/YYYY'), TO_DATE('21/01/1994','DD/MM/YYYY'), 24, 2);
INSERT INTO PRODUTO (CODIGO_IDENTIFICACAO, NOME, DESCRICAO, MARGEM_LUCRO, CODIGO_FILIAL, QUANTIDADE, PRECO_COMPRA, PRECO_VENDA, DATA_COMPRA, DATA_VALIDADE, ID_MARCA, ID_CATEGORIA) VALUES (20, 'Produto 020', 'Descrio do Produto 020', '3650', 6, 686, 27, 41, TO_DATE('13/04/1922','DD/MM/YYYY'), TO_DATE('01/07/2000','DD/MM/YYYY'), 8, 13);
INSERT INTO PRODUTO (CODIGO_IDENTIFICACAO, NOME, DESCRICAO, MARGEM_LUCRO, CODIGO_FILIAL, QUANTIDADE, PRECO_COMPRA, PRECO_VENDA, DATA_COMPRA, DATA_VALIDADE, ID_MARCA, ID_CATEGORIA) VALUES (21, 'Produto 021', 'Descrio do Produto 021', '3056', 5, 486, 3, 31, TO_DATE('11/08/1917','DD/MM/YYYY'), TO_DATE('13/09/2012','DD/MM/YYYY'), 6, 26);
INSERT INTO PRODUTO (CODIGO_IDENTIFICACAO, NOME, DESCRICAO, MARGEM_LUCRO, CODIGO_FILIAL, QUANTIDADE, PRECO_COMPRA, PRECO_VENDA, DATA_COMPRA, DATA_VALIDADE, ID_MARCA, ID_CATEGORIA) VALUES (22, 'Produto 022', 'Descrio do Produto 022', '776', 9, 25, 12, 72, TO_DATE('21/05/2005','DD/MM/YYYY'), TO_DATE('23/03/1932','DD/MM/YYYY'), 16, 6);
INSERT INTO PRODUTO (CODIGO_IDENTIFICACAO, NOME, DESCRICAO, MARGEM_LUCRO, CODIGO_FILIAL, QUANTIDADE, PRECO_COMPRA, PRECO_VENDA, DATA_COMPRA, DATA_VALIDADE, ID_MARCA, ID_CATEGORIA) VALUES (23, 'Produto 023', 'Descrio do Produto 023', '99', 7, 161, 22, 78, TO_DATE('04/12/1956','DD/MM/YYYY'), TO_DATE('12/11/1976','DD/MM/YYYY'), 16, 29);
INSERT INTO PRODUTO (CODIGO_IDENTIFICACAO, NOME, DESCRICAO, MARGEM_LUCRO, CODIGO_FILIAL, QUANTIDADE, PRECO_COMPRA, PRECO_VENDA, DATA_COMPRA, DATA_VALIDADE, ID_MARCA, ID_CATEGORIA) VALUES (24, 'Produto 024', 'Descrio do Produto 024', '145', 8, 932, 12, 55, TO_DATE('14/03/1941','DD/MM/YYYY'), TO_DATE('27/06/1910','DD/MM/YYYY'), 24, 4);
INSERT INTO PRODUTO (CODIGO_IDENTIFICACAO, NOME, DESCRICAO, MARGEM_LUCRO, CODIGO_FILIAL, QUANTIDADE, PRECO_COMPRA, PRECO_VENDA, DATA_COMPRA, DATA_VALIDADE, ID_MARCA, ID_CATEGORIA) VALUES (25, 'Produto 025', 'Descrio do Produto 025', '8800', 9, 181, 15, 98, TO_DATE('19/11/1950','DD/MM/YYYY'), TO_DATE('05/08/2019','DD/MM/YYYY'), 0, 14);
INSERT INTO PRODUTO (CODIGO_IDENTIFICACAO, NOME, DESCRICAO, MARGEM_LUCRO, CODIGO_FILIAL, QUANTIDADE, PRECO_COMPRA, PRECO_VENDA, DATA_COMPRA, DATA_VALIDADE, ID_MARCA, ID_CATEGORIA) VALUES (26, 'Produto 026', 'Descrio do Produto 026', '475', 8, 708, 4, 53, TO_DATE('16/01/2018','DD/MM/YYYY'), TO_DATE('27/07/1952','DD/MM/YYYY'), 23, 27);
INSERT INTO PRODUTO (CODIGO_IDENTIFICACAO, NOME, DESCRICAO, MARGEM_LUCRO, CODIGO_FILIAL, QUANTIDADE, PRECO_COMPRA, PRECO_VENDA, DATA_COMPRA, DATA_VALIDADE, ID_MARCA, ID_CATEGORIA) VALUES (27, 'Produto 027', 'Descrio do Produto 027', '8844', 5, 8, 27, 85, TO_DATE('08/12/1955','DD/MM/YYYY'), TO_DATE('22/11/1960','DD/MM/YYYY'), 7, 5);
INSERT INTO PRODUTO (CODIGO_IDENTIFICACAO, NOME, DESCRICAO, MARGEM_LUCRO, CODIGO_FILIAL, QUANTIDADE, PRECO_COMPRA, PRECO_VENDA, DATA_COMPRA, DATA_VALIDADE, ID_MARCA, ID_CATEGORIA) VALUES (28, 'Produto 028', 'Descrio do Produto 028', '5688', 8, 433, 9, 41, TO_DATE('13/07/1997','DD/MM/YYYY'), TO_DATE('25/09/1977','DD/MM/YYYY'), 14, 16);
INSERT INTO PRODUTO (CODIGO_IDENTIFICACAO, NOME, DESCRICAO, MARGEM_LUCRO, CODIGO_FILIAL, QUANTIDADE, PRECO_COMPRA, PRECO_VENDA, DATA_COMPRA, DATA_VALIDADE, ID_MARCA, ID_CATEGORIA) VALUES (29, 'Produto 029', 'Descrio do Produto 029', '6235', 9, 999, 21, 82, TO_DATE('25/08/1966','DD/MM/YYYY'), TO_DATE('02/09/1972','DD/MM/YYYY'), 23, 17);
INSERT INTO PRODUTO (CODIGO_IDENTIFICACAO, NOME, DESCRICAO, MARGEM_LUCRO, CODIGO_FILIAL, QUANTIDADE, PRECO_COMPRA, PRECO_VENDA, DATA_COMPRA, DATA_VALIDADE, ID_MARCA, ID_CATEGORIA) VALUES (30, 'Produto 030', 'Descrio do Produto 030', '4722', 3, 840, 27, 49, TO_DATE('06/04/1968','DD/MM/YYYY'), TO_DATE('25/12/1946','DD/MM/YYYY'), 12, 3);
INSERT INTO PRODUTO (CODIGO_IDENTIFICACAO, NOME, DESCRICAO, MARGEM_LUCRO, CODIGO_FILIAL, QUANTIDADE, PRECO_COMPRA, PRECO_VENDA, DATA_COMPRA, DATA_VALIDADE, ID_MARCA, ID_CATEGORIA) VALUES (31, 'Produto 031', 'Descrio do Produto 031', '3504', 0, 723, 23, 64, TO_DATE('27/02/2007','DD/MM/YYYY'), TO_DATE('10/06/1927','DD/MM/YYYY'), 24, 28);
INSERT INTO PRODUTO (CODIGO_IDENTIFICACAO, NOME, DESCRICAO, MARGEM_LUCRO, CODIGO_FILIAL, QUANTIDADE, PRECO_COMPRA, PRECO_VENDA, DATA_COMPRA, DATA_VALIDADE, ID_MARCA, ID_CATEGORIA) VALUES (32, 'Produto 032', 'Descrio do Produto 032', '1068', 3, 964, 24, 89, TO_DATE('21/11/1920','DD/MM/YYYY'), TO_DATE('12/10/1924','DD/MM/YYYY'), 20, 7);
INSERT INTO PRODUTO (CODIGO_IDENTIFICACAO, NOME, DESCRICAO, MARGEM_LUCRO, CODIGO_FILIAL, QUANTIDADE, PRECO_COMPRA, PRECO_VENDA, DATA_COMPRA, DATA_VALIDADE, ID_MARCA, ID_CATEGORIA) VALUES (33, 'Produto 033', 'Descrio do Produto 033', '5113', 7, 666, 5, 75, TO_DATE('12/05/1960','DD/MM/YYYY'), TO_DATE('25/07/1990','DD/MM/YYYY'), 21, 3);
INSERT INTO PRODUTO (CODIGO_IDENTIFICACAO, NOME, DESCRICAO, MARGEM_LUCRO, CODIGO_FILIAL, QUANTIDADE, PRECO_COMPRA, PRECO_VENDA, DATA_COMPRA, DATA_VALIDADE, ID_MARCA, ID_CATEGORIA) VALUES (34, 'Produto 034', 'Descrio do Produto 034', '1705', 8, 446, 20, 46, TO_DATE('07/06/1971','DD/MM/YYYY'), TO_DATE('07/05/2000','DD/MM/YYYY'), 13, 5);
INSERT INTO PRODUTO (CODIGO_IDENTIFICACAO, NOME, DESCRICAO, MARGEM_LUCRO, CODIGO_FILIAL, QUANTIDADE, PRECO_COMPRA, PRECO_VENDA, DATA_COMPRA, DATA_VALIDADE, ID_MARCA, ID_CATEGORIA) VALUES (35, 'Produto 035', 'Descrio do Produto 035', '7544', 5, 736, 18, 83, TO_DATE('11/02/1982','DD/MM/YYYY'), TO_DATE('22/10/1922','DD/MM/YYYY'), 15, 16);
INSERT INTO PRODUTO (CODIGO_IDENTIFICACAO, NOME, DESCRICAO, MARGEM_LUCRO, CODIGO_FILIAL, QUANTIDADE, PRECO_COMPRA, PRECO_VENDA, DATA_COMPRA, DATA_VALIDADE, ID_MARCA, ID_CATEGORIA) VALUES (36, 'Produto 036', 'Descrio do Produto 036', '2932', 4, 352, 21, 84, TO_DATE('19/12/1981','DD/MM/YYYY'), TO_DATE('21/02/1915','DD/MM/YYYY'), 3, 5);
INSERT INTO PRODUTO (CODIGO_IDENTIFICACAO, NOME, DESCRICAO, MARGEM_LUCRO, CODIGO_FILIAL, QUANTIDADE, PRECO_COMPRA, PRECO_VENDA, DATA_COMPRA, DATA_VALIDADE, ID_MARCA, ID_CATEGORIA) VALUES (37, 'Produto 037', 'Descrio do Produto 037', '4664', 3, 875, 1, 42, TO_DATE('08/04/1924','DD/MM/YYYY'), TO_DATE('26/04/2015','DD/MM/YYYY'), 3, 20);
INSERT INTO PRODUTO (CODIGO_IDENTIFICACAO, NOME, DESCRICAO, MARGEM_LUCRO, CODIGO_FILIAL, QUANTIDADE, PRECO_COMPRA, PRECO_VENDA, DATA_COMPRA, DATA_VALIDADE, ID_MARCA, ID_CATEGORIA) VALUES (38, 'Produto 038', 'Descrio do Produto 038', '628', 2, 565, 15, 72, TO_DATE('11/08/1934','DD/MM/YYYY'), TO_DATE('13/06/1954','DD/MM/YYYY'), 22, 0);
INSERT INTO PRODUTO (CODIGO_IDENTIFICACAO, NOME, DESCRICAO, MARGEM_LUCRO, CODIGO_FILIAL, QUANTIDADE, PRECO_COMPRA, PRECO_VENDA, DATA_COMPRA, DATA_VALIDADE, ID_MARCA, ID_CATEGORIA) VALUES (39, 'Produto 039', 'Descrio do Produto 039', '9724', 5, 113, 24, 81, TO_DATE('19/04/1956','DD/MM/YYYY'), TO_DATE('11/05/1979','DD/MM/YYYY'), 18, 7);
INSERT INTO PRODUTO (CODIGO_IDENTIFICACAO, NOME, DESCRICAO, MARGEM_LUCRO, CODIGO_FILIAL, QUANTIDADE, PRECO_COMPRA, PRECO_VENDA, DATA_COMPRA, DATA_VALIDADE, ID_MARCA, ID_CATEGORIA) VALUES (40, 'Produto 040', 'Descrio do Produto 040', '275', 2, 885, 17, 96, TO_DATE('15/07/1941','DD/MM/YYYY'), TO_DATE('04/11/1954','DD/MM/YYYY'), 20, 24);
INSERT INTO PRODUTO (CODIGO_IDENTIFICACAO, NOME, DESCRICAO, MARGEM_LUCRO, CODIGO_FILIAL, QUANTIDADE, PRECO_COMPRA, PRECO_VENDA, DATA_COMPRA, DATA_VALIDADE, ID_MARCA, ID_CATEGORIA) VALUES (41, 'Produto 041', 'Descrio do Produto 041', '517', 5, 230, 24, 54, TO_DATE('20/01/2004','DD/MM/YYYY'), TO_DATE('24/01/1951','DD/MM/YYYY'), 2, 25);
INSERT INTO PRODUTO (CODIGO_IDENTIFICACAO, NOME, DESCRICAO, MARGEM_LUCRO, CODIGO_FILIAL, QUANTIDADE, PRECO_COMPRA, PRECO_VENDA, DATA_COMPRA, DATA_VALIDADE, ID_MARCA, ID_CATEGORIA) VALUES (42, 'Produto 042', 'Descrio do Produto 042', '8240', 8, 973, 15, 42, TO_DATE('12/12/1980','DD/MM/YYYY'), TO_DATE('19/10/1944','DD/MM/YYYY'), 16, 11);
INSERT INTO PRODUTO (CODIGO_IDENTIFICACAO, NOME, DESCRICAO, MARGEM_LUCRO, CODIGO_FILIAL, QUANTIDADE, PRECO_COMPRA, PRECO_VENDA, DATA_COMPRA, DATA_VALIDADE, ID_MARCA, ID_CATEGORIA) VALUES (43, 'Produto 043', 'Descrio do Produto 043', '1609', 2, 92, 29, 45, TO_DATE('15/10/1988','DD/MM/YYYY'), TO_DATE('22/07/1982','DD/MM/YYYY'), 18, 27);
INSERT INTO PRODUTO (CODIGO_IDENTIFICACAO, NOME, DESCRICAO, MARGEM_LUCRO, CODIGO_FILIAL, QUANTIDADE, PRECO_COMPRA, PRECO_VENDA, DATA_COMPRA, DATA_VALIDADE, ID_MARCA, ID_CATEGORIA) VALUES (44, 'Produto 044', 'Descrio do Produto 044', '9490', 4, 754, 15, 85, TO_DATE('23/04/1980','DD/MM/YYYY'), TO_DATE('15/07/1943','DD/MM/YYYY'), 7, 29);
INSERT INTO PRODUTO (CODIGO_IDENTIFICACAO, NOME, DESCRICAO, MARGEM_LUCRO, CODIGO_FILIAL, QUANTIDADE, PRECO_COMPRA, PRECO_VENDA, DATA_COMPRA, DATA_VALIDADE, ID_MARCA, ID_CATEGORIA) VALUES (45, 'Produto 045', 'Descrio do Produto 045', '7633', 9, 852, 21, 30, TO_DATE('14/01/1991','DD/MM/YYYY'), TO_DATE('05/08/1910','DD/MM/YYYY'), 19, 14);
INSERT INTO PRODUTO (CODIGO_IDENTIFICACAO, NOME, DESCRICAO, MARGEM_LUCRO, CODIGO_FILIAL, QUANTIDADE, PRECO_COMPRA, PRECO_VENDA, DATA_COMPRA, DATA_VALIDADE, ID_MARCA, ID_CATEGORIA) VALUES (46, 'Produto 046', 'Descrio do Produto 046', '983', 0, 452, 6, 42, TO_DATE('20/06/1936','DD/MM/YYYY'), TO_DATE('25/06/1964','DD/MM/YYYY'), 21, 12);
INSERT INTO PRODUTO (CODIGO_IDENTIFICACAO, NOME, DESCRICAO, MARGEM_LUCRO, CODIGO_FILIAL, QUANTIDADE, PRECO_COMPRA, PRECO_VENDA, DATA_COMPRA, DATA_VALIDADE, ID_MARCA, ID_CATEGORIA) VALUES (47, 'Produto 047', 'Descrio do Produto 047', '9443', 2, 763, 26, 53, TO_DATE('25/09/2011','DD/MM/YYYY'), TO_DATE('01/02/1939','DD/MM/YYYY'), 8, 8);
INSERT INTO PRODUTO (CODIGO_IDENTIFICACAO, NOME, DESCRICAO, MARGEM_LUCRO, CODIGO_FILIAL, QUANTIDADE, PRECO_COMPRA, PRECO_VENDA, DATA_COMPRA, DATA_VALIDADE, ID_MARCA, ID_CATEGORIA) VALUES (48, 'Produto 048', 'Descrio do Produto 048', '7301', 2, 294, 1, 64, TO_DATE('15/03/1950','DD/MM/YYYY'), TO_DATE('09/10/2012','DD/MM/YYYY'), 2, 15);
INSERT INTO PRODUTO (CODIGO_IDENTIFICACAO, NOME, DESCRICAO, MARGEM_LUCRO, CODIGO_FILIAL, QUANTIDADE, PRECO_COMPRA, PRECO_VENDA, DATA_COMPRA, DATA_VALIDADE, ID_MARCA, ID_CATEGORIA) VALUES (49, 'Produto 049', 'Descrio do Produto 049', '7296', 4, 545, 7, 30, TO_DATE('15/10/1954','DD/MM/YYYY'), TO_DATE('17/01/2002','DD/MM/YYYY'), 19, 15);
INSERT INTO PRODUTO (CODIGO_IDENTIFICACAO, NOME, DESCRICAO, MARGEM_LUCRO, CODIGO_FILIAL, QUANTIDADE, PRECO_COMPRA, PRECO_VENDA, DATA_COMPRA, DATA_VALIDADE, ID_MARCA, ID_CATEGORIA) VALUES (50, 'Produto 050', 'Descrio do Produto 050', '898', 0, 481, 6, 55, TO_DATE('20/10/1947','DD/MM/YYYY'), TO_DATE('05/09/1953','DD/MM/YYYY'), 20, 16);
INSERT INTO PRODUTO (CODIGO_IDENTIFICACAO, NOME, DESCRICAO, MARGEM_LUCRO, CODIGO_FILIAL, QUANTIDADE, PRECO_COMPRA, PRECO_VENDA, DATA_COMPRA, DATA_VALIDADE, ID_MARCA, ID_CATEGORIA) VALUES (51, 'Produto 051', 'Descrio do Produto 051', '7426', 9, 916, 17, 44, TO_DATE('10/11/1924','DD/MM/YYYY'), TO_DATE('23/09/1932','DD/MM/YYYY'), 20, 5);
INSERT INTO PRODUTO (CODIGO_IDENTIFICACAO, NOME, DESCRICAO, MARGEM_LUCRO, CODIGO_FILIAL, QUANTIDADE, PRECO_COMPRA, PRECO_VENDA, DATA_COMPRA, DATA_VALIDADE, ID_MARCA, ID_CATEGORIA) VALUES (52, 'Produto 052', 'Descrio do Produto 052', '8870', 6, 823, 10, 82, TO_DATE('26/02/2004','DD/MM/YYYY'), TO_DATE('07/02/1961','DD/MM/YYYY'), 11, 12);
INSERT INTO PRODUTO (CODIGO_IDENTIFICACAO, NOME, DESCRICAO, MARGEM_LUCRO, CODIGO_FILIAL, QUANTIDADE, PRECO_COMPRA, PRECO_VENDA, DATA_COMPRA, DATA_VALIDADE, ID_MARCA, ID_CATEGORIA) VALUES (53, 'Produto 053', 'Descrio do Produto 053', '6552', 3, 465, 17, 95, TO_DATE('07/08/1924','DD/MM/YYYY'), TO_DATE('26/11/1910','DD/MM/YYYY'), 10, 14);
INSERT INTO PRODUTO (CODIGO_IDENTIFICACAO, NOME, DESCRICAO, MARGEM_LUCRO, CODIGO_FILIAL, QUANTIDADE, PRECO_COMPRA, PRECO_VENDA, DATA_COMPRA, DATA_VALIDADE, ID_MARCA, ID_CATEGORIA) VALUES (54, 'Produto 054', 'Descrio do Produto 054', '1935', 8, 204, 5, 60, TO_DATE('18/03/2015','DD/MM/YYYY'), TO_DATE('12/04/1932','DD/MM/YYYY'), 6, 11);
INSERT INTO PRODUTO (CODIGO_IDENTIFICACAO, NOME, DESCRICAO, MARGEM_LUCRO, CODIGO_FILIAL, QUANTIDADE, PRECO_COMPRA, PRECO_VENDA, DATA_COMPRA, DATA_VALIDADE, ID_MARCA, ID_CATEGORIA) VALUES (55, 'Produto 055', 'Descrio do Produto 055', '5257', 6, 40, 18, 54, TO_DATE('11/10/1975','DD/MM/YYYY'), TO_DATE('03/04/1910','DD/MM/YYYY'), 2, 21);
INSERT INTO PRODUTO (CODIGO_IDENTIFICACAO, NOME, DESCRICAO, MARGEM_LUCRO, CODIGO_FILIAL, QUANTIDADE, PRECO_COMPRA, PRECO_VENDA, DATA_COMPRA, DATA_VALIDADE, ID_MARCA, ID_CATEGORIA) VALUES (56, 'Produto 056', 'Descrio do Produto 056', '6380', 1, 973, 29, 84, TO_DATE('09/06/1954','DD/MM/YYYY'), TO_DATE('11/07/1956','DD/MM/YYYY'), 9, 29);
INSERT INTO PRODUTO (CODIGO_IDENTIFICACAO, NOME, DESCRICAO, MARGEM_LUCRO, CODIGO_FILIAL, QUANTIDADE, PRECO_COMPRA, PRECO_VENDA, DATA_COMPRA, DATA_VALIDADE, ID_MARCA, ID_CATEGORIA) VALUES (57, 'Produto 057', 'Descrio do Produto 057', '262', 9, 576, 14, 93, TO_DATE('13/10/1923','DD/MM/YYYY'), TO_DATE('13/08/1957','DD/MM/YYYY'), 11, 0);
INSERT INTO PRODUTO (CODIGO_IDENTIFICACAO, NOME, DESCRICAO, MARGEM_LUCRO, CODIGO_FILIAL, QUANTIDADE, PRECO_COMPRA, PRECO_VENDA, DATA_COMPRA, DATA_VALIDADE, ID_MARCA, ID_CATEGORIA) VALUES (58, 'Produto 058', 'Descrio do Produto 058', '9821', 4, 382, 13, 70, TO_DATE('19/08/1920','DD/MM/YYYY'), TO_DATE('16/05/1952','DD/MM/YYYY'), 10, 24);
INSERT INTO PRODUTO (CODIGO_IDENTIFICACAO, NOME, DESCRICAO, MARGEM_LUCRO, CODIGO_FILIAL, QUANTIDADE, PRECO_COMPRA, PRECO_VENDA, DATA_COMPRA, DATA_VALIDADE, ID_MARCA, ID_CATEGORIA) VALUES (59, 'Produto 059', 'Descrio do Produto 059', '3803', 6, 2, 6, 95, TO_DATE('16/09/1940','DD/MM/YYYY'), TO_DATE('01/01/1911','DD/MM/YYYY'), 9, 15);
INSERT INTO PRODUTO (CODIGO_IDENTIFICACAO, NOME, DESCRICAO, MARGEM_LUCRO, CODIGO_FILIAL, QUANTIDADE, PRECO_COMPRA, PRECO_VENDA, DATA_COMPRA, DATA_VALIDADE, ID_MARCA, ID_CATEGORIA) VALUES (60, 'Produto 060', 'Descrio do Produto 060', '3596', 9, 497, 11, 49, TO_DATE('14/03/2016','DD/MM/YYYY'), TO_DATE('21/07/1922','DD/MM/YYYY'), 24, 17);
INSERT INTO PRODUTO (CODIGO_IDENTIFICACAO, NOME, DESCRICAO, MARGEM_LUCRO, CODIGO_FILIAL, QUANTIDADE, PRECO_COMPRA, PRECO_VENDA, DATA_COMPRA, DATA_VALIDADE, ID_MARCA, ID_CATEGORIA) VALUES (61, 'Produto 061', 'Descrio do Produto 061', '1083', 8, 877, 26, 84, TO_DATE('06/03/1910','DD/MM/YYYY'), TO_DATE('06/11/1935','DD/MM/YYYY'), 2, 20);
INSERT INTO PRODUTO (CODIGO_IDENTIFICACAO, NOME, DESCRICAO, MARGEM_LUCRO, CODIGO_FILIAL, QUANTIDADE, PRECO_COMPRA, PRECO_VENDA, DATA_COMPRA, DATA_VALIDADE, ID_MARCA, ID_CATEGORIA) VALUES (62, 'Produto 062', 'Descrio do Produto 062', '4385', 3, 329, 20, 89, TO_DATE('18/05/1939','DD/MM/YYYY'), TO_DATE('10/02/1980','DD/MM/YYYY'), 14, 17);
INSERT INTO PRODUTO (CODIGO_IDENTIFICACAO, NOME, DESCRICAO, MARGEM_LUCRO, CODIGO_FILIAL, QUANTIDADE, PRECO_COMPRA, PRECO_VENDA, DATA_COMPRA, DATA_VALIDADE, ID_MARCA, ID_CATEGORIA) VALUES (63, 'Produto 063', 'Descrio do Produto 063', '2140', 2, 344, 3, 51, TO_DATE('16/10/1995','DD/MM/YYYY'), TO_DATE('16/05/1941','DD/MM/YYYY'), 5, 8);
INSERT INTO PRODUTO (CODIGO_IDENTIFICACAO, NOME, DESCRICAO, MARGEM_LUCRO, CODIGO_FILIAL, QUANTIDADE, PRECO_COMPRA, PRECO_VENDA, DATA_COMPRA, DATA_VALIDADE, ID_MARCA, ID_CATEGORIA) VALUES (64, 'Produto 064', 'Descrio do Produto 064', '1157', 2, 277, 12, 91, TO_DATE('06/04/1990','DD/MM/YYYY'), TO_DATE('05/01/2005','DD/MM/YYYY'), 8, 11);
INSERT INTO PRODUTO (CODIGO_IDENTIFICACAO, NOME, DESCRICAO, MARGEM_LUCRO, CODIGO_FILIAL, QUANTIDADE, PRECO_COMPRA, PRECO_VENDA, DATA_COMPRA, DATA_VALIDADE, ID_MARCA, ID_CATEGORIA) VALUES (65, 'Produto 065', 'Descrio do Produto 065', '1975', 3, 917, 5, 37, TO_DATE('03/04/1921','DD/MM/YYYY'), TO_DATE('23/05/1974','DD/MM/YYYY'), 0, 15);
INSERT INTO PRODUTO (CODIGO_IDENTIFICACAO, NOME, DESCRICAO, MARGEM_LUCRO, CODIGO_FILIAL, QUANTIDADE, PRECO_COMPRA, PRECO_VENDA, DATA_COMPRA, DATA_VALIDADE, ID_MARCA, ID_CATEGORIA) VALUES (66, 'Produto 066', 'Descrio do Produto 066', '5353', 2, 874, 9, 41, TO_DATE('10/12/1991','DD/MM/YYYY'), TO_DATE('08/05/1964','DD/MM/YYYY'), 15, 10);
INSERT INTO PRODUTO (CODIGO_IDENTIFICACAO, NOME, DESCRICAO, MARGEM_LUCRO, CODIGO_FILIAL, QUANTIDADE, PRECO_COMPRA, PRECO_VENDA, DATA_COMPRA, DATA_VALIDADE, ID_MARCA, ID_CATEGORIA) VALUES (67, 'Produto 067', 'Descrio do Produto 067', '4996', 0, 508, 4, 42, TO_DATE('01/03/1973','DD/MM/YYYY'), TO_DATE('21/02/1999','DD/MM/YYYY'), 7, 20);
INSERT INTO PRODUTO (CODIGO_IDENTIFICACAO, NOME, DESCRICAO, MARGEM_LUCRO, CODIGO_FILIAL, QUANTIDADE, PRECO_COMPRA, PRECO_VENDA, DATA_COMPRA, DATA_VALIDADE, ID_MARCA, ID_CATEGORIA) VALUES (68, 'Produto 068', 'Descrio do Produto 068', '4670', 7, 306, 3, 85, TO_DATE('27/11/1935','DD/MM/YYYY'), TO_DATE('28/04/1965','DD/MM/YYYY'), 17, 5);
INSERT INTO PRODUTO (CODIGO_IDENTIFICACAO, NOME, DESCRICAO, MARGEM_LUCRO, CODIGO_FILIAL, QUANTIDADE, PRECO_COMPRA, PRECO_VENDA, DATA_COMPRA, DATA_VALIDADE, ID_MARCA, ID_CATEGORIA) VALUES (69, 'Produto 069', 'Descrio do Produto 069', '5930', 5, 12, 1, 94, TO_DATE('16/04/1929','DD/MM/YYYY'), TO_DATE('17/03/1959','DD/MM/YYYY'), 9, 11);
INSERT INTO PRODUTO (CODIGO_IDENTIFICACAO, NOME, DESCRICAO, MARGEM_LUCRO, CODIGO_FILIAL, QUANTIDADE, PRECO_COMPRA, PRECO_VENDA, DATA_COMPRA, DATA_VALIDADE, ID_MARCA, ID_CATEGORIA) VALUES (70, 'Produto 070', 'Descrio do Produto 070', '5294', 5, 69, 12, 44, TO_DATE('15/01/1974','DD/MM/YYYY'), TO_DATE('14/12/1920','DD/MM/YYYY'), 24, 19);
INSERT INTO PRODUTO (CODIGO_IDENTIFICACAO, NOME, DESCRICAO, MARGEM_LUCRO, CODIGO_FILIAL, QUANTIDADE, PRECO_COMPRA, PRECO_VENDA, DATA_COMPRA, DATA_VALIDADE, ID_MARCA, ID_CATEGORIA) VALUES (71, 'Produto 071', 'Descrio do Produto 071', '1863', 3, 406, 30, 47, TO_DATE('01/12/1931','DD/MM/YYYY'), TO_DATE('05/11/2014','DD/MM/YYYY'), 0, 3);
INSERT INTO PRODUTO (CODIGO_IDENTIFICACAO, NOME, DESCRICAO, MARGEM_LUCRO, CODIGO_FILIAL, QUANTIDADE, PRECO_COMPRA, PRECO_VENDA, DATA_COMPRA, DATA_VALIDADE, ID_MARCA, ID_CATEGORIA) VALUES (72, 'Produto 072', 'Descrio do Produto 072', '9327', 2, 11, 3, 60, TO_DATE('26/12/1987','DD/MM/YYYY'), TO_DATE('13/06/1982','DD/MM/YYYY'), 23, 6);
INSERT INTO PRODUTO (CODIGO_IDENTIFICACAO, NOME, DESCRICAO, MARGEM_LUCRO, CODIGO_FILIAL, QUANTIDADE, PRECO_COMPRA, PRECO_VENDA, DATA_COMPRA, DATA_VALIDADE, ID_MARCA, ID_CATEGORIA) VALUES (73, 'Produto 073', 'Descrio do Produto 073', '19', 0, 391, 17, 79, TO_DATE('03/03/1953','DD/MM/YYYY'), TO_DATE('09/05/1961','DD/MM/YYYY'), 0, 19);
INSERT INTO PRODUTO (CODIGO_IDENTIFICACAO, NOME, DESCRICAO, MARGEM_LUCRO, CODIGO_FILIAL, QUANTIDADE, PRECO_COMPRA, PRECO_VENDA, DATA_COMPRA, DATA_VALIDADE, ID_MARCA, ID_CATEGORIA) VALUES (74, 'Produto 074', 'Descrio do Produto 074', '7606', 5, 58, 25, 100, TO_DATE('22/03/1943','DD/MM/YYYY'), TO_DATE('01/11/1974','DD/MM/YYYY'), 15, 23);
INSERT INTO PRODUTO (CODIGO_IDENTIFICACAO, NOME, DESCRICAO, MARGEM_LUCRO, CODIGO_FILIAL, QUANTIDADE, PRECO_COMPRA, PRECO_VENDA, DATA_COMPRA, DATA_VALIDADE, ID_MARCA, ID_CATEGORIA) VALUES (75, 'Produto 075', 'Descrio do Produto 075', '9225', 6, 658, 6, 60, TO_DATE('25/05/1996','DD/MM/YYYY'), TO_DATE('10/05/1992','DD/MM/YYYY'), 12, 26);
INSERT INTO PRODUTO (CODIGO_IDENTIFICACAO, NOME, DESCRICAO, MARGEM_LUCRO, CODIGO_FILIAL, QUANTIDADE, PRECO_COMPRA, PRECO_VENDA, DATA_COMPRA, DATA_VALIDADE, ID_MARCA, ID_CATEGORIA) VALUES (76, 'Produto 076', 'Descrio do Produto 076', '5584', 3, 419, 10, 52, TO_DATE('26/04/1921','DD/MM/YYYY'), TO_DATE('23/08/1921','DD/MM/YYYY'), 16, 5);
INSERT INTO PRODUTO (CODIGO_IDENTIFICACAO, NOME, DESCRICAO, MARGEM_LUCRO, CODIGO_FILIAL, QUANTIDADE, PRECO_COMPRA, PRECO_VENDA, DATA_COMPRA, DATA_VALIDADE, ID_MARCA, ID_CATEGORIA) VALUES (77, 'Produto 077', 'Descrio do Produto 077', '5293', 6, 685, 9, 51, TO_DATE('21/06/2013','DD/MM/YYYY'), TO_DATE('04/04/1951','DD/MM/YYYY'), 5, 17);
INSERT INTO PRODUTO (CODIGO_IDENTIFICACAO, NOME, DESCRICAO, MARGEM_LUCRO, CODIGO_FILIAL, QUANTIDADE, PRECO_COMPRA, PRECO_VENDA, DATA_COMPRA, DATA_VALIDADE, ID_MARCA, ID_CATEGORIA) VALUES (78, 'Produto 078', 'Descrio do Produto 078', '8839', 1, 650, 8, 34, TO_DATE('02/05/1925','DD/MM/YYYY'), TO_DATE('20/10/2005','DD/MM/YYYY'), 3, 20);
INSERT INTO PRODUTO (CODIGO_IDENTIFICACAO, NOME, DESCRICAO, MARGEM_LUCRO, CODIGO_FILIAL, QUANTIDADE, PRECO_COMPRA, PRECO_VENDA, DATA_COMPRA, DATA_VALIDADE, ID_MARCA, ID_CATEGORIA) VALUES (79, 'Produto 079', 'Descrio do Produto 079', '1868', 8, 583, 2, 31, TO_DATE('16/08/1988','DD/MM/YYYY'), TO_DATE('02/12/1982','DD/MM/YYYY'), 24, 15);
INSERT INTO PRODUTO (CODIGO_IDENTIFICACAO, NOME, DESCRICAO, MARGEM_LUCRO, CODIGO_FILIAL, QUANTIDADE, PRECO_COMPRA, PRECO_VENDA, DATA_COMPRA, DATA_VALIDADE, ID_MARCA, ID_CATEGORIA) VALUES (80, 'Produto 080', 'Descrio do Produto 080', '308', 1, 96, 25, 100, TO_DATE('25/03/1964','DD/MM/YYYY'), TO_DATE('14/06/1940','DD/MM/YYYY'), 8, 18);
INSERT INTO PRODUTO (CODIGO_IDENTIFICACAO, NOME, DESCRICAO, MARGEM_LUCRO, CODIGO_FILIAL, QUANTIDADE, PRECO_COMPRA, PRECO_VENDA, DATA_COMPRA, DATA_VALIDADE, ID_MARCA, ID_CATEGORIA) VALUES (81, 'Produto 081', 'Descrio do Produto 081', '3328', 2, 152, 16, 64, TO_DATE('14/01/1961','DD/MM/YYYY'), TO_DATE('18/12/2011','DD/MM/YYYY'), 15, 7);
INSERT INTO PRODUTO (CODIGO_IDENTIFICACAO, NOME, DESCRICAO, MARGEM_LUCRO, CODIGO_FILIAL, QUANTIDADE, PRECO_COMPRA, PRECO_VENDA, DATA_COMPRA, DATA_VALIDADE, ID_MARCA, ID_CATEGORIA) VALUES (82, 'Produto 082', 'Descrio do Produto 082', '5487', 7, 479, 4, 84, TO_DATE('11/01/1953','DD/MM/YYYY'), TO_DATE('08/05/1959','DD/MM/YYYY'), 18, 9);
INSERT INTO PRODUTO (CODIGO_IDENTIFICACAO, NOME, DESCRICAO, MARGEM_LUCRO, CODIGO_FILIAL, QUANTIDADE, PRECO_COMPRA, PRECO_VENDA, DATA_COMPRA, DATA_VALIDADE, ID_MARCA, ID_CATEGORIA) VALUES (83, 'Produto 083', 'Descrio do Produto 083', '6475', 2, 215, 16, 35, TO_DATE('24/11/2004','DD/MM/YYYY'), TO_DATE('19/11/2016','DD/MM/YYYY'), 19, 10);
INSERT INTO PRODUTO (CODIGO_IDENTIFICACAO, NOME, DESCRICAO, MARGEM_LUCRO, CODIGO_FILIAL, QUANTIDADE, PRECO_COMPRA, PRECO_VENDA, DATA_COMPRA, DATA_VALIDADE, ID_MARCA, ID_CATEGORIA) VALUES (84, 'Produto 084', 'Descrio do Produto 084', '8155', 7, 145, 9, 64, TO_DATE('14/09/2013','DD/MM/YYYY'), TO_DATE('04/03/1941','DD/MM/YYYY'), 21, 15);
INSERT INTO PRODUTO (CODIGO_IDENTIFICACAO, NOME, DESCRICAO, MARGEM_LUCRO, CODIGO_FILIAL, QUANTIDADE, PRECO_COMPRA, PRECO_VENDA, DATA_COMPRA, DATA_VALIDADE, ID_MARCA, ID_CATEGORIA) VALUES (85, 'Produto 085', 'Descrio do Produto 085', '2938', 1, 600, 1, 50, TO_DATE('22/05/1962','DD/MM/YYYY'), TO_DATE('21/06/1980','DD/MM/YYYY'), 13, 11);
INSERT INTO PRODUTO (CODIGO_IDENTIFICACAO, NOME, DESCRICAO, MARGEM_LUCRO, CODIGO_FILIAL, QUANTIDADE, PRECO_COMPRA, PRECO_VENDA, DATA_COMPRA, DATA_VALIDADE, ID_MARCA, ID_CATEGORIA) VALUES (86, 'Produto 086', 'Descrio do Produto 086', '2459', 2, 28, 27, 60, TO_DATE('15/06/1931','DD/MM/YYYY'), TO_DATE('21/05/1989','DD/MM/YYYY'), 10, 8);
INSERT INTO PRODUTO (CODIGO_IDENTIFICACAO, NOME, DESCRICAO, MARGEM_LUCRO, CODIGO_FILIAL, QUANTIDADE, PRECO_COMPRA, PRECO_VENDA, DATA_COMPRA, DATA_VALIDADE, ID_MARCA, ID_CATEGORIA) VALUES (87, 'Produto 087', 'Descrio do Produto 087', '927', 9, 123, 1, 46, TO_DATE('16/05/1998','DD/MM/YYYY'), TO_DATE('25/04/1924','DD/MM/YYYY'), 22, 25);
INSERT INTO PRODUTO (CODIGO_IDENTIFICACAO, NOME, DESCRICAO, MARGEM_LUCRO, CODIGO_FILIAL, QUANTIDADE, PRECO_COMPRA, PRECO_VENDA, DATA_COMPRA, DATA_VALIDADE, ID_MARCA, ID_CATEGORIA) VALUES (88, 'Produto 088', 'Descrio do Produto 088', '1984', 3, 160, 19, 88, TO_DATE('04/06/1932','DD/MM/YYYY'), TO_DATE('16/06/1914','DD/MM/YYYY'), 12, 0);
INSERT INTO PRODUTO (CODIGO_IDENTIFICACAO, NOME, DESCRICAO, MARGEM_LUCRO, CODIGO_FILIAL, QUANTIDADE, PRECO_COMPRA, PRECO_VENDA, DATA_COMPRA, DATA_VALIDADE, ID_MARCA, ID_CATEGORIA) VALUES (89, 'Produto 089', 'Descrio do Produto 089', '5384', 9, 189, 26, 50, TO_DATE('20/11/1944','DD/MM/YYYY'), TO_DATE('10/05/1935','DD/MM/YYYY'), 14, 23);
INSERT INTO PRODUTO (CODIGO_IDENTIFICACAO, NOME, DESCRICAO, MARGEM_LUCRO, CODIGO_FILIAL, QUANTIDADE, PRECO_COMPRA, PRECO_VENDA, DATA_COMPRA, DATA_VALIDADE, ID_MARCA, ID_CATEGORIA) VALUES (90, 'Produto 090', 'Descrio do Produto 090', '8859', 9, 753, 20, 43, TO_DATE('06/03/1914','DD/MM/YYYY'), TO_DATE('10/11/2018','DD/MM/YYYY'), 14, 7);
INSERT INTO PRODUTO (CODIGO_IDENTIFICACAO, NOME, DESCRICAO, MARGEM_LUCRO, CODIGO_FILIAL, QUANTIDADE, PRECO_COMPRA, PRECO_VENDA, DATA_COMPRA, DATA_VALIDADE, ID_MARCA, ID_CATEGORIA) VALUES (91, 'Produto 091', 'Descrio do Produto 091', '7672', 3, 933, 9, 100, TO_DATE('13/10/2002','DD/MM/YYYY'), TO_DATE('25/12/2018','DD/MM/YYYY'), 5, 3);
INSERT INTO PRODUTO (CODIGO_IDENTIFICACAO, NOME, DESCRICAO, MARGEM_LUCRO, CODIGO_FILIAL, QUANTIDADE, PRECO_COMPRA, PRECO_VENDA, DATA_COMPRA, DATA_VALIDADE, ID_MARCA, ID_CATEGORIA) VALUES (92, 'Produto 092', 'Descrio do Produto 092', '4836', 8, 104, 25, 69, TO_DATE('11/02/1970','DD/MM/YYYY'), TO_DATE('15/02/1974','DD/MM/YYYY'), 11, 24);
INSERT INTO PRODUTO (CODIGO_IDENTIFICACAO, NOME, DESCRICAO, MARGEM_LUCRO, CODIGO_FILIAL, QUANTIDADE, PRECO_COMPRA, PRECO_VENDA, DATA_COMPRA, DATA_VALIDADE, ID_MARCA, ID_CATEGORIA) VALUES (93, 'Produto 093', 'Descrio do Produto 093', '7088', 5, 967, 2, 45, TO_DATE('10/09/1916','DD/MM/YYYY'), TO_DATE('04/10/1971','DD/MM/YYYY'), 9, 6);
INSERT INTO PRODUTO (CODIGO_IDENTIFICACAO, NOME, DESCRICAO, MARGEM_LUCRO, CODIGO_FILIAL, QUANTIDADE, PRECO_COMPRA, PRECO_VENDA, DATA_COMPRA, DATA_VALIDADE, ID_MARCA, ID_CATEGORIA) VALUES (94, 'Produto 094', 'Descrio do Produto 094', '9927', 6, 851, 22, 70, TO_DATE('11/07/1929','DD/MM/YYYY'), TO_DATE('17/05/1993','DD/MM/YYYY'), 21, 23);
INSERT INTO PRODUTO (CODIGO_IDENTIFICACAO, NOME, DESCRICAO, MARGEM_LUCRO, CODIGO_FILIAL, QUANTIDADE, PRECO_COMPRA, PRECO_VENDA, DATA_COMPRA, DATA_VALIDADE, ID_MARCA, ID_CATEGORIA) VALUES (95, 'Produto 095', 'Descrio do Produto 095', '5526', 2, 953, 13, 75, TO_DATE('20/06/1948','DD/MM/YYYY'), TO_DATE('15/09/1958','DD/MM/YYYY'), 10, 27);
INSERT INTO PRODUTO (CODIGO_IDENTIFICACAO, NOME, DESCRICAO, MARGEM_LUCRO, CODIGO_FILIAL, QUANTIDADE, PRECO_COMPRA, PRECO_VENDA, DATA_COMPRA, DATA_VALIDADE, ID_MARCA, ID_CATEGORIA) VALUES (96, 'Produto 096', 'Descrio do Produto 096', '2887', 9, 822, 27, 56, TO_DATE('05/11/1953','DD/MM/YYYY'), TO_DATE('04/08/1937','DD/MM/YYYY'), 24, 16);
INSERT INTO PRODUTO (CODIGO_IDENTIFICACAO, NOME, DESCRICAO, MARGEM_LUCRO, CODIGO_FILIAL, QUANTIDADE, PRECO_COMPRA, PRECO_VENDA, DATA_COMPRA, DATA_VALIDADE, ID_MARCA, ID_CATEGORIA) VALUES (97, 'Produto 097', 'Descrio do Produto 097', '6456', 5, 852, 19, 44, TO_DATE('11/03/1971','DD/MM/YYYY'), TO_DATE('17/01/1927','DD/MM/YYYY'), 14, 19);
INSERT INTO PRODUTO (CODIGO_IDENTIFICACAO, NOME, DESCRICAO, MARGEM_LUCRO, CODIGO_FILIAL, QUANTIDADE, PRECO_COMPRA, PRECO_VENDA, DATA_COMPRA, DATA_VALIDADE, ID_MARCA, ID_CATEGORIA) VALUES (98, 'Produto 098', 'Descrio do Produto 098', '2374', 1, 22, 2, 97, TO_DATE('26/12/1924','DD/MM/YYYY'), TO_DATE('09/11/2012','DD/MM/YYYY'), 14, 1);
INSERT INTO PRODUTO (CODIGO_IDENTIFICACAO, NOME, DESCRICAO, MARGEM_LUCRO, CODIGO_FILIAL, QUANTIDADE, PRECO_COMPRA, PRECO_VENDA, DATA_COMPRA, DATA_VALIDADE, ID_MARCA, ID_CATEGORIA) VALUES (99, 'Produto 099', 'Descrio do Produto 099', '6750', 4, 86, 20, 93, TO_DATE('03/06/1960','DD/MM/YYYY'), TO_DATE('12/05/1994','DD/MM/YYYY'), 20, 12);
INSERT INTO PRODUTO (CODIGO_IDENTIFICACAO, NOME, DESCRICAO, MARGEM_LUCRO, CODIGO_FILIAL, QUANTIDADE, PRECO_COMPRA, PRECO_VENDA, DATA_COMPRA, DATA_VALIDADE, ID_MARCA, ID_CATEGORIA) VALUES (100, 'Produto 0100', 'Descrio do Produto 0100', '3838', 9, 309, 20, 80, TO_DATE('13/03/1952','DD/MM/YYYY'), TO_DATE('20/05/1935','DD/MM/YYYY'), 16, 14);
INSERT INTO PRODUTO (CODIGO_IDENTIFICACAO, NOME, DESCRICAO, MARGEM_LUCRO, CODIGO_FILIAL, QUANTIDADE, PRECO_COMPRA, PRECO_VENDA, DATA_COMPRA, DATA_VALIDADE, ID_MARCA, ID_CATEGORIA) VALUES (101, 'Produto 0101', 'Descrio do Produto 0101', '605', 2, 958, 15, 84, TO_DATE('04/05/1945','DD/MM/YYYY'), TO_DATE('05/12/1929','DD/MM/YYYY'), 4, 5);
INSERT INTO PRODUTO (CODIGO_IDENTIFICACAO, NOME, DESCRICAO, MARGEM_LUCRO, CODIGO_FILIAL, QUANTIDADE, PRECO_COMPRA, PRECO_VENDA, DATA_COMPRA, DATA_VALIDADE, ID_MARCA, ID_CATEGORIA) VALUES (102, 'Produto 0102', 'Descrio do Produto 0102', '2074', 7, 190, 6, 70, TO_DATE('21/05/1947','DD/MM/YYYY'), TO_DATE('10/02/1944','DD/MM/YYYY'), 11, 29);
INSERT INTO PRODUTO (CODIGO_IDENTIFICACAO, NOME, DESCRICAO, MARGEM_LUCRO, CODIGO_FILIAL, QUANTIDADE, PRECO_COMPRA, PRECO_VENDA, DATA_COMPRA, DATA_VALIDADE, ID_MARCA, ID_CATEGORIA) VALUES (103, 'Produto 0103', 'Descrio do Produto 0103', '5229', 5, 305, 27, 90, TO_DATE('16/01/1963','DD/MM/YYYY'), TO_DATE('06/07/1924','DD/MM/YYYY'), 24, 6);
INSERT INTO PRODUTO (CODIGO_IDENTIFICACAO, NOME, DESCRICAO, MARGEM_LUCRO, CODIGO_FILIAL, QUANTIDADE, PRECO_COMPRA, PRECO_VENDA, DATA_COMPRA, DATA_VALIDADE, ID_MARCA, ID_CATEGORIA) VALUES (104, 'Produto 0104', 'Descrio do Produto 0104', '6080', 5, 331, 11, 62, TO_DATE('24/10/1955','DD/MM/YYYY'), TO_DATE('23/08/1984','DD/MM/YYYY'), 6, 16);
INSERT INTO PRODUTO (CODIGO_IDENTIFICACAO, NOME, DESCRICAO, MARGEM_LUCRO, CODIGO_FILIAL, QUANTIDADE, PRECO_COMPRA, PRECO_VENDA, DATA_COMPRA, DATA_VALIDADE, ID_MARCA, ID_CATEGORIA) VALUES (105, 'Produto 0105', 'Descrio do Produto 0105', '3321', 9, 613, 25, 48, TO_DATE('20/02/1938','DD/MM/YYYY'), TO_DATE('22/07/1922','DD/MM/YYYY'), 19, 24);
INSERT INTO PRODUTO (CODIGO_IDENTIFICACAO, NOME, DESCRICAO, MARGEM_LUCRO, CODIGO_FILIAL, QUANTIDADE, PRECO_COMPRA, PRECO_VENDA, DATA_COMPRA, DATA_VALIDADE, ID_MARCA, ID_CATEGORIA) VALUES (106, 'Produto 0106', 'Descrio do Produto 0106', '7172', 7, 624, 27, 86, TO_DATE('03/04/1940','DD/MM/YYYY'), TO_DATE('14/12/2014','DD/MM/YYYY'), 5, 17);
INSERT INTO PRODUTO (CODIGO_IDENTIFICACAO, NOME, DESCRICAO, MARGEM_LUCRO, CODIGO_FILIAL, QUANTIDADE, PRECO_COMPRA, PRECO_VENDA, DATA_COMPRA, DATA_VALIDADE, ID_MARCA, ID_CATEGORIA) VALUES (107, 'Produto 0107', 'Descrio do Produto 0107', '766', 0, 259, 10, 67, TO_DATE('02/03/2015','DD/MM/YYYY'), TO_DATE('07/02/1922','DD/MM/YYYY'), 1, 10);
INSERT INTO PRODUTO (CODIGO_IDENTIFICACAO, NOME, DESCRICAO, MARGEM_LUCRO, CODIGO_FILIAL, QUANTIDADE, PRECO_COMPRA, PRECO_VENDA, DATA_COMPRA, DATA_VALIDADE, ID_MARCA, ID_CATEGORIA) VALUES (108, 'Produto 0108', 'Descrio do Produto 0108', '796', 7, 320, 1, 50, TO_DATE('05/09/1977','DD/MM/YYYY'), TO_DATE('15/12/1953','DD/MM/YYYY'), 19, 10);
INSERT INTO PRODUTO (CODIGO_IDENTIFICACAO, NOME, DESCRICAO, MARGEM_LUCRO, CODIGO_FILIAL, QUANTIDADE, PRECO_COMPRA, PRECO_VENDA, DATA_COMPRA, DATA_VALIDADE, ID_MARCA, ID_CATEGORIA) VALUES (109, 'Produto 0109', 'Descrio do Produto 0109', '268', 9, 54, 6, 35, TO_DATE('06/08/1997','DD/MM/YYYY'), TO_DATE('07/10/1924','DD/MM/YYYY'), 23, 28);
INSERT INTO PRODUTO (CODIGO_IDENTIFICACAO, NOME, DESCRICAO, MARGEM_LUCRO, CODIGO_FILIAL, QUANTIDADE, PRECO_COMPRA, PRECO_VENDA, DATA_COMPRA, DATA_VALIDADE, ID_MARCA, ID_CATEGORIA) VALUES (110, 'Produto 0110', 'Descrio do Produto 0110', '3849', 6, 528, 9, 44, TO_DATE('09/08/1915','DD/MM/YYYY'), TO_DATE('06/06/1947','DD/MM/YYYY'), 21, 1);
INSERT INTO PRODUTO (CODIGO_IDENTIFICACAO, NOME, DESCRICAO, MARGEM_LUCRO, CODIGO_FILIAL, QUANTIDADE, PRECO_COMPRA, PRECO_VENDA, DATA_COMPRA, DATA_VALIDADE, ID_MARCA, ID_CATEGORIA) VALUES (111, 'Produto 0111', 'Descrio do Produto 0111', '2051', 3, 130, 12, 92, TO_DATE('25/01/1948','DD/MM/YYYY'), TO_DATE('13/09/1949','DD/MM/YYYY'), 9, 8);
INSERT INTO PRODUTO (CODIGO_IDENTIFICACAO, NOME, DESCRICAO, MARGEM_LUCRO, CODIGO_FILIAL, QUANTIDADE, PRECO_COMPRA, PRECO_VENDA, DATA_COMPRA, DATA_VALIDADE, ID_MARCA, ID_CATEGORIA) VALUES (112, 'Produto 0112', 'Descrio do Produto 0112', '9583', 1, 315, 25, 39, TO_DATE('23/10/1944','DD/MM/YYYY'), TO_DATE('07/07/1970','DD/MM/YYYY'), 6, 17);
INSERT INTO PRODUTO (CODIGO_IDENTIFICACAO, NOME, DESCRICAO, MARGEM_LUCRO, CODIGO_FILIAL, QUANTIDADE, PRECO_COMPRA, PRECO_VENDA, DATA_COMPRA, DATA_VALIDADE, ID_MARCA, ID_CATEGORIA) VALUES (113, 'Produto 0113', 'Descrio do Produto 0113', '1398', 0, 656, 13, 46, TO_DATE('25/09/1921','DD/MM/YYYY'), TO_DATE('25/12/1980','DD/MM/YYYY'), 8, 9);
INSERT INTO PRODUTO (CODIGO_IDENTIFICACAO, NOME, DESCRICAO, MARGEM_LUCRO, CODIGO_FILIAL, QUANTIDADE, PRECO_COMPRA, PRECO_VENDA, DATA_COMPRA, DATA_VALIDADE, ID_MARCA, ID_CATEGORIA) VALUES (114, 'Produto 0114', 'Descrio do Produto 0114', '5462', 0, 247, 16, 89, TO_DATE('26/03/1939','DD/MM/YYYY'), TO_DATE('17/03/2019','DD/MM/YYYY'), 12, 23);
INSERT INTO PRODUTO (CODIGO_IDENTIFICACAO, NOME, DESCRICAO, MARGEM_LUCRO, CODIGO_FILIAL, QUANTIDADE, PRECO_COMPRA, PRECO_VENDA, DATA_COMPRA, DATA_VALIDADE, ID_MARCA, ID_CATEGORIA) VALUES (115, 'Produto 0115', 'Descrio do Produto 0115', '1383', 1, 585, 27, 67, TO_DATE('24/02/1969','DD/MM/YYYY'), TO_DATE('25/08/1980','DD/MM/YYYY'), 10, 8);
INSERT INTO PRODUTO (CODIGO_IDENTIFICACAO, NOME, DESCRICAO, MARGEM_LUCRO, CODIGO_FILIAL, QUANTIDADE, PRECO_COMPRA, PRECO_VENDA, DATA_COMPRA, DATA_VALIDADE, ID_MARCA, ID_CATEGORIA) VALUES (116, 'Produto 0116', 'Descrio do Produto 0116', '2033', 3, 906, 23, 72, TO_DATE('13/04/1935','DD/MM/YYYY'), TO_DATE('20/10/1988','DD/MM/YYYY'), 16, 14);
INSERT INTO PRODUTO (CODIGO_IDENTIFICACAO, NOME, DESCRICAO, MARGEM_LUCRO, CODIGO_FILIAL, QUANTIDADE, PRECO_COMPRA, PRECO_VENDA, DATA_COMPRA, DATA_VALIDADE, ID_MARCA, ID_CATEGORIA) VALUES (117, 'Produto 0117', 'Descrio do Produto 0117', '8758', 1, 572, 13, 43, TO_DATE('20/08/1984','DD/MM/YYYY'), TO_DATE('18/08/1956','DD/MM/YYYY'), 18, 3);
INSERT INTO PRODUTO (CODIGO_IDENTIFICACAO, NOME, DESCRICAO, MARGEM_LUCRO, CODIGO_FILIAL, QUANTIDADE, PRECO_COMPRA, PRECO_VENDA, DATA_COMPRA, DATA_VALIDADE, ID_MARCA, ID_CATEGORIA) VALUES (118, 'Produto 0118', 'Descrio do Produto 0118', '9350', 1, 846, 23, 35, TO_DATE('08/09/1919','DD/MM/YYYY'), TO_DATE('08/05/1985','DD/MM/YYYY'), 14, 27);
INSERT INTO PRODUTO (CODIGO_IDENTIFICACAO, NOME, DESCRICAO, MARGEM_LUCRO, CODIGO_FILIAL, QUANTIDADE, PRECO_COMPRA, PRECO_VENDA, DATA_COMPRA, DATA_VALIDADE, ID_MARCA, ID_CATEGORIA) VALUES (119, 'Produto 0119', 'Descrio do Produto 0119', '8683', 4, 243, 27, 89, TO_DATE('12/12/1911','DD/MM/YYYY'), TO_DATE('13/02/2017','DD/MM/YYYY'), 17, 16);
INSERT INTO PRODUTO (CODIGO_IDENTIFICACAO, NOME, DESCRICAO, MARGEM_LUCRO, CODIGO_FILIAL, QUANTIDADE, PRECO_COMPRA, PRECO_VENDA, DATA_COMPRA, DATA_VALIDADE, ID_MARCA, ID_CATEGORIA) VALUES (120, 'Produto 0120', 'Descrio do Produto 0120', '961', 8, 477, 20, 64, TO_DATE('04/01/1960','DD/MM/YYYY'), TO_DATE('19/08/1955','DD/MM/YYYY'), 0, 1);
INSERT INTO PRODUTO (CODIGO_IDENTIFICACAO, NOME, DESCRICAO, MARGEM_LUCRO, CODIGO_FILIAL, QUANTIDADE, PRECO_COMPRA, PRECO_VENDA, DATA_COMPRA, DATA_VALIDADE, ID_MARCA, ID_CATEGORIA) VALUES (121, 'Produto 0121', 'Descrio do Produto 0121', '8867', 1, 815, 27, 62, TO_DATE('23/05/1995','DD/MM/YYYY'), TO_DATE('23/12/1967','DD/MM/YYYY'), 17, 18);
INSERT INTO PRODUTO (CODIGO_IDENTIFICACAO, NOME, DESCRICAO, MARGEM_LUCRO, CODIGO_FILIAL, QUANTIDADE, PRECO_COMPRA, PRECO_VENDA, DATA_COMPRA, DATA_VALIDADE, ID_MARCA, ID_CATEGORIA) VALUES (122, 'Produto 0122', 'Descrio do Produto 0122', '6994', 3, 487, 27, 58, TO_DATE('22/10/1958','DD/MM/YYYY'), TO_DATE('06/06/1914','DD/MM/YYYY'), 22, 29);
INSERT INTO PRODUTO (CODIGO_IDENTIFICACAO, NOME, DESCRICAO, MARGEM_LUCRO, CODIGO_FILIAL, QUANTIDADE, PRECO_COMPRA, PRECO_VENDA, DATA_COMPRA, DATA_VALIDADE, ID_MARCA, ID_CATEGORIA) VALUES (123, 'Produto 0123', 'Descrio do Produto 0123', '8431', 9, 668, 19, 61, TO_DATE('07/09/1919','DD/MM/YYYY'), TO_DATE('16/06/1987','DD/MM/YYYY'), 3, 14);
INSERT INTO PRODUTO (CODIGO_IDENTIFICACAO, NOME, DESCRICAO, MARGEM_LUCRO, CODIGO_FILIAL, QUANTIDADE, PRECO_COMPRA, PRECO_VENDA, DATA_COMPRA, DATA_VALIDADE, ID_MARCA, ID_CATEGORIA) VALUES (124, 'Produto 0124', 'Descrio do Produto 0124', '3978', 6, 524, 23, 96, TO_DATE('26/12/1920','DD/MM/YYYY'), TO_DATE('19/07/1974','DD/MM/YYYY'), 21, 12);
INSERT INTO PRODUTO (CODIGO_IDENTIFICACAO, NOME, DESCRICAO, MARGEM_LUCRO, CODIGO_FILIAL, QUANTIDADE, PRECO_COMPRA, PRECO_VENDA, DATA_COMPRA, DATA_VALIDADE, ID_MARCA, ID_CATEGORIA) VALUES (125, 'Produto 0125', 'Descrio do Produto 0125', '5369', 2, 830, 13, 37, TO_DATE('04/07/1961','DD/MM/YYYY'), TO_DATE('24/05/1955','DD/MM/YYYY'), 5, 1);
INSERT INTO PRODUTO (CODIGO_IDENTIFICACAO, NOME, DESCRICAO, MARGEM_LUCRO, CODIGO_FILIAL, QUANTIDADE, PRECO_COMPRA, PRECO_VENDA, DATA_COMPRA, DATA_VALIDADE, ID_MARCA, ID_CATEGORIA) VALUES (126, 'Produto 0126', 'Descrio do Produto 0126', '6370', 0, 783, 9, 85, TO_DATE('06/10/1913','DD/MM/YYYY'), TO_DATE('22/02/2016','DD/MM/YYYY'), 16, 11);
INSERT INTO PRODUTO (CODIGO_IDENTIFICACAO, NOME, DESCRICAO, MARGEM_LUCRO, CODIGO_FILIAL, QUANTIDADE, PRECO_COMPRA, PRECO_VENDA, DATA_COMPRA, DATA_VALIDADE, ID_MARCA, ID_CATEGORIA) VALUES (127, 'Produto 0127', 'Descrio do Produto 0127', '3977', 9, 431, 14, 33, TO_DATE('24/09/1961','DD/MM/YYYY'), TO_DATE('07/12/1957','DD/MM/YYYY'), 6, 10);
INSERT INTO PRODUTO (CODIGO_IDENTIFICACAO, NOME, DESCRICAO, MARGEM_LUCRO, CODIGO_FILIAL, QUANTIDADE, PRECO_COMPRA, PRECO_VENDA, DATA_COMPRA, DATA_VALIDADE, ID_MARCA, ID_CATEGORIA) VALUES (128, 'Produto 0128', 'Descrio do Produto 0128', '6935', 5, 6, 15, 43, TO_DATE('06/10/1956','DD/MM/YYYY'), TO_DATE('07/12/1957','DD/MM/YYYY'), 11, 21);
INSERT INTO PRODUTO (CODIGO_IDENTIFICACAO, NOME, DESCRICAO, MARGEM_LUCRO, CODIGO_FILIAL, QUANTIDADE, PRECO_COMPRA, PRECO_VENDA, DATA_COMPRA, DATA_VALIDADE, ID_MARCA, ID_CATEGORIA) VALUES (129, 'Produto 0129', 'Descrio do Produto 0129', '3241', 0, 86, 26, 93, TO_DATE('25/01/1984','DD/MM/YYYY'), TO_DATE('09/05/1996','DD/MM/YYYY'), 1, 14);
INSERT INTO PRODUTO (CODIGO_IDENTIFICACAO, NOME, DESCRICAO, MARGEM_LUCRO, CODIGO_FILIAL, QUANTIDADE, PRECO_COMPRA, PRECO_VENDA, DATA_COMPRA, DATA_VALIDADE, ID_MARCA, ID_CATEGORIA) VALUES (130, 'Produto 0130', 'Descrio do Produto 0130', '7443', 2, 964, 2, 50, TO_DATE('13/06/1971','DD/MM/YYYY'), TO_DATE('04/02/1977','DD/MM/YYYY'), 9, 18);
INSERT INTO PRODUTO (CODIGO_IDENTIFICACAO, NOME, DESCRICAO, MARGEM_LUCRO, CODIGO_FILIAL, QUANTIDADE, PRECO_COMPRA, PRECO_VENDA, DATA_COMPRA, DATA_VALIDADE, ID_MARCA, ID_CATEGORIA) VALUES (131, 'Produto 0131', 'Descrio do Produto 0131', '6306', 8, 8, 8, 73, TO_DATE('15/11/1933','DD/MM/YYYY'), TO_DATE('27/05/1925','DD/MM/YYYY'), 9, 17);
INSERT INTO PRODUTO (CODIGO_IDENTIFICACAO, NOME, DESCRICAO, MARGEM_LUCRO, CODIGO_FILIAL, QUANTIDADE, PRECO_COMPRA, PRECO_VENDA, DATA_COMPRA, DATA_VALIDADE, ID_MARCA, ID_CATEGORIA) VALUES (132, 'Produto 0132', 'Descrio do Produto 0132', '7944', 3, 409, 9, 44, TO_DATE('16/11/1955','DD/MM/YYYY'), TO_DATE('05/08/2010','DD/MM/YYYY'), 24, 26);
INSERT INTO PRODUTO (CODIGO_IDENTIFICACAO, NOME, DESCRICAO, MARGEM_LUCRO, CODIGO_FILIAL, QUANTIDADE, PRECO_COMPRA, PRECO_VENDA, DATA_COMPRA, DATA_VALIDADE, ID_MARCA, ID_CATEGORIA) VALUES (133, 'Produto 0133', 'Descrio do Produto 0133', '7553', 3, 964, 6, 48, TO_DATE('20/09/1917','DD/MM/YYYY'), TO_DATE('26/01/1998','DD/MM/YYYY'), 18, 8);
INSERT INTO PRODUTO (CODIGO_IDENTIFICACAO, NOME, DESCRICAO, MARGEM_LUCRO, CODIGO_FILIAL, QUANTIDADE, PRECO_COMPRA, PRECO_VENDA, DATA_COMPRA, DATA_VALIDADE, ID_MARCA, ID_CATEGORIA) VALUES (134, 'Produto 0134', 'Descrio do Produto 0134', '4621', 8, 615, 1, 100, TO_DATE('13/10/1983','DD/MM/YYYY'), TO_DATE('18/04/1936','DD/MM/YYYY'), 17, 3);
INSERT INTO PRODUTO (CODIGO_IDENTIFICACAO, NOME, DESCRICAO, MARGEM_LUCRO, CODIGO_FILIAL, QUANTIDADE, PRECO_COMPRA, PRECO_VENDA, DATA_COMPRA, DATA_VALIDADE, ID_MARCA, ID_CATEGORIA) VALUES (135, 'Produto 0135', 'Descrio do Produto 0135', '8918', 8, 774, 2, 31, TO_DATE('22/09/1965','DD/MM/YYYY'), TO_DATE('05/03/1995','DD/MM/YYYY'), 5, 24);
INSERT INTO PRODUTO (CODIGO_IDENTIFICACAO, NOME, DESCRICAO, MARGEM_LUCRO, CODIGO_FILIAL, QUANTIDADE, PRECO_COMPRA, PRECO_VENDA, DATA_COMPRA, DATA_VALIDADE, ID_MARCA, ID_CATEGORIA) VALUES (136, 'Produto 0136', 'Descrio do Produto 0136', '4209', 7, 867, 8, 93, TO_DATE('01/02/1915','DD/MM/YYYY'), TO_DATE('15/02/1992','DD/MM/YYYY'), 10, 29);
INSERT INTO PRODUTO (CODIGO_IDENTIFICACAO, NOME, DESCRICAO, MARGEM_LUCRO, CODIGO_FILIAL, QUANTIDADE, PRECO_COMPRA, PRECO_VENDA, DATA_COMPRA, DATA_VALIDADE, ID_MARCA, ID_CATEGORIA) VALUES (137, 'Produto 0137', 'Descrio do Produto 0137', '5974', 7, 125, 26, 61, TO_DATE('02/06/1987','DD/MM/YYYY'), TO_DATE('25/11/1975','DD/MM/YYYY'), 18, 6);
INSERT INTO PRODUTO (CODIGO_IDENTIFICACAO, NOME, DESCRICAO, MARGEM_LUCRO, CODIGO_FILIAL, QUANTIDADE, PRECO_COMPRA, PRECO_VENDA, DATA_COMPRA, DATA_VALIDADE, ID_MARCA, ID_CATEGORIA) VALUES (138, 'Produto 0138', 'Descrio do Produto 0138', '5554', 5, 114, 29, 87, TO_DATE('08/01/1939','DD/MM/YYYY'), TO_DATE('07/04/1991','DD/MM/YYYY'), 16, 24);
INSERT INTO PRODUTO (CODIGO_IDENTIFICACAO, NOME, DESCRICAO, MARGEM_LUCRO, CODIGO_FILIAL, QUANTIDADE, PRECO_COMPRA, PRECO_VENDA, DATA_COMPRA, DATA_VALIDADE, ID_MARCA, ID_CATEGORIA) VALUES (139, 'Produto 0139', 'Descrio do Produto 0139', '2654', 3, 208, 19, 58, TO_DATE('17/02/2000','DD/MM/YYYY'), TO_DATE('02/09/1949','DD/MM/YYYY'), 3, 2);
INSERT INTO PRODUTO (CODIGO_IDENTIFICACAO, NOME, DESCRICAO, MARGEM_LUCRO, CODIGO_FILIAL, QUANTIDADE, PRECO_COMPRA, PRECO_VENDA, DATA_COMPRA, DATA_VALIDADE, ID_MARCA, ID_CATEGORIA) VALUES (140, 'Produto 0140', 'Descrio do Produto 0140', '9837', 6, 248, 11, 82, TO_DATE('01/07/1960','DD/MM/YYYY'), TO_DATE('23/07/2001','DD/MM/YYYY'), 10, 18);
INSERT INTO PRODUTO (CODIGO_IDENTIFICACAO, NOME, DESCRICAO, MARGEM_LUCRO, CODIGO_FILIAL, QUANTIDADE, PRECO_COMPRA, PRECO_VENDA, DATA_COMPRA, DATA_VALIDADE, ID_MARCA, ID_CATEGORIA) VALUES (141, 'Produto 0141', 'Descrio do Produto 0141', '7206', 3, 102, 30, 54, TO_DATE('09/12/1917','DD/MM/YYYY'), TO_DATE('24/10/1927','DD/MM/YYYY'), 16, 6);
INSERT INTO PRODUTO (CODIGO_IDENTIFICACAO, NOME, DESCRICAO, MARGEM_LUCRO, CODIGO_FILIAL, QUANTIDADE, PRECO_COMPRA, PRECO_VENDA, DATA_COMPRA, DATA_VALIDADE, ID_MARCA, ID_CATEGORIA) VALUES (142, 'Produto 0142', 'Descrio do Produto 0142', '8370', 5, 381, 17, 44, TO_DATE('10/08/1927','DD/MM/YYYY'), TO_DATE('14/12/1968','DD/MM/YYYY'), 13, 27);
INSERT INTO PRODUTO (CODIGO_IDENTIFICACAO, NOME, DESCRICAO, MARGEM_LUCRO, CODIGO_FILIAL, QUANTIDADE, PRECO_COMPRA, PRECO_VENDA, DATA_COMPRA, DATA_VALIDADE, ID_MARCA, ID_CATEGORIA) VALUES (143, 'Produto 0143', 'Descrio do Produto 0143', '7521', 1, 13, 27, 82, TO_DATE('13/06/1932','DD/MM/YYYY'), TO_DATE('25/09/1933','DD/MM/YYYY'), 19, 18);
INSERT INTO PRODUTO (CODIGO_IDENTIFICACAO, NOME, DESCRICAO, MARGEM_LUCRO, CODIGO_FILIAL, QUANTIDADE, PRECO_COMPRA, PRECO_VENDA, DATA_COMPRA, DATA_VALIDADE, ID_MARCA, ID_CATEGORIA) VALUES (144, 'Produto 0144', 'Descrio do Produto 0144', '221', 8, 838, 14, 92, TO_DATE('28/11/2011','DD/MM/YYYY'), TO_DATE('25/11/1940','DD/MM/YYYY'), 0, 17);
INSERT INTO PRODUTO (CODIGO_IDENTIFICACAO, NOME, DESCRICAO, MARGEM_LUCRO, CODIGO_FILIAL, QUANTIDADE, PRECO_COMPRA, PRECO_VENDA, DATA_COMPRA, DATA_VALIDADE, ID_MARCA, ID_CATEGORIA) VALUES (145, 'Produto 0145', 'Descrio do Produto 0145', '5295', 9, 494, 22, 50, TO_DATE('08/02/2017','DD/MM/YYYY'), TO_DATE('01/10/1997','DD/MM/YYYY'), 19, 23);
INSERT INTO PRODUTO (CODIGO_IDENTIFICACAO, NOME, DESCRICAO, MARGEM_LUCRO, CODIGO_FILIAL, QUANTIDADE, PRECO_COMPRA, PRECO_VENDA, DATA_COMPRA, DATA_VALIDADE, ID_MARCA, ID_CATEGORIA) VALUES (146, 'Produto 0146', 'Descrio do Produto 0146', '4178', 0, 678, 7, 65, TO_DATE('03/09/1928','DD/MM/YYYY'), TO_DATE('28/01/1915','DD/MM/YYYY'), 9, 7);
INSERT INTO PRODUTO (CODIGO_IDENTIFICACAO, NOME, DESCRICAO, MARGEM_LUCRO, CODIGO_FILIAL, QUANTIDADE, PRECO_COMPRA, PRECO_VENDA, DATA_COMPRA, DATA_VALIDADE, ID_MARCA, ID_CATEGORIA) VALUES (147, 'Produto 0147', 'Descrio do Produto 0147', '5960', 8, 253, 23, 93, TO_DATE('13/01/2012','DD/MM/YYYY'), TO_DATE('17/04/1920','DD/MM/YYYY'), 23, 18);
INSERT INTO PRODUTO (CODIGO_IDENTIFICACAO, NOME, DESCRICAO, MARGEM_LUCRO, CODIGO_FILIAL, QUANTIDADE, PRECO_COMPRA, PRECO_VENDA, DATA_COMPRA, DATA_VALIDADE, ID_MARCA, ID_CATEGORIA) VALUES (148, 'Produto 0148', 'Descrio do Produto 0148', '3608', 2, 273, 29, 56, TO_DATE('09/01/1982','DD/MM/YYYY'), TO_DATE('17/02/1966','DD/MM/YYYY'), 16, 18);
INSERT INTO PRODUTO (CODIGO_IDENTIFICACAO, NOME, DESCRICAO, MARGEM_LUCRO, CODIGO_FILIAL, QUANTIDADE, PRECO_COMPRA, PRECO_VENDA, DATA_COMPRA, DATA_VALIDADE, ID_MARCA, ID_CATEGORIA) VALUES (149, 'Produto 0149', 'Descrio do Produto 0149', '1931', 0, 779, 17, 67, TO_DATE('19/02/1933','DD/MM/YYYY'), TO_DATE('06/09/1925','DD/MM/YYYY'), 15, 6);
INSERT INTO PRODUTO (CODIGO_IDENTIFICACAO, NOME, DESCRICAO, MARGEM_LUCRO, CODIGO_FILIAL, QUANTIDADE, PRECO_COMPRA, PRECO_VENDA, DATA_COMPRA, DATA_VALIDADE, ID_MARCA, ID_CATEGORIA) VALUES (150, 'Produto 0150', 'Descrio do Produto 0150', '4783', 6, 339, 14, 82, TO_DATE('05/01/1980','DD/MM/YYYY'), TO_DATE('07/03/2003','DD/MM/YYYY'), 4, 19);
INSERT INTO PRODUTO (CODIGO_IDENTIFICACAO, NOME, DESCRICAO, MARGEM_LUCRO, CODIGO_FILIAL, QUANTIDADE, PRECO_COMPRA, PRECO_VENDA, DATA_COMPRA, DATA_VALIDADE, ID_MARCA, ID_CATEGORIA) VALUES (151, 'Produto 0151', 'Descrio do Produto 0151', '7967', 8, 235, 12, 50, TO_DATE('06/06/1922','DD/MM/YYYY'), TO_DATE('27/11/2009','DD/MM/YYYY'), 3, 29);
INSERT INTO PRODUTO (CODIGO_IDENTIFICACAO, NOME, DESCRICAO, MARGEM_LUCRO, CODIGO_FILIAL, QUANTIDADE, PRECO_COMPRA, PRECO_VENDA, DATA_COMPRA, DATA_VALIDADE, ID_MARCA, ID_CATEGORIA) VALUES (152, 'Produto 0152', 'Descrio do Produto 0152', '3485', 7, 184, 12, 94, TO_DATE('19/07/1987','DD/MM/YYYY'), TO_DATE('12/05/1925','DD/MM/YYYY'), 4, 26);
INSERT INTO PRODUTO (CODIGO_IDENTIFICACAO, NOME, DESCRICAO, MARGEM_LUCRO, CODIGO_FILIAL, QUANTIDADE, PRECO_COMPRA, PRECO_VENDA, DATA_COMPRA, DATA_VALIDADE, ID_MARCA, ID_CATEGORIA) VALUES (153, 'Produto 0153', 'Descrio do Produto 0153', '857', 8, 318, 19, 99, TO_DATE('23/08/1914','DD/MM/YYYY'), TO_DATE('09/01/1988','DD/MM/YYYY'), 13, 1);
INSERT INTO PRODUTO (CODIGO_IDENTIFICACAO, NOME, DESCRICAO, MARGEM_LUCRO, CODIGO_FILIAL, QUANTIDADE, PRECO_COMPRA, PRECO_VENDA, DATA_COMPRA, DATA_VALIDADE, ID_MARCA, ID_CATEGORIA) VALUES (154, 'Produto 0154', 'Descrio do Produto 0154', '580', 8, 304, 26, 63, TO_DATE('27/11/1930','DD/MM/YYYY'), TO_DATE('17/09/1934','DD/MM/YYYY'), 19, 3);
INSERT INTO PRODUTO (CODIGO_IDENTIFICACAO, NOME, DESCRICAO, MARGEM_LUCRO, CODIGO_FILIAL, QUANTIDADE, PRECO_COMPRA, PRECO_VENDA, DATA_COMPRA, DATA_VALIDADE, ID_MARCA, ID_CATEGORIA) VALUES (155, 'Produto 0155', 'Descrio do Produto 0155', '6494', 7, 630, 27, 75, TO_DATE('11/02/1913','DD/MM/YYYY'), TO_DATE('17/12/1923','DD/MM/YYYY'), 3, 21);
INSERT INTO PRODUTO (CODIGO_IDENTIFICACAO, NOME, DESCRICAO, MARGEM_LUCRO, CODIGO_FILIAL, QUANTIDADE, PRECO_COMPRA, PRECO_VENDA, DATA_COMPRA, DATA_VALIDADE, ID_MARCA, ID_CATEGORIA) VALUES (156, 'Produto 0156', 'Descrio do Produto 0156', '3320', 0, 923, 20, 85, TO_DATE('09/08/2010','DD/MM/YYYY'), TO_DATE('11/07/1990','DD/MM/YYYY'), 11, 0);
INSERT INTO PRODUTO (CODIGO_IDENTIFICACAO, NOME, DESCRICAO, MARGEM_LUCRO, CODIGO_FILIAL, QUANTIDADE, PRECO_COMPRA, PRECO_VENDA, DATA_COMPRA, DATA_VALIDADE, ID_MARCA, ID_CATEGORIA) VALUES (157, 'Produto 0157', 'Descrio do Produto 0157', '7394', 7, 751, 15, 35, TO_DATE('02/10/1955','DD/MM/YYYY'), TO_DATE('25/08/2007','DD/MM/YYYY'), 20, 9);
INSERT INTO PRODUTO (CODIGO_IDENTIFICACAO, NOME, DESCRICAO, MARGEM_LUCRO, CODIGO_FILIAL, QUANTIDADE, PRECO_COMPRA, PRECO_VENDA, DATA_COMPRA, DATA_VALIDADE, ID_MARCA, ID_CATEGORIA) VALUES (158, 'Produto 0158', 'Descrio do Produto 0158', '4290', 4, 223, 9, 67, TO_DATE('26/08/1954','DD/MM/YYYY'), TO_DATE('17/06/2014','DD/MM/YYYY'), 2, 17);
INSERT INTO PRODUTO (CODIGO_IDENTIFICACAO, NOME, DESCRICAO, MARGEM_LUCRO, CODIGO_FILIAL, QUANTIDADE, PRECO_COMPRA, PRECO_VENDA, DATA_COMPRA, DATA_VALIDADE, ID_MARCA, ID_CATEGORIA) VALUES (159, 'Produto 0159', 'Descrio do Produto 0159', '749', 0, 358, 18, 62, TO_DATE('15/01/1987','DD/MM/YYYY'), TO_DATE('14/10/1935','DD/MM/YYYY'), 9, 29);
INSERT INTO PRODUTO (CODIGO_IDENTIFICACAO, NOME, DESCRICAO, MARGEM_LUCRO, CODIGO_FILIAL, QUANTIDADE, PRECO_COMPRA, PRECO_VENDA, DATA_COMPRA, DATA_VALIDADE, ID_MARCA, ID_CATEGORIA) VALUES (160, 'Produto 0160', 'Descrio do Produto 0160', '1288', 4, 647, 10, 89, TO_DATE('01/10/1978','DD/MM/YYYY'), TO_DATE('17/03/1983','DD/MM/YYYY'), 8, 21);
INSERT INTO PRODUTO (CODIGO_IDENTIFICACAO, NOME, DESCRICAO, MARGEM_LUCRO, CODIGO_FILIAL, QUANTIDADE, PRECO_COMPRA, PRECO_VENDA, DATA_COMPRA, DATA_VALIDADE, ID_MARCA, ID_CATEGORIA) VALUES (161, 'Produto 0161', 'Descrio do Produto 0161', '3191', 0, 713, 13, 80, TO_DATE('18/10/1988','DD/MM/YYYY'), TO_DATE('22/01/1957','DD/MM/YYYY'), 5, 19);
INSERT INTO PRODUTO (CODIGO_IDENTIFICACAO, NOME, DESCRICAO, MARGEM_LUCRO, CODIGO_FILIAL, QUANTIDADE, PRECO_COMPRA, PRECO_VENDA, DATA_COMPRA, DATA_VALIDADE, ID_MARCA, ID_CATEGORIA) VALUES (162, 'Produto 0162', 'Descrio do Produto 0162', '1672', 1, 286, 28, 51, TO_DATE('08/07/1922','DD/MM/YYYY'), TO_DATE('24/07/1932','DD/MM/YYYY'), 22, 19);
INSERT INTO PRODUTO (CODIGO_IDENTIFICACAO, NOME, DESCRICAO, MARGEM_LUCRO, CODIGO_FILIAL, QUANTIDADE, PRECO_COMPRA, PRECO_VENDA, DATA_COMPRA, DATA_VALIDADE, ID_MARCA, ID_CATEGORIA) VALUES (163, 'Produto 0163', 'Descrio do Produto 0163', '7338', 8, 55, 6, 98, TO_DATE('10/05/1922','DD/MM/YYYY'), TO_DATE('06/01/2002','DD/MM/YYYY'), 7, 23);
INSERT INTO PRODUTO (CODIGO_IDENTIFICACAO, NOME, DESCRICAO, MARGEM_LUCRO, CODIGO_FILIAL, QUANTIDADE, PRECO_COMPRA, PRECO_VENDA, DATA_COMPRA, DATA_VALIDADE, ID_MARCA, ID_CATEGORIA) VALUES (164, 'Produto 0164', 'Descrio do Produto 0164', '150', 4, 886, 14, 81, TO_DATE('16/02/1942','DD/MM/YYYY'), TO_DATE('13/04/1956','DD/MM/YYYY'), 19, 5);
INSERT INTO PRODUTO (CODIGO_IDENTIFICACAO, NOME, DESCRICAO, MARGEM_LUCRO, CODIGO_FILIAL, QUANTIDADE, PRECO_COMPRA, PRECO_VENDA, DATA_COMPRA, DATA_VALIDADE, ID_MARCA, ID_CATEGORIA) VALUES (165, 'Produto 0165', 'Descrio do Produto 0165', '9012', 3, 1000, 24, 33, TO_DATE('12/09/1971','DD/MM/YYYY'), TO_DATE('02/06/1991','DD/MM/YYYY'), 10, 28);
INSERT INTO PRODUTO (CODIGO_IDENTIFICACAO, NOME, DESCRICAO, MARGEM_LUCRO, CODIGO_FILIAL, QUANTIDADE, PRECO_COMPRA, PRECO_VENDA, DATA_COMPRA, DATA_VALIDADE, ID_MARCA, ID_CATEGORIA) VALUES (166, 'Produto 0166', 'Descrio do Produto 0166', '8231', 4, 147, 27, 56, TO_DATE('19/04/1963','DD/MM/YYYY'), TO_DATE('10/05/1981','DD/MM/YYYY'), 19, 12);
INSERT INTO PRODUTO (CODIGO_IDENTIFICACAO, NOME, DESCRICAO, MARGEM_LUCRO, CODIGO_FILIAL, QUANTIDADE, PRECO_COMPRA, PRECO_VENDA, DATA_COMPRA, DATA_VALIDADE, ID_MARCA, ID_CATEGORIA) VALUES (167, 'Produto 0167', 'Descrio do Produto 0167', '208', 0, 894, 10, 53, TO_DATE('16/11/1924','DD/MM/YYYY'), TO_DATE('15/06/1975','DD/MM/YYYY'), 1, 6);
INSERT INTO PRODUTO (CODIGO_IDENTIFICACAO, NOME, DESCRICAO, MARGEM_LUCRO, CODIGO_FILIAL, QUANTIDADE, PRECO_COMPRA, PRECO_VENDA, DATA_COMPRA, DATA_VALIDADE, ID_MARCA, ID_CATEGORIA) VALUES (168, 'Produto 0168', 'Descrio do Produto 0168', '777', 6, 480, 27, 60, TO_DATE('12/12/2007','DD/MM/YYYY'), TO_DATE('17/09/1940','DD/MM/YYYY'), 7, 13);
INSERT INTO PRODUTO (CODIGO_IDENTIFICACAO, NOME, DESCRICAO, MARGEM_LUCRO, CODIGO_FILIAL, QUANTIDADE, PRECO_COMPRA, PRECO_VENDA, DATA_COMPRA, DATA_VALIDADE, ID_MARCA, ID_CATEGORIA) VALUES (169, 'Produto 0169', 'Descrio do Produto 0169', '7325', 9, 820, 22, 59, TO_DATE('09/08/2015','DD/MM/YYYY'), TO_DATE('22/06/1976','DD/MM/YYYY'), 1, 7);
INSERT INTO PRODUTO (CODIGO_IDENTIFICACAO, NOME, DESCRICAO, MARGEM_LUCRO, CODIGO_FILIAL, QUANTIDADE, PRECO_COMPRA, PRECO_VENDA, DATA_COMPRA, DATA_VALIDADE, ID_MARCA, ID_CATEGORIA) VALUES (170, 'Produto 0170', 'Descrio do Produto 0170', '1610', 5, 435, 13, 78, TO_DATE('02/05/2009','DD/MM/YYYY'), TO_DATE('27/06/1945','DD/MM/YYYY'), 6, 26);
INSERT INTO PRODUTO (CODIGO_IDENTIFICACAO, NOME, DESCRICAO, MARGEM_LUCRO, CODIGO_FILIAL, QUANTIDADE, PRECO_COMPRA, PRECO_VENDA, DATA_COMPRA, DATA_VALIDADE, ID_MARCA, ID_CATEGORIA) VALUES (171, 'Produto 0171', 'Descrio do Produto 0171', '532', 8, 288, 25, 96, TO_DATE('14/05/1925','DD/MM/YYYY'), TO_DATE('05/09/1978','DD/MM/YYYY'), 2, 27);
INSERT INTO PRODUTO (CODIGO_IDENTIFICACAO, NOME, DESCRICAO, MARGEM_LUCRO, CODIGO_FILIAL, QUANTIDADE, PRECO_COMPRA, PRECO_VENDA, DATA_COMPRA, DATA_VALIDADE, ID_MARCA, ID_CATEGORIA) VALUES (172, 'Produto 0172', 'Descrio do Produto 0172', '5228', 2, 350, 15, 52, TO_DATE('03/10/1975','DD/MM/YYYY'), TO_DATE('14/05/1977','DD/MM/YYYY'), 0, 8);
INSERT INTO PRODUTO (CODIGO_IDENTIFICACAO, NOME, DESCRICAO, MARGEM_LUCRO, CODIGO_FILIAL, QUANTIDADE, PRECO_COMPRA, PRECO_VENDA, DATA_COMPRA, DATA_VALIDADE, ID_MARCA, ID_CATEGORIA) VALUES (173, 'Produto 0173', 'Descrio do Produto 0173', '8065', 4, 521, 14, 75, TO_DATE('23/06/2002','DD/MM/YYYY'), TO_DATE('21/07/1958','DD/MM/YYYY'), 21, 28);
INSERT INTO PRODUTO (CODIGO_IDENTIFICACAO, NOME, DESCRICAO, MARGEM_LUCRO, CODIGO_FILIAL, QUANTIDADE, PRECO_COMPRA, PRECO_VENDA, DATA_COMPRA, DATA_VALIDADE, ID_MARCA, ID_CATEGORIA) VALUES (174, 'Produto 0174', 'Descrio do Produto 0174', '2300', 1, 625, 1, 52, TO_DATE('13/05/1991','DD/MM/YYYY'), TO_DATE('15/11/1961','DD/MM/YYYY'), 9, 14);
INSERT INTO PRODUTO (CODIGO_IDENTIFICACAO, NOME, DESCRICAO, MARGEM_LUCRO, CODIGO_FILIAL, QUANTIDADE, PRECO_COMPRA, PRECO_VENDA, DATA_COMPRA, DATA_VALIDADE, ID_MARCA, ID_CATEGORIA) VALUES (175, 'Produto 0175', 'Descrio do Produto 0175', '6486', 6, 630, 11, 31, TO_DATE('16/05/1990','DD/MM/YYYY'), TO_DATE('26/02/1951','DD/MM/YYYY'), 8, 13);
INSERT INTO PRODUTO (CODIGO_IDENTIFICACAO, NOME, DESCRICAO, MARGEM_LUCRO, CODIGO_FILIAL, QUANTIDADE, PRECO_COMPRA, PRECO_VENDA, DATA_COMPRA, DATA_VALIDADE, ID_MARCA, ID_CATEGORIA) VALUES (176, 'Produto 0176', 'Descrio do Produto 0176', '6984', 3, 708, 26, 51, TO_DATE('11/09/1962','DD/MM/YYYY'), TO_DATE('27/01/1980','DD/MM/YYYY'), 14, 4);
INSERT INTO PRODUTO (CODIGO_IDENTIFICACAO, NOME, DESCRICAO, MARGEM_LUCRO, CODIGO_FILIAL, QUANTIDADE, PRECO_COMPRA, PRECO_VENDA, DATA_COMPRA, DATA_VALIDADE, ID_MARCA, ID_CATEGORIA) VALUES (177, 'Produto 0177', 'Descrio do Produto 0177', '2579', 9, 783, 21, 80, TO_DATE('11/12/1952','DD/MM/YYYY'), TO_DATE('14/08/1964','DD/MM/YYYY'), 20, 22);
INSERT INTO PRODUTO (CODIGO_IDENTIFICACAO, NOME, DESCRICAO, MARGEM_LUCRO, CODIGO_FILIAL, QUANTIDADE, PRECO_COMPRA, PRECO_VENDA, DATA_COMPRA, DATA_VALIDADE, ID_MARCA, ID_CATEGORIA) VALUES (178, 'Produto 0178', 'Descrio do Produto 0178', '5368', 2, 419, 11, 70, TO_DATE('23/05/1947','DD/MM/YYYY'), TO_DATE('14/01/1987','DD/MM/YYYY'), 6, 29);
INSERT INTO PRODUTO (CODIGO_IDENTIFICACAO, NOME, DESCRICAO, MARGEM_LUCRO, CODIGO_FILIAL, QUANTIDADE, PRECO_COMPRA, PRECO_VENDA, DATA_COMPRA, DATA_VALIDADE, ID_MARCA, ID_CATEGORIA) VALUES (179, 'Produto 0179', 'Descrio do Produto 0179', '6941', 1, 599, 6, 68, TO_DATE('18/11/1993','DD/MM/YYYY'), TO_DATE('12/10/1966','DD/MM/YYYY'), 8, 3);
INSERT INTO PRODUTO (CODIGO_IDENTIFICACAO, NOME, DESCRICAO, MARGEM_LUCRO, CODIGO_FILIAL, QUANTIDADE, PRECO_COMPRA, PRECO_VENDA, DATA_COMPRA, DATA_VALIDADE, ID_MARCA, ID_CATEGORIA) VALUES (180, 'Produto 0180', 'Descrio do Produto 0180', '4946', 8, 749, 16, 50, TO_DATE('11/06/1992','DD/MM/YYYY'), TO_DATE('09/10/1913','DD/MM/YYYY'), 2, 4);
INSERT INTO PRODUTO (CODIGO_IDENTIFICACAO, NOME, DESCRICAO, MARGEM_LUCRO, CODIGO_FILIAL, QUANTIDADE, PRECO_COMPRA, PRECO_VENDA, DATA_COMPRA, DATA_VALIDADE, ID_MARCA, ID_CATEGORIA) VALUES (181, 'Produto 0181', 'Descrio do Produto 0181', '9965', 5, 559, 11, 76, TO_DATE('28/07/1959','DD/MM/YYYY'), TO_DATE('14/08/1952','DD/MM/YYYY'), 20, 22);
INSERT INTO PRODUTO (CODIGO_IDENTIFICACAO, NOME, DESCRICAO, MARGEM_LUCRO, CODIGO_FILIAL, QUANTIDADE, PRECO_COMPRA, PRECO_VENDA, DATA_COMPRA, DATA_VALIDADE, ID_MARCA, ID_CATEGORIA) VALUES (182, 'Produto 0182', 'Descrio do Produto 0182', '9934', 6, 774, 15, 57, TO_DATE('23/11/1914','DD/MM/YYYY'), TO_DATE('05/07/1960','DD/MM/YYYY'), 7, 29);
INSERT INTO PRODUTO (CODIGO_IDENTIFICACAO, NOME, DESCRICAO, MARGEM_LUCRO, CODIGO_FILIAL, QUANTIDADE, PRECO_COMPRA, PRECO_VENDA, DATA_COMPRA, DATA_VALIDADE, ID_MARCA, ID_CATEGORIA) VALUES (183, 'Produto 0183', 'Descrio do Produto 0183', '7646', 5, 211, 28, 92, TO_DATE('04/06/2019','DD/MM/YYYY'), TO_DATE('23/11/1911','DD/MM/YYYY'), 16, 2);
INSERT INTO PRODUTO (CODIGO_IDENTIFICACAO, NOME, DESCRICAO, MARGEM_LUCRO, CODIGO_FILIAL, QUANTIDADE, PRECO_COMPRA, PRECO_VENDA, DATA_COMPRA, DATA_VALIDADE, ID_MARCA, ID_CATEGORIA) VALUES (184, 'Produto 0184', 'Descrio do Produto 0184', '7554', 9, 11, 18, 80, TO_DATE('08/01/1951','DD/MM/YYYY'), TO_DATE('04/01/1974','DD/MM/YYYY'), 1, 26);
INSERT INTO PRODUTO (CODIGO_IDENTIFICACAO, NOME, DESCRICAO, MARGEM_LUCRO, CODIGO_FILIAL, QUANTIDADE, PRECO_COMPRA, PRECO_VENDA, DATA_COMPRA, DATA_VALIDADE, ID_MARCA, ID_CATEGORIA) VALUES (185, 'Produto 0185', 'Descrio do Produto 0185', '8524', 6, 591, 12, 42, TO_DATE('17/12/1952','DD/MM/YYYY'), TO_DATE('01/09/1945','DD/MM/YYYY'), 12, 26);
INSERT INTO PRODUTO (CODIGO_IDENTIFICACAO, NOME, DESCRICAO, MARGEM_LUCRO, CODIGO_FILIAL, QUANTIDADE, PRECO_COMPRA, PRECO_VENDA, DATA_COMPRA, DATA_VALIDADE, ID_MARCA, ID_CATEGORIA) VALUES (186, 'Produto 0186', 'Descrio do Produto 0186', '7648', 4, 633, 9, 54, TO_DATE('17/06/1995','DD/MM/YYYY'), TO_DATE('13/03/2005','DD/MM/YYYY'), 6, 8);
INSERT INTO PRODUTO (CODIGO_IDENTIFICACAO, NOME, DESCRICAO, MARGEM_LUCRO, CODIGO_FILIAL, QUANTIDADE, PRECO_COMPRA, PRECO_VENDA, DATA_COMPRA, DATA_VALIDADE, ID_MARCA, ID_CATEGORIA) VALUES (187, 'Produto 0187', 'Descrio do Produto 0187', '3210', 4, 379, 25, 64, TO_DATE('16/03/1922','DD/MM/YYYY'), TO_DATE('27/03/2014','DD/MM/YYYY'), 6, 21);
INSERT INTO PRODUTO (CODIGO_IDENTIFICACAO, NOME, DESCRICAO, MARGEM_LUCRO, CODIGO_FILIAL, QUANTIDADE, PRECO_COMPRA, PRECO_VENDA, DATA_COMPRA, DATA_VALIDADE, ID_MARCA, ID_CATEGORIA) VALUES (188, 'Produto 0188', 'Descrio do Produto 0188', '9203', 7, 794, 1, 55, TO_DATE('10/06/2006','DD/MM/YYYY'), TO_DATE('01/08/1925','DD/MM/YYYY'), 12, 0);
INSERT INTO PRODUTO (CODIGO_IDENTIFICACAO, NOME, DESCRICAO, MARGEM_LUCRO, CODIGO_FILIAL, QUANTIDADE, PRECO_COMPRA, PRECO_VENDA, DATA_COMPRA, DATA_VALIDADE, ID_MARCA, ID_CATEGORIA) VALUES (189, 'Produto 0189', 'Descrio do Produto 0189', '9898', 8, 45, 22, 52, TO_DATE('08/02/1962','DD/MM/YYYY'), TO_DATE('03/03/1968','DD/MM/YYYY'), 24, 7);
INSERT INTO PRODUTO (CODIGO_IDENTIFICACAO, NOME, DESCRICAO, MARGEM_LUCRO, CODIGO_FILIAL, QUANTIDADE, PRECO_COMPRA, PRECO_VENDA, DATA_COMPRA, DATA_VALIDADE, ID_MARCA, ID_CATEGORIA) VALUES (190, 'Produto 0190', 'Descrio do Produto 0190', '6657', 8, 770, 23, 59, TO_DATE('19/08/1962','DD/MM/YYYY'), TO_DATE('05/05/1936','DD/MM/YYYY'), 18, 14);
INSERT INTO PRODUTO (CODIGO_IDENTIFICACAO, NOME, DESCRICAO, MARGEM_LUCRO, CODIGO_FILIAL, QUANTIDADE, PRECO_COMPRA, PRECO_VENDA, DATA_COMPRA, DATA_VALIDADE, ID_MARCA, ID_CATEGORIA) VALUES (191, 'Produto 0191', 'Descrio do Produto 0191', '5143', 9, 554, 24, 97, TO_DATE('26/02/1979','DD/MM/YYYY'), TO_DATE('17/06/1952','DD/MM/YYYY'), 15, 21);
INSERT INTO PRODUTO (CODIGO_IDENTIFICACAO, NOME, DESCRICAO, MARGEM_LUCRO, CODIGO_FILIAL, QUANTIDADE, PRECO_COMPRA, PRECO_VENDA, DATA_COMPRA, DATA_VALIDADE, ID_MARCA, ID_CATEGORIA) VALUES (192, 'Produto 0192', 'Descrio do Produto 0192', '7321', 2, 7, 21, 69, TO_DATE('28/03/1924','DD/MM/YYYY'), TO_DATE('08/03/1946','DD/MM/YYYY'), 6, 11);
INSERT INTO PRODUTO (CODIGO_IDENTIFICACAO, NOME, DESCRICAO, MARGEM_LUCRO, CODIGO_FILIAL, QUANTIDADE, PRECO_COMPRA, PRECO_VENDA, DATA_COMPRA, DATA_VALIDADE, ID_MARCA, ID_CATEGORIA) VALUES (193, 'Produto 0193', 'Descrio do Produto 0193', '7712', 1, 40, 6, 37, TO_DATE('13/04/1963','DD/MM/YYYY'), TO_DATE('06/09/2009','DD/MM/YYYY'), 20, 24);
INSERT INTO PRODUTO (CODIGO_IDENTIFICACAO, NOME, DESCRICAO, MARGEM_LUCRO, CODIGO_FILIAL, QUANTIDADE, PRECO_COMPRA, PRECO_VENDA, DATA_COMPRA, DATA_VALIDADE, ID_MARCA, ID_CATEGORIA) VALUES (194, 'Produto 0194', 'Descrio do Produto 0194', '1645', 8, 959, 14, 32, TO_DATE('23/09/1936','DD/MM/YYYY'), TO_DATE('26/06/1952','DD/MM/YYYY'), 22, 25);
INSERT INTO PRODUTO (CODIGO_IDENTIFICACAO, NOME, DESCRICAO, MARGEM_LUCRO, CODIGO_FILIAL, QUANTIDADE, PRECO_COMPRA, PRECO_VENDA, DATA_COMPRA, DATA_VALIDADE, ID_MARCA, ID_CATEGORIA) VALUES (195, 'Produto 0195', 'Descrio do Produto 0195', '2582', 2, 293, 5, 100, TO_DATE('03/05/1998','DD/MM/YYYY'), TO_DATE('22/04/1940','DD/MM/YYYY'), 9, 27);
INSERT INTO PRODUTO (CODIGO_IDENTIFICACAO, NOME, DESCRICAO, MARGEM_LUCRO, CODIGO_FILIAL, QUANTIDADE, PRECO_COMPRA, PRECO_VENDA, DATA_COMPRA, DATA_VALIDADE, ID_MARCA, ID_CATEGORIA) VALUES (196, 'Produto 0196', 'Descrio do Produto 0196', '9953', 5, 423, 24, 62, TO_DATE('21/04/1926','DD/MM/YYYY'), TO_DATE('17/03/1947','DD/MM/YYYY'), 12, 24);
INSERT INTO PRODUTO (CODIGO_IDENTIFICACAO, NOME, DESCRICAO, MARGEM_LUCRO, CODIGO_FILIAL, QUANTIDADE, PRECO_COMPRA, PRECO_VENDA, DATA_COMPRA, DATA_VALIDADE, ID_MARCA, ID_CATEGORIA) VALUES (197, 'Produto 0197', 'Descrio do Produto 0197', '6629', 8, 357, 11, 87, TO_DATE('04/03/1935','DD/MM/YYYY'), TO_DATE('10/07/1929','DD/MM/YYYY'), 1, 27);
INSERT INTO PRODUTO (CODIGO_IDENTIFICACAO, NOME, DESCRICAO, MARGEM_LUCRO, CODIGO_FILIAL, QUANTIDADE, PRECO_COMPRA, PRECO_VENDA, DATA_COMPRA, DATA_VALIDADE, ID_MARCA, ID_CATEGORIA) VALUES (198, 'Produto 0198', 'Descrio do Produto 0198', '228', 1, 513, 15, 90, TO_DATE('05/09/2001','DD/MM/YYYY'), TO_DATE('19/04/1971','DD/MM/YYYY'), 14, 9);
INSERT INTO PRODUTO (CODIGO_IDENTIFICACAO, NOME, DESCRICAO, MARGEM_LUCRO, CODIGO_FILIAL, QUANTIDADE, PRECO_COMPRA, PRECO_VENDA, DATA_COMPRA, DATA_VALIDADE, ID_MARCA, ID_CATEGORIA) VALUES (199, 'Produto 0199', 'Descrio do Produto 0199', '2816', 5, 810, 11, 56, TO_DATE('14/06/1981','DD/MM/YYYY'), TO_DATE('06/12/1977','DD/MM/YYYY'), 6, 14);
INSERT INTO PRODUTO (CODIGO_IDENTIFICACAO, NOME, DESCRICAO, MARGEM_LUCRO, CODIGO_FILIAL, QUANTIDADE, PRECO_COMPRA, PRECO_VENDA, DATA_COMPRA, DATA_VALIDADE, ID_MARCA, ID_CATEGORIA) VALUES (200, 'Produto 0200', 'Descrio do Produto 0200', '8617', 4, 592, 4, 94, TO_DATE('03/07/1920','DD/MM/YYYY'), TO_DATE('13/01/2016','DD/MM/YYYY'), 6, 29);
INSERT INTO PRODUTO (CODIGO_IDENTIFICACAO, NOME, DESCRICAO, MARGEM_LUCRO, CODIGO_FILIAL, QUANTIDADE, PRECO_COMPRA, PRECO_VENDA, DATA_COMPRA, DATA_VALIDADE, ID_MARCA, ID_CATEGORIA) VALUES (201, 'Produto 0201', 'Descrio do Produto 0201', '1387', 7, 221, 22, 48, TO_DATE('23/03/1983','DD/MM/YYYY'), TO_DATE('19/02/1960','DD/MM/YYYY'), 14, 6);
INSERT INTO PRODUTO (CODIGO_IDENTIFICACAO, NOME, DESCRICAO, MARGEM_LUCRO, CODIGO_FILIAL, QUANTIDADE, PRECO_COMPRA, PRECO_VENDA, DATA_COMPRA, DATA_VALIDADE, ID_MARCA, ID_CATEGORIA) VALUES (202, 'Produto 0202', 'Descrio do Produto 0202', '542', 5, 704, 1, 53, TO_DATE('27/03/1982','DD/MM/YYYY'), TO_DATE('18/10/1948','DD/MM/YYYY'), 20, 25);
INSERT INTO PRODUTO (CODIGO_IDENTIFICACAO, NOME, DESCRICAO, MARGEM_LUCRO, CODIGO_FILIAL, QUANTIDADE, PRECO_COMPRA, PRECO_VENDA, DATA_COMPRA, DATA_VALIDADE, ID_MARCA, ID_CATEGORIA) VALUES (203, 'Produto 0203', 'Descrio do Produto 0203', '4679', 6, 836, 9, 46, TO_DATE('16/07/2019','DD/MM/YYYY'), TO_DATE('11/07/1991','DD/MM/YYYY'), 14, 11);
INSERT INTO PRODUTO (CODIGO_IDENTIFICACAO, NOME, DESCRICAO, MARGEM_LUCRO, CODIGO_FILIAL, QUANTIDADE, PRECO_COMPRA, PRECO_VENDA, DATA_COMPRA, DATA_VALIDADE, ID_MARCA, ID_CATEGORIA) VALUES (204, 'Produto 0204', 'Descrio do Produto 0204', '6297', 7, 548, 26, 97, TO_DATE('21/07/1990','DD/MM/YYYY'), TO_DATE('20/05/1962','DD/MM/YYYY'), 18, 24);
INSERT INTO PRODUTO (CODIGO_IDENTIFICACAO, NOME, DESCRICAO, MARGEM_LUCRO, CODIGO_FILIAL, QUANTIDADE, PRECO_COMPRA, PRECO_VENDA, DATA_COMPRA, DATA_VALIDADE, ID_MARCA, ID_CATEGORIA) VALUES (205, 'Produto 0205', 'Descrio do Produto 0205', '307', 7, 807, 8, 35, TO_DATE('28/04/1987','DD/MM/YYYY'), TO_DATE('16/11/1968','DD/MM/YYYY'), 9, 26);
INSERT INTO PRODUTO (CODIGO_IDENTIFICACAO, NOME, DESCRICAO, MARGEM_LUCRO, CODIGO_FILIAL, QUANTIDADE, PRECO_COMPRA, PRECO_VENDA, DATA_COMPRA, DATA_VALIDADE, ID_MARCA, ID_CATEGORIA) VALUES (206, 'Produto 0206', 'Descrio do Produto 0206', '1743', 2, 999, 14, 77, TO_DATE('15/11/1925','DD/MM/YYYY'), TO_DATE('16/09/1946','DD/MM/YYYY'), 5, 28);
INSERT INTO PRODUTO (CODIGO_IDENTIFICACAO, NOME, DESCRICAO, MARGEM_LUCRO, CODIGO_FILIAL, QUANTIDADE, PRECO_COMPRA, PRECO_VENDA, DATA_COMPRA, DATA_VALIDADE, ID_MARCA, ID_CATEGORIA) VALUES (207, 'Produto 0207', 'Descrio do Produto 0207', '8366', 2, 940, 16, 87, TO_DATE('16/01/1953','DD/MM/YYYY'), TO_DATE('14/12/1991','DD/MM/YYYY'), 21, 9);
INSERT INTO PRODUTO (CODIGO_IDENTIFICACAO, NOME, DESCRICAO, MARGEM_LUCRO, CODIGO_FILIAL, QUANTIDADE, PRECO_COMPRA, PRECO_VENDA, DATA_COMPRA, DATA_VALIDADE, ID_MARCA, ID_CATEGORIA) VALUES (208, 'Produto 0208', 'Descrio do Produto 0208', '9309', 6, 862, 28, 34, TO_DATE('17/07/2000','DD/MM/YYYY'), TO_DATE('26/05/1969','DD/MM/YYYY'), 16, 2);
INSERT INTO PRODUTO (CODIGO_IDENTIFICACAO, NOME, DESCRICAO, MARGEM_LUCRO, CODIGO_FILIAL, QUANTIDADE, PRECO_COMPRA, PRECO_VENDA, DATA_COMPRA, DATA_VALIDADE, ID_MARCA, ID_CATEGORIA) VALUES (209, 'Produto 0209', 'Descrio do Produto 0209', '5117', 6, 471, 8, 72, TO_DATE('11/01/1919','DD/MM/YYYY'), TO_DATE('15/02/1913','DD/MM/YYYY'), 22, 26);
INSERT INTO PRODUTO (CODIGO_IDENTIFICACAO, NOME, DESCRICAO, MARGEM_LUCRO, CODIGO_FILIAL, QUANTIDADE, PRECO_COMPRA, PRECO_VENDA, DATA_COMPRA, DATA_VALIDADE, ID_MARCA, ID_CATEGORIA) VALUES (210, 'Produto 0210', 'Descrio do Produto 0210', '4382', 3, 282, 4, 88, TO_DATE('17/01/2002','DD/MM/YYYY'), TO_DATE('06/01/1983','DD/MM/YYYY'), 9, 25);
INSERT INTO PRODUTO (CODIGO_IDENTIFICACAO, NOME, DESCRICAO, MARGEM_LUCRO, CODIGO_FILIAL, QUANTIDADE, PRECO_COMPRA, PRECO_VENDA, DATA_COMPRA, DATA_VALIDADE, ID_MARCA, ID_CATEGORIA) VALUES (211, 'Produto 0211', 'Descrio do Produto 0211', '7841', 6, 254, 1, 30, TO_DATE('23/01/1941','DD/MM/YYYY'), TO_DATE('04/12/1993','DD/MM/YYYY'), 14, 15);
INSERT INTO PRODUTO (CODIGO_IDENTIFICACAO, NOME, DESCRICAO, MARGEM_LUCRO, CODIGO_FILIAL, QUANTIDADE, PRECO_COMPRA, PRECO_VENDA, DATA_COMPRA, DATA_VALIDADE, ID_MARCA, ID_CATEGORIA) VALUES (212, 'Produto 0212', 'Descrio do Produto 0212', '153', 3, 388, 25, 57, TO_DATE('27/08/1970','DD/MM/YYYY'), TO_DATE('27/09/1914','DD/MM/YYYY'), 3, 14);
INSERT INTO PRODUTO (CODIGO_IDENTIFICACAO, NOME, DESCRICAO, MARGEM_LUCRO, CODIGO_FILIAL, QUANTIDADE, PRECO_COMPRA, PRECO_VENDA, DATA_COMPRA, DATA_VALIDADE, ID_MARCA, ID_CATEGORIA) VALUES (213, 'Produto 0213', 'Descrio do Produto 0213', '1334', 1, 939, 26, 94, TO_DATE('09/10/1995','DD/MM/YYYY'), TO_DATE('06/05/1967','DD/MM/YYYY'), 3, 1);
INSERT INTO PRODUTO (CODIGO_IDENTIFICACAO, NOME, DESCRICAO, MARGEM_LUCRO, CODIGO_FILIAL, QUANTIDADE, PRECO_COMPRA, PRECO_VENDA, DATA_COMPRA, DATA_VALIDADE, ID_MARCA, ID_CATEGORIA) VALUES (214, 'Produto 0214', 'Descrio do Produto 0214', '3040', 1, 269, 27, 87, TO_DATE('25/07/1954','DD/MM/YYYY'), TO_DATE('28/09/1937','DD/MM/YYYY'), 19, 6);
INSERT INTO PRODUTO (CODIGO_IDENTIFICACAO, NOME, DESCRICAO, MARGEM_LUCRO, CODIGO_FILIAL, QUANTIDADE, PRECO_COMPRA, PRECO_VENDA, DATA_COMPRA, DATA_VALIDADE, ID_MARCA, ID_CATEGORIA) VALUES (215, 'Produto 0215', 'Descrio do Produto 0215', '5529', 1, 684, 22, 49, TO_DATE('20/09/1943','DD/MM/YYYY'), TO_DATE('23/01/1994','DD/MM/YYYY'), 22, 22);
INSERT INTO PRODUTO (CODIGO_IDENTIFICACAO, NOME, DESCRICAO, MARGEM_LUCRO, CODIGO_FILIAL, QUANTIDADE, PRECO_COMPRA, PRECO_VENDA, DATA_COMPRA, DATA_VALIDADE, ID_MARCA, ID_CATEGORIA) VALUES (216, 'Produto 0216', 'Descrio do Produto 0216', '2707', 2, 914, 23, 88, TO_DATE('13/12/2019','DD/MM/YYYY'), TO_DATE('07/05/1969','DD/MM/YYYY'), 4, 3);
INSERT INTO PRODUTO (CODIGO_IDENTIFICACAO, NOME, DESCRICAO, MARGEM_LUCRO, CODIGO_FILIAL, QUANTIDADE, PRECO_COMPRA, PRECO_VENDA, DATA_COMPRA, DATA_VALIDADE, ID_MARCA, ID_CATEGORIA) VALUES (217, 'Produto 0217', 'Descrio do Produto 0217', '7062', 2, 387, 26, 50, TO_DATE('25/05/1988','DD/MM/YYYY'), TO_DATE('09/04/1998','DD/MM/YYYY'), 17, 3);
INSERT INTO PRODUTO (CODIGO_IDENTIFICACAO, NOME, DESCRICAO, MARGEM_LUCRO, CODIGO_FILIAL, QUANTIDADE, PRECO_COMPRA, PRECO_VENDA, DATA_COMPRA, DATA_VALIDADE, ID_MARCA, ID_CATEGORIA) VALUES (218, 'Produto 0218', 'Descrio do Produto 0218', '7912', 1, 491, 14, 67, TO_DATE('12/01/2012','DD/MM/YYYY'), TO_DATE('28/02/1945','DD/MM/YYYY'), 22, 23);
INSERT INTO PRODUTO (CODIGO_IDENTIFICACAO, NOME, DESCRICAO, MARGEM_LUCRO, CODIGO_FILIAL, QUANTIDADE, PRECO_COMPRA, PRECO_VENDA, DATA_COMPRA, DATA_VALIDADE, ID_MARCA, ID_CATEGORIA) VALUES (219, 'Produto 0219', 'Descrio do Produto 0219', '3241', 0, 510, 30, 92, TO_DATE('04/07/1967','DD/MM/YYYY'), TO_DATE('23/11/1965','DD/MM/YYYY'), 17, 26);
INSERT INTO PRODUTO (CODIGO_IDENTIFICACAO, NOME, DESCRICAO, MARGEM_LUCRO, CODIGO_FILIAL, QUANTIDADE, PRECO_COMPRA, PRECO_VENDA, DATA_COMPRA, DATA_VALIDADE, ID_MARCA, ID_CATEGORIA) VALUES (220, 'Produto 0220', 'Descrio do Produto 0220', '8305', 3, 878, 11, 64, TO_DATE('22/09/1968','DD/MM/YYYY'), TO_DATE('19/05/1949','DD/MM/YYYY'), 0, 22);
INSERT INTO PRODUTO (CODIGO_IDENTIFICACAO, NOME, DESCRICAO, MARGEM_LUCRO, CODIGO_FILIAL, QUANTIDADE, PRECO_COMPRA, PRECO_VENDA, DATA_COMPRA, DATA_VALIDADE, ID_MARCA, ID_CATEGORIA) VALUES (221, 'Produto 0221', 'Descrio do Produto 0221', '6101', 5, 747, 12, 55, TO_DATE('08/09/2009','DD/MM/YYYY'), TO_DATE('08/04/1955','DD/MM/YYYY'), 6, 8);
INSERT INTO PRODUTO (CODIGO_IDENTIFICACAO, NOME, DESCRICAO, MARGEM_LUCRO, CODIGO_FILIAL, QUANTIDADE, PRECO_COMPRA, PRECO_VENDA, DATA_COMPRA, DATA_VALIDADE, ID_MARCA, ID_CATEGORIA) VALUES (222, 'Produto 0222', 'Descrio do Produto 0222', '7426', 3, 69, 1, 99, TO_DATE('06/09/1935','DD/MM/YYYY'), TO_DATE('03/08/1962','DD/MM/YYYY'), 0, 27);
INSERT INTO PRODUTO (CODIGO_IDENTIFICACAO, NOME, DESCRICAO, MARGEM_LUCRO, CODIGO_FILIAL, QUANTIDADE, PRECO_COMPRA, PRECO_VENDA, DATA_COMPRA, DATA_VALIDADE, ID_MARCA, ID_CATEGORIA) VALUES (223, 'Produto 0223', 'Descrio do Produto 0223', '211', 6, 311, 17, 46, TO_DATE('05/10/1949','DD/MM/YYYY'), TO_DATE('02/03/1913','DD/MM/YYYY'), 4, 27);
INSERT INTO PRODUTO (CODIGO_IDENTIFICACAO, NOME, DESCRICAO, MARGEM_LUCRO, CODIGO_FILIAL, QUANTIDADE, PRECO_COMPRA, PRECO_VENDA, DATA_COMPRA, DATA_VALIDADE, ID_MARCA, ID_CATEGORIA) VALUES (224, 'Produto 0224', 'Descrio do Produto 0224', '7434', 6, 408, 13, 38, TO_DATE('16/02/1994','DD/MM/YYYY'), TO_DATE('23/02/2011','DD/MM/YYYY'), 7, 23);
INSERT INTO PRODUTO (CODIGO_IDENTIFICACAO, NOME, DESCRICAO, MARGEM_LUCRO, CODIGO_FILIAL, QUANTIDADE, PRECO_COMPRA, PRECO_VENDA, DATA_COMPRA, DATA_VALIDADE, ID_MARCA, ID_CATEGORIA) VALUES (225, 'Produto 0225', 'Descrio do Produto 0225', '2824', 2, 94, 25, 78, TO_DATE('12/02/1942','DD/MM/YYYY'), TO_DATE('23/07/1936','DD/MM/YYYY'), 1, 6);
INSERT INTO PRODUTO (CODIGO_IDENTIFICACAO, NOME, DESCRICAO, MARGEM_LUCRO, CODIGO_FILIAL, QUANTIDADE, PRECO_COMPRA, PRECO_VENDA, DATA_COMPRA, DATA_VALIDADE, ID_MARCA, ID_CATEGORIA) VALUES (226, 'Produto 0226', 'Descrio do Produto 0226', '7344', 7, 599, 22, 39, TO_DATE('17/01/1932','DD/MM/YYYY'), TO_DATE('07/01/2000','DD/MM/YYYY'), 3, 17);
INSERT INTO PRODUTO (CODIGO_IDENTIFICACAO, NOME, DESCRICAO, MARGEM_LUCRO, CODIGO_FILIAL, QUANTIDADE, PRECO_COMPRA, PRECO_VENDA, DATA_COMPRA, DATA_VALIDADE, ID_MARCA, ID_CATEGORIA) VALUES (227, 'Produto 0227', 'Descrio do Produto 0227', '3077', 7, 913, 30, 60, TO_DATE('11/06/1961','DD/MM/YYYY'), TO_DATE('20/08/1998','DD/MM/YYYY'), 24, 9);
INSERT INTO PRODUTO (CODIGO_IDENTIFICACAO, NOME, DESCRICAO, MARGEM_LUCRO, CODIGO_FILIAL, QUANTIDADE, PRECO_COMPRA, PRECO_VENDA, DATA_COMPRA, DATA_VALIDADE, ID_MARCA, ID_CATEGORIA) VALUES (228, 'Produto 0228', 'Descrio do Produto 0228', '9027', 9, 47, 11, 66, TO_DATE('19/04/1949','DD/MM/YYYY'), TO_DATE('05/12/1962','DD/MM/YYYY'), 13, 23);
INSERT INTO PRODUTO (CODIGO_IDENTIFICACAO, NOME, DESCRICAO, MARGEM_LUCRO, CODIGO_FILIAL, QUANTIDADE, PRECO_COMPRA, PRECO_VENDA, DATA_COMPRA, DATA_VALIDADE, ID_MARCA, ID_CATEGORIA) VALUES (229, 'Produto 0229', 'Descrio do Produto 0229', '4809', 8, 309, 7, 44, TO_DATE('05/12/1941','DD/MM/YYYY'), TO_DATE('07/03/1928','DD/MM/YYYY'), 8, 20);
INSERT INTO PRODUTO (CODIGO_IDENTIFICACAO, NOME, DESCRICAO, MARGEM_LUCRO, CODIGO_FILIAL, QUANTIDADE, PRECO_COMPRA, PRECO_VENDA, DATA_COMPRA, DATA_VALIDADE, ID_MARCA, ID_CATEGORIA) VALUES (230, 'Produto 0230', 'Descrio do Produto 0230', '8366', 4, 431, 21, 44, TO_DATE('07/03/1913','DD/MM/YYYY'), TO_DATE('19/10/2019','DD/MM/YYYY'), 0, 22);
INSERT INTO PRODUTO (CODIGO_IDENTIFICACAO, NOME, DESCRICAO, MARGEM_LUCRO, CODIGO_FILIAL, QUANTIDADE, PRECO_COMPRA, PRECO_VENDA, DATA_COMPRA, DATA_VALIDADE, ID_MARCA, ID_CATEGORIA) VALUES (231, 'Produto 0231', 'Descrio do Produto 0231', '1876', 6, 411, 22, 97, TO_DATE('25/03/1954','DD/MM/YYYY'), TO_DATE('12/12/1917','DD/MM/YYYY'), 6, 23);
INSERT INTO PRODUTO (CODIGO_IDENTIFICACAO, NOME, DESCRICAO, MARGEM_LUCRO, CODIGO_FILIAL, QUANTIDADE, PRECO_COMPRA, PRECO_VENDA, DATA_COMPRA, DATA_VALIDADE, ID_MARCA, ID_CATEGORIA) VALUES (232, 'Produto 0232', 'Descrio do Produto 0232', '3314', 8, 887, 25, 61, TO_DATE('17/11/1999','DD/MM/YYYY'), TO_DATE('16/09/2004','DD/MM/YYYY'), 3, 10);
INSERT INTO PRODUTO (CODIGO_IDENTIFICACAO, NOME, DESCRICAO, MARGEM_LUCRO, CODIGO_FILIAL, QUANTIDADE, PRECO_COMPRA, PRECO_VENDA, DATA_COMPRA, DATA_VALIDADE, ID_MARCA, ID_CATEGORIA) VALUES (233, 'Produto 0233', 'Descrio do Produto 0233', '4818', 5, 826, 4, 74, TO_DATE('06/02/2012','DD/MM/YYYY'), TO_DATE('25/05/1962','DD/MM/YYYY'), 16, 23);
INSERT INTO PRODUTO (CODIGO_IDENTIFICACAO, NOME, DESCRICAO, MARGEM_LUCRO, CODIGO_FILIAL, QUANTIDADE, PRECO_COMPRA, PRECO_VENDA, DATA_COMPRA, DATA_VALIDADE, ID_MARCA, ID_CATEGORIA) VALUES (234, 'Produto 0234', 'Descrio do Produto 0234', '2785', 8, 38, 6, 58, TO_DATE('04/02/1911','DD/MM/YYYY'), TO_DATE('02/12/1928','DD/MM/YYYY'), 2, 13);
INSERT INTO PRODUTO (CODIGO_IDENTIFICACAO, NOME, DESCRICAO, MARGEM_LUCRO, CODIGO_FILIAL, QUANTIDADE, PRECO_COMPRA, PRECO_VENDA, DATA_COMPRA, DATA_VALIDADE, ID_MARCA, ID_CATEGORIA) VALUES (235, 'Produto 0235', 'Descrio do Produto 0235', '7209', 9, 83, 3, 76, TO_DATE('22/05/1930','DD/MM/YYYY'), TO_DATE('19/06/1957','DD/MM/YYYY'), 5, 25);
INSERT INTO PRODUTO (CODIGO_IDENTIFICACAO, NOME, DESCRICAO, MARGEM_LUCRO, CODIGO_FILIAL, QUANTIDADE, PRECO_COMPRA, PRECO_VENDA, DATA_COMPRA, DATA_VALIDADE, ID_MARCA, ID_CATEGORIA) VALUES (236, 'Produto 0236', 'Descrio do Produto 0236', '2023', 4, 734, 1, 97, TO_DATE('05/10/1980','DD/MM/YYYY'), TO_DATE('25/02/1917','DD/MM/YYYY'), 20, 17);
INSERT INTO PRODUTO (CODIGO_IDENTIFICACAO, NOME, DESCRICAO, MARGEM_LUCRO, CODIGO_FILIAL, QUANTIDADE, PRECO_COMPRA, PRECO_VENDA, DATA_COMPRA, DATA_VALIDADE, ID_MARCA, ID_CATEGORIA) VALUES (237, 'Produto 0237', 'Descrio do Produto 0237', '7143', 3, 180, 27, 59, TO_DATE('13/08/1973','DD/MM/YYYY'), TO_DATE('12/08/1997','DD/MM/YYYY'), 2, 25);
INSERT INTO PRODUTO (CODIGO_IDENTIFICACAO, NOME, DESCRICAO, MARGEM_LUCRO, CODIGO_FILIAL, QUANTIDADE, PRECO_COMPRA, PRECO_VENDA, DATA_COMPRA, DATA_VALIDADE, ID_MARCA, ID_CATEGORIA) VALUES (238, 'Produto 0238', 'Descrio do Produto 0238', '4758', 3, 947, 24, 62, TO_DATE('07/08/1983','DD/MM/YYYY'), TO_DATE('23/05/1997','DD/MM/YYYY'), 4, 10);
INSERT INTO PRODUTO (CODIGO_IDENTIFICACAO, NOME, DESCRICAO, MARGEM_LUCRO, CODIGO_FILIAL, QUANTIDADE, PRECO_COMPRA, PRECO_VENDA, DATA_COMPRA, DATA_VALIDADE, ID_MARCA, ID_CATEGORIA) VALUES (239, 'Produto 0239', 'Descrio do Produto 0239', '2785', 0, 421, 11, 63, TO_DATE('12/04/1919','DD/MM/YYYY'), TO_DATE('21/12/1983','DD/MM/YYYY'), 24, 17);
INSERT INTO PRODUTO (CODIGO_IDENTIFICACAO, NOME, DESCRICAO, MARGEM_LUCRO, CODIGO_FILIAL, QUANTIDADE, PRECO_COMPRA, PRECO_VENDA, DATA_COMPRA, DATA_VALIDADE, ID_MARCA, ID_CATEGORIA) VALUES (240, 'Produto 0240', 'Descrio do Produto 0240', '288', 4, 820, 7, 36, TO_DATE('10/06/1917','DD/MM/YYYY'), TO_DATE('08/03/1959','DD/MM/YYYY'), 10, 29);
INSERT INTO PRODUTO (CODIGO_IDENTIFICACAO, NOME, DESCRICAO, MARGEM_LUCRO, CODIGO_FILIAL, QUANTIDADE, PRECO_COMPRA, PRECO_VENDA, DATA_COMPRA, DATA_VALIDADE, ID_MARCA, ID_CATEGORIA) VALUES (241, 'Produto 0241', 'Descrio do Produto 0241', '2912', 7, 652, 21, 30, TO_DATE('27/06/1915','DD/MM/YYYY'), TO_DATE('11/05/1934','DD/MM/YYYY'), 15, 13);
INSERT INTO PRODUTO (CODIGO_IDENTIFICACAO, NOME, DESCRICAO, MARGEM_LUCRO, CODIGO_FILIAL, QUANTIDADE, PRECO_COMPRA, PRECO_VENDA, DATA_COMPRA, DATA_VALIDADE, ID_MARCA, ID_CATEGORIA) VALUES (242, 'Produto 0242', 'Descrio do Produto 0242', '8367', 8, 607, 6, 50, TO_DATE('20/04/1932','DD/MM/YYYY'), TO_DATE('19/09/1986','DD/MM/YYYY'), 2, 13);
INSERT INTO PRODUTO (CODIGO_IDENTIFICACAO, NOME, DESCRICAO, MARGEM_LUCRO, CODIGO_FILIAL, QUANTIDADE, PRECO_COMPRA, PRECO_VENDA, DATA_COMPRA, DATA_VALIDADE, ID_MARCA, ID_CATEGORIA) VALUES (243, 'Produto 0243', 'Descrio do Produto 0243', '4368', 8, 30, 22, 40, TO_DATE('20/01/1922','DD/MM/YYYY'), TO_DATE('20/07/1992','DD/MM/YYYY'), 16, 8);
INSERT INTO PRODUTO (CODIGO_IDENTIFICACAO, NOME, DESCRICAO, MARGEM_LUCRO, CODIGO_FILIAL, QUANTIDADE, PRECO_COMPRA, PRECO_VENDA, DATA_COMPRA, DATA_VALIDADE, ID_MARCA, ID_CATEGORIA) VALUES (244, 'Produto 0244', 'Descrio do Produto 0244', '3640', 9, 943, 5, 44, TO_DATE('23/11/1995','DD/MM/YYYY'), TO_DATE('19/01/1957','DD/MM/YYYY'), 12, 13);
INSERT INTO PRODUTO (CODIGO_IDENTIFICACAO, NOME, DESCRICAO, MARGEM_LUCRO, CODIGO_FILIAL, QUANTIDADE, PRECO_COMPRA, PRECO_VENDA, DATA_COMPRA, DATA_VALIDADE, ID_MARCA, ID_CATEGORIA) VALUES (245, 'Produto 0245', 'Descrio do Produto 0245', '6867', 6, 696, 19, 80, TO_DATE('10/01/1941','DD/MM/YYYY'), TO_DATE('22/10/1998','DD/MM/YYYY'), 20, 23);
INSERT INTO PRODUTO (CODIGO_IDENTIFICACAO, NOME, DESCRICAO, MARGEM_LUCRO, CODIGO_FILIAL, QUANTIDADE, PRECO_COMPRA, PRECO_VENDA, DATA_COMPRA, DATA_VALIDADE, ID_MARCA, ID_CATEGORIA) VALUES (246, 'Produto 0246', 'Descrio do Produto 0246', '1537', 2, 505, 29, 90, TO_DATE('16/08/1982','DD/MM/YYYY'), TO_DATE('23/04/1974','DD/MM/YYYY'), 22, 13);
INSERT INTO PRODUTO (CODIGO_IDENTIFICACAO, NOME, DESCRICAO, MARGEM_LUCRO, CODIGO_FILIAL, QUANTIDADE, PRECO_COMPRA, PRECO_VENDA, DATA_COMPRA, DATA_VALIDADE, ID_MARCA, ID_CATEGORIA) VALUES (247, 'Produto 0247', 'Descrio do Produto 0247', '6372', 2, 579, 15, 81, TO_DATE('02/10/2015','DD/MM/YYYY'), TO_DATE('16/01/2012','DD/MM/YYYY'), 21, 12);
INSERT INTO PRODUTO (CODIGO_IDENTIFICACAO, NOME, DESCRICAO, MARGEM_LUCRO, CODIGO_FILIAL, QUANTIDADE, PRECO_COMPRA, PRECO_VENDA, DATA_COMPRA, DATA_VALIDADE, ID_MARCA, ID_CATEGORIA) VALUES (248, 'Produto 0248', 'Descrio do Produto 0248', '4850', 3, 304, 9, 76, TO_DATE('01/02/1912','DD/MM/YYYY'), TO_DATE('06/02/1937','DD/MM/YYYY'), 11, 11);
INSERT INTO PRODUTO (CODIGO_IDENTIFICACAO, NOME, DESCRICAO, MARGEM_LUCRO, CODIGO_FILIAL, QUANTIDADE, PRECO_COMPRA, PRECO_VENDA, DATA_COMPRA, DATA_VALIDADE, ID_MARCA, ID_CATEGORIA) VALUES (249, 'Produto 0249', 'Descrio do Produto 0249', '90', 4, 891, 27, 42, TO_DATE('09/06/2003','DD/MM/YYYY'), TO_DATE('24/10/1961','DD/MM/YYYY'), 3, 2);
INSERT INTO PRODUTO (CODIGO_IDENTIFICACAO, NOME, DESCRICAO, MARGEM_LUCRO, CODIGO_FILIAL, QUANTIDADE, PRECO_COMPRA, PRECO_VENDA, DATA_COMPRA, DATA_VALIDADE, ID_MARCA, ID_CATEGORIA) VALUES (250, 'Produto 0250', 'Descrio do Produto 0250', '9426', 9, 968, 7, 95, TO_DATE('21/06/1951','DD/MM/YYYY'), TO_DATE('17/11/2004','DD/MM/YYYY'), 0, 11);
INSERT INTO PRODUTO (CODIGO_IDENTIFICACAO, NOME, DESCRICAO, MARGEM_LUCRO, CODIGO_FILIAL, QUANTIDADE, PRECO_COMPRA, PRECO_VENDA, DATA_COMPRA, DATA_VALIDADE, ID_MARCA, ID_CATEGORIA) VALUES (251, 'Produto 0251', 'Descrio do Produto 0251', '9413', 4, 553, 7, 96, TO_DATE('12/07/1946','DD/MM/YYYY'), TO_DATE('02/11/1958','DD/MM/YYYY'), 24, 24);
INSERT INTO PRODUTO (CODIGO_IDENTIFICACAO, NOME, DESCRICAO, MARGEM_LUCRO, CODIGO_FILIAL, QUANTIDADE, PRECO_COMPRA, PRECO_VENDA, DATA_COMPRA, DATA_VALIDADE, ID_MARCA, ID_CATEGORIA) VALUES (252, 'Produto 0252', 'Descrio do Produto 0252', '7876', 0, 637, 30, 33, TO_DATE('03/12/1974','DD/MM/YYYY'), TO_DATE('09/10/1972','DD/MM/YYYY'), 17, 13);
INSERT INTO PRODUTO (CODIGO_IDENTIFICACAO, NOME, DESCRICAO, MARGEM_LUCRO, CODIGO_FILIAL, QUANTIDADE, PRECO_COMPRA, PRECO_VENDA, DATA_COMPRA, DATA_VALIDADE, ID_MARCA, ID_CATEGORIA) VALUES (253, 'Produto 0253', 'Descrio do Produto 0253', '8921', 3, 448, 27, 89, TO_DATE('10/05/1951','DD/MM/YYYY'), TO_DATE('22/05/1951','DD/MM/YYYY'), 17, 14);
INSERT INTO PRODUTO (CODIGO_IDENTIFICACAO, NOME, DESCRICAO, MARGEM_LUCRO, CODIGO_FILIAL, QUANTIDADE, PRECO_COMPRA, PRECO_VENDA, DATA_COMPRA, DATA_VALIDADE, ID_MARCA, ID_CATEGORIA) VALUES (254, 'Produto 0254', 'Descrio do Produto 0254', '2713', 1, 166, 15, 96, TO_DATE('08/09/1992','DD/MM/YYYY'), TO_DATE('12/06/2009','DD/MM/YYYY'), 6, 10);
INSERT INTO PRODUTO (CODIGO_IDENTIFICACAO, NOME, DESCRICAO, MARGEM_LUCRO, CODIGO_FILIAL, QUANTIDADE, PRECO_COMPRA, PRECO_VENDA, DATA_COMPRA, DATA_VALIDADE, ID_MARCA, ID_CATEGORIA) VALUES (255, 'Produto 0255', 'Descrio do Produto 0255', '464', 9, 623, 2, 89, TO_DATE('06/10/1923','DD/MM/YYYY'), TO_DATE('07/08/1961','DD/MM/YYYY'), 2, 6);
INSERT INTO PRODUTO (CODIGO_IDENTIFICACAO, NOME, DESCRICAO, MARGEM_LUCRO, CODIGO_FILIAL, QUANTIDADE, PRECO_COMPRA, PRECO_VENDA, DATA_COMPRA, DATA_VALIDADE, ID_MARCA, ID_CATEGORIA) VALUES (256, 'Produto 0256', 'Descrio do Produto 0256', '8123', 1, 513, 8, 34, TO_DATE('14/10/1916','DD/MM/YYYY'), TO_DATE('12/10/1967','DD/MM/YYYY'), 23, 1);
INSERT INTO PRODUTO (CODIGO_IDENTIFICACAO, NOME, DESCRICAO, MARGEM_LUCRO, CODIGO_FILIAL, QUANTIDADE, PRECO_COMPRA, PRECO_VENDA, DATA_COMPRA, DATA_VALIDADE, ID_MARCA, ID_CATEGORIA) VALUES (257, 'Produto 0257', 'Descrio do Produto 0257', '6409', 2, 668, 16, 67, TO_DATE('28/01/1976','DD/MM/YYYY'), TO_DATE('20/10/1991','DD/MM/YYYY'), 22, 8);
INSERT INTO PRODUTO (CODIGO_IDENTIFICACAO, NOME, DESCRICAO, MARGEM_LUCRO, CODIGO_FILIAL, QUANTIDADE, PRECO_COMPRA, PRECO_VENDA, DATA_COMPRA, DATA_VALIDADE, ID_MARCA, ID_CATEGORIA) VALUES (258, 'Produto 0258', 'Descrio do Produto 0258', '5827', 5, 637, 13, 62, TO_DATE('03/07/1932','DD/MM/YYYY'), TO_DATE('10/09/2010','DD/MM/YYYY'), 4, 12);
INSERT INTO PRODUTO (CODIGO_IDENTIFICACAO, NOME, DESCRICAO, MARGEM_LUCRO, CODIGO_FILIAL, QUANTIDADE, PRECO_COMPRA, PRECO_VENDA, DATA_COMPRA, DATA_VALIDADE, ID_MARCA, ID_CATEGORIA) VALUES (259, 'Produto 0259', 'Descrio do Produto 0259', '2202', 6, 502, 11, 82, TO_DATE('21/03/1950','DD/MM/YYYY'), TO_DATE('10/11/2009','DD/MM/YYYY'), 1, 12);
INSERT INTO PRODUTO (CODIGO_IDENTIFICACAO, NOME, DESCRICAO, MARGEM_LUCRO, CODIGO_FILIAL, QUANTIDADE, PRECO_COMPRA, PRECO_VENDA, DATA_COMPRA, DATA_VALIDADE, ID_MARCA, ID_CATEGORIA) VALUES (260, 'Produto 0260', 'Descrio do Produto 0260', '1206', 9, 75, 4, 82, TO_DATE('23/06/1936','DD/MM/YYYY'), TO_DATE('11/10/1912','DD/MM/YYYY'), 24, 18);
INSERT INTO PRODUTO (CODIGO_IDENTIFICACAO, NOME, DESCRICAO, MARGEM_LUCRO, CODIGO_FILIAL, QUANTIDADE, PRECO_COMPRA, PRECO_VENDA, DATA_COMPRA, DATA_VALIDADE, ID_MARCA, ID_CATEGORIA) VALUES (261, 'Produto 0261', 'Descrio do Produto 0261', '9436', 9, 772, 29, 95, TO_DATE('18/03/1932','DD/MM/YYYY'), TO_DATE('02/11/1931','DD/MM/YYYY'), 4, 10);
INSERT INTO PRODUTO (CODIGO_IDENTIFICACAO, NOME, DESCRICAO, MARGEM_LUCRO, CODIGO_FILIAL, QUANTIDADE, PRECO_COMPRA, PRECO_VENDA, DATA_COMPRA, DATA_VALIDADE, ID_MARCA, ID_CATEGORIA) VALUES (262, 'Produto 0262', 'Descrio do Produto 0262', '3087', 2, 396, 11, 100, TO_DATE('11/08/1966','DD/MM/YYYY'), TO_DATE('26/11/2017','DD/MM/YYYY'), 21, 17);
INSERT INTO PRODUTO (CODIGO_IDENTIFICACAO, NOME, DESCRICAO, MARGEM_LUCRO, CODIGO_FILIAL, QUANTIDADE, PRECO_COMPRA, PRECO_VENDA, DATA_COMPRA, DATA_VALIDADE, ID_MARCA, ID_CATEGORIA) VALUES (263, 'Produto 0263', 'Descrio do Produto 0263', '5442', 8, 802, 10, 66, TO_DATE('20/12/1967','DD/MM/YYYY'), TO_DATE('28/09/2015','DD/MM/YYYY'), 24, 19);
INSERT INTO PRODUTO (CODIGO_IDENTIFICACAO, NOME, DESCRICAO, MARGEM_LUCRO, CODIGO_FILIAL, QUANTIDADE, PRECO_COMPRA, PRECO_VENDA, DATA_COMPRA, DATA_VALIDADE, ID_MARCA, ID_CATEGORIA) VALUES (264, 'Produto 0264', 'Descrio do Produto 0264', '3614', 2, 101, 6, 84, TO_DATE('07/12/1915','DD/MM/YYYY'), TO_DATE('25/11/1914','DD/MM/YYYY'), 13, 17);
INSERT INTO PRODUTO (CODIGO_IDENTIFICACAO, NOME, DESCRICAO, MARGEM_LUCRO, CODIGO_FILIAL, QUANTIDADE, PRECO_COMPRA, PRECO_VENDA, DATA_COMPRA, DATA_VALIDADE, ID_MARCA, ID_CATEGORIA) VALUES (265, 'Produto 0265', 'Descrio do Produto 0265', '1388', 6, 404, 27, 60, TO_DATE('01/03/1948','DD/MM/YYYY'), TO_DATE('05/11/1963','DD/MM/YYYY'), 6, 27);
INSERT INTO PRODUTO (CODIGO_IDENTIFICACAO, NOME, DESCRICAO, MARGEM_LUCRO, CODIGO_FILIAL, QUANTIDADE, PRECO_COMPRA, PRECO_VENDA, DATA_COMPRA, DATA_VALIDADE, ID_MARCA, ID_CATEGORIA) VALUES (266, 'Produto 0266', 'Descrio do Produto 0266', '1198', 5, 962, 10, 35, TO_DATE('05/09/1910','DD/MM/YYYY'), TO_DATE('22/04/1955','DD/MM/YYYY'), 4, 25);
INSERT INTO PRODUTO (CODIGO_IDENTIFICACAO, NOME, DESCRICAO, MARGEM_LUCRO, CODIGO_FILIAL, QUANTIDADE, PRECO_COMPRA, PRECO_VENDA, DATA_COMPRA, DATA_VALIDADE, ID_MARCA, ID_CATEGORIA) VALUES (267, 'Produto 0267', 'Descrio do Produto 0267', '6056', 1, 358, 3, 37, TO_DATE('15/02/1981','DD/MM/YYYY'), TO_DATE('03/12/2003','DD/MM/YYYY'), 19, 3);
INSERT INTO PRODUTO (CODIGO_IDENTIFICACAO, NOME, DESCRICAO, MARGEM_LUCRO, CODIGO_FILIAL, QUANTIDADE, PRECO_COMPRA, PRECO_VENDA, DATA_COMPRA, DATA_VALIDADE, ID_MARCA, ID_CATEGORIA) VALUES (268, 'Produto 0268', 'Descrio do Produto 0268', '4002', 4, 493, 11, 86, TO_DATE('06/10/1921','DD/MM/YYYY'), TO_DATE('06/07/1927','DD/MM/YYYY'), 24, 3);
INSERT INTO PRODUTO (CODIGO_IDENTIFICACAO, NOME, DESCRICAO, MARGEM_LUCRO, CODIGO_FILIAL, QUANTIDADE, PRECO_COMPRA, PRECO_VENDA, DATA_COMPRA, DATA_VALIDADE, ID_MARCA, ID_CATEGORIA) VALUES (269, 'Produto 0269', 'Descrio do Produto 0269', '3474', 3, 668, 17, 72, TO_DATE('16/01/1938','DD/MM/YYYY'), TO_DATE('25/07/1926','DD/MM/YYYY'), 24, 16);
INSERT INTO PRODUTO (CODIGO_IDENTIFICACAO, NOME, DESCRICAO, MARGEM_LUCRO, CODIGO_FILIAL, QUANTIDADE, PRECO_COMPRA, PRECO_VENDA, DATA_COMPRA, DATA_VALIDADE, ID_MARCA, ID_CATEGORIA) VALUES (270, 'Produto 0270', 'Descrio do Produto 0270', '5623', 6, 253, 23, 58, TO_DATE('16/02/1947','DD/MM/YYYY'), TO_DATE('17/12/1994','DD/MM/YYYY'), 7, 2);
INSERT INTO PRODUTO (CODIGO_IDENTIFICACAO, NOME, DESCRICAO, MARGEM_LUCRO, CODIGO_FILIAL, QUANTIDADE, PRECO_COMPRA, PRECO_VENDA, DATA_COMPRA, DATA_VALIDADE, ID_MARCA, ID_CATEGORIA) VALUES (271, 'Produto 0271', 'Descrio do Produto 0271', '7510', 7, 824, 5, 65, TO_DATE('04/07/1980','DD/MM/YYYY'), TO_DATE('23/07/1955','DD/MM/YYYY'), 23, 20);
INSERT INTO PRODUTO (CODIGO_IDENTIFICACAO, NOME, DESCRICAO, MARGEM_LUCRO, CODIGO_FILIAL, QUANTIDADE, PRECO_COMPRA, PRECO_VENDA, DATA_COMPRA, DATA_VALIDADE, ID_MARCA, ID_CATEGORIA) VALUES (272, 'Produto 0272', 'Descrio do Produto 0272', '1505', 2, 792, 11, 50, TO_DATE('13/09/2017','DD/MM/YYYY'), TO_DATE('01/05/1948','DD/MM/YYYY'), 2, 26);
INSERT INTO PRODUTO (CODIGO_IDENTIFICACAO, NOME, DESCRICAO, MARGEM_LUCRO, CODIGO_FILIAL, QUANTIDADE, PRECO_COMPRA, PRECO_VENDA, DATA_COMPRA, DATA_VALIDADE, ID_MARCA, ID_CATEGORIA) VALUES (273, 'Produto 0273', 'Descrio do Produto 0273', '2475', 9, 797, 14, 54, TO_DATE('22/02/1994','DD/MM/YYYY'), TO_DATE('28/08/1929','DD/MM/YYYY'), 23, 5);
INSERT INTO PRODUTO (CODIGO_IDENTIFICACAO, NOME, DESCRICAO, MARGEM_LUCRO, CODIGO_FILIAL, QUANTIDADE, PRECO_COMPRA, PRECO_VENDA, DATA_COMPRA, DATA_VALIDADE, ID_MARCA, ID_CATEGORIA) VALUES (274, 'Produto 0274', 'Descrio do Produto 0274', '5139', 0, 985, 15, 85, TO_DATE('17/11/1933','DD/MM/YYYY'), TO_DATE('12/04/1921','DD/MM/YYYY'), 3, 16);
INSERT INTO PRODUTO (CODIGO_IDENTIFICACAO, NOME, DESCRICAO, MARGEM_LUCRO, CODIGO_FILIAL, QUANTIDADE, PRECO_COMPRA, PRECO_VENDA, DATA_COMPRA, DATA_VALIDADE, ID_MARCA, ID_CATEGORIA) VALUES (275, 'Produto 0275', 'Descrio do Produto 0275', '2414', 9, 633, 1, 59, TO_DATE('06/08/2004','DD/MM/YYYY'), TO_DATE('20/06/1949','DD/MM/YYYY'), 14, 8);
INSERT INTO PRODUTO (CODIGO_IDENTIFICACAO, NOME, DESCRICAO, MARGEM_LUCRO, CODIGO_FILIAL, QUANTIDADE, PRECO_COMPRA, PRECO_VENDA, DATA_COMPRA, DATA_VALIDADE, ID_MARCA, ID_CATEGORIA) VALUES (276, 'Produto 0276', 'Descrio do Produto 0276', '8322', 0, 496, 25, 87, TO_DATE('07/04/1951','DD/MM/YYYY'), TO_DATE('25/03/2011','DD/MM/YYYY'), 19, 10);
INSERT INTO PRODUTO (CODIGO_IDENTIFICACAO, NOME, DESCRICAO, MARGEM_LUCRO, CODIGO_FILIAL, QUANTIDADE, PRECO_COMPRA, PRECO_VENDA, DATA_COMPRA, DATA_VALIDADE, ID_MARCA, ID_CATEGORIA) VALUES (277, 'Produto 0277', 'Descrio do Produto 0277', '1610', 8, 372, 27, 39, TO_DATE('06/10/1951','DD/MM/YYYY'), TO_DATE('26/09/1943','DD/MM/YYYY'), 3, 18);
INSERT INTO PRODUTO (CODIGO_IDENTIFICACAO, NOME, DESCRICAO, MARGEM_LUCRO, CODIGO_FILIAL, QUANTIDADE, PRECO_COMPRA, PRECO_VENDA, DATA_COMPRA, DATA_VALIDADE, ID_MARCA, ID_CATEGORIA) VALUES (278, 'Produto 0278', 'Descrio do Produto 0278', '8352', 1, 801, 13, 100, TO_DATE('03/04/1999','DD/MM/YYYY'), TO_DATE('11/07/1934','DD/MM/YYYY'), 7, 6);
INSERT INTO PRODUTO (CODIGO_IDENTIFICACAO, NOME, DESCRICAO, MARGEM_LUCRO, CODIGO_FILIAL, QUANTIDADE, PRECO_COMPRA, PRECO_VENDA, DATA_COMPRA, DATA_VALIDADE, ID_MARCA, ID_CATEGORIA) VALUES (279, 'Produto 0279', 'Descrio do Produto 0279', '4897', 8, 873, 27, 99, TO_DATE('12/06/1992','DD/MM/YYYY'), TO_DATE('20/06/1970','DD/MM/YYYY'), 7, 23);
INSERT INTO PRODUTO (CODIGO_IDENTIFICACAO, NOME, DESCRICAO, MARGEM_LUCRO, CODIGO_FILIAL, QUANTIDADE, PRECO_COMPRA, PRECO_VENDA, DATA_COMPRA, DATA_VALIDADE, ID_MARCA, ID_CATEGORIA) VALUES (280, 'Produto 0280', 'Descrio do Produto 0280', '8580', 3, 957, 2, 65, TO_DATE('17/06/2005','DD/MM/YYYY'), TO_DATE('23/11/1910','DD/MM/YYYY'), 18, 13);
INSERT INTO PRODUTO (CODIGO_IDENTIFICACAO, NOME, DESCRICAO, MARGEM_LUCRO, CODIGO_FILIAL, QUANTIDADE, PRECO_COMPRA, PRECO_VENDA, DATA_COMPRA, DATA_VALIDADE, ID_MARCA, ID_CATEGORIA) VALUES (281, 'Produto 0281', 'Descrio do Produto 0281', '7603', 7, 257, 14, 82, TO_DATE('25/10/2007','DD/MM/YYYY'), TO_DATE('03/11/1986','DD/MM/YYYY'), 1, 6);
INSERT INTO PRODUTO (CODIGO_IDENTIFICACAO, NOME, DESCRICAO, MARGEM_LUCRO, CODIGO_FILIAL, QUANTIDADE, PRECO_COMPRA, PRECO_VENDA, DATA_COMPRA, DATA_VALIDADE, ID_MARCA, ID_CATEGORIA) VALUES (282, 'Produto 0282', 'Descrio do Produto 0282', '6551', 7, 491, 13, 87, TO_DATE('26/04/1994','DD/MM/YYYY'), TO_DATE('17/09/2017','DD/MM/YYYY'), 19, 25);
INSERT INTO PRODUTO (CODIGO_IDENTIFICACAO, NOME, DESCRICAO, MARGEM_LUCRO, CODIGO_FILIAL, QUANTIDADE, PRECO_COMPRA, PRECO_VENDA, DATA_COMPRA, DATA_VALIDADE, ID_MARCA, ID_CATEGORIA) VALUES (283, 'Produto 0283', 'Descrio do Produto 0283', '8734', 6, 522, 26, 65, TO_DATE('23/07/1945','DD/MM/YYYY'), TO_DATE('02/05/1916','DD/MM/YYYY'), 16, 14);
INSERT INTO PRODUTO (CODIGO_IDENTIFICACAO, NOME, DESCRICAO, MARGEM_LUCRO, CODIGO_FILIAL, QUANTIDADE, PRECO_COMPRA, PRECO_VENDA, DATA_COMPRA, DATA_VALIDADE, ID_MARCA, ID_CATEGORIA) VALUES (284, 'Produto 0284', 'Descrio do Produto 0284', '5878', 4, 559, 20, 40, TO_DATE('08/05/1974','DD/MM/YYYY'), TO_DATE('17/11/1999','DD/MM/YYYY'), 8, 1);
INSERT INTO PRODUTO (CODIGO_IDENTIFICACAO, NOME, DESCRICAO, MARGEM_LUCRO, CODIGO_FILIAL, QUANTIDADE, PRECO_COMPRA, PRECO_VENDA, DATA_COMPRA, DATA_VALIDADE, ID_MARCA, ID_CATEGORIA) VALUES (285, 'Produto 0285', 'Descrio do Produto 0285', '7682', 4, 20, 22, 78, TO_DATE('04/02/2009','DD/MM/YYYY'), TO_DATE('11/10/1997','DD/MM/YYYY'), 6, 8);
INSERT INTO PRODUTO (CODIGO_IDENTIFICACAO, NOME, DESCRICAO, MARGEM_LUCRO, CODIGO_FILIAL, QUANTIDADE, PRECO_COMPRA, PRECO_VENDA, DATA_COMPRA, DATA_VALIDADE, ID_MARCA, ID_CATEGORIA) VALUES (286, 'Produto 0286', 'Descrio do Produto 0286', '4947', 4, 850, 13, 64, TO_DATE('22/06/1967','DD/MM/YYYY'), TO_DATE('11/12/1934','DD/MM/YYYY'), 9, 7);
INSERT INTO PRODUTO (CODIGO_IDENTIFICACAO, NOME, DESCRICAO, MARGEM_LUCRO, CODIGO_FILIAL, QUANTIDADE, PRECO_COMPRA, PRECO_VENDA, DATA_COMPRA, DATA_VALIDADE, ID_MARCA, ID_CATEGORIA) VALUES (287, 'Produto 0287', 'Descrio do Produto 0287', '591', 3, 92, 19, 71, TO_DATE('15/04/1958','DD/MM/YYYY'), TO_DATE('13/07/1927','DD/MM/YYYY'), 19, 26);
INSERT INTO PRODUTO (CODIGO_IDENTIFICACAO, NOME, DESCRICAO, MARGEM_LUCRO, CODIGO_FILIAL, QUANTIDADE, PRECO_COMPRA, PRECO_VENDA, DATA_COMPRA, DATA_VALIDADE, ID_MARCA, ID_CATEGORIA) VALUES (288, 'Produto 0288', 'Descrio do Produto 0288', '9593', 4, 450, 13, 80, TO_DATE('08/10/1938','DD/MM/YYYY'), TO_DATE('11/05/1913','DD/MM/YYYY'), 13, 29);
INSERT INTO PRODUTO (CODIGO_IDENTIFICACAO, NOME, DESCRICAO, MARGEM_LUCRO, CODIGO_FILIAL, QUANTIDADE, PRECO_COMPRA, PRECO_VENDA, DATA_COMPRA, DATA_VALIDADE, ID_MARCA, ID_CATEGORIA) VALUES (289, 'Produto 0289', 'Descrio do Produto 0289', '1308', 7, 517, 27, 38, TO_DATE('09/03/1957','DD/MM/YYYY'), TO_DATE('28/02/1934','DD/MM/YYYY'), 24, 16);
INSERT INTO PRODUTO (CODIGO_IDENTIFICACAO, NOME, DESCRICAO, MARGEM_LUCRO, CODIGO_FILIAL, QUANTIDADE, PRECO_COMPRA, PRECO_VENDA, DATA_COMPRA, DATA_VALIDADE, ID_MARCA, ID_CATEGORIA) VALUES (290, 'Produto 0290', 'Descrio do Produto 0290', '7479', 9, 151, 16, 63, TO_DATE('11/07/1999','DD/MM/YYYY'), TO_DATE('13/03/1921','DD/MM/YYYY'), 0, 15);
INSERT INTO PRODUTO (CODIGO_IDENTIFICACAO, NOME, DESCRICAO, MARGEM_LUCRO, CODIGO_FILIAL, QUANTIDADE, PRECO_COMPRA, PRECO_VENDA, DATA_COMPRA, DATA_VALIDADE, ID_MARCA, ID_CATEGORIA) VALUES (291, 'Produto 0291', 'Descrio do Produto 0291', '5341', 3, 768, 10, 64, TO_DATE('02/05/1935','DD/MM/YYYY'), TO_DATE('17/04/2007','DD/MM/YYYY'), 23, 29);
INSERT INTO PRODUTO (CODIGO_IDENTIFICACAO, NOME, DESCRICAO, MARGEM_LUCRO, CODIGO_FILIAL, QUANTIDADE, PRECO_COMPRA, PRECO_VENDA, DATA_COMPRA, DATA_VALIDADE, ID_MARCA, ID_CATEGORIA) VALUES (292, 'Produto 0292', 'Descrio do Produto 0292', '7156', 6, 974, 19, 75, TO_DATE('11/07/1952','DD/MM/YYYY'), TO_DATE('10/06/2012','DD/MM/YYYY'), 0, 21);
INSERT INTO PRODUTO (CODIGO_IDENTIFICACAO, NOME, DESCRICAO, MARGEM_LUCRO, CODIGO_FILIAL, QUANTIDADE, PRECO_COMPRA, PRECO_VENDA, DATA_COMPRA, DATA_VALIDADE, ID_MARCA, ID_CATEGORIA) VALUES (293, 'Produto 0293', 'Descrio do Produto 0293', '6559', 2, 995, 30, 39, TO_DATE('12/07/1965','DD/MM/YYYY'), TO_DATE('14/05/2002','DD/MM/YYYY'), 15, 20);
INSERT INTO PRODUTO (CODIGO_IDENTIFICACAO, NOME, DESCRICAO, MARGEM_LUCRO, CODIGO_FILIAL, QUANTIDADE, PRECO_COMPRA, PRECO_VENDA, DATA_COMPRA, DATA_VALIDADE, ID_MARCA, ID_CATEGORIA) VALUES (294, 'Produto 0294', 'Descrio do Produto 0294', '1438', 3, 331, 4, 34, TO_DATE('12/04/1928','DD/MM/YYYY'), TO_DATE('27/04/1955','DD/MM/YYYY'), 8, 14);
INSERT INTO PRODUTO (CODIGO_IDENTIFICACAO, NOME, DESCRICAO, MARGEM_LUCRO, CODIGO_FILIAL, QUANTIDADE, PRECO_COMPRA, PRECO_VENDA, DATA_COMPRA, DATA_VALIDADE, ID_MARCA, ID_CATEGORIA) VALUES (295, 'Produto 0295', 'Descrio do Produto 0295', '4197', 4, 607, 14, 66, TO_DATE('13/02/1910','DD/MM/YYYY'), TO_DATE('26/02/1964','DD/MM/YYYY'), 8, 29);
INSERT INTO PRODUTO (CODIGO_IDENTIFICACAO, NOME, DESCRICAO, MARGEM_LUCRO, CODIGO_FILIAL, QUANTIDADE, PRECO_COMPRA, PRECO_VENDA, DATA_COMPRA, DATA_VALIDADE, ID_MARCA, ID_CATEGORIA) VALUES (296, 'Produto 0296', 'Descrio do Produto 0296', '3711', 4, 861, 13, 79, TO_DATE('06/01/1912','DD/MM/YYYY'), TO_DATE('21/03/1984','DD/MM/YYYY'), 15, 13);
INSERT INTO PRODUTO (CODIGO_IDENTIFICACAO, NOME, DESCRICAO, MARGEM_LUCRO, CODIGO_FILIAL, QUANTIDADE, PRECO_COMPRA, PRECO_VENDA, DATA_COMPRA, DATA_VALIDADE, ID_MARCA, ID_CATEGORIA) VALUES (297, 'Produto 0297', 'Descrio do Produto 0297', '842', 6, 889, 6, 48, TO_DATE('16/12/1987','DD/MM/YYYY'), TO_DATE('16/06/1975','DD/MM/YYYY'), 14, 14);
INSERT INTO PRODUTO (CODIGO_IDENTIFICACAO, NOME, DESCRICAO, MARGEM_LUCRO, CODIGO_FILIAL, QUANTIDADE, PRECO_COMPRA, PRECO_VENDA, DATA_COMPRA, DATA_VALIDADE, ID_MARCA, ID_CATEGORIA) VALUES (298, 'Produto 0298', 'Descrio do Produto 0298', '2322', 2, 55, 14, 58, TO_DATE('24/01/1911','DD/MM/YYYY'), TO_DATE('22/04/1916','DD/MM/YYYY'), 15, 18);
INSERT INTO PRODUTO (CODIGO_IDENTIFICACAO, NOME, DESCRICAO, MARGEM_LUCRO, CODIGO_FILIAL, QUANTIDADE, PRECO_COMPRA, PRECO_VENDA, DATA_COMPRA, DATA_VALIDADE, ID_MARCA, ID_CATEGORIA) VALUES (299, 'Produto 0299', 'Descrio do Produto 0299', '384', 1, 128, 2, 30, TO_DATE('21/07/1984','DD/MM/YYYY'), TO_DATE('15/05/1977','DD/MM/YYYY'), 5, 2);


------ CAIXA ------

INSERT INTO CAIXA (NUMERO_CAIXA, CODIGO_FILIAL) VALUES (0, 6);
INSERT INTO CAIXA (NUMERO_CAIXA, CODIGO_FILIAL) VALUES (1, 9);
INSERT INTO CAIXA (NUMERO_CAIXA, CODIGO_FILIAL) VALUES (2, 1);
INSERT INTO CAIXA (NUMERO_CAIXA, CODIGO_FILIAL) VALUES (3, 7);
INSERT INTO CAIXA (NUMERO_CAIXA, CODIGO_FILIAL) VALUES (4, 9);
INSERT INTO CAIXA (NUMERO_CAIXA, CODIGO_FILIAL) VALUES (5, 5);
INSERT INTO CAIXA (NUMERO_CAIXA, CODIGO_FILIAL) VALUES (6, 1);
INSERT INTO CAIXA (NUMERO_CAIXA, CODIGO_FILIAL) VALUES (7, 7);
INSERT INTO CAIXA (NUMERO_CAIXA, CODIGO_FILIAL) VALUES (8, 0);
INSERT INTO CAIXA (NUMERO_CAIXA, CODIGO_FILIAL) VALUES (9, 8);


------ EQUIPAMENTO ------

INSERT INTO EQUIPAMENTO (IDENTIFICADOR, DESCRICAO, NUMERO_CAIXA) VALUES (0, 'Descrio do Equipamento 0', 6);
INSERT INTO EQUIPAMENTO (IDENTIFICADOR, DESCRICAO, NUMERO_CAIXA) VALUES (1, 'Descrio do Equipamento 1', 3);
INSERT INTO EQUIPAMENTO (IDENTIFICADOR, DESCRICAO, NUMERO_CAIXA) VALUES (2, 'Descrio do Equipamento 2', 8);
INSERT INTO EQUIPAMENTO (IDENTIFICADOR, DESCRICAO, NUMERO_CAIXA) VALUES (3, 'Descrio do Equipamento 3', 2);
INSERT INTO EQUIPAMENTO (IDENTIFICADOR, DESCRICAO, NUMERO_CAIXA) VALUES (4, 'Descrio do Equipamento 4', 9);
INSERT INTO EQUIPAMENTO (IDENTIFICADOR, DESCRICAO, NUMERO_CAIXA) VALUES (5, 'Descrio do Equipamento 5', 3);
INSERT INTO EQUIPAMENTO (IDENTIFICADOR, DESCRICAO, NUMERO_CAIXA) VALUES (6, 'Descrio do Equipamento 6', 7);
INSERT INTO EQUIPAMENTO (IDENTIFICADOR, DESCRICAO, NUMERO_CAIXA) VALUES (7, 'Descrio do Equipamento 7', 7);
INSERT INTO EQUIPAMENTO (IDENTIFICADOR, DESCRICAO, NUMERO_CAIXA) VALUES (8, 'Descrio do Equipamento 8', 3);
INSERT INTO EQUIPAMENTO (IDENTIFICADOR, DESCRICAO, NUMERO_CAIXA) VALUES (9, 'Descrio do Equipamento 9', 7);
INSERT INTO EQUIPAMENTO (IDENTIFICADOR, DESCRICAO, NUMERO_CAIXA) VALUES (10, 'Descrio do Equipamento 10', 5);
INSERT INTO EQUIPAMENTO (IDENTIFICADOR, DESCRICAO, NUMERO_CAIXA) VALUES (11, 'Descrio do Equipamento 11', 0);
INSERT INTO EQUIPAMENTO (IDENTIFICADOR, DESCRICAO, NUMERO_CAIXA) VALUES (12, 'Descrio do Equipamento 12', 7);
INSERT INTO EQUIPAMENTO (IDENTIFICADOR, DESCRICAO, NUMERO_CAIXA) VALUES (13, 'Descrio do Equipamento 13', 8);
INSERT INTO EQUIPAMENTO (IDENTIFICADOR, DESCRICAO, NUMERO_CAIXA) VALUES (14, 'Descrio do Equipamento 14', 7);
INSERT INTO EQUIPAMENTO (IDENTIFICADOR, DESCRICAO, NUMERO_CAIXA) VALUES (15, 'Descrio do Equipamento 15', 6);
INSERT INTO EQUIPAMENTO (IDENTIFICADOR, DESCRICAO, NUMERO_CAIXA) VALUES (16, 'Descrio do Equipamento 16', 9);
INSERT INTO EQUIPAMENTO (IDENTIFICADOR, DESCRICAO, NUMERO_CAIXA) VALUES (17, 'Descrio do Equipamento 17', 1);
INSERT INTO EQUIPAMENTO (IDENTIFICADOR, DESCRICAO, NUMERO_CAIXA) VALUES (18, 'Descrio do Equipamento 18', 1);
INSERT INTO EQUIPAMENTO (IDENTIFICADOR, DESCRICAO, NUMERO_CAIXA) VALUES (19, 'Descrio do Equipamento 19', 2);


------ REALIZA_MANUTENCAO ------

INSERT INTO REALIZA_MANUTENCAO (ID_MANUTENCAO, IDENTIFICADOR_EQUIPAMENTO, NUMERO_CAIXA, MATRICULA_FUNCIONARIO, DATA_HORA, CUSTO) VALUES (0, 12, 7, 0, TO_TIMESTAMP('2008-03-16 22:12:20', 'YYYY-MM-DD HH24:MI:SS'), 190);
INSERT INTO REALIZA_MANUTENCAO (ID_MANUTENCAO, IDENTIFICADOR_EQUIPAMENTO, NUMERO_CAIXA, MATRICULA_FUNCIONARIO, DATA_HORA, CUSTO) VALUES (1, 16, 9, 3, TO_TIMESTAMP('2002-10-10 05:07:14', 'YYYY-MM-DD HH24:MI:SS'), 195);
INSERT INTO REALIZA_MANUTENCAO (ID_MANUTENCAO, IDENTIFICADOR_EQUIPAMENTO, NUMERO_CAIXA, MATRICULA_FUNCIONARIO, DATA_HORA, CUSTO) VALUES (2, 10, 5, 56, TO_TIMESTAMP('2009-07-19 16:16:41', 'YYYY-MM-DD HH24:MI:SS'), 28);
INSERT INTO REALIZA_MANUTENCAO (ID_MANUTENCAO, IDENTIFICADOR_EQUIPAMENTO, NUMERO_CAIXA, MATRICULA_FUNCIONARIO, DATA_HORA, CUSTO) VALUES (3, 0, 6, 61, TO_TIMESTAMP('2017-12-06 02:53:18', 'YYYY-MM-DD HH24:MI:SS'), 43);
INSERT INTO REALIZA_MANUTENCAO (ID_MANUTENCAO, IDENTIFICADOR_EQUIPAMENTO, NUMERO_CAIXA, MATRICULA_FUNCIONARIO, DATA_HORA, CUSTO) VALUES (4, 17, 1, 50, TO_TIMESTAMP('2004-07-28 15:12:12', 'YYYY-MM-DD HH24:MI:SS'), 165);
INSERT INTO REALIZA_MANUTENCAO (ID_MANUTENCAO, IDENTIFICADOR_EQUIPAMENTO, NUMERO_CAIXA, MATRICULA_FUNCIONARIO, DATA_HORA, CUSTO) VALUES (5, 3, 2, 47, TO_TIMESTAMP('2008-08-18 14:17:00', 'YYYY-MM-DD HH24:MI:SS'), 158);
INSERT INTO REALIZA_MANUTENCAO (ID_MANUTENCAO, IDENTIFICADOR_EQUIPAMENTO, NUMERO_CAIXA, MATRICULA_FUNCIONARIO, DATA_HORA, CUSTO) VALUES (6, 11, 0, 45, TO_TIMESTAMP('2006-10-04 22:08:03', 'YYYY-MM-DD HH24:MI:SS'), 80);
INSERT INTO REALIZA_MANUTENCAO (ID_MANUTENCAO, IDENTIFICADOR_EQUIPAMENTO, NUMERO_CAIXA, MATRICULA_FUNCIONARIO, DATA_HORA, CUSTO) VALUES (7, 7, 7, 128, TO_TIMESTAMP('2014-01-27 11:37:58', 'YYYY-MM-DD HH24:MI:SS'), 169);
INSERT INTO REALIZA_MANUTENCAO (ID_MANUTENCAO, IDENTIFICADOR_EQUIPAMENTO, NUMERO_CAIXA, MATRICULA_FUNCIONARIO, DATA_HORA, CUSTO) VALUES (8, 8, 3, 13, TO_TIMESTAMP('2008-03-11 20:57:21', 'YYYY-MM-DD HH24:MI:SS'), 107);
INSERT INTO REALIZA_MANUTENCAO (ID_MANUTENCAO, IDENTIFICADOR_EQUIPAMENTO, NUMERO_CAIXA, MATRICULA_FUNCIONARIO, DATA_HORA, CUSTO) VALUES (9, 0, 6, 145, TO_TIMESTAMP('2008-08-08 18:30:05', 'YYYY-MM-DD HH24:MI:SS'), 132);
INSERT INTO REALIZA_MANUTENCAO (ID_MANUTENCAO, IDENTIFICADOR_EQUIPAMENTO, NUMERO_CAIXA, MATRICULA_FUNCIONARIO, DATA_HORA, CUSTO) VALUES (10, 18, 1, 110, TO_TIMESTAMP('2003-11-07 12:49:16', 'YYYY-MM-DD HH24:MI:SS'), 55);
INSERT INTO REALIZA_MANUTENCAO (ID_MANUTENCAO, IDENTIFICADOR_EQUIPAMENTO, NUMERO_CAIXA, MATRICULA_FUNCIONARIO, DATA_HORA, CUSTO) VALUES (11, 19, 2, 35, TO_TIMESTAMP('2006-12-09 15:55:28', 'YYYY-MM-DD HH24:MI:SS'), 168);
INSERT INTO REALIZA_MANUTENCAO (ID_MANUTENCAO, IDENTIFICADOR_EQUIPAMENTO, NUMERO_CAIXA, MATRICULA_FUNCIONARIO, DATA_HORA, CUSTO) VALUES (12, 13, 8, 76, TO_TIMESTAMP('2014-09-11 06:14:12', 'YYYY-MM-DD HH24:MI:SS'), 157);
INSERT INTO REALIZA_MANUTENCAO (ID_MANUTENCAO, IDENTIFICADOR_EQUIPAMENTO, NUMERO_CAIXA, MATRICULA_FUNCIONARIO, DATA_HORA, CUSTO) VALUES (13, 9, 7, 11, TO_TIMESTAMP('2010-11-20 01:16:55', 'YYYY-MM-DD HH24:MI:SS'), 172);
INSERT INTO REALIZA_MANUTENCAO (ID_MANUTENCAO, IDENTIFICADOR_EQUIPAMENTO, NUMERO_CAIXA, MATRICULA_FUNCIONARIO, DATA_HORA, CUSTO) VALUES (14, 16, 9, 143, TO_TIMESTAMP('2009-12-16 12:39:18', 'YYYY-MM-DD HH24:MI:SS'), 189);
INSERT INTO REALIZA_MANUTENCAO (ID_MANUTENCAO, IDENTIFICADOR_EQUIPAMENTO, NUMERO_CAIXA, MATRICULA_FUNCIONARIO, DATA_HORA, CUSTO) VALUES (15, 10, 5, 112, TO_TIMESTAMP('2019-09-17 01:46:22', 'YYYY-MM-DD HH24:MI:SS'), 24);
INSERT INTO REALIZA_MANUTENCAO (ID_MANUTENCAO, IDENTIFICADOR_EQUIPAMENTO, NUMERO_CAIXA, MATRICULA_FUNCIONARIO, DATA_HORA, CUSTO) VALUES (16, 19, 2, 12, TO_TIMESTAMP('2008-08-14 11:18:53', 'YYYY-MM-DD HH24:MI:SS'), 62);
INSERT INTO REALIZA_MANUTENCAO (ID_MANUTENCAO, IDENTIFICADOR_EQUIPAMENTO, NUMERO_CAIXA, MATRICULA_FUNCIONARIO, DATA_HORA, CUSTO) VALUES (17, 4, 9, 66, TO_TIMESTAMP('2015-09-07 03:32:12', 'YYYY-MM-DD HH24:MI:SS'), 189);
INSERT INTO REALIZA_MANUTENCAO (ID_MANUTENCAO, IDENTIFICADOR_EQUIPAMENTO, NUMERO_CAIXA, MATRICULA_FUNCIONARIO, DATA_HORA, CUSTO) VALUES (18, 7, 7, 21, TO_TIMESTAMP('2006-02-17 20:01:25', 'YYYY-MM-DD HH24:MI:SS'), 40);
INSERT INTO REALIZA_MANUTENCAO (ID_MANUTENCAO, IDENTIFICADOR_EQUIPAMENTO, NUMERO_CAIXA, MATRICULA_FUNCIONARIO, DATA_HORA, CUSTO) VALUES (19, 13, 8, 116, TO_TIMESTAMP('2010-07-24 07:13:57', 'YYYY-MM-DD HH24:MI:SS'), 165);
INSERT INTO REALIZA_MANUTENCAO (ID_MANUTENCAO, IDENTIFICADOR_EQUIPAMENTO, NUMERO_CAIXA, MATRICULA_FUNCIONARIO, DATA_HORA, CUSTO) VALUES (20, 12, 7, 17, TO_TIMESTAMP('2011-12-26 15:59:46', 'YYYY-MM-DD HH24:MI:SS'), 88);
INSERT INTO REALIZA_MANUTENCAO (ID_MANUTENCAO, IDENTIFICADOR_EQUIPAMENTO, NUMERO_CAIXA, MATRICULA_FUNCIONARIO, DATA_HORA, CUSTO) VALUES (21, 7, 7, 120, TO_TIMESTAMP('2000-06-28 14:14:34', 'YYYY-MM-DD HH24:MI:SS'), 84);
INSERT INTO REALIZA_MANUTENCAO (ID_MANUTENCAO, IDENTIFICADOR_EQUIPAMENTO, NUMERO_CAIXA, MATRICULA_FUNCIONARIO, DATA_HORA, CUSTO) VALUES (22, 6, 7, 98, TO_TIMESTAMP('2001-12-07 07:22:39', 'YYYY-MM-DD HH24:MI:SS'), 74);
INSERT INTO REALIZA_MANUTENCAO (ID_MANUTENCAO, IDENTIFICADOR_EQUIPAMENTO, NUMERO_CAIXA, MATRICULA_FUNCIONARIO, DATA_HORA, CUSTO) VALUES (23, 4, 9, 112, TO_TIMESTAMP('2009-01-27 00:12:18', 'YYYY-MM-DD HH24:MI:SS'), 173);
INSERT INTO REALIZA_MANUTENCAO (ID_MANUTENCAO, IDENTIFICADOR_EQUIPAMENTO, NUMERO_CAIXA, MATRICULA_FUNCIONARIO, DATA_HORA, CUSTO) VALUES (24, 18, 1, 42, TO_TIMESTAMP('2018-07-05 10:36:08', 'YYYY-MM-DD HH24:MI:SS'), 47);
INSERT INTO REALIZA_MANUTENCAO (ID_MANUTENCAO, IDENTIFICADOR_EQUIPAMENTO, NUMERO_CAIXA, MATRICULA_FUNCIONARIO, DATA_HORA, CUSTO) VALUES (25, 15, 6, 35, TO_TIMESTAMP('2008-09-15 21:14:43', 'YYYY-MM-DD HH24:MI:SS'), 139);
INSERT INTO REALIZA_MANUTENCAO (ID_MANUTENCAO, IDENTIFICADOR_EQUIPAMENTO, NUMERO_CAIXA, MATRICULA_FUNCIONARIO, DATA_HORA, CUSTO) VALUES (26, 10, 5, 36, TO_TIMESTAMP('2012-06-28 13:35:12', 'YYYY-MM-DD HH24:MI:SS'), 195);
INSERT INTO REALIZA_MANUTENCAO (ID_MANUTENCAO, IDENTIFICADOR_EQUIPAMENTO, NUMERO_CAIXA, MATRICULA_FUNCIONARIO, DATA_HORA, CUSTO) VALUES (27, 2, 8, 134, TO_TIMESTAMP('2013-09-24 05:33:38', 'YYYY-MM-DD HH24:MI:SS'), 124);
INSERT INTO REALIZA_MANUTENCAO (ID_MANUTENCAO, IDENTIFICADOR_EQUIPAMENTO, NUMERO_CAIXA, MATRICULA_FUNCIONARIO, DATA_HORA, CUSTO) VALUES (28, 15, 6, 76, TO_TIMESTAMP('2002-05-18 15:23:04', 'YYYY-MM-DD HH24:MI:SS'), 151);
INSERT INTO REALIZA_MANUTENCAO (ID_MANUTENCAO, IDENTIFICADOR_EQUIPAMENTO, NUMERO_CAIXA, MATRICULA_FUNCIONARIO, DATA_HORA, CUSTO) VALUES (29, 0, 6, 17, TO_TIMESTAMP('2007-03-13 18:50:20', 'YYYY-MM-DD HH24:MI:SS'), 20);


------ FORNECEDOR ------

INSERT INTO FORNECEDOR (CNPJ, NOME, ENDERECO, EMAIL, ID_CATEGORIA, SITE) VALUES ('60.375.489/0001-80', 'Fornecedor 0', 'Rua 00', 'fornecedor0@gmail.com', 2, 'vQtlDaNxaccGTONkkqtt.com.br');
INSERT INTO FORNECEDOR (CNPJ, NOME, ENDERECO, EMAIL, ID_CATEGORIA, SITE) VALUES ('32.757.471/0001-47', 'Fornecedor 1', 'Rua 01', 'fornecedor1@gmail.com', 29, 'eojjodBWUbbvLhOUygYF.com.br');
INSERT INTO FORNECEDOR (CNPJ, NOME, ENDERECO, EMAIL, ID_CATEGORIA, SITE) VALUES ('49.614.165/0001-35', 'Fornecedor 2', 'Rua 02', 'fornecedor2@gmail.com', 9, 'HvpoxbxIASOPDnhhsmDQ.com.br');
INSERT INTO FORNECEDOR (CNPJ, NOME, ENDERECO, EMAIL, ID_CATEGORIA, SITE) VALUES ('47.277.549/0001-76', 'Fornecedor 3', 'Rua 03', 'fornecedor3@gmail.com', 19, 'wRiLJJtFVvYkMUTrorog.com.br');
INSERT INTO FORNECEDOR (CNPJ, NOME, ENDERECO, EMAIL, ID_CATEGORIA, SITE) VALUES ('83.122.615/0001-81', 'Fornecedor 4', 'Rua 04', 'fornecedor4@gmail.com', 12, 'XJXYavUGQoBqCsHmuPRO.com.br');
INSERT INTO FORNECEDOR (CNPJ, NOME, ENDERECO, EMAIL, ID_CATEGORIA, SITE) VALUES ('70.265.633/0001-81', 'Fornecedor 5', 'Rua 05', 'fornecedor5@gmail.com', 0, 'dEyXqZHgAKJzzaYtvPAT.com.br');
INSERT INTO FORNECEDOR (CNPJ, NOME, ENDERECO, EMAIL, ID_CATEGORIA, SITE) VALUES ('75.418.951/0001-11', 'Fornecedor 6', 'Rua 06', 'fornecedor6@gmail.com', 29, 'rxqFqjrfswKQSpdCybYU.com.br');
INSERT INTO FORNECEDOR (CNPJ, NOME, ENDERECO, EMAIL, ID_CATEGORIA, SITE) VALUES ('11.275.676/0001-72', 'Fornecedor 7', 'Rua 07', 'fornecedor7@gmail.com', 13, 'SJqiqFhWQvcnIqDfjbvr.com.br');
INSERT INTO FORNECEDOR (CNPJ, NOME, ENDERECO, EMAIL, ID_CATEGORIA, SITE) VALUES ('28.339.829/0001-57', 'Fornecedor 8', 'Rua 08', 'fornecedor8@gmail.com', 19, 'ojHaCjMnkyEijEMmJVNS.com.br');
INSERT INTO FORNECEDOR (CNPJ, NOME, ENDERECO, EMAIL, ID_CATEGORIA, SITE) VALUES ('63.575.737/0001-23', 'Fornecedor 9', 'Rua 09', 'fornecedor9@gmail.com', 2, 'TTjuWapAlUEvXPAgLrzS.com.br');
INSERT INTO FORNECEDOR (CNPJ, NOME, ENDERECO, EMAIL, ID_CATEGORIA, SITE) VALUES ('34.609.887/0001-97', 'Fornecedor 10', 'Rua 010', 'fornecedor10@gmail.com', 24, 'RPzWyZDGMqUYUoTKEGSv.com.br');
INSERT INTO FORNECEDOR (CNPJ, NOME, ENDERECO, EMAIL, ID_CATEGORIA, SITE) VALUES ('27.388.562/0001-61', 'Fornecedor 11', 'Rua 011', 'fornecedor11@gmail.com', 0, 'DwdzpcSjLOtpGivKgnjs.com.br');
INSERT INTO FORNECEDOR (CNPJ, NOME, ENDERECO, EMAIL, ID_CATEGORIA, SITE) VALUES ('50.627.980/0001-65', 'Fornecedor 12', 'Rua 012', 'fornecedor12@gmail.com', 8, 'qpxSeAvpwxwqdGsyYkOS.com.br');
INSERT INTO FORNECEDOR (CNPJ, NOME, ENDERECO, EMAIL, ID_CATEGORIA, SITE) VALUES ('60.311.819/0001-22', 'Fornecedor 13', 'Rua 013', 'fornecedor13@gmail.com', 6, 'gEBTdlXCYMRvVFyoeajt.com.br');
INSERT INTO FORNECEDOR (CNPJ, NOME, ENDERECO, EMAIL, ID_CATEGORIA, SITE) VALUES ('45.858.363/0001-18', 'Fornecedor 14', 'Rua 014', 'fornecedor14@gmail.com', 9, 'AbxtKzgbjrMqcSPpaLUT.com.br');
INSERT INTO FORNECEDOR (CNPJ, NOME, ENDERECO, EMAIL, ID_CATEGORIA, SITE) VALUES ('76.884.987/0001-73', 'Fornecedor 15', 'Rua 015', 'fornecedor15@gmail.com', 2, 'JgCcxXUwkZFBAqNKVrjy.com.br');
INSERT INTO FORNECEDOR (CNPJ, NOME, ENDERECO, EMAIL, ID_CATEGORIA, SITE) VALUES ('58.484.899/0001-74', 'Fornecedor 16', 'Rua 016', 'fornecedor16@gmail.com', 18, 'FBisJmLkxkdECYJoddXM.com.br');
INSERT INTO FORNECEDOR (CNPJ, NOME, ENDERECO, EMAIL, ID_CATEGORIA, SITE) VALUES ('08.164.154/0001-72', 'Fornecedor 17', 'Rua 017', 'fornecedor17@gmail.com', 20, 'KQrOGCeHDlxPZMDbmOkw.com.br');
INSERT INTO FORNECEDOR (CNPJ, NOME, ENDERECO, EMAIL, ID_CATEGORIA, SITE) VALUES ('77.160.585/0001-60', 'Fornecedor 18', 'Rua 018', 'fornecedor18@gmail.com', 1, 'DmTWJKIbHszfZWIpiNTo.com.br');
INSERT INTO FORNECEDOR (CNPJ, NOME, ENDERECO, EMAIL, ID_CATEGORIA, SITE) VALUES ('11.727.310/0001-60', 'Fornecedor 19', 'Rua 019', 'fornecedor19@gmail.com', 22, 'kbdYXMDRgWmoodQONyKw.com.br');


------ SOLICITACAO ------

INSERT INTO SOLICITACAO (IDENTIFICADOR, DATA_SOLICITACAO, DATA_PREVISTA, DATA_ENTREGA, VALOR_COMPRA, PRAZO_PAGAMENTO, CODIGO_FILIAL, CNPJ_FORNECEDOR) VALUES (0, TO_DATE('06/02/2014','DD/MM/YYYY'), TO_DATE('23/11/2017','DD/MM/YYYY'), TO_DATE('04/08/1957','DD/MM/YYYY'), 1042, TO_DATE('08/10/1911','DD/MM/YYYY'), 2, '32.757.471/0001-47');
INSERT INTO SOLICITACAO (IDENTIFICADOR, DATA_SOLICITACAO, DATA_PREVISTA, DATA_ENTREGA, VALOR_COMPRA, PRAZO_PAGAMENTO, CODIGO_FILIAL, CNPJ_FORNECEDOR) VALUES (1, TO_DATE('06/11/2018','DD/MM/YYYY'), TO_DATE('25/08/2009','DD/MM/YYYY'), TO_DATE('17/07/1979','DD/MM/YYYY'), 8366, TO_DATE('05/10/1941','DD/MM/YYYY'), 4, '60.375.489/0001-80');
INSERT INTO SOLICITACAO (IDENTIFICADOR, DATA_SOLICITACAO, DATA_PREVISTA, DATA_ENTREGA, VALOR_COMPRA, PRAZO_PAGAMENTO, CODIGO_FILIAL, CNPJ_FORNECEDOR) VALUES (2, TO_DATE('05/05/1964','DD/MM/YYYY'), TO_DATE('17/06/1976','DD/MM/YYYY'), TO_DATE('13/08/1924','DD/MM/YYYY'), 2125, TO_DATE('27/04/1992','DD/MM/YYYY'), 5, '34.609.887/0001-97');
INSERT INTO SOLICITACAO (IDENTIFICADOR, DATA_SOLICITACAO, DATA_PREVISTA, DATA_ENTREGA, VALOR_COMPRA, PRAZO_PAGAMENTO, CODIGO_FILIAL, CNPJ_FORNECEDOR) VALUES (3, TO_DATE('17/11/1932','DD/MM/YYYY'), TO_DATE('02/06/2013','DD/MM/YYYY'), TO_DATE('28/05/2001','DD/MM/YYYY'), 6954, TO_DATE('06/12/1990','DD/MM/YYYY'), 6, '50.627.980/0001-65');
INSERT INTO SOLICITACAO (IDENTIFICADOR, DATA_SOLICITACAO, DATA_PREVISTA, DATA_ENTREGA, VALOR_COMPRA, PRAZO_PAGAMENTO, CODIGO_FILIAL, CNPJ_FORNECEDOR) VALUES (4, TO_DATE('08/09/1972','DD/MM/YYYY'), TO_DATE('27/05/2010','DD/MM/YYYY'), TO_DATE('18/01/1912','DD/MM/YYYY'), 6796, TO_DATE('11/04/2011','DD/MM/YYYY'), 7, '08.164.154/0001-72');
INSERT INTO SOLICITACAO (IDENTIFICADOR, DATA_SOLICITACAO, DATA_PREVISTA, DATA_ENTREGA, VALOR_COMPRA, PRAZO_PAGAMENTO, CODIGO_FILIAL, CNPJ_FORNECEDOR) VALUES (5, TO_DATE('05/04/1992','DD/MM/YYYY'), TO_DATE('19/04/1953','DD/MM/YYYY'), TO_DATE('12/01/1968','DD/MM/YYYY'), 2611, TO_DATE('27/06/1944','DD/MM/YYYY'), 4, '60.375.489/0001-80');
INSERT INTO SOLICITACAO (IDENTIFICADOR, DATA_SOLICITACAO, DATA_PREVISTA, DATA_ENTREGA, VALOR_COMPRA, PRAZO_PAGAMENTO, CODIGO_FILIAL, CNPJ_FORNECEDOR) VALUES (6, TO_DATE('07/04/1941','DD/MM/YYYY'), TO_DATE('26/10/1958','DD/MM/YYYY'), TO_DATE('21/03/2017','DD/MM/YYYY'), 5380, TO_DATE('25/10/1991','DD/MM/YYYY'), 2, '47.277.549/0001-76');
INSERT INTO SOLICITACAO (IDENTIFICADOR, DATA_SOLICITACAO, DATA_PREVISTA, DATA_ENTREGA, VALOR_COMPRA, PRAZO_PAGAMENTO, CODIGO_FILIAL, CNPJ_FORNECEDOR) VALUES (7, TO_DATE('23/01/1978','DD/MM/YYYY'), TO_DATE('18/07/1989','DD/MM/YYYY'), TO_DATE('03/07/1941','DD/MM/YYYY'), 2808, TO_DATE('24/03/1945','DD/MM/YYYY'), 6, '28.339.829/0001-57');
INSERT INTO SOLICITACAO (IDENTIFICADOR, DATA_SOLICITACAO, DATA_PREVISTA, DATA_ENTREGA, VALOR_COMPRA, PRAZO_PAGAMENTO, CODIGO_FILIAL, CNPJ_FORNECEDOR) VALUES (8, TO_DATE('11/02/1938','DD/MM/YYYY'), TO_DATE('05/06/1968','DD/MM/YYYY'), TO_DATE('26/09/1959','DD/MM/YYYY'), 2658, TO_DATE('12/10/1964','DD/MM/YYYY'), 7, '45.858.363/0001-18');
INSERT INTO SOLICITACAO (IDENTIFICADOR, DATA_SOLICITACAO, DATA_PREVISTA, DATA_ENTREGA, VALOR_COMPRA, PRAZO_PAGAMENTO, CODIGO_FILIAL, CNPJ_FORNECEDOR) VALUES (9, TO_DATE('13/05/2013','DD/MM/YYYY'), TO_DATE('27/10/2019','DD/MM/YYYY'), TO_DATE('26/09/1914','DD/MM/YYYY'), 9931, TO_DATE('25/04/1937','DD/MM/YYYY'), 7, '63.575.737/0001-23');
INSERT INTO SOLICITACAO (IDENTIFICADOR, DATA_SOLICITACAO, DATA_PREVISTA, DATA_ENTREGA, VALOR_COMPRA, PRAZO_PAGAMENTO, CODIGO_FILIAL, CNPJ_FORNECEDOR) VALUES (10, TO_DATE('17/06/1910','DD/MM/YYYY'), TO_DATE('20/10/1987','DD/MM/YYYY'), TO_DATE('11/12/1945','DD/MM/YYYY'), 8796, TO_DATE('20/05/1928','DD/MM/YYYY'), 1, '45.858.363/0001-18');
INSERT INTO SOLICITACAO (IDENTIFICADOR, DATA_SOLICITACAO, DATA_PREVISTA, DATA_ENTREGA, VALOR_COMPRA, PRAZO_PAGAMENTO, CODIGO_FILIAL, CNPJ_FORNECEDOR) VALUES (11, TO_DATE('03/09/1946','DD/MM/YYYY'), TO_DATE('20/08/1916','DD/MM/YYYY'), TO_DATE('21/01/1968','DD/MM/YYYY'), 9686, TO_DATE('17/01/1942','DD/MM/YYYY'), 5, '32.757.471/0001-47');
INSERT INTO SOLICITACAO (IDENTIFICADOR, DATA_SOLICITACAO, DATA_PREVISTA, DATA_ENTREGA, VALOR_COMPRA, PRAZO_PAGAMENTO, CODIGO_FILIAL, CNPJ_FORNECEDOR) VALUES (12, TO_DATE('09/12/1949','DD/MM/YYYY'), TO_DATE('20/11/1966','DD/MM/YYYY'), TO_DATE('03/07/2007','DD/MM/YYYY'), 1138, TO_DATE('04/02/1957','DD/MM/YYYY'), 2, '58.484.899/0001-74');
INSERT INTO SOLICITACAO (IDENTIFICADOR, DATA_SOLICITACAO, DATA_PREVISTA, DATA_ENTREGA, VALOR_COMPRA, PRAZO_PAGAMENTO, CODIGO_FILIAL, CNPJ_FORNECEDOR) VALUES (13, TO_DATE('20/04/1966','DD/MM/YYYY'), TO_DATE('24/08/1930','DD/MM/YYYY'), TO_DATE('05/07/2015','DD/MM/YYYY'), 9198, TO_DATE('22/01/1979','DD/MM/YYYY'), 1, '45.858.363/0001-18');
INSERT INTO SOLICITACAO (IDENTIFICADOR, DATA_SOLICITACAO, DATA_PREVISTA, DATA_ENTREGA, VALOR_COMPRA, PRAZO_PAGAMENTO, CODIGO_FILIAL, CNPJ_FORNECEDOR) VALUES (14, TO_DATE('18/02/1979','DD/MM/YYYY'), TO_DATE('01/11/2017','DD/MM/YYYY'), TO_DATE('17/12/1981','DD/MM/YYYY'), 2017, TO_DATE('22/04/1980','DD/MM/YYYY'), 4, '83.122.615/0001-81');
INSERT INTO SOLICITACAO (IDENTIFICADOR, DATA_SOLICITACAO, DATA_PREVISTA, DATA_ENTREGA, VALOR_COMPRA, PRAZO_PAGAMENTO, CODIGO_FILIAL, CNPJ_FORNECEDOR) VALUES (15, TO_DATE('05/05/1965','DD/MM/YYYY'), TO_DATE('28/07/1984','DD/MM/YYYY'), TO_DATE('19/09/1917','DD/MM/YYYY'), 6364, TO_DATE('09/03/1918','DD/MM/YYYY'), 4, '76.884.987/0001-73');
INSERT INTO SOLICITACAO (IDENTIFICADOR, DATA_SOLICITACAO, DATA_PREVISTA, DATA_ENTREGA, VALOR_COMPRA, PRAZO_PAGAMENTO, CODIGO_FILIAL, CNPJ_FORNECEDOR) VALUES (16, TO_DATE('22/11/1968','DD/MM/YYYY'), TO_DATE('05/04/1918','DD/MM/YYYY'), TO_DATE('25/06/1932','DD/MM/YYYY'), 9439, TO_DATE('26/01/2002','DD/MM/YYYY'), 3, '76.884.987/0001-73');
INSERT INTO SOLICITACAO (IDENTIFICADOR, DATA_SOLICITACAO, DATA_PREVISTA, DATA_ENTREGA, VALOR_COMPRA, PRAZO_PAGAMENTO, CODIGO_FILIAL, CNPJ_FORNECEDOR) VALUES (17, TO_DATE('06/07/1979','DD/MM/YYYY'), TO_DATE('04/12/1992','DD/MM/YYYY'), TO_DATE('04/04/1991','DD/MM/YYYY'), 6086, TO_DATE('01/11/1917','DD/MM/YYYY'), 2, '08.164.154/0001-72');
INSERT INTO SOLICITACAO (IDENTIFICADOR, DATA_SOLICITACAO, DATA_PREVISTA, DATA_ENTREGA, VALOR_COMPRA, PRAZO_PAGAMENTO, CODIGO_FILIAL, CNPJ_FORNECEDOR) VALUES (18, TO_DATE('18/05/2012','DD/MM/YYYY'), TO_DATE('11/02/2003','DD/MM/YYYY'), TO_DATE('07/10/1993','DD/MM/YYYY'), 2624, TO_DATE('20/05/1947','DD/MM/YYYY'), 1, '77.160.585/0001-60');
INSERT INTO SOLICITACAO (IDENTIFICADOR, DATA_SOLICITACAO, DATA_PREVISTA, DATA_ENTREGA, VALOR_COMPRA, PRAZO_PAGAMENTO, CODIGO_FILIAL, CNPJ_FORNECEDOR) VALUES (19, TO_DATE('15/02/1963','DD/MM/YYYY'), TO_DATE('01/06/1945','DD/MM/YYYY'), TO_DATE('01/04/2019','DD/MM/YYYY'), 7599, TO_DATE('22/09/1963','DD/MM/YYYY'), 2, '50.627.980/0001-65');
INSERT INTO SOLICITACAO (IDENTIFICADOR, DATA_SOLICITACAO, DATA_PREVISTA, DATA_ENTREGA, VALOR_COMPRA, PRAZO_PAGAMENTO, CODIGO_FILIAL, CNPJ_FORNECEDOR) VALUES (20, TO_DATE('22/12/2001','DD/MM/YYYY'), TO_DATE('25/07/1956','DD/MM/YYYY'), TO_DATE('13/05/1913','DD/MM/YYYY'), 8639, TO_DATE('05/05/1924','DD/MM/YYYY'), 3, '32.757.471/0001-47');
INSERT INTO SOLICITACAO (IDENTIFICADOR, DATA_SOLICITACAO, DATA_PREVISTA, DATA_ENTREGA, VALOR_COMPRA, PRAZO_PAGAMENTO, CODIGO_FILIAL, CNPJ_FORNECEDOR) VALUES (21, TO_DATE('24/01/1932','DD/MM/YYYY'), TO_DATE('12/03/1975','DD/MM/YYYY'), TO_DATE('21/05/2001','DD/MM/YYYY'), 5976, TO_DATE('03/12/1993','DD/MM/YYYY'), 8, '58.484.899/0001-74');
INSERT INTO SOLICITACAO (IDENTIFICADOR, DATA_SOLICITACAO, DATA_PREVISTA, DATA_ENTREGA, VALOR_COMPRA, PRAZO_PAGAMENTO, CODIGO_FILIAL, CNPJ_FORNECEDOR) VALUES (22, TO_DATE('04/02/1967','DD/MM/YYYY'), TO_DATE('27/05/1989','DD/MM/YYYY'), TO_DATE('03/04/1921','DD/MM/YYYY'), 6941, TO_DATE('14/01/2001','DD/MM/YYYY'), 4, '45.858.363/0001-18');
INSERT INTO SOLICITACAO (IDENTIFICADOR, DATA_SOLICITACAO, DATA_PREVISTA, DATA_ENTREGA, VALOR_COMPRA, PRAZO_PAGAMENTO, CODIGO_FILIAL, CNPJ_FORNECEDOR) VALUES (23, TO_DATE('19/12/1973','DD/MM/YYYY'), TO_DATE('18/06/1997','DD/MM/YYYY'), TO_DATE('06/05/1970','DD/MM/YYYY'), 7459, TO_DATE('13/09/2018','DD/MM/YYYY'), 2, '63.575.737/0001-23');
INSERT INTO SOLICITACAO (IDENTIFICADOR, DATA_SOLICITACAO, DATA_PREVISTA, DATA_ENTREGA, VALOR_COMPRA, PRAZO_PAGAMENTO, CODIGO_FILIAL, CNPJ_FORNECEDOR) VALUES (24, TO_DATE('28/01/2012','DD/MM/YYYY'), TO_DATE('20/09/1927','DD/MM/YYYY'), TO_DATE('16/12/2006','DD/MM/YYYY'), 5163, TO_DATE('28/04/2009','DD/MM/YYYY'), 6, '49.614.165/0001-35');
INSERT INTO SOLICITACAO (IDENTIFICADOR, DATA_SOLICITACAO, DATA_PREVISTA, DATA_ENTREGA, VALOR_COMPRA, PRAZO_PAGAMENTO, CODIGO_FILIAL, CNPJ_FORNECEDOR) VALUES (25, TO_DATE('14/04/1988','DD/MM/YYYY'), TO_DATE('05/06/1930','DD/MM/YYYY'), TO_DATE('07/03/1934','DD/MM/YYYY'), 2789, TO_DATE('20/03/1944','DD/MM/YYYY'), 8, '32.757.471/0001-47');
INSERT INTO SOLICITACAO (IDENTIFICADOR, DATA_SOLICITACAO, DATA_PREVISTA, DATA_ENTREGA, VALOR_COMPRA, PRAZO_PAGAMENTO, CODIGO_FILIAL, CNPJ_FORNECEDOR) VALUES (26, TO_DATE('03/04/1924','DD/MM/YYYY'), TO_DATE('14/05/1916','DD/MM/YYYY'), TO_DATE('05/12/2010','DD/MM/YYYY'), 3267, TO_DATE('25/10/2007','DD/MM/YYYY'), 3, '60.311.819/0001-22');
INSERT INTO SOLICITACAO (IDENTIFICADOR, DATA_SOLICITACAO, DATA_PREVISTA, DATA_ENTREGA, VALOR_COMPRA, PRAZO_PAGAMENTO, CODIGO_FILIAL, CNPJ_FORNECEDOR) VALUES (27, TO_DATE('22/12/1928','DD/MM/YYYY'), TO_DATE('27/10/1980','DD/MM/YYYY'), TO_DATE('28/05/2018','DD/MM/YYYY'), 7693, TO_DATE('14/01/2000','DD/MM/YYYY'), 8, '27.388.562/0001-61');
INSERT INTO SOLICITACAO (IDENTIFICADOR, DATA_SOLICITACAO, DATA_PREVISTA, DATA_ENTREGA, VALOR_COMPRA, PRAZO_PAGAMENTO, CODIGO_FILIAL, CNPJ_FORNECEDOR) VALUES (28, TO_DATE('05/12/1966','DD/MM/YYYY'), TO_DATE('12/12/1933','DD/MM/YYYY'), TO_DATE('09/02/1933','DD/MM/YYYY'), 1373, TO_DATE('19/01/1959','DD/MM/YYYY'), 0, '45.858.363/0001-18');
INSERT INTO SOLICITACAO (IDENTIFICADOR, DATA_SOLICITACAO, DATA_PREVISTA, DATA_ENTREGA, VALOR_COMPRA, PRAZO_PAGAMENTO, CODIGO_FILIAL, CNPJ_FORNECEDOR) VALUES (29, TO_DATE('17/05/1960','DD/MM/YYYY'), TO_DATE('10/04/1949','DD/MM/YYYY'), TO_DATE('11/12/1935','DD/MM/YYYY'), 4677, TO_DATE('10/12/2003','DD/MM/YYYY'), 1, '45.858.363/0001-18');
INSERT INTO SOLICITACAO (IDENTIFICADOR, DATA_SOLICITACAO, DATA_PREVISTA, DATA_ENTREGA, VALOR_COMPRA, PRAZO_PAGAMENTO, CODIGO_FILIAL, CNPJ_FORNECEDOR) VALUES (30, TO_DATE('06/08/1937','DD/MM/YYYY'), TO_DATE('22/09/1967','DD/MM/YYYY'), TO_DATE('12/01/1986','DD/MM/YYYY'), 9612, TO_DATE('15/02/1975','DD/MM/YYYY'), 7, '11.727.310/0001-60');
INSERT INTO SOLICITACAO (IDENTIFICADOR, DATA_SOLICITACAO, DATA_PREVISTA, DATA_ENTREGA, VALOR_COMPRA, PRAZO_PAGAMENTO, CODIGO_FILIAL, CNPJ_FORNECEDOR) VALUES (31, TO_DATE('25/12/1940','DD/MM/YYYY'), TO_DATE('22/12/2004','DD/MM/YYYY'), TO_DATE('19/11/1951','DD/MM/YYYY'), 2340, TO_DATE('19/06/1983','DD/MM/YYYY'), 4, '75.418.951/0001-11');
INSERT INTO SOLICITACAO (IDENTIFICADOR, DATA_SOLICITACAO, DATA_PREVISTA, DATA_ENTREGA, VALOR_COMPRA, PRAZO_PAGAMENTO, CODIGO_FILIAL, CNPJ_FORNECEDOR) VALUES (32, TO_DATE('22/08/2009','DD/MM/YYYY'), TO_DATE('19/10/1975','DD/MM/YYYY'), TO_DATE('07/03/1955','DD/MM/YYYY'), 2891, TO_DATE('06/12/1938','DD/MM/YYYY'), 5, '60.311.819/0001-22');
INSERT INTO SOLICITACAO (IDENTIFICADOR, DATA_SOLICITACAO, DATA_PREVISTA, DATA_ENTREGA, VALOR_COMPRA, PRAZO_PAGAMENTO, CODIGO_FILIAL, CNPJ_FORNECEDOR) VALUES (33, TO_DATE('26/07/2002','DD/MM/YYYY'), TO_DATE('26/07/1952','DD/MM/YYYY'), TO_DATE('16/01/2005','DD/MM/YYYY'), 6659, TO_DATE('27/04/1990','DD/MM/YYYY'), 2, '47.277.549/0001-76');
INSERT INTO SOLICITACAO (IDENTIFICADOR, DATA_SOLICITACAO, DATA_PREVISTA, DATA_ENTREGA, VALOR_COMPRA, PRAZO_PAGAMENTO, CODIGO_FILIAL, CNPJ_FORNECEDOR) VALUES (34, TO_DATE('08/01/1953','DD/MM/YYYY'), TO_DATE('27/12/1936','DD/MM/YYYY'), TO_DATE('14/03/1981','DD/MM/YYYY'), 5475, TO_DATE('21/04/1910','DD/MM/YYYY'), 8, '76.884.987/0001-73');
INSERT INTO SOLICITACAO (IDENTIFICADOR, DATA_SOLICITACAO, DATA_PREVISTA, DATA_ENTREGA, VALOR_COMPRA, PRAZO_PAGAMENTO, CODIGO_FILIAL, CNPJ_FORNECEDOR) VALUES (35, TO_DATE('05/07/1941','DD/MM/YYYY'), TO_DATE('13/09/1961','DD/MM/YYYY'), TO_DATE('03/08/1920','DD/MM/YYYY'), 4495, TO_DATE('13/12/1921','DD/MM/YYYY'), 7, '32.757.471/0001-47');
INSERT INTO SOLICITACAO (IDENTIFICADOR, DATA_SOLICITACAO, DATA_PREVISTA, DATA_ENTREGA, VALOR_COMPRA, PRAZO_PAGAMENTO, CODIGO_FILIAL, CNPJ_FORNECEDOR) VALUES (36, TO_DATE('21/09/1936','DD/MM/YYYY'), TO_DATE('27/06/1944','DD/MM/YYYY'), TO_DATE('07/09/1996','DD/MM/YYYY'), 7913, TO_DATE('26/02/1971','DD/MM/YYYY'), 0, '58.484.899/0001-74');
INSERT INTO SOLICITACAO (IDENTIFICADOR, DATA_SOLICITACAO, DATA_PREVISTA, DATA_ENTREGA, VALOR_COMPRA, PRAZO_PAGAMENTO, CODIGO_FILIAL, CNPJ_FORNECEDOR) VALUES (37, TO_DATE('28/07/1946','DD/MM/YYYY'), TO_DATE('02/11/1944','DD/MM/YYYY'), TO_DATE('09/09/1952','DD/MM/YYYY'), 7001, TO_DATE('05/05/1957','DD/MM/YYYY'), 1, '76.884.987/0001-73');
INSERT INTO SOLICITACAO (IDENTIFICADOR, DATA_SOLICITACAO, DATA_PREVISTA, DATA_ENTREGA, VALOR_COMPRA, PRAZO_PAGAMENTO, CODIGO_FILIAL, CNPJ_FORNECEDOR) VALUES (38, TO_DATE('20/08/1999','DD/MM/YYYY'), TO_DATE('27/09/1985','DD/MM/YYYY'), TO_DATE('21/08/1981','DD/MM/YYYY'), 2513, TO_DATE('11/02/1937','DD/MM/YYYY'), 4, '34.609.887/0001-97');
INSERT INTO SOLICITACAO (IDENTIFICADOR, DATA_SOLICITACAO, DATA_PREVISTA, DATA_ENTREGA, VALOR_COMPRA, PRAZO_PAGAMENTO, CODIGO_FILIAL, CNPJ_FORNECEDOR) VALUES (39, TO_DATE('14/05/1996','DD/MM/YYYY'), TO_DATE('19/02/1964','DD/MM/YYYY'), TO_DATE('22/06/1951','DD/MM/YYYY'), 5503, TO_DATE('01/01/2018','DD/MM/YYYY'), 2, '11.727.310/0001-60');
INSERT INTO SOLICITACAO (IDENTIFICADOR, DATA_SOLICITACAO, DATA_PREVISTA, DATA_ENTREGA, VALOR_COMPRA, PRAZO_PAGAMENTO, CODIGO_FILIAL, CNPJ_FORNECEDOR) VALUES (40, TO_DATE('16/07/1999','DD/MM/YYYY'), TO_DATE('04/02/1934','DD/MM/YYYY'), TO_DATE('08/06/1925','DD/MM/YYYY'), 6941, TO_DATE('20/08/1916','DD/MM/YYYY'), 3, '49.614.165/0001-35');
INSERT INTO SOLICITACAO (IDENTIFICADOR, DATA_SOLICITACAO, DATA_PREVISTA, DATA_ENTREGA, VALOR_COMPRA, PRAZO_PAGAMENTO, CODIGO_FILIAL, CNPJ_FORNECEDOR) VALUES (41, TO_DATE('26/04/1949','DD/MM/YYYY'), TO_DATE('19/03/1949','DD/MM/YYYY'), TO_DATE('03/08/1910','DD/MM/YYYY'), 6264, TO_DATE('26/06/1934','DD/MM/YYYY'), 2, '77.160.585/0001-60');
INSERT INTO SOLICITACAO (IDENTIFICADOR, DATA_SOLICITACAO, DATA_PREVISTA, DATA_ENTREGA, VALOR_COMPRA, PRAZO_PAGAMENTO, CODIGO_FILIAL, CNPJ_FORNECEDOR) VALUES (42, TO_DATE('16/01/1994','DD/MM/YYYY'), TO_DATE('22/03/1993','DD/MM/YYYY'), TO_DATE('26/06/2001','DD/MM/YYYY'), 7960, TO_DATE('28/06/1919','DD/MM/YYYY'), 5, '76.884.987/0001-73');
INSERT INTO SOLICITACAO (IDENTIFICADOR, DATA_SOLICITACAO, DATA_PREVISTA, DATA_ENTREGA, VALOR_COMPRA, PRAZO_PAGAMENTO, CODIGO_FILIAL, CNPJ_FORNECEDOR) VALUES (43, TO_DATE('21/08/1974','DD/MM/YYYY'), TO_DATE('08/05/1940','DD/MM/YYYY'), TO_DATE('20/03/1967','DD/MM/YYYY'), 6793, TO_DATE('09/01/2006','DD/MM/YYYY'), 1, '11.727.310/0001-60');
INSERT INTO SOLICITACAO (IDENTIFICADOR, DATA_SOLICITACAO, DATA_PREVISTA, DATA_ENTREGA, VALOR_COMPRA, PRAZO_PAGAMENTO, CODIGO_FILIAL, CNPJ_FORNECEDOR) VALUES (44, TO_DATE('12/10/1980','DD/MM/YYYY'), TO_DATE('11/08/1918','DD/MM/YYYY'), TO_DATE('23/07/1947','DD/MM/YYYY'), 9054, TO_DATE('15/02/2015','DD/MM/YYYY'), 2, '50.627.980/0001-65');
INSERT INTO SOLICITACAO (IDENTIFICADOR, DATA_SOLICITACAO, DATA_PREVISTA, DATA_ENTREGA, VALOR_COMPRA, PRAZO_PAGAMENTO, CODIGO_FILIAL, CNPJ_FORNECEDOR) VALUES (45, TO_DATE('27/05/1970','DD/MM/YYYY'), TO_DATE('06/09/2008','DD/MM/YYYY'), TO_DATE('18/05/1981','DD/MM/YYYY'), 7568, TO_DATE('04/08/1994','DD/MM/YYYY'), 2, '60.375.489/0001-80');
INSERT INTO SOLICITACAO (IDENTIFICADOR, DATA_SOLICITACAO, DATA_PREVISTA, DATA_ENTREGA, VALOR_COMPRA, PRAZO_PAGAMENTO, CODIGO_FILIAL, CNPJ_FORNECEDOR) VALUES (46, TO_DATE('04/07/2019','DD/MM/YYYY'), TO_DATE('01/05/1925','DD/MM/YYYY'), TO_DATE('09/12/1970','DD/MM/YYYY'), 1214, TO_DATE('04/07/1913','DD/MM/YYYY'), 5, '49.614.165/0001-35');
INSERT INTO SOLICITACAO (IDENTIFICADOR, DATA_SOLICITACAO, DATA_PREVISTA, DATA_ENTREGA, VALOR_COMPRA, PRAZO_PAGAMENTO, CODIGO_FILIAL, CNPJ_FORNECEDOR) VALUES (47, TO_DATE('09/04/1990','DD/MM/YYYY'), TO_DATE('10/08/2010','DD/MM/YYYY'), TO_DATE('21/10/1937','DD/MM/YYYY'), 9189, TO_DATE('08/02/1985','DD/MM/YYYY'), 4, '45.858.363/0001-18');
INSERT INTO SOLICITACAO (IDENTIFICADOR, DATA_SOLICITACAO, DATA_PREVISTA, DATA_ENTREGA, VALOR_COMPRA, PRAZO_PAGAMENTO, CODIGO_FILIAL, CNPJ_FORNECEDOR) VALUES (48, TO_DATE('23/10/1986','DD/MM/YYYY'), TO_DATE('03/09/1959','DD/MM/YYYY'), TO_DATE('03/05/2005','DD/MM/YYYY'), 5433, TO_DATE('09/10/1937','DD/MM/YYYY'), 3, '77.160.585/0001-60');
INSERT INTO SOLICITACAO (IDENTIFICADOR, DATA_SOLICITACAO, DATA_PREVISTA, DATA_ENTREGA, VALOR_COMPRA, PRAZO_PAGAMENTO, CODIGO_FILIAL, CNPJ_FORNECEDOR) VALUES (49, TO_DATE('22/09/1914','DD/MM/YYYY'), TO_DATE('03/08/1990','DD/MM/YYYY'), TO_DATE('15/06/1911','DD/MM/YYYY'), 6355, TO_DATE('11/08/1982','DD/MM/YYYY'), 2, '08.164.154/0001-72');
INSERT INTO SOLICITACAO (IDENTIFICADOR, DATA_SOLICITACAO, DATA_PREVISTA, DATA_ENTREGA, VALOR_COMPRA, PRAZO_PAGAMENTO, CODIGO_FILIAL, CNPJ_FORNECEDOR) VALUES (50, TO_DATE('23/05/1955','DD/MM/YYYY'), TO_DATE('15/12/1913','DD/MM/YYYY'), TO_DATE('10/07/1953','DD/MM/YYYY'), 7169, TO_DATE('23/08/1963','DD/MM/YYYY'), 2, '47.277.549/0001-76');
INSERT INTO SOLICITACAO (IDENTIFICADOR, DATA_SOLICITACAO, DATA_PREVISTA, DATA_ENTREGA, VALOR_COMPRA, PRAZO_PAGAMENTO, CODIGO_FILIAL, CNPJ_FORNECEDOR) VALUES (51, TO_DATE('02/05/2003','DD/MM/YYYY'), TO_DATE('26/11/1986','DD/MM/YYYY'), TO_DATE('06/10/1918','DD/MM/YYYY'), 1735, TO_DATE('10/07/1989','DD/MM/YYYY'), 5, '60.311.819/0001-22');
INSERT INTO SOLICITACAO (IDENTIFICADOR, DATA_SOLICITACAO, DATA_PREVISTA, DATA_ENTREGA, VALOR_COMPRA, PRAZO_PAGAMENTO, CODIGO_FILIAL, CNPJ_FORNECEDOR) VALUES (52, TO_DATE('11/11/1924','DD/MM/YYYY'), TO_DATE('16/01/1963','DD/MM/YYYY'), TO_DATE('08/09/1994','DD/MM/YYYY'), 4825, TO_DATE('16/04/1956','DD/MM/YYYY'), 7, '70.265.633/0001-81');
INSERT INTO SOLICITACAO (IDENTIFICADOR, DATA_SOLICITACAO, DATA_PREVISTA, DATA_ENTREGA, VALOR_COMPRA, PRAZO_PAGAMENTO, CODIGO_FILIAL, CNPJ_FORNECEDOR) VALUES (53, TO_DATE('03/03/1933','DD/MM/YYYY'), TO_DATE('20/07/1971','DD/MM/YYYY'), TO_DATE('28/02/2007','DD/MM/YYYY'), 6005, TO_DATE('26/04/2008','DD/MM/YYYY'), 5, '32.757.471/0001-47');
INSERT INTO SOLICITACAO (IDENTIFICADOR, DATA_SOLICITACAO, DATA_PREVISTA, DATA_ENTREGA, VALOR_COMPRA, PRAZO_PAGAMENTO, CODIGO_FILIAL, CNPJ_FORNECEDOR) VALUES (54, TO_DATE('18/07/1974','DD/MM/YYYY'), TO_DATE('22/11/1952','DD/MM/YYYY'), TO_DATE('05/10/1916','DD/MM/YYYY'), 7983, TO_DATE('06/01/1912','DD/MM/YYYY'), 0, '28.339.829/0001-57');
INSERT INTO SOLICITACAO (IDENTIFICADOR, DATA_SOLICITACAO, DATA_PREVISTA, DATA_ENTREGA, VALOR_COMPRA, PRAZO_PAGAMENTO, CODIGO_FILIAL, CNPJ_FORNECEDOR) VALUES (55, TO_DATE('20/12/2003','DD/MM/YYYY'), TO_DATE('23/01/1936','DD/MM/YYYY'), TO_DATE('23/05/1930','DD/MM/YYYY'), 9552, TO_DATE('06/07/1936','DD/MM/YYYY'), 9, '11.275.676/0001-72');
INSERT INTO SOLICITACAO (IDENTIFICADOR, DATA_SOLICITACAO, DATA_PREVISTA, DATA_ENTREGA, VALOR_COMPRA, PRAZO_PAGAMENTO, CODIGO_FILIAL, CNPJ_FORNECEDOR) VALUES (56, TO_DATE('12/10/1995','DD/MM/YYYY'), TO_DATE('14/09/1964','DD/MM/YYYY'), TO_DATE('10/05/1969','DD/MM/YYYY'), 3610, TO_DATE('11/07/2016','DD/MM/YYYY'), 8, '47.277.549/0001-76');
INSERT INTO SOLICITACAO (IDENTIFICADOR, DATA_SOLICITACAO, DATA_PREVISTA, DATA_ENTREGA, VALOR_COMPRA, PRAZO_PAGAMENTO, CODIGO_FILIAL, CNPJ_FORNECEDOR) VALUES (57, TO_DATE('13/01/1987','DD/MM/YYYY'), TO_DATE('16/03/1957','DD/MM/YYYY'), TO_DATE('09/04/1963','DD/MM/YYYY'), 2699, TO_DATE('11/09/1946','DD/MM/YYYY'), 0, '08.164.154/0001-72');
INSERT INTO SOLICITACAO (IDENTIFICADOR, DATA_SOLICITACAO, DATA_PREVISTA, DATA_ENTREGA, VALOR_COMPRA, PRAZO_PAGAMENTO, CODIGO_FILIAL, CNPJ_FORNECEDOR) VALUES (58, TO_DATE('27/10/2008','DD/MM/YYYY'), TO_DATE('16/10/2001','DD/MM/YYYY'), TO_DATE('23/08/1945','DD/MM/YYYY'), 4189, TO_DATE('28/12/2004','DD/MM/YYYY'), 9, '11.727.310/0001-60');
INSERT INTO SOLICITACAO (IDENTIFICADOR, DATA_SOLICITACAO, DATA_PREVISTA, DATA_ENTREGA, VALOR_COMPRA, PRAZO_PAGAMENTO, CODIGO_FILIAL, CNPJ_FORNECEDOR) VALUES (59, TO_DATE('06/07/1990','DD/MM/YYYY'), TO_DATE('06/05/1915','DD/MM/YYYY'), TO_DATE('18/12/1922','DD/MM/YYYY'), 2907, TO_DATE('06/06/2016','DD/MM/YYYY'), 3, '50.627.980/0001-65');
INSERT INTO SOLICITACAO (IDENTIFICADOR, DATA_SOLICITACAO, DATA_PREVISTA, DATA_ENTREGA, VALOR_COMPRA, PRAZO_PAGAMENTO, CODIGO_FILIAL, CNPJ_FORNECEDOR) VALUES (60, TO_DATE('03/05/1976','DD/MM/YYYY'), TO_DATE('14/07/2005','DD/MM/YYYY'), TO_DATE('22/02/1983','DD/MM/YYYY'), 6118, TO_DATE('08/03/1927','DD/MM/YYYY'), 5, '58.484.899/0001-74');
INSERT INTO SOLICITACAO (IDENTIFICADOR, DATA_SOLICITACAO, DATA_PREVISTA, DATA_ENTREGA, VALOR_COMPRA, PRAZO_PAGAMENTO, CODIGO_FILIAL, CNPJ_FORNECEDOR) VALUES (61, TO_DATE('09/02/1997','DD/MM/YYYY'), TO_DATE('13/03/1978','DD/MM/YYYY'), TO_DATE('28/07/2006','DD/MM/YYYY'), 6563, TO_DATE('12/08/1990','DD/MM/YYYY'), 7, '28.339.829/0001-57');
INSERT INTO SOLICITACAO (IDENTIFICADOR, DATA_SOLICITACAO, DATA_PREVISTA, DATA_ENTREGA, VALOR_COMPRA, PRAZO_PAGAMENTO, CODIGO_FILIAL, CNPJ_FORNECEDOR) VALUES (62, TO_DATE('15/07/2006','DD/MM/YYYY'), TO_DATE('07/08/1926','DD/MM/YYYY'), TO_DATE('03/06/1943','DD/MM/YYYY'), 5663, TO_DATE('07/06/1912','DD/MM/YYYY'), 3, '32.757.471/0001-47');
INSERT INTO SOLICITACAO (IDENTIFICADOR, DATA_SOLICITACAO, DATA_PREVISTA, DATA_ENTREGA, VALOR_COMPRA, PRAZO_PAGAMENTO, CODIGO_FILIAL, CNPJ_FORNECEDOR) VALUES (63, TO_DATE('23/06/1984','DD/MM/YYYY'), TO_DATE('02/08/1999','DD/MM/YYYY'), TO_DATE('03/07/1962','DD/MM/YYYY'), 3653, TO_DATE('20/08/1959','DD/MM/YYYY'), 3, '34.609.887/0001-97');
INSERT INTO SOLICITACAO (IDENTIFICADOR, DATA_SOLICITACAO, DATA_PREVISTA, DATA_ENTREGA, VALOR_COMPRA, PRAZO_PAGAMENTO, CODIGO_FILIAL, CNPJ_FORNECEDOR) VALUES (64, TO_DATE('11/12/2013','DD/MM/YYYY'), TO_DATE('20/12/1947','DD/MM/YYYY'), TO_DATE('25/07/1930','DD/MM/YYYY'), 5472, TO_DATE('09/12/1920','DD/MM/YYYY'), 5, '76.884.987/0001-73');
INSERT INTO SOLICITACAO (IDENTIFICADOR, DATA_SOLICITACAO, DATA_PREVISTA, DATA_ENTREGA, VALOR_COMPRA, PRAZO_PAGAMENTO, CODIGO_FILIAL, CNPJ_FORNECEDOR) VALUES (65, TO_DATE('16/04/1930','DD/MM/YYYY'), TO_DATE('08/06/2016','DD/MM/YYYY'), TO_DATE('01/07/1932','DD/MM/YYYY'), 1310, TO_DATE('08/04/2008','DD/MM/YYYY'), 2, '58.484.899/0001-74');
INSERT INTO SOLICITACAO (IDENTIFICADOR, DATA_SOLICITACAO, DATA_PREVISTA, DATA_ENTREGA, VALOR_COMPRA, PRAZO_PAGAMENTO, CODIGO_FILIAL, CNPJ_FORNECEDOR) VALUES (66, TO_DATE('28/11/1913','DD/MM/YYYY'), TO_DATE('14/01/1954','DD/MM/YYYY'), TO_DATE('22/06/1944','DD/MM/YYYY'), 7940, TO_DATE('08/12/1937','DD/MM/YYYY'), 3, '77.160.585/0001-60');
INSERT INTO SOLICITACAO (IDENTIFICADOR, DATA_SOLICITACAO, DATA_PREVISTA, DATA_ENTREGA, VALOR_COMPRA, PRAZO_PAGAMENTO, CODIGO_FILIAL, CNPJ_FORNECEDOR) VALUES (67, TO_DATE('22/08/2017','DD/MM/YYYY'), TO_DATE('04/09/2004','DD/MM/YYYY'), TO_DATE('12/02/1977','DD/MM/YYYY'), 3884, TO_DATE('20/07/1950','DD/MM/YYYY'), 4, '27.388.562/0001-61');
INSERT INTO SOLICITACAO (IDENTIFICADOR, DATA_SOLICITACAO, DATA_PREVISTA, DATA_ENTREGA, VALOR_COMPRA, PRAZO_PAGAMENTO, CODIGO_FILIAL, CNPJ_FORNECEDOR) VALUES (68, TO_DATE('19/10/1951','DD/MM/YYYY'), TO_DATE('24/07/1953','DD/MM/YYYY'), TO_DATE('28/05/1911','DD/MM/YYYY'), 4792, TO_DATE('24/07/1958','DD/MM/YYYY'), 9, '11.275.676/0001-72');
INSERT INTO SOLICITACAO (IDENTIFICADOR, DATA_SOLICITACAO, DATA_PREVISTA, DATA_ENTREGA, VALOR_COMPRA, PRAZO_PAGAMENTO, CODIGO_FILIAL, CNPJ_FORNECEDOR) VALUES (69, TO_DATE('15/12/1967','DD/MM/YYYY'), TO_DATE('18/10/1979','DD/MM/YYYY'), TO_DATE('09/06/1991','DD/MM/YYYY'), 5468, TO_DATE('12/10/1939','DD/MM/YYYY'), 0, '49.614.165/0001-35');
INSERT INTO SOLICITACAO (IDENTIFICADOR, DATA_SOLICITACAO, DATA_PREVISTA, DATA_ENTREGA, VALOR_COMPRA, PRAZO_PAGAMENTO, CODIGO_FILIAL, CNPJ_FORNECEDOR) VALUES (70, TO_DATE('11/07/1974','DD/MM/YYYY'), TO_DATE('15/10/2018','DD/MM/YYYY'), TO_DATE('17/02/1912','DD/MM/YYYY'), 5549, TO_DATE('27/03/2004','DD/MM/YYYY'), 5, '60.311.819/0001-22');
INSERT INTO SOLICITACAO (IDENTIFICADOR, DATA_SOLICITACAO, DATA_PREVISTA, DATA_ENTREGA, VALOR_COMPRA, PRAZO_PAGAMENTO, CODIGO_FILIAL, CNPJ_FORNECEDOR) VALUES (71, TO_DATE('20/01/1955','DD/MM/YYYY'), TO_DATE('17/12/1949','DD/MM/YYYY'), TO_DATE('24/03/1995','DD/MM/YYYY'), 5532, TO_DATE('03/01/1967','DD/MM/YYYY'), 9, '32.757.471/0001-47');
INSERT INTO SOLICITACAO (IDENTIFICADOR, DATA_SOLICITACAO, DATA_PREVISTA, DATA_ENTREGA, VALOR_COMPRA, PRAZO_PAGAMENTO, CODIGO_FILIAL, CNPJ_FORNECEDOR) VALUES (72, TO_DATE('01/08/2018','DD/MM/YYYY'), TO_DATE('20/03/1935','DD/MM/YYYY'), TO_DATE('03/11/1987','DD/MM/YYYY'), 8484, TO_DATE('11/10/1910','DD/MM/YYYY'), 5, '70.265.633/0001-81');
INSERT INTO SOLICITACAO (IDENTIFICADOR, DATA_SOLICITACAO, DATA_PREVISTA, DATA_ENTREGA, VALOR_COMPRA, PRAZO_PAGAMENTO, CODIGO_FILIAL, CNPJ_FORNECEDOR) VALUES (73, TO_DATE('20/07/1976','DD/MM/YYYY'), TO_DATE('06/08/1925','DD/MM/YYYY'), TO_DATE('11/07/1961','DD/MM/YYYY'), 5924, TO_DATE('08/10/1946','DD/MM/YYYY'), 0, '11.275.676/0001-72');
INSERT INTO SOLICITACAO (IDENTIFICADOR, DATA_SOLICITACAO, DATA_PREVISTA, DATA_ENTREGA, VALOR_COMPRA, PRAZO_PAGAMENTO, CODIGO_FILIAL, CNPJ_FORNECEDOR) VALUES (74, TO_DATE('27/12/1951','DD/MM/YYYY'), TO_DATE('03/09/1913','DD/MM/YYYY'), TO_DATE('21/10/1976','DD/MM/YYYY'), 9794, TO_DATE('22/06/1951','DD/MM/YYYY'), 8, '83.122.615/0001-81');
INSERT INTO SOLICITACAO (IDENTIFICADOR, DATA_SOLICITACAO, DATA_PREVISTA, DATA_ENTREGA, VALOR_COMPRA, PRAZO_PAGAMENTO, CODIGO_FILIAL, CNPJ_FORNECEDOR) VALUES (75, TO_DATE('25/05/2011','DD/MM/YYYY'), TO_DATE('09/01/1935','DD/MM/YYYY'), TO_DATE('19/07/1935','DD/MM/YYYY'), 1808, TO_DATE('27/07/1962','DD/MM/YYYY'), 2, '34.609.887/0001-97');
INSERT INTO SOLICITACAO (IDENTIFICADOR, DATA_SOLICITACAO, DATA_PREVISTA, DATA_ENTREGA, VALOR_COMPRA, PRAZO_PAGAMENTO, CODIGO_FILIAL, CNPJ_FORNECEDOR) VALUES (76, TO_DATE('09/04/1982','DD/MM/YYYY'), TO_DATE('08/06/1965','DD/MM/YYYY'), TO_DATE('02/10/1913','DD/MM/YYYY'), 9494, TO_DATE('21/02/1977','DD/MM/YYYY'), 5, '63.575.737/0001-23');
INSERT INTO SOLICITACAO (IDENTIFICADOR, DATA_SOLICITACAO, DATA_PREVISTA, DATA_ENTREGA, VALOR_COMPRA, PRAZO_PAGAMENTO, CODIGO_FILIAL, CNPJ_FORNECEDOR) VALUES (77, TO_DATE('01/11/1999','DD/MM/YYYY'), TO_DATE('15/07/1975','DD/MM/YYYY'), TO_DATE('25/04/1929','DD/MM/YYYY'), 3086, TO_DATE('04/07/1996','DD/MM/YYYY'), 4, '58.484.899/0001-74');
INSERT INTO SOLICITACAO (IDENTIFICADOR, DATA_SOLICITACAO, DATA_PREVISTA, DATA_ENTREGA, VALOR_COMPRA, PRAZO_PAGAMENTO, CODIGO_FILIAL, CNPJ_FORNECEDOR) VALUES (78, TO_DATE('02/03/1978','DD/MM/YYYY'), TO_DATE('09/01/1979','DD/MM/YYYY'), TO_DATE('21/07/1978','DD/MM/YYYY'), 6268, TO_DATE('04/09/1930','DD/MM/YYYY'), 1, '83.122.615/0001-81');
INSERT INTO SOLICITACAO (IDENTIFICADOR, DATA_SOLICITACAO, DATA_PREVISTA, DATA_ENTREGA, VALOR_COMPRA, PRAZO_PAGAMENTO, CODIGO_FILIAL, CNPJ_FORNECEDOR) VALUES (79, TO_DATE('06/01/1960','DD/MM/YYYY'), TO_DATE('05/01/1910','DD/MM/YYYY'), TO_DATE('07/09/1996','DD/MM/YYYY'), 9358, TO_DATE('28/09/2000','DD/MM/YYYY'), 0, '11.727.310/0001-60');


------ NOTA_FISCAL ------

INSERT INTO NOTA_FISCAL (NUMERO, CNPJ, QUANTIDADE, DATA, VALOR_POR_ITEM, IDENTIFICADOR_SOLICITACAO) VALUES (0, '32.757.471/0001-47', 666, TO_DATE('12/03/1925','DD/MM/YYYY'), 68, 0);
INSERT INTO NOTA_FISCAL (NUMERO, CNPJ, QUANTIDADE, DATA, VALOR_POR_ITEM, IDENTIFICADOR_SOLICITACAO) VALUES (1, '60.375.489/0001-80', 32, TO_DATE('18/01/1964','DD/MM/YYYY'), 44, 1);
INSERT INTO NOTA_FISCAL (NUMERO, CNPJ, QUANTIDADE, DATA, VALOR_POR_ITEM, IDENTIFICADOR_SOLICITACAO) VALUES (2, '34.609.887/0001-97', 987, TO_DATE('04/06/1952','DD/MM/YYYY'), 28, 2);
INSERT INTO NOTA_FISCAL (NUMERO, CNPJ, QUANTIDADE, DATA, VALOR_POR_ITEM, IDENTIFICADOR_SOLICITACAO) VALUES (3, '50.627.980/0001-65', 142, TO_DATE('02/10/2015','DD/MM/YYYY'), 76, 3);
INSERT INTO NOTA_FISCAL (NUMERO, CNPJ, QUANTIDADE, DATA, VALOR_POR_ITEM, IDENTIFICADOR_SOLICITACAO) VALUES (4, '08.164.154/0001-72', 498, TO_DATE('25/10/1932','DD/MM/YYYY'), 99, 4);
INSERT INTO NOTA_FISCAL (NUMERO, CNPJ, QUANTIDADE, DATA, VALOR_POR_ITEM, IDENTIFICADOR_SOLICITACAO) VALUES (5, '60.375.489/0001-80', 678, TO_DATE('17/01/1961','DD/MM/YYYY'), 43, 5);
INSERT INTO NOTA_FISCAL (NUMERO, CNPJ, QUANTIDADE, DATA, VALOR_POR_ITEM, IDENTIFICADOR_SOLICITACAO) VALUES (6, '47.277.549/0001-76', 700, TO_DATE('07/01/2016','DD/MM/YYYY'), 33, 6);
INSERT INTO NOTA_FISCAL (NUMERO, CNPJ, QUANTIDADE, DATA, VALOR_POR_ITEM, IDENTIFICADOR_SOLICITACAO) VALUES (7, '28.339.829/0001-57', 590, TO_DATE('25/08/1955','DD/MM/YYYY'), 24, 7);
INSERT INTO NOTA_FISCAL (NUMERO, CNPJ, QUANTIDADE, DATA, VALOR_POR_ITEM, IDENTIFICADOR_SOLICITACAO) VALUES (8, '45.858.363/0001-18', 658, TO_DATE('05/07/1931','DD/MM/YYYY'), 71, 8);
INSERT INTO NOTA_FISCAL (NUMERO, CNPJ, QUANTIDADE, DATA, VALOR_POR_ITEM, IDENTIFICADOR_SOLICITACAO) VALUES (9, '63.575.737/0001-23', 181, TO_DATE('04/05/1917','DD/MM/YYYY'), 52, 9);
INSERT INTO NOTA_FISCAL (NUMERO, CNPJ, QUANTIDADE, DATA, VALOR_POR_ITEM, IDENTIFICADOR_SOLICITACAO) VALUES (10, '45.858.363/0001-18', 797, TO_DATE('06/04/1939','DD/MM/YYYY'), 47, 10);
INSERT INTO NOTA_FISCAL (NUMERO, CNPJ, QUANTIDADE, DATA, VALOR_POR_ITEM, IDENTIFICADOR_SOLICITACAO) VALUES (11, '32.757.471/0001-47', 167, TO_DATE('06/02/1923','DD/MM/YYYY'), 90, 11);
INSERT INTO NOTA_FISCAL (NUMERO, CNPJ, QUANTIDADE, DATA, VALOR_POR_ITEM, IDENTIFICADOR_SOLICITACAO) VALUES (12, '58.484.899/0001-74', 555, TO_DATE('04/07/1960','DD/MM/YYYY'), 20, 12);
INSERT INTO NOTA_FISCAL (NUMERO, CNPJ, QUANTIDADE, DATA, VALOR_POR_ITEM, IDENTIFICADOR_SOLICITACAO) VALUES (13, '45.858.363/0001-18', 31, TO_DATE('12/11/1938','DD/MM/YYYY'), 86, 13);
INSERT INTO NOTA_FISCAL (NUMERO, CNPJ, QUANTIDADE, DATA, VALOR_POR_ITEM, IDENTIFICADOR_SOLICITACAO) VALUES (14, '83.122.615/0001-81', 294, TO_DATE('20/08/1920','DD/MM/YYYY'), 65, 14);
INSERT INTO NOTA_FISCAL (NUMERO, CNPJ, QUANTIDADE, DATA, VALOR_POR_ITEM, IDENTIFICADOR_SOLICITACAO) VALUES (15, '76.884.987/0001-73', 650, TO_DATE('21/01/1949','DD/MM/YYYY'), 10, 15);
INSERT INTO NOTA_FISCAL (NUMERO, CNPJ, QUANTIDADE, DATA, VALOR_POR_ITEM, IDENTIFICADOR_SOLICITACAO) VALUES (16, '76.884.987/0001-73', 302, TO_DATE('19/01/1983','DD/MM/YYYY'), 99, 16);
INSERT INTO NOTA_FISCAL (NUMERO, CNPJ, QUANTIDADE, DATA, VALOR_POR_ITEM, IDENTIFICADOR_SOLICITACAO) VALUES (17, '08.164.154/0001-72', 889, TO_DATE('24/01/1914','DD/MM/YYYY'), 35, 17);
INSERT INTO NOTA_FISCAL (NUMERO, CNPJ, QUANTIDADE, DATA, VALOR_POR_ITEM, IDENTIFICADOR_SOLICITACAO) VALUES (18, '77.160.585/0001-60', 297, TO_DATE('15/11/1915','DD/MM/YYYY'), 91, 18);
INSERT INTO NOTA_FISCAL (NUMERO, CNPJ, QUANTIDADE, DATA, VALOR_POR_ITEM, IDENTIFICADOR_SOLICITACAO) VALUES (19, '50.627.980/0001-65', 796, TO_DATE('23/01/1938','DD/MM/YYYY'), 67, 19);
INSERT INTO NOTA_FISCAL (NUMERO, CNPJ, QUANTIDADE, DATA, VALOR_POR_ITEM, IDENTIFICADOR_SOLICITACAO) VALUES (20, '32.757.471/0001-47', 318, TO_DATE('12/10/1981','DD/MM/YYYY'), 50, 20);
INSERT INTO NOTA_FISCAL (NUMERO, CNPJ, QUANTIDADE, DATA, VALOR_POR_ITEM, IDENTIFICADOR_SOLICITACAO) VALUES (21, '58.484.899/0001-74', 561, TO_DATE('14/12/1950','DD/MM/YYYY'), 33, 21);
INSERT INTO NOTA_FISCAL (NUMERO, CNPJ, QUANTIDADE, DATA, VALOR_POR_ITEM, IDENTIFICADOR_SOLICITACAO) VALUES (22, '45.858.363/0001-18', 362, TO_DATE('16/06/1927','DD/MM/YYYY'), 62, 22);
INSERT INTO NOTA_FISCAL (NUMERO, CNPJ, QUANTIDADE, DATA, VALOR_POR_ITEM, IDENTIFICADOR_SOLICITACAO) VALUES (23, '63.575.737/0001-23', 520, TO_DATE('09/07/1999','DD/MM/YYYY'), 64, 23);
INSERT INTO NOTA_FISCAL (NUMERO, CNPJ, QUANTIDADE, DATA, VALOR_POR_ITEM, IDENTIFICADOR_SOLICITACAO) VALUES (24, '49.614.165/0001-35', 384, TO_DATE('19/02/1975','DD/MM/YYYY'), 54, 24);
INSERT INTO NOTA_FISCAL (NUMERO, CNPJ, QUANTIDADE, DATA, VALOR_POR_ITEM, IDENTIFICADOR_SOLICITACAO) VALUES (25, '32.757.471/0001-47', 626, TO_DATE('12/11/1965','DD/MM/YYYY'), 70, 25);
INSERT INTO NOTA_FISCAL (NUMERO, CNPJ, QUANTIDADE, DATA, VALOR_POR_ITEM, IDENTIFICADOR_SOLICITACAO) VALUES (26, '60.311.819/0001-22', 737, TO_DATE('08/03/1929','DD/MM/YYYY'), 33, 26);
INSERT INTO NOTA_FISCAL (NUMERO, CNPJ, QUANTIDADE, DATA, VALOR_POR_ITEM, IDENTIFICADOR_SOLICITACAO) VALUES (27, '27.388.562/0001-61', 173, TO_DATE('16/12/1984','DD/MM/YYYY'), 46, 27);
INSERT INTO NOTA_FISCAL (NUMERO, CNPJ, QUANTIDADE, DATA, VALOR_POR_ITEM, IDENTIFICADOR_SOLICITACAO) VALUES (28, '45.858.363/0001-18', 406, TO_DATE('16/07/1966','DD/MM/YYYY'), 45, 28);
INSERT INTO NOTA_FISCAL (NUMERO, CNPJ, QUANTIDADE, DATA, VALOR_POR_ITEM, IDENTIFICADOR_SOLICITACAO) VALUES (29, '45.858.363/0001-18', 34, TO_DATE('08/05/1968','DD/MM/YYYY'), 95, 29);
INSERT INTO NOTA_FISCAL (NUMERO, CNPJ, QUANTIDADE, DATA, VALOR_POR_ITEM, IDENTIFICADOR_SOLICITACAO) VALUES (30, '11.727.310/0001-60', 234, TO_DATE('17/07/1926','DD/MM/YYYY'), 51, 30);
INSERT INTO NOTA_FISCAL (NUMERO, CNPJ, QUANTIDADE, DATA, VALOR_POR_ITEM, IDENTIFICADOR_SOLICITACAO) VALUES (31, '75.418.951/0001-11', 217, TO_DATE('28/02/1929','DD/MM/YYYY'), 86, 31);
INSERT INTO NOTA_FISCAL (NUMERO, CNPJ, QUANTIDADE, DATA, VALOR_POR_ITEM, IDENTIFICADOR_SOLICITACAO) VALUES (32, '60.311.819/0001-22', 425, TO_DATE('28/12/1975','DD/MM/YYYY'), 91, 32);
INSERT INTO NOTA_FISCAL (NUMERO, CNPJ, QUANTIDADE, DATA, VALOR_POR_ITEM, IDENTIFICADOR_SOLICITACAO) VALUES (33, '47.277.549/0001-76', 841, TO_DATE('13/03/2006','DD/MM/YYYY'), 62, 33);
INSERT INTO NOTA_FISCAL (NUMERO, CNPJ, QUANTIDADE, DATA, VALOR_POR_ITEM, IDENTIFICADOR_SOLICITACAO) VALUES (34, '76.884.987/0001-73', 312, TO_DATE('13/08/1941','DD/MM/YYYY'), 94, 34);
INSERT INTO NOTA_FISCAL (NUMERO, CNPJ, QUANTIDADE, DATA, VALOR_POR_ITEM, IDENTIFICADOR_SOLICITACAO) VALUES (35, '32.757.471/0001-47', 351, TO_DATE('15/12/1911','DD/MM/YYYY'), 87, 35);
INSERT INTO NOTA_FISCAL (NUMERO, CNPJ, QUANTIDADE, DATA, VALOR_POR_ITEM, IDENTIFICADOR_SOLICITACAO) VALUES (36, '58.484.899/0001-74', 673, TO_DATE('01/03/1963','DD/MM/YYYY'), 81, 36);
INSERT INTO NOTA_FISCAL (NUMERO, CNPJ, QUANTIDADE, DATA, VALOR_POR_ITEM, IDENTIFICADOR_SOLICITACAO) VALUES (37, '76.884.987/0001-73', 104, TO_DATE('01/05/1953','DD/MM/YYYY'), 28, 37);
INSERT INTO NOTA_FISCAL (NUMERO, CNPJ, QUANTIDADE, DATA, VALOR_POR_ITEM, IDENTIFICADOR_SOLICITACAO) VALUES (38, '34.609.887/0001-97', 32, TO_DATE('23/04/1990','DD/MM/YYYY'), 72, 38);
INSERT INTO NOTA_FISCAL (NUMERO, CNPJ, QUANTIDADE, DATA, VALOR_POR_ITEM, IDENTIFICADOR_SOLICITACAO) VALUES (39, '11.727.310/0001-60', 535, TO_DATE('05/02/1913','DD/MM/YYYY'), 57, 39);
INSERT INTO NOTA_FISCAL (NUMERO, CNPJ, QUANTIDADE, DATA, VALOR_POR_ITEM, IDENTIFICADOR_SOLICITACAO) VALUES (40, '49.614.165/0001-35', 361, TO_DATE('12/11/1982','DD/MM/YYYY'), 11, 40);
INSERT INTO NOTA_FISCAL (NUMERO, CNPJ, QUANTIDADE, DATA, VALOR_POR_ITEM, IDENTIFICADOR_SOLICITACAO) VALUES (41, '77.160.585/0001-60', 407, TO_DATE('01/11/2004','DD/MM/YYYY'), 96, 41);
INSERT INTO NOTA_FISCAL (NUMERO, CNPJ, QUANTIDADE, DATA, VALOR_POR_ITEM, IDENTIFICADOR_SOLICITACAO) VALUES (42, '76.884.987/0001-73', 908, TO_DATE('11/10/1984','DD/MM/YYYY'), 47, 42);
INSERT INTO NOTA_FISCAL (NUMERO, CNPJ, QUANTIDADE, DATA, VALOR_POR_ITEM, IDENTIFICADOR_SOLICITACAO) VALUES (43, '11.727.310/0001-60', 641, TO_DATE('05/05/1933','DD/MM/YYYY'), 76, 43);
INSERT INTO NOTA_FISCAL (NUMERO, CNPJ, QUANTIDADE, DATA, VALOR_POR_ITEM, IDENTIFICADOR_SOLICITACAO) VALUES (44, '50.627.980/0001-65', 495, TO_DATE('07/05/1966','DD/MM/YYYY'), 79, 44);
INSERT INTO NOTA_FISCAL (NUMERO, CNPJ, QUANTIDADE, DATA, VALOR_POR_ITEM, IDENTIFICADOR_SOLICITACAO) VALUES (45, '60.375.489/0001-80', 344, TO_DATE('07/03/1960','DD/MM/YYYY'), 35, 45);
INSERT INTO NOTA_FISCAL (NUMERO, CNPJ, QUANTIDADE, DATA, VALOR_POR_ITEM, IDENTIFICADOR_SOLICITACAO) VALUES (46, '49.614.165/0001-35', 914, TO_DATE('18/04/1943','DD/MM/YYYY'), 74, 46);
INSERT INTO NOTA_FISCAL (NUMERO, CNPJ, QUANTIDADE, DATA, VALOR_POR_ITEM, IDENTIFICADOR_SOLICITACAO) VALUES (47, '45.858.363/0001-18', 900, TO_DATE('27/04/1982','DD/MM/YYYY'), 94, 47);
INSERT INTO NOTA_FISCAL (NUMERO, CNPJ, QUANTIDADE, DATA, VALOR_POR_ITEM, IDENTIFICADOR_SOLICITACAO) VALUES (48, '77.160.585/0001-60', 783, TO_DATE('21/08/1961','DD/MM/YYYY'), 55, 48);
INSERT INTO NOTA_FISCAL (NUMERO, CNPJ, QUANTIDADE, DATA, VALOR_POR_ITEM, IDENTIFICADOR_SOLICITACAO) VALUES (49, '08.164.154/0001-72', 91, TO_DATE('18/06/1947','DD/MM/YYYY'), 27, 49);
INSERT INTO NOTA_FISCAL (NUMERO, CNPJ, QUANTIDADE, DATA, VALOR_POR_ITEM, IDENTIFICADOR_SOLICITACAO) VALUES (50, '47.277.549/0001-76', 299, TO_DATE('08/10/1919','DD/MM/YYYY'), 15, 50);
INSERT INTO NOTA_FISCAL (NUMERO, CNPJ, QUANTIDADE, DATA, VALOR_POR_ITEM, IDENTIFICADOR_SOLICITACAO) VALUES (51, '60.311.819/0001-22', 703, TO_DATE('22/06/1991','DD/MM/YYYY'), 52, 51);
INSERT INTO NOTA_FISCAL (NUMERO, CNPJ, QUANTIDADE, DATA, VALOR_POR_ITEM, IDENTIFICADOR_SOLICITACAO) VALUES (52, '70.265.633/0001-81', 406, TO_DATE('10/12/1930','DD/MM/YYYY'), 68, 52);
INSERT INTO NOTA_FISCAL (NUMERO, CNPJ, QUANTIDADE, DATA, VALOR_POR_ITEM, IDENTIFICADOR_SOLICITACAO) VALUES (53, '32.757.471/0001-47', 303, TO_DATE('24/10/1921','DD/MM/YYYY'), 26, 53);
INSERT INTO NOTA_FISCAL (NUMERO, CNPJ, QUANTIDADE, DATA, VALOR_POR_ITEM, IDENTIFICADOR_SOLICITACAO) VALUES (54, '28.339.829/0001-57', 989, TO_DATE('12/09/2015','DD/MM/YYYY'), 47, 54);
INSERT INTO NOTA_FISCAL (NUMERO, CNPJ, QUANTIDADE, DATA, VALOR_POR_ITEM, IDENTIFICADOR_SOLICITACAO) VALUES (55, '11.275.676/0001-72', 145, TO_DATE('01/09/2007','DD/MM/YYYY'), 56, 55);
INSERT INTO NOTA_FISCAL (NUMERO, CNPJ, QUANTIDADE, DATA, VALOR_POR_ITEM, IDENTIFICADOR_SOLICITACAO) VALUES (56, '47.277.549/0001-76', 84, TO_DATE('24/09/1960','DD/MM/YYYY'), 60, 56);
INSERT INTO NOTA_FISCAL (NUMERO, CNPJ, QUANTIDADE, DATA, VALOR_POR_ITEM, IDENTIFICADOR_SOLICITACAO) VALUES (57, '08.164.154/0001-72', 879, TO_DATE('26/10/1993','DD/MM/YYYY'), 64, 57);
INSERT INTO NOTA_FISCAL (NUMERO, CNPJ, QUANTIDADE, DATA, VALOR_POR_ITEM, IDENTIFICADOR_SOLICITACAO) VALUES (58, '11.727.310/0001-60', 331, TO_DATE('26/05/1949','DD/MM/YYYY'), 97, 58);
INSERT INTO NOTA_FISCAL (NUMERO, CNPJ, QUANTIDADE, DATA, VALOR_POR_ITEM, IDENTIFICADOR_SOLICITACAO) VALUES (59, '50.627.980/0001-65', 479, TO_DATE('12/02/1997','DD/MM/YYYY'), 21, 59);
INSERT INTO NOTA_FISCAL (NUMERO, CNPJ, QUANTIDADE, DATA, VALOR_POR_ITEM, IDENTIFICADOR_SOLICITACAO) VALUES (60, '58.484.899/0001-74', 436, TO_DATE('12/11/1959','DD/MM/YYYY'), 18, 60);
INSERT INTO NOTA_FISCAL (NUMERO, CNPJ, QUANTIDADE, DATA, VALOR_POR_ITEM, IDENTIFICADOR_SOLICITACAO) VALUES (61, '28.339.829/0001-57', 194, TO_DATE('20/04/1973','DD/MM/YYYY'), 52, 61);
INSERT INTO NOTA_FISCAL (NUMERO, CNPJ, QUANTIDADE, DATA, VALOR_POR_ITEM, IDENTIFICADOR_SOLICITACAO) VALUES (62, '32.757.471/0001-47', 698, TO_DATE('13/06/2005','DD/MM/YYYY'), 69, 62);
INSERT INTO NOTA_FISCAL (NUMERO, CNPJ, QUANTIDADE, DATA, VALOR_POR_ITEM, IDENTIFICADOR_SOLICITACAO) VALUES (63, '34.609.887/0001-97', 529, TO_DATE('27/04/1932','DD/MM/YYYY'), 76, 63);
INSERT INTO NOTA_FISCAL (NUMERO, CNPJ, QUANTIDADE, DATA, VALOR_POR_ITEM, IDENTIFICADOR_SOLICITACAO) VALUES (64, '76.884.987/0001-73', 721, TO_DATE('09/02/1981','DD/MM/YYYY'), 81, 64);
INSERT INTO NOTA_FISCAL (NUMERO, CNPJ, QUANTIDADE, DATA, VALOR_POR_ITEM, IDENTIFICADOR_SOLICITACAO) VALUES (65, '58.484.899/0001-74', 605, TO_DATE('09/02/1946','DD/MM/YYYY'), 75, 65);
INSERT INTO NOTA_FISCAL (NUMERO, CNPJ, QUANTIDADE, DATA, VALOR_POR_ITEM, IDENTIFICADOR_SOLICITACAO) VALUES (66, '77.160.585/0001-60', 855, TO_DATE('12/06/1980','DD/MM/YYYY'), 45, 66);
INSERT INTO NOTA_FISCAL (NUMERO, CNPJ, QUANTIDADE, DATA, VALOR_POR_ITEM, IDENTIFICADOR_SOLICITACAO) VALUES (67, '27.388.562/0001-61', 978, TO_DATE('28/12/2001','DD/MM/YYYY'), 41, 67);
INSERT INTO NOTA_FISCAL (NUMERO, CNPJ, QUANTIDADE, DATA, VALOR_POR_ITEM, IDENTIFICADOR_SOLICITACAO) VALUES (68, '11.275.676/0001-72', 765, TO_DATE('01/01/1974','DD/MM/YYYY'), 76, 68);
INSERT INTO NOTA_FISCAL (NUMERO, CNPJ, QUANTIDADE, DATA, VALOR_POR_ITEM, IDENTIFICADOR_SOLICITACAO) VALUES (69, '49.614.165/0001-35', 922, TO_DATE('27/01/1940','DD/MM/YYYY'), 23, 69);
INSERT INTO NOTA_FISCAL (NUMERO, CNPJ, QUANTIDADE, DATA, VALOR_POR_ITEM, IDENTIFICADOR_SOLICITACAO) VALUES (70, '60.311.819/0001-22', 693, TO_DATE('02/09/2013','DD/MM/YYYY'), 83, 70);
INSERT INTO NOTA_FISCAL (NUMERO, CNPJ, QUANTIDADE, DATA, VALOR_POR_ITEM, IDENTIFICADOR_SOLICITACAO) VALUES (71, '32.757.471/0001-47', 81, TO_DATE('01/01/1958','DD/MM/YYYY'), 88, 71);
INSERT INTO NOTA_FISCAL (NUMERO, CNPJ, QUANTIDADE, DATA, VALOR_POR_ITEM, IDENTIFICADOR_SOLICITACAO) VALUES (72, '70.265.633/0001-81', 456, TO_DATE('22/05/2016','DD/MM/YYYY'), 34, 72);
INSERT INTO NOTA_FISCAL (NUMERO, CNPJ, QUANTIDADE, DATA, VALOR_POR_ITEM, IDENTIFICADOR_SOLICITACAO) VALUES (73, '11.275.676/0001-72', 984, TO_DATE('11/11/1978','DD/MM/YYYY'), 83, 73);
INSERT INTO NOTA_FISCAL (NUMERO, CNPJ, QUANTIDADE, DATA, VALOR_POR_ITEM, IDENTIFICADOR_SOLICITACAO) VALUES (74, '83.122.615/0001-81', 464, TO_DATE('26/04/1983','DD/MM/YYYY'), 66, 74);
INSERT INTO NOTA_FISCAL (NUMERO, CNPJ, QUANTIDADE, DATA, VALOR_POR_ITEM, IDENTIFICADOR_SOLICITACAO) VALUES (75, '34.609.887/0001-97', 432, TO_DATE('03/09/1994','DD/MM/YYYY'), 67, 75);
INSERT INTO NOTA_FISCAL (NUMERO, CNPJ, QUANTIDADE, DATA, VALOR_POR_ITEM, IDENTIFICADOR_SOLICITACAO) VALUES (76, '63.575.737/0001-23', 446, TO_DATE('08/10/1986','DD/MM/YYYY'), 83, 76);
INSERT INTO NOTA_FISCAL (NUMERO, CNPJ, QUANTIDADE, DATA, VALOR_POR_ITEM, IDENTIFICADOR_SOLICITACAO) VALUES (77, '58.484.899/0001-74', 753, TO_DATE('13/08/1911','DD/MM/YYYY'), 86, 77);
INSERT INTO NOTA_FISCAL (NUMERO, CNPJ, QUANTIDADE, DATA, VALOR_POR_ITEM, IDENTIFICADOR_SOLICITACAO) VALUES (78, '83.122.615/0001-81', 713, TO_DATE('22/10/1979','DD/MM/YYYY'), 22, 78);
INSERT INTO NOTA_FISCAL (NUMERO, CNPJ, QUANTIDADE, DATA, VALOR_POR_ITEM, IDENTIFICADOR_SOLICITACAO) VALUES (79, '11.727.310/0001-60', 315, TO_DATE('07/04/1932','DD/MM/YYYY'), 49, 79);


------ TELEFONE_FORNECEDOR ------

INSERT INTO TELEFONE_FORNECEDOR (CNPJ, TELEFONE) VALUES ('77.160.585/0001-60', '(21) 94798-4473');
INSERT INTO TELEFONE_FORNECEDOR (CNPJ, TELEFONE) VALUES ('50.627.980/0001-65', '(25) 91535-5645');
INSERT INTO TELEFONE_FORNECEDOR (CNPJ, TELEFONE) VALUES ('50.627.980/0001-65', '(98) 92911-2906');
INSERT INTO TELEFONE_FORNECEDOR (CNPJ, TELEFONE) VALUES ('27.388.562/0001-61', '(85) 92927-1213');
INSERT INTO TELEFONE_FORNECEDOR (CNPJ, TELEFONE) VALUES ('45.858.363/0001-18', '(22) 99321-7673');
INSERT INTO TELEFONE_FORNECEDOR (CNPJ, TELEFONE) VALUES ('77.160.585/0001-60', '(69) 95154-7951');
INSERT INTO TELEFONE_FORNECEDOR (CNPJ, TELEFONE) VALUES ('63.575.737/0001-23', '(89) 91905-2860');
INSERT INTO TELEFONE_FORNECEDOR (CNPJ, TELEFONE) VALUES ('76.884.987/0001-73', '(65) 91913-2013');
INSERT INTO TELEFONE_FORNECEDOR (CNPJ, TELEFONE) VALUES ('70.265.633/0001-81', '(15) 97811-6773');
INSERT INTO TELEFONE_FORNECEDOR (CNPJ, TELEFONE) VALUES ('75.418.951/0001-11', '(41) 99846-8146');
INSERT INTO TELEFONE_FORNECEDOR (CNPJ, TELEFONE) VALUES ('60.311.819/0001-22', '(14) 91743-5271');
INSERT INTO TELEFONE_FORNECEDOR (CNPJ, TELEFONE) VALUES ('47.277.549/0001-76', '(16) 95816-8879');
INSERT INTO TELEFONE_FORNECEDOR (CNPJ, TELEFONE) VALUES ('70.265.633/0001-81', '(51) 95608-9572');
INSERT INTO TELEFONE_FORNECEDOR (CNPJ, TELEFONE) VALUES ('34.609.887/0001-97', '(44) 93749-9102');
INSERT INTO TELEFONE_FORNECEDOR (CNPJ, TELEFONE) VALUES ('70.265.633/0001-81', '(26) 90357-7714');
INSERT INTO TELEFONE_FORNECEDOR (CNPJ, TELEFONE) VALUES ('63.575.737/0001-23', '(74) 91969-2148');
INSERT INTO TELEFONE_FORNECEDOR (CNPJ, TELEFONE) VALUES ('77.160.585/0001-60', '(56) 94349-8292');
INSERT INTO TELEFONE_FORNECEDOR (CNPJ, TELEFONE) VALUES ('70.265.633/0001-81', '(62) 99265-6948');
INSERT INTO TELEFONE_FORNECEDOR (CNPJ, TELEFONE) VALUES ('28.339.829/0001-57', '(60) 96146-3152');
INSERT INTO TELEFONE_FORNECEDOR (CNPJ, TELEFONE) VALUES ('47.277.549/0001-76', '(43) 98668-5384');


------ ORDEM_COMPRA ------

INSERT INTO ORDEM_COMPRA (NUMERO_NOTA_FISCAL, DATA_HORA, CPF_CLIENTE, CODIGO_FILIAL, MATRICULA_FUNCIONARIO, NUMERO_CAIXA) VALUES (0, TO_TIMESTAMP('2005-08-22 00:40:35', 'YYYY-MM-DD HH24:MI:SS'), '671.393.989-44', 4, 61, 7);
INSERT INTO ORDEM_COMPRA (NUMERO_NOTA_FISCAL, DATA_HORA, CPF_CLIENTE, CODIGO_FILIAL, MATRICULA_FUNCIONARIO, NUMERO_CAIXA) VALUES (1, TO_TIMESTAMP('2007-05-21 11:27:34', 'YYYY-MM-DD HH24:MI:SS'), '345.335.248-26', 7, 49, 7);
INSERT INTO ORDEM_COMPRA (NUMERO_NOTA_FISCAL, DATA_HORA, CPF_CLIENTE, CODIGO_FILIAL, MATRICULA_FUNCIONARIO, NUMERO_CAIXA) VALUES (2, TO_TIMESTAMP('2019-04-19 19:15:48', 'YYYY-MM-DD HH24:MI:SS'), '997.846.528-29', 9, 58, 4);
INSERT INTO ORDEM_COMPRA (NUMERO_NOTA_FISCAL, DATA_HORA, CPF_CLIENTE, CODIGO_FILIAL, MATRICULA_FUNCIONARIO, NUMERO_CAIXA) VALUES (3, TO_TIMESTAMP('2002-02-09 15:52:22', 'YYYY-MM-DD HH24:MI:SS'), '535.375.736-56', 0, 148, 1);
INSERT INTO ORDEM_COMPRA (NUMERO_NOTA_FISCAL, DATA_HORA, CPF_CLIENTE, CODIGO_FILIAL, MATRICULA_FUNCIONARIO, NUMERO_CAIXA) VALUES (4, TO_TIMESTAMP('2012-07-21 23:46:17', 'YYYY-MM-DD HH24:MI:SS'), '547.647.786-67', 1, 50, 9);
INSERT INTO ORDEM_COMPRA (NUMERO_NOTA_FISCAL, DATA_HORA, CPF_CLIENTE, CODIGO_FILIAL, MATRICULA_FUNCIONARIO, NUMERO_CAIXA) VALUES (5, TO_TIMESTAMP('2010-04-02 08:16:14', 'YYYY-MM-DD HH24:MI:SS'), '124.859.897-96', 2, 46, 7);
INSERT INTO ORDEM_COMPRA (NUMERO_NOTA_FISCAL, DATA_HORA, CPF_CLIENTE, CODIGO_FILIAL, MATRICULA_FUNCIONARIO, NUMERO_CAIXA) VALUES (6, TO_TIMESTAMP('2017-02-02 18:20:34', 'YYYY-MM-DD HH24:MI:SS'), '828.476.544-64', 8, 137, 2);
INSERT INTO ORDEM_COMPRA (NUMERO_NOTA_FISCAL, DATA_HORA, CPF_CLIENTE, CODIGO_FILIAL, MATRICULA_FUNCIONARIO, NUMERO_CAIXA) VALUES (7, TO_TIMESTAMP('2006-03-21 18:47:08', 'YYYY-MM-DD HH24:MI:SS'), '454.802.717-62', 4, 64, 2);
INSERT INTO ORDEM_COMPRA (NUMERO_NOTA_FISCAL, DATA_HORA, CPF_CLIENTE, CODIGO_FILIAL, MATRICULA_FUNCIONARIO, NUMERO_CAIXA) VALUES (8, TO_TIMESTAMP('2016-02-27 18:38:57', 'YYYY-MM-DD HH24:MI:SS'), '878.913.550-26', 2, 57, 6);
INSERT INTO ORDEM_COMPRA (NUMERO_NOTA_FISCAL, DATA_HORA, CPF_CLIENTE, CODIGO_FILIAL, MATRICULA_FUNCIONARIO, NUMERO_CAIXA) VALUES (9, TO_TIMESTAMP('2017-02-04 15:47:47', 'YYYY-MM-DD HH24:MI:SS'), '978.964.950-91', 7, 22, 8);
INSERT INTO ORDEM_COMPRA (NUMERO_NOTA_FISCAL, DATA_HORA, CPF_CLIENTE, CODIGO_FILIAL, MATRICULA_FUNCIONARIO, NUMERO_CAIXA) VALUES (10, TO_TIMESTAMP('2000-11-07 09:58:40', 'YYYY-MM-DD HH24:MI:SS'), '349.472.809-68', 1, 4, 6);
INSERT INTO ORDEM_COMPRA (NUMERO_NOTA_FISCAL, DATA_HORA, CPF_CLIENTE, CODIGO_FILIAL, MATRICULA_FUNCIONARIO, NUMERO_CAIXA) VALUES (11, TO_TIMESTAMP('2011-08-05 08:56:49', 'YYYY-MM-DD HH24:MI:SS'), '114.770.438-47', 0, 111, 7);
INSERT INTO ORDEM_COMPRA (NUMERO_NOTA_FISCAL, DATA_HORA, CPF_CLIENTE, CODIGO_FILIAL, MATRICULA_FUNCIONARIO, NUMERO_CAIXA) VALUES (12, TO_TIMESTAMP('2018-03-28 15:11:28', 'YYYY-MM-DD HH24:MI:SS'), '219.597.792-15', 8, 97, 5);
INSERT INTO ORDEM_COMPRA (NUMERO_NOTA_FISCAL, DATA_HORA, CPF_CLIENTE, CODIGO_FILIAL, MATRICULA_FUNCIONARIO, NUMERO_CAIXA) VALUES (13, TO_TIMESTAMP('2003-09-21 15:02:55', 'YYYY-MM-DD HH24:MI:SS'), '876.889.650-60', 7, 126, 1);
INSERT INTO ORDEM_COMPRA (NUMERO_NOTA_FISCAL, DATA_HORA, CPF_CLIENTE, CODIGO_FILIAL, MATRICULA_FUNCIONARIO, NUMERO_CAIXA) VALUES (14, TO_TIMESTAMP('2009-11-28 22:49:18', 'YYYY-MM-DD HH24:MI:SS'), '952.533.473-44', 0, 56, 9);
INSERT INTO ORDEM_COMPRA (NUMERO_NOTA_FISCAL, DATA_HORA, CPF_CLIENTE, CODIGO_FILIAL, MATRICULA_FUNCIONARIO, NUMERO_CAIXA) VALUES (15, TO_TIMESTAMP('2006-03-16 05:31:46', 'YYYY-MM-DD HH24:MI:SS'), '760.668.726-59', 2, 124, 6);
INSERT INTO ORDEM_COMPRA (NUMERO_NOTA_FISCAL, DATA_HORA, CPF_CLIENTE, CODIGO_FILIAL, MATRICULA_FUNCIONARIO, NUMERO_CAIXA) VALUES (16, TO_TIMESTAMP('2012-07-25 10:30:12', 'YYYY-MM-DD HH24:MI:SS'), '660.623.133-98', 8, 117, 8);
INSERT INTO ORDEM_COMPRA (NUMERO_NOTA_FISCAL, DATA_HORA, CPF_CLIENTE, CODIGO_FILIAL, MATRICULA_FUNCIONARIO, NUMERO_CAIXA) VALUES (17, TO_TIMESTAMP('2015-10-21 09:40:03', 'YYYY-MM-DD HH24:MI:SS'), '939.753.484-60', 8, 87, 8);
INSERT INTO ORDEM_COMPRA (NUMERO_NOTA_FISCAL, DATA_HORA, CPF_CLIENTE, CODIGO_FILIAL, MATRICULA_FUNCIONARIO, NUMERO_CAIXA) VALUES (18, TO_TIMESTAMP('2007-04-06 23:37:06', 'YYYY-MM-DD HH24:MI:SS'), '631.615.245-23', 7, 31, 1);
INSERT INTO ORDEM_COMPRA (NUMERO_NOTA_FISCAL, DATA_HORA, CPF_CLIENTE, CODIGO_FILIAL, MATRICULA_FUNCIONARIO, NUMERO_CAIXA) VALUES (19, TO_TIMESTAMP('2003-12-16 11:39:46', 'YYYY-MM-DD HH24:MI:SS'), '453.418.225-12', 9, 69, 5);
INSERT INTO ORDEM_COMPRA (NUMERO_NOTA_FISCAL, DATA_HORA, CPF_CLIENTE, CODIGO_FILIAL, MATRICULA_FUNCIONARIO, NUMERO_CAIXA) VALUES (20, TO_TIMESTAMP('2003-06-25 19:24:22', 'YYYY-MM-DD HH24:MI:SS'), '516.981.460-17', 6, 117, 4);
INSERT INTO ORDEM_COMPRA (NUMERO_NOTA_FISCAL, DATA_HORA, CPF_CLIENTE, CODIGO_FILIAL, MATRICULA_FUNCIONARIO, NUMERO_CAIXA) VALUES (21, TO_TIMESTAMP('2016-07-22 11:12:58', 'YYYY-MM-DD HH24:MI:SS'), '699.848.303-80', 6, 98, 1);
INSERT INTO ORDEM_COMPRA (NUMERO_NOTA_FISCAL, DATA_HORA, CPF_CLIENTE, CODIGO_FILIAL, MATRICULA_FUNCIONARIO, NUMERO_CAIXA) VALUES (22, TO_TIMESTAMP('2013-03-20 11:56:02', 'YYYY-MM-DD HH24:MI:SS'), '515.412.884-60', 2, 101, 7);
INSERT INTO ORDEM_COMPRA (NUMERO_NOTA_FISCAL, DATA_HORA, CPF_CLIENTE, CODIGO_FILIAL, MATRICULA_FUNCIONARIO, NUMERO_CAIXA) VALUES (23, TO_TIMESTAMP('2013-09-17 09:52:00', 'YYYY-MM-DD HH24:MI:SS'), '470.848.759-26', 1, 146, 2);
INSERT INTO ORDEM_COMPRA (NUMERO_NOTA_FISCAL, DATA_HORA, CPF_CLIENTE, CODIGO_FILIAL, MATRICULA_FUNCIONARIO, NUMERO_CAIXA) VALUES (24, TO_TIMESTAMP('2018-01-02 12:07:20', 'YYYY-MM-DD HH24:MI:SS'), '229.350.394-46', 0, 49, 2);
INSERT INTO ORDEM_COMPRA (NUMERO_NOTA_FISCAL, DATA_HORA, CPF_CLIENTE, CODIGO_FILIAL, MATRICULA_FUNCIONARIO, NUMERO_CAIXA) VALUES (25, TO_TIMESTAMP('2013-04-24 15:48:42', 'YYYY-MM-DD HH24:MI:SS'), '316.644.584-31', 3, 93, 1);
INSERT INTO ORDEM_COMPRA (NUMERO_NOTA_FISCAL, DATA_HORA, CPF_CLIENTE, CODIGO_FILIAL, MATRICULA_FUNCIONARIO, NUMERO_CAIXA) VALUES (26, TO_TIMESTAMP('2002-07-02 20:24:58', 'YYYY-MM-DD HH24:MI:SS'), '317.686.848-84', 2, 121, 5);
INSERT INTO ORDEM_COMPRA (NUMERO_NOTA_FISCAL, DATA_HORA, CPF_CLIENTE, CODIGO_FILIAL, MATRICULA_FUNCIONARIO, NUMERO_CAIXA) VALUES (27, TO_TIMESTAMP('2014-07-05 11:08:10', 'YYYY-MM-DD HH24:MI:SS'), '515.412.884-60', 8, 8, 2);
INSERT INTO ORDEM_COMPRA (NUMERO_NOTA_FISCAL, DATA_HORA, CPF_CLIENTE, CODIGO_FILIAL, MATRICULA_FUNCIONARIO, NUMERO_CAIXA) VALUES (28, TO_TIMESTAMP('2001-04-11 04:22:34', 'YYYY-MM-DD HH24:MI:SS'), '952.533.473-44', 3, 45, 9);
INSERT INTO ORDEM_COMPRA (NUMERO_NOTA_FISCAL, DATA_HORA, CPF_CLIENTE, CODIGO_FILIAL, MATRICULA_FUNCIONARIO, NUMERO_CAIXA) VALUES (29, TO_TIMESTAMP('2004-04-24 23:48:23', 'YYYY-MM-DD HH24:MI:SS'), '317.686.848-84', 9, 63, 4);
INSERT INTO ORDEM_COMPRA (NUMERO_NOTA_FISCAL, DATA_HORA, CPF_CLIENTE, CODIGO_FILIAL, MATRICULA_FUNCIONARIO, NUMERO_CAIXA) VALUES (30, TO_TIMESTAMP('2001-01-26 20:28:23', 'YYYY-MM-DD HH24:MI:SS'), '876.889.650-60', 7, 0, 0);
INSERT INTO ORDEM_COMPRA (NUMERO_NOTA_FISCAL, DATA_HORA, CPF_CLIENTE, CODIGO_FILIAL, MATRICULA_FUNCIONARIO, NUMERO_CAIXA) VALUES (31, TO_TIMESTAMP('2000-12-19 13:30:56', 'YYYY-MM-DD HH24:MI:SS'), '595.154.588-11', 7, 77, 2);
INSERT INTO ORDEM_COMPRA (NUMERO_NOTA_FISCAL, DATA_HORA, CPF_CLIENTE, CODIGO_FILIAL, MATRICULA_FUNCIONARIO, NUMERO_CAIXA) VALUES (32, TO_TIMESTAMP('2016-02-13 09:24:10', 'YYYY-MM-DD HH24:MI:SS'), '192.337.367-71', 0, 105, 0);
INSERT INTO ORDEM_COMPRA (NUMERO_NOTA_FISCAL, DATA_HORA, CPF_CLIENTE, CODIGO_FILIAL, MATRICULA_FUNCIONARIO, NUMERO_CAIXA) VALUES (33, TO_TIMESTAMP('2011-07-17 18:07:15', 'YYYY-MM-DD HH24:MI:SS'), '252.699.810-64', 7, 20, 3);
INSERT INTO ORDEM_COMPRA (NUMERO_NOTA_FISCAL, DATA_HORA, CPF_CLIENTE, CODIGO_FILIAL, MATRICULA_FUNCIONARIO, NUMERO_CAIXA) VALUES (34, TO_TIMESTAMP('2002-06-27 00:18:10', 'YYYY-MM-DD HH24:MI:SS'), '491.143.614-72', 7, 93, 9);
INSERT INTO ORDEM_COMPRA (NUMERO_NOTA_FISCAL, DATA_HORA, CPF_CLIENTE, CODIGO_FILIAL, MATRICULA_FUNCIONARIO, NUMERO_CAIXA) VALUES (35, TO_TIMESTAMP('2002-07-05 19:33:56', 'YYYY-MM-DD HH24:MI:SS'), '672.269.554-98', 0, 41, 7);
INSERT INTO ORDEM_COMPRA (NUMERO_NOTA_FISCAL, DATA_HORA, CPF_CLIENTE, CODIGO_FILIAL, MATRICULA_FUNCIONARIO, NUMERO_CAIXA) VALUES (36, TO_TIMESTAMP('2011-04-17 12:44:26', 'YYYY-MM-DD HH24:MI:SS'), '601.799.423-81', 2, 104, 4);
INSERT INTO ORDEM_COMPRA (NUMERO_NOTA_FISCAL, DATA_HORA, CPF_CLIENTE, CODIGO_FILIAL, MATRICULA_FUNCIONARIO, NUMERO_CAIXA) VALUES (37, TO_TIMESTAMP('2016-09-28 05:51:06', 'YYYY-MM-DD HH24:MI:SS'), '897.548.835-10', 1, 127, 4);
INSERT INTO ORDEM_COMPRA (NUMERO_NOTA_FISCAL, DATA_HORA, CPF_CLIENTE, CODIGO_FILIAL, MATRICULA_FUNCIONARIO, NUMERO_CAIXA) VALUES (38, TO_TIMESTAMP('2001-07-18 19:54:49', 'YYYY-MM-DD HH24:MI:SS'), '904.373.780-26', 5, 88, 0);
INSERT INTO ORDEM_COMPRA (NUMERO_NOTA_FISCAL, DATA_HORA, CPF_CLIENTE, CODIGO_FILIAL, MATRICULA_FUNCIONARIO, NUMERO_CAIXA) VALUES (39, TO_TIMESTAMP('2001-03-14 12:48:00', 'YYYY-MM-DD HH24:MI:SS'), '405.845.108-10', 5, 105, 5);
INSERT INTO ORDEM_COMPRA (NUMERO_NOTA_FISCAL, DATA_HORA, CPF_CLIENTE, CODIGO_FILIAL, MATRICULA_FUNCIONARIO, NUMERO_CAIXA) VALUES (40, TO_TIMESTAMP('2012-01-07 18:54:12', 'YYYY-MM-DD HH24:MI:SS'), '766.682.890-35', 8, 82, 8);
INSERT INTO ORDEM_COMPRA (NUMERO_NOTA_FISCAL, DATA_HORA, CPF_CLIENTE, CODIGO_FILIAL, MATRICULA_FUNCIONARIO, NUMERO_CAIXA) VALUES (41, TO_TIMESTAMP('2000-06-11 02:35:32', 'YYYY-MM-DD HH24:MI:SS'), '960.305.661-15', 8, 46, 0);
INSERT INTO ORDEM_COMPRA (NUMERO_NOTA_FISCAL, DATA_HORA, CPF_CLIENTE, CODIGO_FILIAL, MATRICULA_FUNCIONARIO, NUMERO_CAIXA) VALUES (42, TO_TIMESTAMP('2019-11-15 20:18:26', 'YYYY-MM-DD HH24:MI:SS'), '307.714.944-55', 9, 25, 8);
INSERT INTO ORDEM_COMPRA (NUMERO_NOTA_FISCAL, DATA_HORA, CPF_CLIENTE, CODIGO_FILIAL, MATRICULA_FUNCIONARIO, NUMERO_CAIXA) VALUES (43, TO_TIMESTAMP('2017-07-27 16:57:49', 'YYYY-MM-DD HH24:MI:SS'), '952.533.473-44', 3, 40, 2);
INSERT INTO ORDEM_COMPRA (NUMERO_NOTA_FISCAL, DATA_HORA, CPF_CLIENTE, CODIGO_FILIAL, MATRICULA_FUNCIONARIO, NUMERO_CAIXA) VALUES (44, TO_TIMESTAMP('2014-10-03 17:13:39', 'YYYY-MM-DD HH24:MI:SS'), '690.591.294-91', 9, 56, 2);
INSERT INTO ORDEM_COMPRA (NUMERO_NOTA_FISCAL, DATA_HORA, CPF_CLIENTE, CODIGO_FILIAL, MATRICULA_FUNCIONARIO, NUMERO_CAIXA) VALUES (45, TO_TIMESTAMP('2018-03-16 05:27:58', 'YYYY-MM-DD HH24:MI:SS'), '278.642.871-15', 6, 12, 0);
INSERT INTO ORDEM_COMPRA (NUMERO_NOTA_FISCAL, DATA_HORA, CPF_CLIENTE, CODIGO_FILIAL, MATRICULA_FUNCIONARIO, NUMERO_CAIXA) VALUES (46, TO_TIMESTAMP('2019-04-26 16:51:19', 'YYYY-MM-DD HH24:MI:SS'), '447.234.141-47', 7, 138, 5);
INSERT INTO ORDEM_COMPRA (NUMERO_NOTA_FISCAL, DATA_HORA, CPF_CLIENTE, CODIGO_FILIAL, MATRICULA_FUNCIONARIO, NUMERO_CAIXA) VALUES (47, TO_TIMESTAMP('2009-10-16 00:26:34', 'YYYY-MM-DD HH24:MI:SS'), '727.222.464-36', 3, 141, 2);
INSERT INTO ORDEM_COMPRA (NUMERO_NOTA_FISCAL, DATA_HORA, CPF_CLIENTE, CODIGO_FILIAL, MATRICULA_FUNCIONARIO, NUMERO_CAIXA) VALUES (48, TO_TIMESTAMP('2005-05-27 12:58:09', 'YYYY-MM-DD HH24:MI:SS'), '316.644.584-31', 1, 24, 2);
INSERT INTO ORDEM_COMPRA (NUMERO_NOTA_FISCAL, DATA_HORA, CPF_CLIENTE, CODIGO_FILIAL, MATRICULA_FUNCIONARIO, NUMERO_CAIXA) VALUES (49, TO_TIMESTAMP('2016-12-17 23:53:17', 'YYYY-MM-DD HH24:MI:SS'), '977.492.893-57', 1, 86, 6);
INSERT INTO ORDEM_COMPRA (NUMERO_NOTA_FISCAL, DATA_HORA, CPF_CLIENTE, CODIGO_FILIAL, MATRICULA_FUNCIONARIO, NUMERO_CAIXA) VALUES (50, TO_TIMESTAMP('2004-04-10 05:57:03', 'YYYY-MM-DD HH24:MI:SS'), '901.155.762-34', 3, 45, 5);
INSERT INTO ORDEM_COMPRA (NUMERO_NOTA_FISCAL, DATA_HORA, CPF_CLIENTE, CODIGO_FILIAL, MATRICULA_FUNCIONARIO, NUMERO_CAIXA) VALUES (51, TO_TIMESTAMP('2015-11-16 17:37:55', 'YYYY-MM-DD HH24:MI:SS'), '361.520.432-80', 4, 144, 9);
INSERT INTO ORDEM_COMPRA (NUMERO_NOTA_FISCAL, DATA_HORA, CPF_CLIENTE, CODIGO_FILIAL, MATRICULA_FUNCIONARIO, NUMERO_CAIXA) VALUES (52, TO_TIMESTAMP('2005-12-17 11:39:19', 'YYYY-MM-DD HH24:MI:SS'), '673.325.512-11', 2, 48, 4);
INSERT INTO ORDEM_COMPRA (NUMERO_NOTA_FISCAL, DATA_HORA, CPF_CLIENTE, CODIGO_FILIAL, MATRICULA_FUNCIONARIO, NUMERO_CAIXA) VALUES (53, TO_TIMESTAMP('2004-09-25 14:39:51', 'YYYY-MM-DD HH24:MI:SS'), '690.591.294-91', 4, 40, 4);
INSERT INTO ORDEM_COMPRA (NUMERO_NOTA_FISCAL, DATA_HORA, CPF_CLIENTE, CODIGO_FILIAL, MATRICULA_FUNCIONARIO, NUMERO_CAIXA) VALUES (54, TO_TIMESTAMP('2014-08-03 18:02:27', 'YYYY-MM-DD HH24:MI:SS'), '634.199.986-65', 8, 120, 3);
INSERT INTO ORDEM_COMPRA (NUMERO_NOTA_FISCAL, DATA_HORA, CPF_CLIENTE, CODIGO_FILIAL, MATRICULA_FUNCIONARIO, NUMERO_CAIXA) VALUES (55, TO_TIMESTAMP('2015-03-25 04:52:49', 'YYYY-MM-DD HH24:MI:SS'), '371.187.415-92', 2, 134, 4);
INSERT INTO ORDEM_COMPRA (NUMERO_NOTA_FISCAL, DATA_HORA, CPF_CLIENTE, CODIGO_FILIAL, MATRICULA_FUNCIONARIO, NUMERO_CAIXA) VALUES (56, TO_TIMESTAMP('2018-11-16 11:49:57', 'YYYY-MM-DD HH24:MI:SS'), '447.234.141-47', 0, 16, 5);
INSERT INTO ORDEM_COMPRA (NUMERO_NOTA_FISCAL, DATA_HORA, CPF_CLIENTE, CODIGO_FILIAL, MATRICULA_FUNCIONARIO, NUMERO_CAIXA) VALUES (57, TO_TIMESTAMP('2015-08-12 13:28:33', 'YYYY-MM-DD HH24:MI:SS'), '591.138.133-40', 3, 19, 2);
INSERT INTO ORDEM_COMPRA (NUMERO_NOTA_FISCAL, DATA_HORA, CPF_CLIENTE, CODIGO_FILIAL, MATRICULA_FUNCIONARIO, NUMERO_CAIXA) VALUES (58, TO_TIMESTAMP('2007-07-03 04:04:02', 'YYYY-MM-DD HH24:MI:SS'), '917.680.318-19', 4, 142, 3);
INSERT INTO ORDEM_COMPRA (NUMERO_NOTA_FISCAL, DATA_HORA, CPF_CLIENTE, CODIGO_FILIAL, MATRICULA_FUNCIONARIO, NUMERO_CAIXA) VALUES (59, TO_TIMESTAMP('2013-01-11 00:46:36', 'YYYY-MM-DD HH24:MI:SS'), '995.916.840-94', 7, 103, 0);
INSERT INTO ORDEM_COMPRA (NUMERO_NOTA_FISCAL, DATA_HORA, CPF_CLIENTE, CODIGO_FILIAL, MATRICULA_FUNCIONARIO, NUMERO_CAIXA) VALUES (60, TO_TIMESTAMP('2002-08-22 23:21:10', 'YYYY-MM-DD HH24:MI:SS'), '877.191.950-75', 3, 61, 5);
INSERT INTO ORDEM_COMPRA (NUMERO_NOTA_FISCAL, DATA_HORA, CPF_CLIENTE, CODIGO_FILIAL, MATRICULA_FUNCIONARIO, NUMERO_CAIXA) VALUES (61, TO_TIMESTAMP('2011-10-18 23:29:56', 'YYYY-MM-DD HH24:MI:SS'), '275.873.422-83', 0, 51, 2);
INSERT INTO ORDEM_COMPRA (NUMERO_NOTA_FISCAL, DATA_HORA, CPF_CLIENTE, CODIGO_FILIAL, MATRICULA_FUNCIONARIO, NUMERO_CAIXA) VALUES (62, TO_TIMESTAMP('2016-06-08 01:28:44', 'YYYY-MM-DD HH24:MI:SS'), '897.548.835-10', 3, 42, 6);
INSERT INTO ORDEM_COMPRA (NUMERO_NOTA_FISCAL, DATA_HORA, CPF_CLIENTE, CODIGO_FILIAL, MATRICULA_FUNCIONARIO, NUMERO_CAIXA) VALUES (63, TO_TIMESTAMP('2012-01-20 18:20:32', 'YYYY-MM-DD HH24:MI:SS'), '316.644.584-31', 4, 73, 6);
INSERT INTO ORDEM_COMPRA (NUMERO_NOTA_FISCAL, DATA_HORA, CPF_CLIENTE, CODIGO_FILIAL, MATRICULA_FUNCIONARIO, NUMERO_CAIXA) VALUES (64, TO_TIMESTAMP('2014-05-19 20:50:39', 'YYYY-MM-DD HH24:MI:SS'), '909.466.702-67', 2, 55, 4);
INSERT INTO ORDEM_COMPRA (NUMERO_NOTA_FISCAL, DATA_HORA, CPF_CLIENTE, CODIGO_FILIAL, MATRICULA_FUNCIONARIO, NUMERO_CAIXA) VALUES (65, TO_TIMESTAMP('2010-02-17 07:14:57', 'YYYY-MM-DD HH24:MI:SS'), '849.814.464-26', 2, 106, 8);
INSERT INTO ORDEM_COMPRA (NUMERO_NOTA_FISCAL, DATA_HORA, CPF_CLIENTE, CODIGO_FILIAL, MATRICULA_FUNCIONARIO, NUMERO_CAIXA) VALUES (66, TO_TIMESTAMP('2013-03-27 06:04:04', 'YYYY-MM-DD HH24:MI:SS'), '441.855.641-56', 4, 61, 5);
INSERT INTO ORDEM_COMPRA (NUMERO_NOTA_FISCAL, DATA_HORA, CPF_CLIENTE, CODIGO_FILIAL, MATRICULA_FUNCIONARIO, NUMERO_CAIXA) VALUES (67, TO_TIMESTAMP('2004-12-20 23:31:37', 'YYYY-MM-DD HH24:MI:SS'), '837.382.438-57', 3, 60, 5);
INSERT INTO ORDEM_COMPRA (NUMERO_NOTA_FISCAL, DATA_HORA, CPF_CLIENTE, CODIGO_FILIAL, MATRICULA_FUNCIONARIO, NUMERO_CAIXA) VALUES (68, TO_TIMESTAMP('2016-09-23 06:44:44', 'YYYY-MM-DD HH24:MI:SS'), '486.459.551-23', 3, 29, 5);
INSERT INTO ORDEM_COMPRA (NUMERO_NOTA_FISCAL, DATA_HORA, CPF_CLIENTE, CODIGO_FILIAL, MATRICULA_FUNCIONARIO, NUMERO_CAIXA) VALUES (69, TO_TIMESTAMP('2011-11-03 23:17:42', 'YYYY-MM-DD HH24:MI:SS'), '607.767.329-44', 1, 136, 9);
INSERT INTO ORDEM_COMPRA (NUMERO_NOTA_FISCAL, DATA_HORA, CPF_CLIENTE, CODIGO_FILIAL, MATRICULA_FUNCIONARIO, NUMERO_CAIXA) VALUES (70, TO_TIMESTAMP('2010-04-25 18:05:35', 'YYYY-MM-DD HH24:MI:SS'), '564.286.746-71', 0, 140, 7);
INSERT INTO ORDEM_COMPRA (NUMERO_NOTA_FISCAL, DATA_HORA, CPF_CLIENTE, CODIGO_FILIAL, MATRICULA_FUNCIONARIO, NUMERO_CAIXA) VALUES (71, TO_TIMESTAMP('2019-04-27 17:23:20', 'YYYY-MM-DD HH24:MI:SS'), '243.726.922-54', 7, 30, 1);
INSERT INTO ORDEM_COMPRA (NUMERO_NOTA_FISCAL, DATA_HORA, CPF_CLIENTE, CODIGO_FILIAL, MATRICULA_FUNCIONARIO, NUMERO_CAIXA) VALUES (72, TO_TIMESTAMP('2005-03-17 02:16:29', 'YYYY-MM-DD HH24:MI:SS'), '252.699.810-64', 7, 149, 1);
INSERT INTO ORDEM_COMPRA (NUMERO_NOTA_FISCAL, DATA_HORA, CPF_CLIENTE, CODIGO_FILIAL, MATRICULA_FUNCIONARIO, NUMERO_CAIXA) VALUES (73, TO_TIMESTAMP('2004-03-26 20:00:14', 'YYYY-MM-DD HH24:MI:SS'), '563.352.703-33', 6, 90, 2);
INSERT INTO ORDEM_COMPRA (NUMERO_NOTA_FISCAL, DATA_HORA, CPF_CLIENTE, CODIGO_FILIAL, MATRICULA_FUNCIONARIO, NUMERO_CAIXA) VALUES (74, TO_TIMESTAMP('2004-02-08 18:35:34', 'YYYY-MM-DD HH24:MI:SS'), '939.753.484-60', 5, 141, 4);
INSERT INTO ORDEM_COMPRA (NUMERO_NOTA_FISCAL, DATA_HORA, CPF_CLIENTE, CODIGO_FILIAL, MATRICULA_FUNCIONARIO, NUMERO_CAIXA) VALUES (75, TO_TIMESTAMP('2018-11-06 11:55:52', 'YYYY-MM-DD HH24:MI:SS'), '403.903.959-64', 7, 145, 3);
INSERT INTO ORDEM_COMPRA (NUMERO_NOTA_FISCAL, DATA_HORA, CPF_CLIENTE, CODIGO_FILIAL, MATRICULA_FUNCIONARIO, NUMERO_CAIXA) VALUES (76, TO_TIMESTAMP('2015-04-24 11:02:06', 'YYYY-MM-DD HH24:MI:SS'), '703.726.733-43', 9, 118, 9);
INSERT INTO ORDEM_COMPRA (NUMERO_NOTA_FISCAL, DATA_HORA, CPF_CLIENTE, CODIGO_FILIAL, MATRICULA_FUNCIONARIO, NUMERO_CAIXA) VALUES (77, TO_TIMESTAMP('2001-11-10 06:58:42', 'YYYY-MM-DD HH24:MI:SS'), '267.964.998-63', 9, 85, 4);
INSERT INTO ORDEM_COMPRA (NUMERO_NOTA_FISCAL, DATA_HORA, CPF_CLIENTE, CODIGO_FILIAL, MATRICULA_FUNCIONARIO, NUMERO_CAIXA) VALUES (78, TO_TIMESTAMP('2019-06-04 06:57:48', 'YYYY-MM-DD HH24:MI:SS'), '404.312.776-58', 8, 53, 0);
INSERT INTO ORDEM_COMPRA (NUMERO_NOTA_FISCAL, DATA_HORA, CPF_CLIENTE, CODIGO_FILIAL, MATRICULA_FUNCIONARIO, NUMERO_CAIXA) VALUES (79, TO_TIMESTAMP('2005-07-28 05:43:54', 'YYYY-MM-DD HH24:MI:SS'), '447.234.141-47', 7, 98, 6);
INSERT INTO ORDEM_COMPRA (NUMERO_NOTA_FISCAL, DATA_HORA, CPF_CLIENTE, CODIGO_FILIAL, MATRICULA_FUNCIONARIO, NUMERO_CAIXA) VALUES (80, TO_TIMESTAMP('2006-02-23 23:18:59', 'YYYY-MM-DD HH24:MI:SS'), '549.377.815-85', 9, 145, 1);
INSERT INTO ORDEM_COMPRA (NUMERO_NOTA_FISCAL, DATA_HORA, CPF_CLIENTE, CODIGO_FILIAL, MATRICULA_FUNCIONARIO, NUMERO_CAIXA) VALUES (81, TO_TIMESTAMP('2005-03-06 21:37:33', 'YYYY-MM-DD HH24:MI:SS'), '345.335.248-26', 3, 75, 8);
INSERT INTO ORDEM_COMPRA (NUMERO_NOTA_FISCAL, DATA_HORA, CPF_CLIENTE, CODIGO_FILIAL, MATRICULA_FUNCIONARIO, NUMERO_CAIXA) VALUES (82, TO_TIMESTAMP('2017-10-10 09:20:57', 'YYYY-MM-DD HH24:MI:SS'), '869.421.501-48', 8, 1, 8);
INSERT INTO ORDEM_COMPRA (NUMERO_NOTA_FISCAL, DATA_HORA, CPF_CLIENTE, CODIGO_FILIAL, MATRICULA_FUNCIONARIO, NUMERO_CAIXA) VALUES (83, TO_TIMESTAMP('2017-08-10 11:42:47', 'YYYY-MM-DD HH24:MI:SS'), '897.548.835-10', 2, 12, 9);
INSERT INTO ORDEM_COMPRA (NUMERO_NOTA_FISCAL, DATA_HORA, CPF_CLIENTE, CODIGO_FILIAL, MATRICULA_FUNCIONARIO, NUMERO_CAIXA) VALUES (84, TO_TIMESTAMP('2010-11-15 16:39:02', 'YYYY-MM-DD HH24:MI:SS'), '977.492.893-57', 7, 146, 1);
INSERT INTO ORDEM_COMPRA (NUMERO_NOTA_FISCAL, DATA_HORA, CPF_CLIENTE, CODIGO_FILIAL, MATRICULA_FUNCIONARIO, NUMERO_CAIXA) VALUES (85, TO_TIMESTAMP('2000-12-09 12:42:45', 'YYYY-MM-DD HH24:MI:SS'), '330.698.498-47', 5, 23, 8);
INSERT INTO ORDEM_COMPRA (NUMERO_NOTA_FISCAL, DATA_HORA, CPF_CLIENTE, CODIGO_FILIAL, MATRICULA_FUNCIONARIO, NUMERO_CAIXA) VALUES (86, TO_TIMESTAMP('2004-06-10 02:57:40', 'YYYY-MM-DD HH24:MI:SS'), '201.647.484-94', 4, 132, 0);
INSERT INTO ORDEM_COMPRA (NUMERO_NOTA_FISCAL, DATA_HORA, CPF_CLIENTE, CODIGO_FILIAL, MATRICULA_FUNCIONARIO, NUMERO_CAIXA) VALUES (87, TO_TIMESTAMP('2017-12-04 07:19:19', 'YYYY-MM-DD HH24:MI:SS'), '289.717.359-27', 8, 37, 3);
INSERT INTO ORDEM_COMPRA (NUMERO_NOTA_FISCAL, DATA_HORA, CPF_CLIENTE, CODIGO_FILIAL, MATRICULA_FUNCIONARIO, NUMERO_CAIXA) VALUES (88, TO_TIMESTAMP('2008-06-28 07:19:26', 'YYYY-MM-DD HH24:MI:SS'), '897.548.835-10', 8, 41, 4);
INSERT INTO ORDEM_COMPRA (NUMERO_NOTA_FISCAL, DATA_HORA, CPF_CLIENTE, CODIGO_FILIAL, MATRICULA_FUNCIONARIO, NUMERO_CAIXA) VALUES (89, TO_TIMESTAMP('2007-03-03 04:38:13', 'YYYY-MM-DD HH24:MI:SS'), '419.313.506-19', 5, 121, 9);
INSERT INTO ORDEM_COMPRA (NUMERO_NOTA_FISCAL, DATA_HORA, CPF_CLIENTE, CODIGO_FILIAL, MATRICULA_FUNCIONARIO, NUMERO_CAIXA) VALUES (90, TO_TIMESTAMP('2004-06-25 12:01:24', 'YYYY-MM-DD HH24:MI:SS'), '454.540.849-67', 8, 79, 3);
INSERT INTO ORDEM_COMPRA (NUMERO_NOTA_FISCAL, DATA_HORA, CPF_CLIENTE, CODIGO_FILIAL, MATRICULA_FUNCIONARIO, NUMERO_CAIXA) VALUES (91, TO_TIMESTAMP('2003-09-03 07:42:23', 'YYYY-MM-DD HH24:MI:SS'), '295.526.990-31', 3, 121, 0);
INSERT INTO ORDEM_COMPRA (NUMERO_NOTA_FISCAL, DATA_HORA, CPF_CLIENTE, CODIGO_FILIAL, MATRICULA_FUNCIONARIO, NUMERO_CAIXA) VALUES (92, TO_TIMESTAMP('2016-06-12 22:50:36', 'YYYY-MM-DD HH24:MI:SS'), '907.226.459-97', 5, 3, 7);
INSERT INTO ORDEM_COMPRA (NUMERO_NOTA_FISCAL, DATA_HORA, CPF_CLIENTE, CODIGO_FILIAL, MATRICULA_FUNCIONARIO, NUMERO_CAIXA) VALUES (93, TO_TIMESTAMP('2013-07-13 16:15:32', 'YYYY-MM-DD HH24:MI:SS'), '243.726.922-54', 9, 91, 6);
INSERT INTO ORDEM_COMPRA (NUMERO_NOTA_FISCAL, DATA_HORA, CPF_CLIENTE, CODIGO_FILIAL, MATRICULA_FUNCIONARIO, NUMERO_CAIXA) VALUES (94, TO_TIMESTAMP('2012-11-04 15:16:00', 'YYYY-MM-DD HH24:MI:SS'), '295.774.497-92', 4, 21, 1);
INSERT INTO ORDEM_COMPRA (NUMERO_NOTA_FISCAL, DATA_HORA, CPF_CLIENTE, CODIGO_FILIAL, MATRICULA_FUNCIONARIO, NUMERO_CAIXA) VALUES (95, TO_TIMESTAMP('2004-10-28 18:54:13', 'YYYY-MM-DD HH24:MI:SS'), '993.819.777-37', 4, 125, 3);
INSERT INTO ORDEM_COMPRA (NUMERO_NOTA_FISCAL, DATA_HORA, CPF_CLIENTE, CODIGO_FILIAL, MATRICULA_FUNCIONARIO, NUMERO_CAIXA) VALUES (96, TO_TIMESTAMP('2009-08-24 08:11:39', 'YYYY-MM-DD HH24:MI:SS'), '413.322.146-39', 5, 134, 2);
INSERT INTO ORDEM_COMPRA (NUMERO_NOTA_FISCAL, DATA_HORA, CPF_CLIENTE, CODIGO_FILIAL, MATRICULA_FUNCIONARIO, NUMERO_CAIXA) VALUES (97, TO_TIMESTAMP('2018-12-10 07:38:13', 'YYYY-MM-DD HH24:MI:SS'), '672.269.554-98', 2, 10, 9);
INSERT INTO ORDEM_COMPRA (NUMERO_NOTA_FISCAL, DATA_HORA, CPF_CLIENTE, CODIGO_FILIAL, MATRICULA_FUNCIONARIO, NUMERO_CAIXA) VALUES (98, TO_TIMESTAMP('2007-08-16 12:14:42', 'YYYY-MM-DD HH24:MI:SS'), '219.597.792-15', 5, 64, 6);
INSERT INTO ORDEM_COMPRA (NUMERO_NOTA_FISCAL, DATA_HORA, CPF_CLIENTE, CODIGO_FILIAL, MATRICULA_FUNCIONARIO, NUMERO_CAIXA) VALUES (99, TO_TIMESTAMP('2007-02-02 21:17:20', 'YYYY-MM-DD HH24:MI:SS'), '301.431.109-54', 9, 84, 3);
INSERT INTO ORDEM_COMPRA (NUMERO_NOTA_FISCAL, DATA_HORA, CPF_CLIENTE, CODIGO_FILIAL, MATRICULA_FUNCIONARIO, NUMERO_CAIXA) VALUES (100, TO_TIMESTAMP('2001-09-15 11:07:20', 'YYYY-MM-DD HH24:MI:SS'), '196.774.719-85', 4, 61, 1);
INSERT INTO ORDEM_COMPRA (NUMERO_NOTA_FISCAL, DATA_HORA, CPF_CLIENTE, CODIGO_FILIAL, MATRICULA_FUNCIONARIO, NUMERO_CAIXA) VALUES (101, TO_TIMESTAMP('2012-04-04 02:33:02', 'YYYY-MM-DD HH24:MI:SS'), '513.153.617-59', 5, 76, 7);
INSERT INTO ORDEM_COMPRA (NUMERO_NOTA_FISCAL, DATA_HORA, CPF_CLIENTE, CODIGO_FILIAL, MATRICULA_FUNCIONARIO, NUMERO_CAIXA) VALUES (102, TO_TIMESTAMP('2007-10-18 00:54:23', 'YYYY-MM-DD HH24:MI:SS'), '207.982.708-52', 7, 67, 4);
INSERT INTO ORDEM_COMPRA (NUMERO_NOTA_FISCAL, DATA_HORA, CPF_CLIENTE, CODIGO_FILIAL, MATRICULA_FUNCIONARIO, NUMERO_CAIXA) VALUES (103, TO_TIMESTAMP('2000-11-06 21:01:14', 'YYYY-MM-DD HH24:MI:SS'), '398.409.486-98', 6, 40, 3);
INSERT INTO ORDEM_COMPRA (NUMERO_NOTA_FISCAL, DATA_HORA, CPF_CLIENTE, CODIGO_FILIAL, MATRICULA_FUNCIONARIO, NUMERO_CAIXA) VALUES (104, TO_TIMESTAMP('2004-06-21 00:36:17', 'YYYY-MM-DD HH24:MI:SS'), '124.859.897-96', 8, 45, 1);
INSERT INTO ORDEM_COMPRA (NUMERO_NOTA_FISCAL, DATA_HORA, CPF_CLIENTE, CODIGO_FILIAL, MATRICULA_FUNCIONARIO, NUMERO_CAIXA) VALUES (105, TO_TIMESTAMP('2007-02-27 15:10:06', 'YYYY-MM-DD HH24:MI:SS'), '316.644.584-31', 8, 4, 2);
INSERT INTO ORDEM_COMPRA (NUMERO_NOTA_FISCAL, DATA_HORA, CPF_CLIENTE, CODIGO_FILIAL, MATRICULA_FUNCIONARIO, NUMERO_CAIXA) VALUES (106, TO_TIMESTAMP('2012-10-01 08:23:11', 'YYYY-MM-DD HH24:MI:SS'), '651.660.431-67', 4, 75, 3);
INSERT INTO ORDEM_COMPRA (NUMERO_NOTA_FISCAL, DATA_HORA, CPF_CLIENTE, CODIGO_FILIAL, MATRICULA_FUNCIONARIO, NUMERO_CAIXA) VALUES (107, TO_TIMESTAMP('2008-06-04 21:12:36', 'YYYY-MM-DD HH24:MI:SS'), '867.691.419-29', 1, 34, 3);
INSERT INTO ORDEM_COMPRA (NUMERO_NOTA_FISCAL, DATA_HORA, CPF_CLIENTE, CODIGO_FILIAL, MATRICULA_FUNCIONARIO, NUMERO_CAIXA) VALUES (108, TO_TIMESTAMP('2010-10-23 09:49:07', 'YYYY-MM-DD HH24:MI:SS'), '549.377.815-85', 1, 0, 9);
INSERT INTO ORDEM_COMPRA (NUMERO_NOTA_FISCAL, DATA_HORA, CPF_CLIENTE, CODIGO_FILIAL, MATRICULA_FUNCIONARIO, NUMERO_CAIXA) VALUES (109, TO_TIMESTAMP('2005-09-04 18:04:20', 'YYYY-MM-DD HH24:MI:SS'), '975.573.326-91', 3, 141, 2);
INSERT INTO ORDEM_COMPRA (NUMERO_NOTA_FISCAL, DATA_HORA, CPF_CLIENTE, CODIGO_FILIAL, MATRICULA_FUNCIONARIO, NUMERO_CAIXA) VALUES (110, TO_TIMESTAMP('2019-10-02 22:01:52', 'YYYY-MM-DD HH24:MI:SS'), '552.859.854-21', 9, 144, 8);
INSERT INTO ORDEM_COMPRA (NUMERO_NOTA_FISCAL, DATA_HORA, CPF_CLIENTE, CODIGO_FILIAL, MATRICULA_FUNCIONARIO, NUMERO_CAIXA) VALUES (111, TO_TIMESTAMP('2014-04-23 01:54:38', 'YYYY-MM-DD HH24:MI:SS'), '229.624.952-12', 9, 129, 7);
INSERT INTO ORDEM_COMPRA (NUMERO_NOTA_FISCAL, DATA_HORA, CPF_CLIENTE, CODIGO_FILIAL, MATRICULA_FUNCIONARIO, NUMERO_CAIXA) VALUES (112, TO_TIMESTAMP('2001-11-17 19:17:40', 'YYYY-MM-DD HH24:MI:SS'), '400.173.210-31', 0, 41, 7);
INSERT INTO ORDEM_COMPRA (NUMERO_NOTA_FISCAL, DATA_HORA, CPF_CLIENTE, CODIGO_FILIAL, MATRICULA_FUNCIONARIO, NUMERO_CAIXA) VALUES (113, TO_TIMESTAMP('2007-11-20 12:12:57', 'YYYY-MM-DD HH24:MI:SS'), '387.918.960-62', 7, 23, 9);
INSERT INTO ORDEM_COMPRA (NUMERO_NOTA_FISCAL, DATA_HORA, CPF_CLIENTE, CODIGO_FILIAL, MATRICULA_FUNCIONARIO, NUMERO_CAIXA) VALUES (114, TO_TIMESTAMP('2019-11-13 07:49:04', 'YYYY-MM-DD HH24:MI:SS'), '997.502.778-78', 2, 19, 4);
INSERT INTO ORDEM_COMPRA (NUMERO_NOTA_FISCAL, DATA_HORA, CPF_CLIENTE, CODIGO_FILIAL, MATRICULA_FUNCIONARIO, NUMERO_CAIXA) VALUES (115, TO_TIMESTAMP('2001-05-28 02:43:17', 'YYYY-MM-DD HH24:MI:SS'), '512.842.989-52', 4, 40, 4);
INSERT INTO ORDEM_COMPRA (NUMERO_NOTA_FISCAL, DATA_HORA, CPF_CLIENTE, CODIGO_FILIAL, MATRICULA_FUNCIONARIO, NUMERO_CAIXA) VALUES (116, TO_TIMESTAMP('2019-10-16 12:21:58', 'YYYY-MM-DD HH24:MI:SS'), '476.447.463-38', 9, 114, 4);
INSERT INTO ORDEM_COMPRA (NUMERO_NOTA_FISCAL, DATA_HORA, CPF_CLIENTE, CODIGO_FILIAL, MATRICULA_FUNCIONARIO, NUMERO_CAIXA) VALUES (117, TO_TIMESTAMP('2010-05-25 17:38:15', 'YYYY-MM-DD HH24:MI:SS'), '243.726.922-54', 3, 128, 1);
INSERT INTO ORDEM_COMPRA (NUMERO_NOTA_FISCAL, DATA_HORA, CPF_CLIENTE, CODIGO_FILIAL, MATRICULA_FUNCIONARIO, NUMERO_CAIXA) VALUES (118, TO_TIMESTAMP('2009-08-15 06:32:03', 'YYYY-MM-DD HH24:MI:SS'), '289.717.359-27', 0, 122, 3);
INSERT INTO ORDEM_COMPRA (NUMERO_NOTA_FISCAL, DATA_HORA, CPF_CLIENTE, CODIGO_FILIAL, MATRICULA_FUNCIONARIO, NUMERO_CAIXA) VALUES (119, TO_TIMESTAMP('2001-04-11 19:14:17', 'YYYY-MM-DD HH24:MI:SS'), '672.269.554-98', 4, 19, 5);
INSERT INTO ORDEM_COMPRA (NUMERO_NOTA_FISCAL, DATA_HORA, CPF_CLIENTE, CODIGO_FILIAL, MATRICULA_FUNCIONARIO, NUMERO_CAIXA) VALUES (120, TO_TIMESTAMP('2019-06-10 17:36:13', 'YYYY-MM-DD HH24:MI:SS'), '703.880.926-84', 7, 62, 5);
INSERT INTO ORDEM_COMPRA (NUMERO_NOTA_FISCAL, DATA_HORA, CPF_CLIENTE, CODIGO_FILIAL, MATRICULA_FUNCIONARIO, NUMERO_CAIXA) VALUES (121, TO_TIMESTAMP('2002-08-07 00:34:55', 'YYYY-MM-DD HH24:MI:SS'), '699.848.303-80', 3, 37, 8);
INSERT INTO ORDEM_COMPRA (NUMERO_NOTA_FISCAL, DATA_HORA, CPF_CLIENTE, CODIGO_FILIAL, MATRICULA_FUNCIONARIO, NUMERO_CAIXA) VALUES (122, TO_TIMESTAMP('2011-08-12 23:37:09', 'YYYY-MM-DD HH24:MI:SS'), '516.981.460-17', 8, 2, 7);
INSERT INTO ORDEM_COMPRA (NUMERO_NOTA_FISCAL, DATA_HORA, CPF_CLIENTE, CODIGO_FILIAL, MATRICULA_FUNCIONARIO, NUMERO_CAIXA) VALUES (123, TO_TIMESTAMP('2004-02-26 20:11:17', 'YYYY-MM-DD HH24:MI:SS'), '307.587.312-27', 5, 122, 2);
INSERT INTO ORDEM_COMPRA (NUMERO_NOTA_FISCAL, DATA_HORA, CPF_CLIENTE, CODIGO_FILIAL, MATRICULA_FUNCIONARIO, NUMERO_CAIXA) VALUES (124, TO_TIMESTAMP('2008-08-17 07:45:04', 'YYYY-MM-DD HH24:MI:SS'), '447.234.141-47', 5, 129, 3);
INSERT INTO ORDEM_COMPRA (NUMERO_NOTA_FISCAL, DATA_HORA, CPF_CLIENTE, CODIGO_FILIAL, MATRICULA_FUNCIONARIO, NUMERO_CAIXA) VALUES (125, TO_TIMESTAMP('2019-10-22 17:00:05', 'YYYY-MM-DD HH24:MI:SS'), '302.894.740-39', 3, 67, 1);
INSERT INTO ORDEM_COMPRA (NUMERO_NOTA_FISCAL, DATA_HORA, CPF_CLIENTE, CODIGO_FILIAL, MATRICULA_FUNCIONARIO, NUMERO_CAIXA) VALUES (126, TO_TIMESTAMP('2006-04-23 00:59:42', 'YYYY-MM-DD HH24:MI:SS'), '589.860.356-50', 6, 29, 2);
INSERT INTO ORDEM_COMPRA (NUMERO_NOTA_FISCAL, DATA_HORA, CPF_CLIENTE, CODIGO_FILIAL, MATRICULA_FUNCIONARIO, NUMERO_CAIXA) VALUES (127, TO_TIMESTAMP('2017-12-25 04:57:01', 'YYYY-MM-DD HH24:MI:SS'), '357.534.358-43', 3, 107, 3);
INSERT INTO ORDEM_COMPRA (NUMERO_NOTA_FISCAL, DATA_HORA, CPF_CLIENTE, CODIGO_FILIAL, MATRICULA_FUNCIONARIO, NUMERO_CAIXA) VALUES (128, TO_TIMESTAMP('2010-01-05 14:52:44', 'YYYY-MM-DD HH24:MI:SS'), '552.435.577-30', 6, 114, 7);
INSERT INTO ORDEM_COMPRA (NUMERO_NOTA_FISCAL, DATA_HORA, CPF_CLIENTE, CODIGO_FILIAL, MATRICULA_FUNCIONARIO, NUMERO_CAIXA) VALUES (129, TO_TIMESTAMP('2015-09-16 10:33:22', 'YYYY-MM-DD HH24:MI:SS'), '591.138.133-40', 3, 105, 2);
INSERT INTO ORDEM_COMPRA (NUMERO_NOTA_FISCAL, DATA_HORA, CPF_CLIENTE, CODIGO_FILIAL, MATRICULA_FUNCIONARIO, NUMERO_CAIXA) VALUES (130, TO_TIMESTAMP('2005-01-07 00:38:12', 'YYYY-MM-DD HH24:MI:SS'), '496.206.831-25', 8, 43, 3);
INSERT INTO ORDEM_COMPRA (NUMERO_NOTA_FISCAL, DATA_HORA, CPF_CLIENTE, CODIGO_FILIAL, MATRICULA_FUNCIONARIO, NUMERO_CAIXA) VALUES (131, TO_TIMESTAMP('2012-06-10 20:27:19', 'YYYY-MM-DD HH24:MI:SS'), '267.964.998-63', 0, 61, 8);
INSERT INTO ORDEM_COMPRA (NUMERO_NOTA_FISCAL, DATA_HORA, CPF_CLIENTE, CODIGO_FILIAL, MATRICULA_FUNCIONARIO, NUMERO_CAIXA) VALUES (132, TO_TIMESTAMP('2007-12-20 01:30:14', 'YYYY-MM-DD HH24:MI:SS'), '878.913.550-26', 5, 73, 2);
INSERT INTO ORDEM_COMPRA (NUMERO_NOTA_FISCAL, DATA_HORA, CPF_CLIENTE, CODIGO_FILIAL, MATRICULA_FUNCIONARIO, NUMERO_CAIXA) VALUES (133, TO_TIMESTAMP('2014-01-17 08:52:51', 'YYYY-MM-DD HH24:MI:SS'), '345.335.248-26', 8, 119, 3);
INSERT INTO ORDEM_COMPRA (NUMERO_NOTA_FISCAL, DATA_HORA, CPF_CLIENTE, CODIGO_FILIAL, MATRICULA_FUNCIONARIO, NUMERO_CAIXA) VALUES (134, TO_TIMESTAMP('2014-03-03 19:06:57', 'YYYY-MM-DD HH24:MI:SS'), '796.226.414-29', 5, 36, 8);
INSERT INTO ORDEM_COMPRA (NUMERO_NOTA_FISCAL, DATA_HORA, CPF_CLIENTE, CODIGO_FILIAL, MATRICULA_FUNCIONARIO, NUMERO_CAIXA) VALUES (135, TO_TIMESTAMP('2007-12-07 11:48:46', 'YYYY-MM-DD HH24:MI:SS'), '999.578.146-10', 7, 4, 6);
INSERT INTO ORDEM_COMPRA (NUMERO_NOTA_FISCAL, DATA_HORA, CPF_CLIENTE, CODIGO_FILIAL, MATRICULA_FUNCIONARIO, NUMERO_CAIXA) VALUES (136, TO_TIMESTAMP('2005-05-28 18:07:12', 'YYYY-MM-DD HH24:MI:SS'), '470.370.668-27', 1, 109, 0);
INSERT INTO ORDEM_COMPRA (NUMERO_NOTA_FISCAL, DATA_HORA, CPF_CLIENTE, CODIGO_FILIAL, MATRICULA_FUNCIONARIO, NUMERO_CAIXA) VALUES (137, TO_TIMESTAMP('2019-08-04 13:51:30', 'YYYY-MM-DD HH24:MI:SS'), '550.695.397-32', 7, 97, 6);
INSERT INTO ORDEM_COMPRA (NUMERO_NOTA_FISCAL, DATA_HORA, CPF_CLIENTE, CODIGO_FILIAL, MATRICULA_FUNCIONARIO, NUMERO_CAIXA) VALUES (138, TO_TIMESTAMP('2012-02-23 19:28:07', 'YYYY-MM-DD HH24:MI:SS'), '563.352.703-33', 6, 60, 4);
INSERT INTO ORDEM_COMPRA (NUMERO_NOTA_FISCAL, DATA_HORA, CPF_CLIENTE, CODIGO_FILIAL, MATRICULA_FUNCIONARIO, NUMERO_CAIXA) VALUES (139, TO_TIMESTAMP('2016-03-11 20:48:49', 'YYYY-MM-DD HH24:MI:SS'), '897.548.835-10', 8, 146, 4);
INSERT INTO ORDEM_COMPRA (NUMERO_NOTA_FISCAL, DATA_HORA, CPF_CLIENTE, CODIGO_FILIAL, MATRICULA_FUNCIONARIO, NUMERO_CAIXA) VALUES (140, TO_TIMESTAMP('2000-06-15 09:17:42', 'YYYY-MM-DD HH24:MI:SS'), '516.981.460-17', 8, 87, 5);
INSERT INTO ORDEM_COMPRA (NUMERO_NOTA_FISCAL, DATA_HORA, CPF_CLIENTE, CODIGO_FILIAL, MATRICULA_FUNCIONARIO, NUMERO_CAIXA) VALUES (141, TO_TIMESTAMP('2019-07-01 23:21:50', 'YYYY-MM-DD HH24:MI:SS'), '190.819.118-90', 3, 87, 0);
INSERT INTO ORDEM_COMPRA (NUMERO_NOTA_FISCAL, DATA_HORA, CPF_CLIENTE, CODIGO_FILIAL, MATRICULA_FUNCIONARIO, NUMERO_CAIXA) VALUES (142, TO_TIMESTAMP('2006-12-05 09:22:13', 'YYYY-MM-DD HH24:MI:SS'), '760.668.726-59', 0, 101, 0);
INSERT INTO ORDEM_COMPRA (NUMERO_NOTA_FISCAL, DATA_HORA, CPF_CLIENTE, CODIGO_FILIAL, MATRICULA_FUNCIONARIO, NUMERO_CAIXA) VALUES (143, TO_TIMESTAMP('2011-04-12 15:50:15', 'YYYY-MM-DD HH24:MI:SS'), '218.652.726-27', 9, 99, 2);
INSERT INTO ORDEM_COMPRA (NUMERO_NOTA_FISCAL, DATA_HORA, CPF_CLIENTE, CODIGO_FILIAL, MATRICULA_FUNCIONARIO, NUMERO_CAIXA) VALUES (144, TO_TIMESTAMP('2006-02-23 01:38:56', 'YYYY-MM-DD HH24:MI:SS'), '547.647.786-67', 0, 115, 9);
INSERT INTO ORDEM_COMPRA (NUMERO_NOTA_FISCAL, DATA_HORA, CPF_CLIENTE, CODIGO_FILIAL, MATRICULA_FUNCIONARIO, NUMERO_CAIXA) VALUES (145, TO_TIMESTAMP('2001-04-05 03:13:51', 'YYYY-MM-DD HH24:MI:SS'), '301.431.109-54', 6, 45, 0);
INSERT INTO ORDEM_COMPRA (NUMERO_NOTA_FISCAL, DATA_HORA, CPF_CLIENTE, CODIGO_FILIAL, MATRICULA_FUNCIONARIO, NUMERO_CAIXA) VALUES (146, TO_TIMESTAMP('2010-09-07 06:31:07', 'YYYY-MM-DD HH24:MI:SS'), '909.466.702-67', 1, 132, 2);
INSERT INTO ORDEM_COMPRA (NUMERO_NOTA_FISCAL, DATA_HORA, CPF_CLIENTE, CODIGO_FILIAL, MATRICULA_FUNCIONARIO, NUMERO_CAIXA) VALUES (147, TO_TIMESTAMP('2011-06-13 07:45:06', 'YYYY-MM-DD HH24:MI:SS'), '261.488.561-38', 8, 63, 7);
INSERT INTO ORDEM_COMPRA (NUMERO_NOTA_FISCAL, DATA_HORA, CPF_CLIENTE, CODIGO_FILIAL, MATRICULA_FUNCIONARIO, NUMERO_CAIXA) VALUES (148, TO_TIMESTAMP('2010-12-11 11:05:00', 'YYYY-MM-DD HH24:MI:SS'), '491.143.614-72', 9, 65, 7);
INSERT INTO ORDEM_COMPRA (NUMERO_NOTA_FISCAL, DATA_HORA, CPF_CLIENTE, CODIGO_FILIAL, MATRICULA_FUNCIONARIO, NUMERO_CAIXA) VALUES (149, TO_TIMESTAMP('2017-10-10 18:26:37', 'YYYY-MM-DD HH24:MI:SS'), '907.226.459-97', 4, 99, 3);
INSERT INTO ORDEM_COMPRA (NUMERO_NOTA_FISCAL, DATA_HORA, CPF_CLIENTE, CODIGO_FILIAL, MATRICULA_FUNCIONARIO, NUMERO_CAIXA) VALUES (150, TO_TIMESTAMP('2008-02-26 01:04:09', 'YYYY-MM-DD HH24:MI:SS'), '970.919.835-35', 0, 100, 0);
INSERT INTO ORDEM_COMPRA (NUMERO_NOTA_FISCAL, DATA_HORA, CPF_CLIENTE, CODIGO_FILIAL, MATRICULA_FUNCIONARIO, NUMERO_CAIXA) VALUES (151, TO_TIMESTAMP('2010-10-16 00:43:55', 'YYYY-MM-DD HH24:MI:SS'), '513.153.617-59', 3, 88, 2);
INSERT INTO ORDEM_COMPRA (NUMERO_NOTA_FISCAL, DATA_HORA, CPF_CLIENTE, CODIGO_FILIAL, MATRICULA_FUNCIONARIO, NUMERO_CAIXA) VALUES (152, TO_TIMESTAMP('2010-08-05 08:06:56', 'YYYY-MM-DD HH24:MI:SS'), '261.488.561-38', 1, 13, 7);
INSERT INTO ORDEM_COMPRA (NUMERO_NOTA_FISCAL, DATA_HORA, CPF_CLIENTE, CODIGO_FILIAL, MATRICULA_FUNCIONARIO, NUMERO_CAIXA) VALUES (153, TO_TIMESTAMP('2001-12-23 12:06:08', 'YYYY-MM-DD HH24:MI:SS'), '340.766.948-90', 1, 102, 6);
INSERT INTO ORDEM_COMPRA (NUMERO_NOTA_FISCAL, DATA_HORA, CPF_CLIENTE, CODIGO_FILIAL, MATRICULA_FUNCIONARIO, NUMERO_CAIXA) VALUES (154, TO_TIMESTAMP('2002-06-28 01:29:00', 'YYYY-MM-DD HH24:MI:SS'), '489.405.822-57', 4, 114, 5);
INSERT INTO ORDEM_COMPRA (NUMERO_NOTA_FISCAL, DATA_HORA, CPF_CLIENTE, CODIGO_FILIAL, MATRICULA_FUNCIONARIO, NUMERO_CAIXA) VALUES (155, TO_TIMESTAMP('2007-01-01 04:22:06', 'YYYY-MM-DD HH24:MI:SS'), '489.405.822-57', 1, 38, 2);
INSERT INTO ORDEM_COMPRA (NUMERO_NOTA_FISCAL, DATA_HORA, CPF_CLIENTE, CODIGO_FILIAL, MATRICULA_FUNCIONARIO, NUMERO_CAIXA) VALUES (156, TO_TIMESTAMP('2012-10-24 02:32:57', 'YYYY-MM-DD HH24:MI:SS'), '660.623.133-98', 9, 139, 6);
INSERT INTO ORDEM_COMPRA (NUMERO_NOTA_FISCAL, DATA_HORA, CPF_CLIENTE, CODIGO_FILIAL, MATRICULA_FUNCIONARIO, NUMERO_CAIXA) VALUES (157, TO_TIMESTAMP('2003-04-12 18:18:06', 'YYYY-MM-DD HH24:MI:SS'), '984.361.361-10', 0, 49, 3);
INSERT INTO ORDEM_COMPRA (NUMERO_NOTA_FISCAL, DATA_HORA, CPF_CLIENTE, CODIGO_FILIAL, MATRICULA_FUNCIONARIO, NUMERO_CAIXA) VALUES (158, TO_TIMESTAMP('2007-11-13 19:06:21', 'YYYY-MM-DD HH24:MI:SS'), '404.312.776-58', 4, 61, 0);
INSERT INTO ORDEM_COMPRA (NUMERO_NOTA_FISCAL, DATA_HORA, CPF_CLIENTE, CODIGO_FILIAL, MATRICULA_FUNCIONARIO, NUMERO_CAIXA) VALUES (159, TO_TIMESTAMP('2009-01-21 15:21:20', 'YYYY-MM-DD HH24:MI:SS'), '165.623.906-57', 4, 57, 0);
INSERT INTO ORDEM_COMPRA (NUMERO_NOTA_FISCAL, DATA_HORA, CPF_CLIENTE, CODIGO_FILIAL, MATRICULA_FUNCIONARIO, NUMERO_CAIXA) VALUES (160, TO_TIMESTAMP('2018-12-22 21:48:09', 'YYYY-MM-DD HH24:MI:SS'), '562.458.376-51', 0, 74, 4);
INSERT INTO ORDEM_COMPRA (NUMERO_NOTA_FISCAL, DATA_HORA, CPF_CLIENTE, CODIGO_FILIAL, MATRICULA_FUNCIONARIO, NUMERO_CAIXA) VALUES (161, TO_TIMESTAMP('2007-01-11 11:01:39', 'YYYY-MM-DD HH24:MI:SS'), '400.173.210-31', 0, 22, 6);
INSERT INTO ORDEM_COMPRA (NUMERO_NOTA_FISCAL, DATA_HORA, CPF_CLIENTE, CODIGO_FILIAL, MATRICULA_FUNCIONARIO, NUMERO_CAIXA) VALUES (162, TO_TIMESTAMP('2000-08-24 08:55:28', 'YYYY-MM-DD HH24:MI:SS'), '578.283.685-41', 8, 121, 1);
INSERT INTO ORDEM_COMPRA (NUMERO_NOTA_FISCAL, DATA_HORA, CPF_CLIENTE, CODIGO_FILIAL, MATRICULA_FUNCIONARIO, NUMERO_CAIXA) VALUES (163, TO_TIMESTAMP('2013-10-19 21:01:28', 'YYYY-MM-DD HH24:MI:SS'), '562.458.376-51', 7, 108, 8);
INSERT INTO ORDEM_COMPRA (NUMERO_NOTA_FISCAL, DATA_HORA, CPF_CLIENTE, CODIGO_FILIAL, MATRICULA_FUNCIONARIO, NUMERO_CAIXA) VALUES (164, TO_TIMESTAMP('2017-02-08 14:08:56', 'YYYY-MM-DD HH24:MI:SS'), '425.809.775-98', 1, 11, 5);
INSERT INTO ORDEM_COMPRA (NUMERO_NOTA_FISCAL, DATA_HORA, CPF_CLIENTE, CODIGO_FILIAL, MATRICULA_FUNCIONARIO, NUMERO_CAIXA) VALUES (165, TO_TIMESTAMP('2009-08-02 13:52:38', 'YYYY-MM-DD HH24:MI:SS'), '564.286.746-71', 7, 3, 0);
INSERT INTO ORDEM_COMPRA (NUMERO_NOTA_FISCAL, DATA_HORA, CPF_CLIENTE, CODIGO_FILIAL, MATRICULA_FUNCIONARIO, NUMERO_CAIXA) VALUES (166, TO_TIMESTAMP('2009-12-22 02:37:29', 'YYYY-MM-DD HH24:MI:SS'), '552.435.577-30', 2, 111, 1);
INSERT INTO ORDEM_COMPRA (NUMERO_NOTA_FISCAL, DATA_HORA, CPF_CLIENTE, CODIGO_FILIAL, MATRICULA_FUNCIONARIO, NUMERO_CAIXA) VALUES (167, TO_TIMESTAMP('2006-08-07 15:13:03', 'YYYY-MM-DD HH24:MI:SS'), '454.802.717-62', 3, 62, 7);
INSERT INTO ORDEM_COMPRA (NUMERO_NOTA_FISCAL, DATA_HORA, CPF_CLIENTE, CODIGO_FILIAL, MATRICULA_FUNCIONARIO, NUMERO_CAIXA) VALUES (168, TO_TIMESTAMP('2008-06-08 15:29:25', 'YYYY-MM-DD HH24:MI:SS'), '302.894.740-39', 0, 103, 0);
INSERT INTO ORDEM_COMPRA (NUMERO_NOTA_FISCAL, DATA_HORA, CPF_CLIENTE, CODIGO_FILIAL, MATRICULA_FUNCIONARIO, NUMERO_CAIXA) VALUES (169, TO_TIMESTAMP('2012-08-21 06:56:32', 'YYYY-MM-DD HH24:MI:SS'), '349.472.809-68', 3, 82, 3);
INSERT INTO ORDEM_COMPRA (NUMERO_NOTA_FISCAL, DATA_HORA, CPF_CLIENTE, CODIGO_FILIAL, MATRICULA_FUNCIONARIO, NUMERO_CAIXA) VALUES (170, TO_TIMESTAMP('2018-10-14 13:38:00', 'YYYY-MM-DD HH24:MI:SS'), '721.559.124-77', 1, 129, 6);
INSERT INTO ORDEM_COMPRA (NUMERO_NOTA_FISCAL, DATA_HORA, CPF_CLIENTE, CODIGO_FILIAL, MATRICULA_FUNCIONARIO, NUMERO_CAIXA) VALUES (171, TO_TIMESTAMP('2011-11-17 17:02:30', 'YYYY-MM-DD HH24:MI:SS'), '734.148.310-63', 3, 116, 8);
INSERT INTO ORDEM_COMPRA (NUMERO_NOTA_FISCAL, DATA_HORA, CPF_CLIENTE, CODIGO_FILIAL, MATRICULA_FUNCIONARIO, NUMERO_CAIXA) VALUES (172, TO_TIMESTAMP('2010-10-06 17:59:52', 'YYYY-MM-DD HH24:MI:SS'), '349.472.809-68', 7, 131, 3);
INSERT INTO ORDEM_COMPRA (NUMERO_NOTA_FISCAL, DATA_HORA, CPF_CLIENTE, CODIGO_FILIAL, MATRICULA_FUNCIONARIO, NUMERO_CAIXA) VALUES (173, TO_TIMESTAMP('2008-11-01 15:32:04', 'YYYY-MM-DD HH24:MI:SS'), '404.312.776-58', 0, 76, 7);
INSERT INTO ORDEM_COMPRA (NUMERO_NOTA_FISCAL, DATA_HORA, CPF_CLIENTE, CODIGO_FILIAL, MATRICULA_FUNCIONARIO, NUMERO_CAIXA) VALUES (174, TO_TIMESTAMP('2004-10-04 22:22:44', 'YYYY-MM-DD HH24:MI:SS'), '398.409.486-98', 7, 75, 6);
INSERT INTO ORDEM_COMPRA (NUMERO_NOTA_FISCAL, DATA_HORA, CPF_CLIENTE, CODIGO_FILIAL, MATRICULA_FUNCIONARIO, NUMERO_CAIXA) VALUES (175, TO_TIMESTAMP('2002-02-07 18:56:40', 'YYYY-MM-DD HH24:MI:SS'), '760.668.726-59', 1, 71, 5);
INSERT INTO ORDEM_COMPRA (NUMERO_NOTA_FISCAL, DATA_HORA, CPF_CLIENTE, CODIGO_FILIAL, MATRICULA_FUNCIONARIO, NUMERO_CAIXA) VALUES (176, TO_TIMESTAMP('2002-02-25 17:31:26', 'YYYY-MM-DD HH24:MI:SS'), '995.916.840-94', 4, 54, 2);
INSERT INTO ORDEM_COMPRA (NUMERO_NOTA_FISCAL, DATA_HORA, CPF_CLIENTE, CODIGO_FILIAL, MATRICULA_FUNCIONARIO, NUMERO_CAIXA) VALUES (177, TO_TIMESTAMP('2007-08-19 19:56:03', 'YYYY-MM-DD HH24:MI:SS'), '562.458.376-51', 0, 1, 1);
INSERT INTO ORDEM_COMPRA (NUMERO_NOTA_FISCAL, DATA_HORA, CPF_CLIENTE, CODIGO_FILIAL, MATRICULA_FUNCIONARIO, NUMERO_CAIXA) VALUES (178, TO_TIMESTAMP('2000-08-12 14:27:30', 'YYYY-MM-DD HH24:MI:SS'), '237.704.905-54', 1, 29, 1);
INSERT INTO ORDEM_COMPRA (NUMERO_NOTA_FISCAL, DATA_HORA, CPF_CLIENTE, CODIGO_FILIAL, MATRICULA_FUNCIONARIO, NUMERO_CAIXA) VALUES (179, TO_TIMESTAMP('2012-07-01 05:28:56', 'YYYY-MM-DD HH24:MI:SS'), '496.206.831-25', 0, 141, 1);
INSERT INTO ORDEM_COMPRA (NUMERO_NOTA_FISCAL, DATA_HORA, CPF_CLIENTE, CODIGO_FILIAL, MATRICULA_FUNCIONARIO, NUMERO_CAIXA) VALUES (180, TO_TIMESTAMP('2000-03-24 06:38:23', 'YYYY-MM-DD HH24:MI:SS'), '909.466.702-67', 8, 51, 7);
INSERT INTO ORDEM_COMPRA (NUMERO_NOTA_FISCAL, DATA_HORA, CPF_CLIENTE, CODIGO_FILIAL, MATRICULA_FUNCIONARIO, NUMERO_CAIXA) VALUES (181, TO_TIMESTAMP('2018-04-06 21:22:47', 'YYYY-MM-DD HH24:MI:SS'), '736.515.956-80', 0, 141, 1);
INSERT INTO ORDEM_COMPRA (NUMERO_NOTA_FISCAL, DATA_HORA, CPF_CLIENTE, CODIGO_FILIAL, MATRICULA_FUNCIONARIO, NUMERO_CAIXA) VALUES (182, TO_TIMESTAMP('2002-09-21 08:06:10', 'YYYY-MM-DD HH24:MI:SS'), '549.377.815-85', 6, 62, 2);
INSERT INTO ORDEM_COMPRA (NUMERO_NOTA_FISCAL, DATA_HORA, CPF_CLIENTE, CODIGO_FILIAL, MATRICULA_FUNCIONARIO, NUMERO_CAIXA) VALUES (183, TO_TIMESTAMP('2018-09-12 11:09:16', 'YYYY-MM-DD HH24:MI:SS'), '988.987.426-95', 5, 89, 2);
INSERT INTO ORDEM_COMPRA (NUMERO_NOTA_FISCAL, DATA_HORA, CPF_CLIENTE, CODIGO_FILIAL, MATRICULA_FUNCIONARIO, NUMERO_CAIXA) VALUES (184, TO_TIMESTAMP('2002-02-26 09:46:15', 'YYYY-MM-DD HH24:MI:SS'), '877.191.950-75', 1, 13, 3);
INSERT INTO ORDEM_COMPRA (NUMERO_NOTA_FISCAL, DATA_HORA, CPF_CLIENTE, CODIGO_FILIAL, MATRICULA_FUNCIONARIO, NUMERO_CAIXA) VALUES (185, TO_TIMESTAMP('2001-05-14 05:29:01', 'YYYY-MM-DD HH24:MI:SS'), '249.990.538-94', 5, 21, 9);
INSERT INTO ORDEM_COMPRA (NUMERO_NOTA_FISCAL, DATA_HORA, CPF_CLIENTE, CODIGO_FILIAL, MATRICULA_FUNCIONARIO, NUMERO_CAIXA) VALUES (186, TO_TIMESTAMP('2018-10-13 00:59:54', 'YYYY-MM-DD HH24:MI:SS'), '535.375.736-56', 4, 57, 5);
INSERT INTO ORDEM_COMPRA (NUMERO_NOTA_FISCAL, DATA_HORA, CPF_CLIENTE, CODIGO_FILIAL, MATRICULA_FUNCIONARIO, NUMERO_CAIXA) VALUES (187, TO_TIMESTAMP('2010-10-21 14:42:22', 'YYYY-MM-DD HH24:MI:SS'), '400.173.210-31', 0, 145, 2);
INSERT INTO ORDEM_COMPRA (NUMERO_NOTA_FISCAL, DATA_HORA, CPF_CLIENTE, CODIGO_FILIAL, MATRICULA_FUNCIONARIO, NUMERO_CAIXA) VALUES (188, TO_TIMESTAMP('2008-01-18 22:35:43', 'YYYY-MM-DD HH24:MI:SS'), '399.975.470-32', 2, 0, 2);
INSERT INTO ORDEM_COMPRA (NUMERO_NOTA_FISCAL, DATA_HORA, CPF_CLIENTE, CODIGO_FILIAL, MATRICULA_FUNCIONARIO, NUMERO_CAIXA) VALUES (189, TO_TIMESTAMP('2008-02-09 10:46:21', 'YYYY-MM-DD HH24:MI:SS'), '952.533.473-44', 1, 102, 2);
INSERT INTO ORDEM_COMPRA (NUMERO_NOTA_FISCAL, DATA_HORA, CPF_CLIENTE, CODIGO_FILIAL, MATRICULA_FUNCIONARIO, NUMERO_CAIXA) VALUES (190, TO_TIMESTAMP('2011-07-16 11:31:29', 'YYYY-MM-DD HH24:MI:SS'), '740.801.691-46', 4, 127, 4);
INSERT INTO ORDEM_COMPRA (NUMERO_NOTA_FISCAL, DATA_HORA, CPF_CLIENTE, CODIGO_FILIAL, MATRICULA_FUNCIONARIO, NUMERO_CAIXA) VALUES (191, TO_TIMESTAMP('2005-02-16 05:24:52', 'YYYY-MM-DD HH24:MI:SS'), '690.591.294-91', 4, 146, 5);
INSERT INTO ORDEM_COMPRA (NUMERO_NOTA_FISCAL, DATA_HORA, CPF_CLIENTE, CODIGO_FILIAL, MATRICULA_FUNCIONARIO, NUMERO_CAIXA) VALUES (192, TO_TIMESTAMP('2009-06-28 14:54:36', 'YYYY-MM-DD HH24:MI:SS'), '135.306.142-18', 1, 127, 4);
INSERT INTO ORDEM_COMPRA (NUMERO_NOTA_FISCAL, DATA_HORA, CPF_CLIENTE, CODIGO_FILIAL, MATRICULA_FUNCIONARIO, NUMERO_CAIXA) VALUES (193, TO_TIMESTAMP('2001-10-23 20:17:36', 'YYYY-MM-DD HH24:MI:SS'), '229.624.952-12', 2, 62, 8);
INSERT INTO ORDEM_COMPRA (NUMERO_NOTA_FISCAL, DATA_HORA, CPF_CLIENTE, CODIGO_FILIAL, MATRICULA_FUNCIONARIO, NUMERO_CAIXA) VALUES (194, TO_TIMESTAMP('2011-12-08 19:29:26', 'YYYY-MM-DD HH24:MI:SS'), '441.855.641-56', 2, 46, 8);
INSERT INTO ORDEM_COMPRA (NUMERO_NOTA_FISCAL, DATA_HORA, CPF_CLIENTE, CODIGO_FILIAL, MATRICULA_FUNCIONARIO, NUMERO_CAIXA) VALUES (195, TO_TIMESTAMP('2009-08-15 17:00:15', 'YYYY-MM-DD HH24:MI:SS'), '995.916.840-94', 9, 84, 1);
INSERT INTO ORDEM_COMPRA (NUMERO_NOTA_FISCAL, DATA_HORA, CPF_CLIENTE, CODIGO_FILIAL, MATRICULA_FUNCIONARIO, NUMERO_CAIXA) VALUES (196, TO_TIMESTAMP('2003-05-22 18:39:56', 'YYYY-MM-DD HH24:MI:SS'), '434.233.947-45', 7, 101, 9);
INSERT INTO ORDEM_COMPRA (NUMERO_NOTA_FISCAL, DATA_HORA, CPF_CLIENTE, CODIGO_FILIAL, MATRICULA_FUNCIONARIO, NUMERO_CAIXA) VALUES (197, TO_TIMESTAMP('2010-04-06 07:27:32', 'YYYY-MM-DD HH24:MI:SS'), '317.686.848-84', 8, 80, 6);
INSERT INTO ORDEM_COMPRA (NUMERO_NOTA_FISCAL, DATA_HORA, CPF_CLIENTE, CODIGO_FILIAL, MATRICULA_FUNCIONARIO, NUMERO_CAIXA) VALUES (198, TO_TIMESTAMP('2016-07-03 11:23:02', 'YYYY-MM-DD HH24:MI:SS'), '317.686.848-84', 1, 27, 0);
INSERT INTO ORDEM_COMPRA (NUMERO_NOTA_FISCAL, DATA_HORA, CPF_CLIENTE, CODIGO_FILIAL, MATRICULA_FUNCIONARIO, NUMERO_CAIXA) VALUES (199, TO_TIMESTAMP('2018-02-13 21:25:22', 'YYYY-MM-DD HH24:MI:SS'), '454.802.717-62', 9, 114, 5);


------ ITEM ------

INSERT INTO ITEM (IDENTIFICADOR, NUM_NOTA_FISCAL_ORDEM, NUMERO_NOTA_FISCAL, QUANTIDADE, PRECO_PRODUTO, DESCONTO, CODIGO_PRODUTO) VALUES (0, 98, 19, 28, 58.50, 0.16, 110);
INSERT INTO ITEM (IDENTIFICADOR, NUM_NOTA_FISCAL_ORDEM, NUMERO_NOTA_FISCAL, QUANTIDADE, PRECO_PRODUTO, DESCONTO, CODIGO_PRODUTO) VALUES (1, 5, 68, 86, 33.98, 0.14, 192);
INSERT INTO ITEM (IDENTIFICADOR, NUM_NOTA_FISCAL_ORDEM, NUMERO_NOTA_FISCAL, QUANTIDADE, PRECO_PRODUTO, DESCONTO, CODIGO_PRODUTO) VALUES (2, 145, 61, 28, 46.56, 0.17, 207);
INSERT INTO ITEM (IDENTIFICADOR, NUM_NOTA_FISCAL_ORDEM, NUMERO_NOTA_FISCAL, QUANTIDADE, PRECO_PRODUTO, DESCONTO, CODIGO_PRODUTO) VALUES (3, 91, 53, 72, 24.19, 0.08, 225);
INSERT INTO ITEM (IDENTIFICADOR, NUM_NOTA_FISCAL_ORDEM, NUMERO_NOTA_FISCAL, QUANTIDADE, PRECO_PRODUTO, DESCONTO, CODIGO_PRODUTO) VALUES (4, 149, 48, 36, 16.30, 0.00, 213);
INSERT INTO ITEM (IDENTIFICADOR, NUM_NOTA_FISCAL_ORDEM, NUMERO_NOTA_FISCAL, QUANTIDADE, PRECO_PRODUTO, DESCONTO, CODIGO_PRODUTO) VALUES (5, 62, 38, 46, 59.13, 0.16, 55);
INSERT INTO ITEM (IDENTIFICADOR, NUM_NOTA_FISCAL_ORDEM, NUMERO_NOTA_FISCAL, QUANTIDADE, PRECO_PRODUTO, DESCONTO, CODIGO_PRODUTO) VALUES (6, 51, 45, 33, 32.92, 0.13, 289);
INSERT INTO ITEM (IDENTIFICADOR, NUM_NOTA_FISCAL_ORDEM, NUMERO_NOTA_FISCAL, QUANTIDADE, PRECO_PRODUTO, DESCONTO, CODIGO_PRODUTO) VALUES (7, 43, 16, 54, 74.45, 0.19, 247);
INSERT INTO ITEM (IDENTIFICADOR, NUM_NOTA_FISCAL_ORDEM, NUMERO_NOTA_FISCAL, QUANTIDADE, PRECO_PRODUTO, DESCONTO, CODIGO_PRODUTO) VALUES (8, 179, 63, 17, 27.28, 0.03, 234);
INSERT INTO ITEM (IDENTIFICADOR, NUM_NOTA_FISCAL_ORDEM, NUMERO_NOTA_FISCAL, QUANTIDADE, PRECO_PRODUTO, DESCONTO, CODIGO_PRODUTO) VALUES (9, 135, 39, 44, 37.50, 0.01, 224);
INSERT INTO ITEM (IDENTIFICADOR, NUM_NOTA_FISCAL_ORDEM, NUMERO_NOTA_FISCAL, QUANTIDADE, PRECO_PRODUTO, DESCONTO, CODIGO_PRODUTO) VALUES (10, 196, 67, 46, 68.31, 0.20, 185);
INSERT INTO ITEM (IDENTIFICADOR, NUM_NOTA_FISCAL_ORDEM, NUMERO_NOTA_FISCAL, QUANTIDADE, PRECO_PRODUTO, DESCONTO, CODIGO_PRODUTO) VALUES (11, 145, 71, 89, 21.80, 0.07, 123);
INSERT INTO ITEM (IDENTIFICADOR, NUM_NOTA_FISCAL_ORDEM, NUMERO_NOTA_FISCAL, QUANTIDADE, PRECO_PRODUTO, DESCONTO, CODIGO_PRODUTO) VALUES (12, 31, 7, 55, 3.02, 0.00, 131);
INSERT INTO ITEM (IDENTIFICADOR, NUM_NOTA_FISCAL_ORDEM, NUMERO_NOTA_FISCAL, QUANTIDADE, PRECO_PRODUTO, DESCONTO, CODIGO_PRODUTO) VALUES (13, 181, 58, 28, 63.18, 0.14, 176);
INSERT INTO ITEM (IDENTIFICADOR, NUM_NOTA_FISCAL_ORDEM, NUMERO_NOTA_FISCAL, QUANTIDADE, PRECO_PRODUTO, DESCONTO, CODIGO_PRODUTO) VALUES (14, 195, 14, 82, 84.35, 0.06, 89);
INSERT INTO ITEM (IDENTIFICADOR, NUM_NOTA_FISCAL_ORDEM, NUMERO_NOTA_FISCAL, QUANTIDADE, PRECO_PRODUTO, DESCONTO, CODIGO_PRODUTO) VALUES (15, 172, 56, 93, 13.91, 0.12, 234);
INSERT INTO ITEM (IDENTIFICADOR, NUM_NOTA_FISCAL_ORDEM, NUMERO_NOTA_FISCAL, QUANTIDADE, PRECO_PRODUTO, DESCONTO, CODIGO_PRODUTO) VALUES (16, 59, 37, 39, 100.47, 0.13, 212);
INSERT INTO ITEM (IDENTIFICADOR, NUM_NOTA_FISCAL_ORDEM, NUMERO_NOTA_FISCAL, QUANTIDADE, PRECO_PRODUTO, DESCONTO, CODIGO_PRODUTO) VALUES (17, 92, 11, 2, 27.72, 0.04, 183);
INSERT INTO ITEM (IDENTIFICADOR, NUM_NOTA_FISCAL_ORDEM, NUMERO_NOTA_FISCAL, QUANTIDADE, PRECO_PRODUTO, DESCONTO, CODIGO_PRODUTO) VALUES (18, 130, 70, 40, 85.49, 0.15, 202);
INSERT INTO ITEM (IDENTIFICADOR, NUM_NOTA_FISCAL_ORDEM, NUMERO_NOTA_FISCAL, QUANTIDADE, PRECO_PRODUTO, DESCONTO, CODIGO_PRODUTO) VALUES (19, 65, 42, 72, 25.05, 0.17, 35);
INSERT INTO ITEM (IDENTIFICADOR, NUM_NOTA_FISCAL_ORDEM, NUMERO_NOTA_FISCAL, QUANTIDADE, PRECO_PRODUTO, DESCONTO, CODIGO_PRODUTO) VALUES (20, 71, 62, 86, 68.08, 0.03, 231);
INSERT INTO ITEM (IDENTIFICADOR, NUM_NOTA_FISCAL_ORDEM, NUMERO_NOTA_FISCAL, QUANTIDADE, PRECO_PRODUTO, DESCONTO, CODIGO_PRODUTO) VALUES (21, 54, 11, 41, 82.14, 0.18, 52);
INSERT INTO ITEM (IDENTIFICADOR, NUM_NOTA_FISCAL_ORDEM, NUMERO_NOTA_FISCAL, QUANTIDADE, PRECO_PRODUTO, DESCONTO, CODIGO_PRODUTO) VALUES (22, 110, 60, 65, 37.46, 0.15, 235);
INSERT INTO ITEM (IDENTIFICADOR, NUM_NOTA_FISCAL_ORDEM, NUMERO_NOTA_FISCAL, QUANTIDADE, PRECO_PRODUTO, DESCONTO, CODIGO_PRODUTO) VALUES (23, 128, 21, 5, 5.50, 0.10, 87);
INSERT INTO ITEM (IDENTIFICADOR, NUM_NOTA_FISCAL_ORDEM, NUMERO_NOTA_FISCAL, QUANTIDADE, PRECO_PRODUTO, DESCONTO, CODIGO_PRODUTO) VALUES (24, 160, 70, 85, 36.70, 0.13, 49);
INSERT INTO ITEM (IDENTIFICADOR, NUM_NOTA_FISCAL_ORDEM, NUMERO_NOTA_FISCAL, QUANTIDADE, PRECO_PRODUTO, DESCONTO, CODIGO_PRODUTO) VALUES (25, 1, 6, 45, 61.75, 0.20, 69);
INSERT INTO ITEM (IDENTIFICADOR, NUM_NOTA_FISCAL_ORDEM, NUMERO_NOTA_FISCAL, QUANTIDADE, PRECO_PRODUTO, DESCONTO, CODIGO_PRODUTO) VALUES (26, 2, 21, 60, 96.38, 0.00, 282);
INSERT INTO ITEM (IDENTIFICADOR, NUM_NOTA_FISCAL_ORDEM, NUMERO_NOTA_FISCAL, QUANTIDADE, PRECO_PRODUTO, DESCONTO, CODIGO_PRODUTO) VALUES (27, 157, 19, 19, 68.98, 0.09, 224);
INSERT INTO ITEM (IDENTIFICADOR, NUM_NOTA_FISCAL_ORDEM, NUMERO_NOTA_FISCAL, QUANTIDADE, PRECO_PRODUTO, DESCONTO, CODIGO_PRODUTO) VALUES (28, 41, 3, 37, 21.14, 0.15, 173);
INSERT INTO ITEM (IDENTIFICADOR, NUM_NOTA_FISCAL_ORDEM, NUMERO_NOTA_FISCAL, QUANTIDADE, PRECO_PRODUTO, DESCONTO, CODIGO_PRODUTO) VALUES (29, 48, 33, 47, 57.42, 0.16, 56);
INSERT INTO ITEM (IDENTIFICADOR, NUM_NOTA_FISCAL_ORDEM, NUMERO_NOTA_FISCAL, QUANTIDADE, PRECO_PRODUTO, DESCONTO, CODIGO_PRODUTO) VALUES (30, 162, 28, 100, 61.81, 0.13, 115);
INSERT INTO ITEM (IDENTIFICADOR, NUM_NOTA_FISCAL_ORDEM, NUMERO_NOTA_FISCAL, QUANTIDADE, PRECO_PRODUTO, DESCONTO, CODIGO_PRODUTO) VALUES (31, 90, 19, 47, 20.62, 0.19, 143);
INSERT INTO ITEM (IDENTIFICADOR, NUM_NOTA_FISCAL_ORDEM, NUMERO_NOTA_FISCAL, QUANTIDADE, PRECO_PRODUTO, DESCONTO, CODIGO_PRODUTO) VALUES (32, 67, 0, 62, 36.29, 0.02, 43);
INSERT INTO ITEM (IDENTIFICADOR, NUM_NOTA_FISCAL_ORDEM, NUMERO_NOTA_FISCAL, QUANTIDADE, PRECO_PRODUTO, DESCONTO, CODIGO_PRODUTO) VALUES (33, 68, 12, 31, 56.58, 0.03, 103);
INSERT INTO ITEM (IDENTIFICADOR, NUM_NOTA_FISCAL_ORDEM, NUMERO_NOTA_FISCAL, QUANTIDADE, PRECO_PRODUTO, DESCONTO, CODIGO_PRODUTO) VALUES (34, 9, 33, 29, 60.15, 0.01, 153);
INSERT INTO ITEM (IDENTIFICADOR, NUM_NOTA_FISCAL_ORDEM, NUMERO_NOTA_FISCAL, QUANTIDADE, PRECO_PRODUTO, DESCONTO, CODIGO_PRODUTO) VALUES (35, 2, 77, 4, 57.42, 0.14, 226);
INSERT INTO ITEM (IDENTIFICADOR, NUM_NOTA_FISCAL_ORDEM, NUMERO_NOTA_FISCAL, QUANTIDADE, PRECO_PRODUTO, DESCONTO, CODIGO_PRODUTO) VALUES (36, 138, 5, 47, 44.76, 0.02, 268);
INSERT INTO ITEM (IDENTIFICADOR, NUM_NOTA_FISCAL_ORDEM, NUMERO_NOTA_FISCAL, QUANTIDADE, PRECO_PRODUTO, DESCONTO, CODIGO_PRODUTO) VALUES (37, 5, 55, 75, 96.59, 0.18, 37);
INSERT INTO ITEM (IDENTIFICADOR, NUM_NOTA_FISCAL_ORDEM, NUMERO_NOTA_FISCAL, QUANTIDADE, PRECO_PRODUTO, DESCONTO, CODIGO_PRODUTO) VALUES (38, 61, 67, 21, 14.99, 0.12, 21);
INSERT INTO ITEM (IDENTIFICADOR, NUM_NOTA_FISCAL_ORDEM, NUMERO_NOTA_FISCAL, QUANTIDADE, PRECO_PRODUTO, DESCONTO, CODIGO_PRODUTO) VALUES (39, 141, 27, 92, 93.98, 0.08, 11);
INSERT INTO ITEM (IDENTIFICADOR, NUM_NOTA_FISCAL_ORDEM, NUMERO_NOTA_FISCAL, QUANTIDADE, PRECO_PRODUTO, DESCONTO, CODIGO_PRODUTO) VALUES (40, 7, 49, 19, 70.20, 0.03, 34);
INSERT INTO ITEM (IDENTIFICADOR, NUM_NOTA_FISCAL_ORDEM, NUMERO_NOTA_FISCAL, QUANTIDADE, PRECO_PRODUTO, DESCONTO, CODIGO_PRODUTO) VALUES (41, 168, 15, 90, 66.42, 0.15, 15);
INSERT INTO ITEM (IDENTIFICADOR, NUM_NOTA_FISCAL_ORDEM, NUMERO_NOTA_FISCAL, QUANTIDADE, PRECO_PRODUTO, DESCONTO, CODIGO_PRODUTO) VALUES (42, 117, 67, 41, 2.48, 0.04, 272);
INSERT INTO ITEM (IDENTIFICADOR, NUM_NOTA_FISCAL_ORDEM, NUMERO_NOTA_FISCAL, QUANTIDADE, PRECO_PRODUTO, DESCONTO, CODIGO_PRODUTO) VALUES (43, 8, 27, 58, 43.54, 0.17, 23);
INSERT INTO ITEM (IDENTIFICADOR, NUM_NOTA_FISCAL_ORDEM, NUMERO_NOTA_FISCAL, QUANTIDADE, PRECO_PRODUTO, DESCONTO, CODIGO_PRODUTO) VALUES (44, 34, 36, 46, 29.44, 0.15, 5);
INSERT INTO ITEM (IDENTIFICADOR, NUM_NOTA_FISCAL_ORDEM, NUMERO_NOTA_FISCAL, QUANTIDADE, PRECO_PRODUTO, DESCONTO, CODIGO_PRODUTO) VALUES (45, 161, 46, 53, 52.03, 0.11, 62);
INSERT INTO ITEM (IDENTIFICADOR, NUM_NOTA_FISCAL_ORDEM, NUMERO_NOTA_FISCAL, QUANTIDADE, PRECO_PRODUTO, DESCONTO, CODIGO_PRODUTO) VALUES (46, 9, 64, 67, 100.23, 0.00, 124);
INSERT INTO ITEM (IDENTIFICADOR, NUM_NOTA_FISCAL_ORDEM, NUMERO_NOTA_FISCAL, QUANTIDADE, PRECO_PRODUTO, DESCONTO, CODIGO_PRODUTO) VALUES (47, 80, 1, 74, 61.77, 0.14, 135);
INSERT INTO ITEM (IDENTIFICADOR, NUM_NOTA_FISCAL_ORDEM, NUMERO_NOTA_FISCAL, QUANTIDADE, PRECO_PRODUTO, DESCONTO, CODIGO_PRODUTO) VALUES (48, 153, 58, 82, 68.41, 0.06, 298);
INSERT INTO ITEM (IDENTIFICADOR, NUM_NOTA_FISCAL_ORDEM, NUMERO_NOTA_FISCAL, QUANTIDADE, PRECO_PRODUTO, DESCONTO, CODIGO_PRODUTO) VALUES (49, 151, 60, 69, 99.09, 0.02, 208);
INSERT INTO ITEM (IDENTIFICADOR, NUM_NOTA_FISCAL_ORDEM, NUMERO_NOTA_FISCAL, QUANTIDADE, PRECO_PRODUTO, DESCONTO, CODIGO_PRODUTO) VALUES (50, 64, 41, 65, 32.25, 0.13, 145);
INSERT INTO ITEM (IDENTIFICADOR, NUM_NOTA_FISCAL_ORDEM, NUMERO_NOTA_FISCAL, QUANTIDADE, PRECO_PRODUTO, DESCONTO, CODIGO_PRODUTO) VALUES (51, 137, 43, 85, 81.79, 0.05, 235);
INSERT INTO ITEM (IDENTIFICADOR, NUM_NOTA_FISCAL_ORDEM, NUMERO_NOTA_FISCAL, QUANTIDADE, PRECO_PRODUTO, DESCONTO, CODIGO_PRODUTO) VALUES (52, 63, 32, 10, 62.28, 0.09, 33);
INSERT INTO ITEM (IDENTIFICADOR, NUM_NOTA_FISCAL_ORDEM, NUMERO_NOTA_FISCAL, QUANTIDADE, PRECO_PRODUTO, DESCONTO, CODIGO_PRODUTO) VALUES (53, 91, 13, 66, 96.33, 0.05, 256);
INSERT INTO ITEM (IDENTIFICADOR, NUM_NOTA_FISCAL_ORDEM, NUMERO_NOTA_FISCAL, QUANTIDADE, PRECO_PRODUTO, DESCONTO, CODIGO_PRODUTO) VALUES (54, 142, 71, 33, 95.25, 0.13, 155);
INSERT INTO ITEM (IDENTIFICADOR, NUM_NOTA_FISCAL_ORDEM, NUMERO_NOTA_FISCAL, QUANTIDADE, PRECO_PRODUTO, DESCONTO, CODIGO_PRODUTO) VALUES (55, 95, 68, 3, 92.15, 0.16, 0);
INSERT INTO ITEM (IDENTIFICADOR, NUM_NOTA_FISCAL_ORDEM, NUMERO_NOTA_FISCAL, QUANTIDADE, PRECO_PRODUTO, DESCONTO, CODIGO_PRODUTO) VALUES (56, 102, 76, 56, 62.35, 0.12, 213);
INSERT INTO ITEM (IDENTIFICADOR, NUM_NOTA_FISCAL_ORDEM, NUMERO_NOTA_FISCAL, QUANTIDADE, PRECO_PRODUTO, DESCONTO, CODIGO_PRODUTO) VALUES (57, 85, 29, 51, 6.57, 0.10, 221);
INSERT INTO ITEM (IDENTIFICADOR, NUM_NOTA_FISCAL_ORDEM, NUMERO_NOTA_FISCAL, QUANTIDADE, PRECO_PRODUTO, DESCONTO, CODIGO_PRODUTO) VALUES (58, 5, 31, 81, 29.58, 0.00, 297);
INSERT INTO ITEM (IDENTIFICADOR, NUM_NOTA_FISCAL_ORDEM, NUMERO_NOTA_FISCAL, QUANTIDADE, PRECO_PRODUTO, DESCONTO, CODIGO_PRODUTO) VALUES (59, 182, 50, 52, 33.57, 0.15, 229);
INSERT INTO ITEM (IDENTIFICADOR, NUM_NOTA_FISCAL_ORDEM, NUMERO_NOTA_FISCAL, QUANTIDADE, PRECO_PRODUTO, DESCONTO, CODIGO_PRODUTO) VALUES (60, 104, 11, 4, 95.06, 0.08, 110);
INSERT INTO ITEM (IDENTIFICADOR, NUM_NOTA_FISCAL_ORDEM, NUMERO_NOTA_FISCAL, QUANTIDADE, PRECO_PRODUTO, DESCONTO, CODIGO_PRODUTO) VALUES (61, 15, 32, 62, 45.13, 0.14, 207);
INSERT INTO ITEM (IDENTIFICADOR, NUM_NOTA_FISCAL_ORDEM, NUMERO_NOTA_FISCAL, QUANTIDADE, PRECO_PRODUTO, DESCONTO, CODIGO_PRODUTO) VALUES (62, 123, 44, 88, 64.07, 0.06, 62);
INSERT INTO ITEM (IDENTIFICADOR, NUM_NOTA_FISCAL_ORDEM, NUMERO_NOTA_FISCAL, QUANTIDADE, PRECO_PRODUTO, DESCONTO, CODIGO_PRODUTO) VALUES (63, 192, 15, 79, 28.66, 0.14, 56);
INSERT INTO ITEM (IDENTIFICADOR, NUM_NOTA_FISCAL_ORDEM, NUMERO_NOTA_FISCAL, QUANTIDADE, PRECO_PRODUTO, DESCONTO, CODIGO_PRODUTO) VALUES (64, 13, 26, 40, 67.58, 0.08, 277);
INSERT INTO ITEM (IDENTIFICADOR, NUM_NOTA_FISCAL_ORDEM, NUMERO_NOTA_FISCAL, QUANTIDADE, PRECO_PRODUTO, DESCONTO, CODIGO_PRODUTO) VALUES (65, 128, 6, 77, 74.89, 0.19, 272);
INSERT INTO ITEM (IDENTIFICADOR, NUM_NOTA_FISCAL_ORDEM, NUMERO_NOTA_FISCAL, QUANTIDADE, PRECO_PRODUTO, DESCONTO, CODIGO_PRODUTO) VALUES (66, 67, 27, 8, 71.60, 0.08, 265);
INSERT INTO ITEM (IDENTIFICADOR, NUM_NOTA_FISCAL_ORDEM, NUMERO_NOTA_FISCAL, QUANTIDADE, PRECO_PRODUTO, DESCONTO, CODIGO_PRODUTO) VALUES (67, 125, 31, 86, 60.14, 0.04, 139);
INSERT INTO ITEM (IDENTIFICADOR, NUM_NOTA_FISCAL_ORDEM, NUMERO_NOTA_FISCAL, QUANTIDADE, PRECO_PRODUTO, DESCONTO, CODIGO_PRODUTO) VALUES (68, 12, 63, 30, 91.52, 0.06, 86);
INSERT INTO ITEM (IDENTIFICADOR, NUM_NOTA_FISCAL_ORDEM, NUMERO_NOTA_FISCAL, QUANTIDADE, PRECO_PRODUTO, DESCONTO, CODIGO_PRODUTO) VALUES (69, 53, 34, 83, 94.89, 0.05, 225);
INSERT INTO ITEM (IDENTIFICADOR, NUM_NOTA_FISCAL_ORDEM, NUMERO_NOTA_FISCAL, QUANTIDADE, PRECO_PRODUTO, DESCONTO, CODIGO_PRODUTO) VALUES (70, 23, 54, 61, 5.30, 0.20, 272);
INSERT INTO ITEM (IDENTIFICADOR, NUM_NOTA_FISCAL_ORDEM, NUMERO_NOTA_FISCAL, QUANTIDADE, PRECO_PRODUTO, DESCONTO, CODIGO_PRODUTO) VALUES (71, 186, 72, 31, 87.19, 0.13, 279);
INSERT INTO ITEM (IDENTIFICADOR, NUM_NOTA_FISCAL_ORDEM, NUMERO_NOTA_FISCAL, QUANTIDADE, PRECO_PRODUTO, DESCONTO, CODIGO_PRODUTO) VALUES (72, 130, 71, 31, 4.35, 0.14, 157);
INSERT INTO ITEM (IDENTIFICADOR, NUM_NOTA_FISCAL_ORDEM, NUMERO_NOTA_FISCAL, QUANTIDADE, PRECO_PRODUTO, DESCONTO, CODIGO_PRODUTO) VALUES (73, 29, 6, 70, 43.73, 0.20, 69);
INSERT INTO ITEM (IDENTIFICADOR, NUM_NOTA_FISCAL_ORDEM, NUMERO_NOTA_FISCAL, QUANTIDADE, PRECO_PRODUTO, DESCONTO, CODIGO_PRODUTO) VALUES (74, 27, 52, 61, 97.97, 0.14, 170);
INSERT INTO ITEM (IDENTIFICADOR, NUM_NOTA_FISCAL_ORDEM, NUMERO_NOTA_FISCAL, QUANTIDADE, PRECO_PRODUTO, DESCONTO, CODIGO_PRODUTO) VALUES (75, 149, 3, 28, 3.41, 0.00, 155);
INSERT INTO ITEM (IDENTIFICADOR, NUM_NOTA_FISCAL_ORDEM, NUMERO_NOTA_FISCAL, QUANTIDADE, PRECO_PRODUTO, DESCONTO, CODIGO_PRODUTO) VALUES (76, 24, 40, 86, 44.38, 0.20, 125);
INSERT INTO ITEM (IDENTIFICADOR, NUM_NOTA_FISCAL_ORDEM, NUMERO_NOTA_FISCAL, QUANTIDADE, PRECO_PRODUTO, DESCONTO, CODIGO_PRODUTO) VALUES (77, 165, 53, 79, 23.21, 0.19, 81);
INSERT INTO ITEM (IDENTIFICADOR, NUM_NOTA_FISCAL_ORDEM, NUMERO_NOTA_FISCAL, QUANTIDADE, PRECO_PRODUTO, DESCONTO, CODIGO_PRODUTO) VALUES (78, 56, 21, 26, 21.80, 0.09, 93);
INSERT INTO ITEM (IDENTIFICADOR, NUM_NOTA_FISCAL_ORDEM, NUMERO_NOTA_FISCAL, QUANTIDADE, PRECO_PRODUTO, DESCONTO, CODIGO_PRODUTO) VALUES (79, 197, 73, 14, 24.16, 0.07, 135);
INSERT INTO ITEM (IDENTIFICADOR, NUM_NOTA_FISCAL_ORDEM, NUMERO_NOTA_FISCAL, QUANTIDADE, PRECO_PRODUTO, DESCONTO, CODIGO_PRODUTO) VALUES (80, 120, 76, 87, 8.56, 0.09, 93);
INSERT INTO ITEM (IDENTIFICADOR, NUM_NOTA_FISCAL_ORDEM, NUMERO_NOTA_FISCAL, QUANTIDADE, PRECO_PRODUTO, DESCONTO, CODIGO_PRODUTO) VALUES (81, 166, 38, 40, 2.63, 0.07, 122);
INSERT INTO ITEM (IDENTIFICADOR, NUM_NOTA_FISCAL_ORDEM, NUMERO_NOTA_FISCAL, QUANTIDADE, PRECO_PRODUTO, DESCONTO, CODIGO_PRODUTO) VALUES (82, 167, 74, 59, 70.24, 0.06, 207);
INSERT INTO ITEM (IDENTIFICADOR, NUM_NOTA_FISCAL_ORDEM, NUMERO_NOTA_FISCAL, QUANTIDADE, PRECO_PRODUTO, DESCONTO, CODIGO_PRODUTO) VALUES (83, 168, 74, 54, 6.39, 0.00, 71);
INSERT INTO ITEM (IDENTIFICADOR, NUM_NOTA_FISCAL_ORDEM, NUMERO_NOTA_FISCAL, QUANTIDADE, PRECO_PRODUTO, DESCONTO, CODIGO_PRODUTO) VALUES (84, 182, 14, 81, 45.51, 0.09, 176);
INSERT INTO ITEM (IDENTIFICADOR, NUM_NOTA_FISCAL_ORDEM, NUMERO_NOTA_FISCAL, QUANTIDADE, PRECO_PRODUTO, DESCONTO, CODIGO_PRODUTO) VALUES (85, 60, 50, 87, 48.96, 0.18, 252);
INSERT INTO ITEM (IDENTIFICADOR, NUM_NOTA_FISCAL_ORDEM, NUMERO_NOTA_FISCAL, QUANTIDADE, PRECO_PRODUTO, DESCONTO, CODIGO_PRODUTO) VALUES (86, 56, 72, 68, 80.15, 0.03, 108);
INSERT INTO ITEM (IDENTIFICADOR, NUM_NOTA_FISCAL_ORDEM, NUMERO_NOTA_FISCAL, QUANTIDADE, PRECO_PRODUTO, DESCONTO, CODIGO_PRODUTO) VALUES (87, 170, 62, 59, 39.73, 0.16, 212);
INSERT INTO ITEM (IDENTIFICADOR, NUM_NOTA_FISCAL_ORDEM, NUMERO_NOTA_FISCAL, QUANTIDADE, PRECO_PRODUTO, DESCONTO, CODIGO_PRODUTO) VALUES (88, 81, 26, 15, 23.14, 0.09, 88);
INSERT INTO ITEM (IDENTIFICADOR, NUM_NOTA_FISCAL_ORDEM, NUMERO_NOTA_FISCAL, QUANTIDADE, PRECO_PRODUTO, DESCONTO, CODIGO_PRODUTO) VALUES (89, 163, 46, 5, 49.48, 0.03, 211);
INSERT INTO ITEM (IDENTIFICADOR, NUM_NOTA_FISCAL_ORDEM, NUMERO_NOTA_FISCAL, QUANTIDADE, PRECO_PRODUTO, DESCONTO, CODIGO_PRODUTO) VALUES (90, 0, 11, 75, 82.30, 0.02, 16);
INSERT INTO ITEM (IDENTIFICADOR, NUM_NOTA_FISCAL_ORDEM, NUMERO_NOTA_FISCAL, QUANTIDADE, PRECO_PRODUTO, DESCONTO, CODIGO_PRODUTO) VALUES (91, 148, 40, 29, 77.57, 0.03, 67);
INSERT INTO ITEM (IDENTIFICADOR, NUM_NOTA_FISCAL_ORDEM, NUMERO_NOTA_FISCAL, QUANTIDADE, PRECO_PRODUTO, DESCONTO, CODIGO_PRODUTO) VALUES (92, 173, 35, 24, 48.38, 0.08, 207);
INSERT INTO ITEM (IDENTIFICADOR, NUM_NOTA_FISCAL_ORDEM, NUMERO_NOTA_FISCAL, QUANTIDADE, PRECO_PRODUTO, DESCONTO, CODIGO_PRODUTO) VALUES (93, 150, 68, 74, 63.51, 0.04, 181);
INSERT INTO ITEM (IDENTIFICADOR, NUM_NOTA_FISCAL_ORDEM, NUMERO_NOTA_FISCAL, QUANTIDADE, PRECO_PRODUTO, DESCONTO, CODIGO_PRODUTO) VALUES (94, 100, 16, 51, 51.68, 0.05, 108);
INSERT INTO ITEM (IDENTIFICADOR, NUM_NOTA_FISCAL_ORDEM, NUMERO_NOTA_FISCAL, QUANTIDADE, PRECO_PRODUTO, DESCONTO, CODIGO_PRODUTO) VALUES (95, 190, 71, 43, 84.86, 0.10, 94);
INSERT INTO ITEM (IDENTIFICADOR, NUM_NOTA_FISCAL_ORDEM, NUMERO_NOTA_FISCAL, QUANTIDADE, PRECO_PRODUTO, DESCONTO, CODIGO_PRODUTO) VALUES (96, 96, 12, 3, 3.99, 0.08, 108);
INSERT INTO ITEM (IDENTIFICADOR, NUM_NOTA_FISCAL_ORDEM, NUMERO_NOTA_FISCAL, QUANTIDADE, PRECO_PRODUTO, DESCONTO, CODIGO_PRODUTO) VALUES (97, 170, 71, 68, 83.64, 0.10, 129);
INSERT INTO ITEM (IDENTIFICADOR, NUM_NOTA_FISCAL_ORDEM, NUMERO_NOTA_FISCAL, QUANTIDADE, PRECO_PRODUTO, DESCONTO, CODIGO_PRODUTO) VALUES (98, 153, 11, 27, 74.14, 0.09, 139);
INSERT INTO ITEM (IDENTIFICADOR, NUM_NOTA_FISCAL_ORDEM, NUMERO_NOTA_FISCAL, QUANTIDADE, PRECO_PRODUTO, DESCONTO, CODIGO_PRODUTO) VALUES (99, 104, 2, 32, 82.44, 0.11, 286);
INSERT INTO ITEM (IDENTIFICADOR, NUM_NOTA_FISCAL_ORDEM, NUMERO_NOTA_FISCAL, QUANTIDADE, PRECO_PRODUTO, DESCONTO, CODIGO_PRODUTO) VALUES (100, 91, 30, 70, 46.56, 0.09, 238);
INSERT INTO ITEM (IDENTIFICADOR, NUM_NOTA_FISCAL_ORDEM, NUMERO_NOTA_FISCAL, QUANTIDADE, PRECO_PRODUTO, DESCONTO, CODIGO_PRODUTO) VALUES (101, 64, 8, 68, 17.87, 0.16, 203);
INSERT INTO ITEM (IDENTIFICADOR, NUM_NOTA_FISCAL_ORDEM, NUMERO_NOTA_FISCAL, QUANTIDADE, PRECO_PRODUTO, DESCONTO, CODIGO_PRODUTO) VALUES (102, 111, 25, 32, 88.11, 0.05, 160);
INSERT INTO ITEM (IDENTIFICADOR, NUM_NOTA_FISCAL_ORDEM, NUMERO_NOTA_FISCAL, QUANTIDADE, PRECO_PRODUTO, DESCONTO, CODIGO_PRODUTO) VALUES (103, 65, 53, 67, 15.25, 0.06, 195);
INSERT INTO ITEM (IDENTIFICADOR, NUM_NOTA_FISCAL_ORDEM, NUMERO_NOTA_FISCAL, QUANTIDADE, PRECO_PRODUTO, DESCONTO, CODIGO_PRODUTO) VALUES (104, 65, 22, 31, 66.50, 0.01, 272);
INSERT INTO ITEM (IDENTIFICADOR, NUM_NOTA_FISCAL_ORDEM, NUMERO_NOTA_FISCAL, QUANTIDADE, PRECO_PRODUTO, DESCONTO, CODIGO_PRODUTO) VALUES (105, 4, 54, 10, 46.41, 0.07, 277);
INSERT INTO ITEM (IDENTIFICADOR, NUM_NOTA_FISCAL_ORDEM, NUMERO_NOTA_FISCAL, QUANTIDADE, PRECO_PRODUTO, DESCONTO, CODIGO_PRODUTO) VALUES (106, 21, 74, 63, 52.51, 0.19, 28);
INSERT INTO ITEM (IDENTIFICADOR, NUM_NOTA_FISCAL_ORDEM, NUMERO_NOTA_FISCAL, QUANTIDADE, PRECO_PRODUTO, DESCONTO, CODIGO_PRODUTO) VALUES (107, 169, 11, 93, 74.22, 0.19, 208);
INSERT INTO ITEM (IDENTIFICADOR, NUM_NOTA_FISCAL_ORDEM, NUMERO_NOTA_FISCAL, QUANTIDADE, PRECO_PRODUTO, DESCONTO, CODIGO_PRODUTO) VALUES (108, 121, 24, 68, 15.26, 0.17, 102);
INSERT INTO ITEM (IDENTIFICADOR, NUM_NOTA_FISCAL_ORDEM, NUMERO_NOTA_FISCAL, QUANTIDADE, PRECO_PRODUTO, DESCONTO, CODIGO_PRODUTO) VALUES (109, 1, 76, 11, 27.09, 0.14, 230);
INSERT INTO ITEM (IDENTIFICADOR, NUM_NOTA_FISCAL_ORDEM, NUMERO_NOTA_FISCAL, QUANTIDADE, PRECO_PRODUTO, DESCONTO, CODIGO_PRODUTO) VALUES (110, 187, 3, 41, 89.81, 0.10, 93);
INSERT INTO ITEM (IDENTIFICADOR, NUM_NOTA_FISCAL_ORDEM, NUMERO_NOTA_FISCAL, QUANTIDADE, PRECO_PRODUTO, DESCONTO, CODIGO_PRODUTO) VALUES (111, 187, 32, 65, 54.82, 0.10, 189);
INSERT INTO ITEM (IDENTIFICADOR, NUM_NOTA_FISCAL_ORDEM, NUMERO_NOTA_FISCAL, QUANTIDADE, PRECO_PRODUTO, DESCONTO, CODIGO_PRODUTO) VALUES (112, 41, 33, 12, 98.84, 0.15, 286);
INSERT INTO ITEM (IDENTIFICADOR, NUM_NOTA_FISCAL_ORDEM, NUMERO_NOTA_FISCAL, QUANTIDADE, PRECO_PRODUTO, DESCONTO, CODIGO_PRODUTO) VALUES (113, 166, 73, 97, 97.11, 0.12, 3);
INSERT INTO ITEM (IDENTIFICADOR, NUM_NOTA_FISCAL_ORDEM, NUMERO_NOTA_FISCAL, QUANTIDADE, PRECO_PRODUTO, DESCONTO, CODIGO_PRODUTO) VALUES (114, 172, 22, 24, 9.41, 0.18, 258);
INSERT INTO ITEM (IDENTIFICADOR, NUM_NOTA_FISCAL_ORDEM, NUMERO_NOTA_FISCAL, QUANTIDADE, PRECO_PRODUTO, DESCONTO, CODIGO_PRODUTO) VALUES (115, 95, 48, 40, 89.65, 0.17, 123);
INSERT INTO ITEM (IDENTIFICADOR, NUM_NOTA_FISCAL_ORDEM, NUMERO_NOTA_FISCAL, QUANTIDADE, PRECO_PRODUTO, DESCONTO, CODIGO_PRODUTO) VALUES (116, 165, 8, 44, 89.64, 0.15, 44);
INSERT INTO ITEM (IDENTIFICADOR, NUM_NOTA_FISCAL_ORDEM, NUMERO_NOTA_FISCAL, QUANTIDADE, PRECO_PRODUTO, DESCONTO, CODIGO_PRODUTO) VALUES (117, 64, 2, 48, 70.36, 0.15, 162);
INSERT INTO ITEM (IDENTIFICADOR, NUM_NOTA_FISCAL_ORDEM, NUMERO_NOTA_FISCAL, QUANTIDADE, PRECO_PRODUTO, DESCONTO, CODIGO_PRODUTO) VALUES (118, 47, 34, 55, 1.94, 0.09, 94);
INSERT INTO ITEM (IDENTIFICADOR, NUM_NOTA_FISCAL_ORDEM, NUMERO_NOTA_FISCAL, QUANTIDADE, PRECO_PRODUTO, DESCONTO, CODIGO_PRODUTO) VALUES (119, 60, 43, 18, 42.35, 0.08, 225);
INSERT INTO ITEM (IDENTIFICADOR, NUM_NOTA_FISCAL_ORDEM, NUMERO_NOTA_FISCAL, QUANTIDADE, PRECO_PRODUTO, DESCONTO, CODIGO_PRODUTO) VALUES (120, 85, 21, 84, 51.87, 0.17, 113);
INSERT INTO ITEM (IDENTIFICADOR, NUM_NOTA_FISCAL_ORDEM, NUMERO_NOTA_FISCAL, QUANTIDADE, PRECO_PRODUTO, DESCONTO, CODIGO_PRODUTO) VALUES (121, 43, 59, 76, 98.85, 0.18, 220);
INSERT INTO ITEM (IDENTIFICADOR, NUM_NOTA_FISCAL_ORDEM, NUMERO_NOTA_FISCAL, QUANTIDADE, PRECO_PRODUTO, DESCONTO, CODIGO_PRODUTO) VALUES (122, 149, 51, 86, 97.32, 0.07, 174);
INSERT INTO ITEM (IDENTIFICADOR, NUM_NOTA_FISCAL_ORDEM, NUMERO_NOTA_FISCAL, QUANTIDADE, PRECO_PRODUTO, DESCONTO, CODIGO_PRODUTO) VALUES (123, 127, 13, 27, 25.37, 0.13, 125);
INSERT INTO ITEM (IDENTIFICADOR, NUM_NOTA_FISCAL_ORDEM, NUMERO_NOTA_FISCAL, QUANTIDADE, PRECO_PRODUTO, DESCONTO, CODIGO_PRODUTO) VALUES (124, 29, 11, 80, 31.08, 0.05, 15);
INSERT INTO ITEM (IDENTIFICADOR, NUM_NOTA_FISCAL_ORDEM, NUMERO_NOTA_FISCAL, QUANTIDADE, PRECO_PRODUTO, DESCONTO, CODIGO_PRODUTO) VALUES (125, 145, 41, 78, 65.51, 0.17, 229);
INSERT INTO ITEM (IDENTIFICADOR, NUM_NOTA_FISCAL_ORDEM, NUMERO_NOTA_FISCAL, QUANTIDADE, PRECO_PRODUTO, DESCONTO, CODIGO_PRODUTO) VALUES (126, 165, 51, 59, 98.47, 0.03, 49);
INSERT INTO ITEM (IDENTIFICADOR, NUM_NOTA_FISCAL_ORDEM, NUMERO_NOTA_FISCAL, QUANTIDADE, PRECO_PRODUTO, DESCONTO, CODIGO_PRODUTO) VALUES (127, 18, 18, 85, 89.36, 0.13, 101);
INSERT INTO ITEM (IDENTIFICADOR, NUM_NOTA_FISCAL_ORDEM, NUMERO_NOTA_FISCAL, QUANTIDADE, PRECO_PRODUTO, DESCONTO, CODIGO_PRODUTO) VALUES (128, 16, 40, 38, 80.14, 0.15, 290);
INSERT INTO ITEM (IDENTIFICADOR, NUM_NOTA_FISCAL_ORDEM, NUMERO_NOTA_FISCAL, QUANTIDADE, PRECO_PRODUTO, DESCONTO, CODIGO_PRODUTO) VALUES (129, 60, 72, 43, 37.60, 0.10, 207);
INSERT INTO ITEM (IDENTIFICADOR, NUM_NOTA_FISCAL_ORDEM, NUMERO_NOTA_FISCAL, QUANTIDADE, PRECO_PRODUTO, DESCONTO, CODIGO_PRODUTO) VALUES (130, 90, 2, 92, 31.11, 0.01, 184);
INSERT INTO ITEM (IDENTIFICADOR, NUM_NOTA_FISCAL_ORDEM, NUMERO_NOTA_FISCAL, QUANTIDADE, PRECO_PRODUTO, DESCONTO, CODIGO_PRODUTO) VALUES (131, 157, 63, 51, 55.17, 0.11, 228);
INSERT INTO ITEM (IDENTIFICADOR, NUM_NOTA_FISCAL_ORDEM, NUMERO_NOTA_FISCAL, QUANTIDADE, PRECO_PRODUTO, DESCONTO, CODIGO_PRODUTO) VALUES (132, 58, 49, 22, 55.41, 0.11, 137);
INSERT INTO ITEM (IDENTIFICADOR, NUM_NOTA_FISCAL_ORDEM, NUMERO_NOTA_FISCAL, QUANTIDADE, PRECO_PRODUTO, DESCONTO, CODIGO_PRODUTO) VALUES (133, 77, 60, 17, 11.48, 0.16, 210);
INSERT INTO ITEM (IDENTIFICADOR, NUM_NOTA_FISCAL_ORDEM, NUMERO_NOTA_FISCAL, QUANTIDADE, PRECO_PRODUTO, DESCONTO, CODIGO_PRODUTO) VALUES (134, 96, 29, 64, 85.19, 0.17, 200);
INSERT INTO ITEM (IDENTIFICADOR, NUM_NOTA_FISCAL_ORDEM, NUMERO_NOTA_FISCAL, QUANTIDADE, PRECO_PRODUTO, DESCONTO, CODIGO_PRODUTO) VALUES (135, 132, 68, 88, 88.44, 0.15, 232);
INSERT INTO ITEM (IDENTIFICADOR, NUM_NOTA_FISCAL_ORDEM, NUMERO_NOTA_FISCAL, QUANTIDADE, PRECO_PRODUTO, DESCONTO, CODIGO_PRODUTO) VALUES (136, 123, 69, 68, 98.24, 0.15, 230);
INSERT INTO ITEM (IDENTIFICADOR, NUM_NOTA_FISCAL_ORDEM, NUMERO_NOTA_FISCAL, QUANTIDADE, PRECO_PRODUTO, DESCONTO, CODIGO_PRODUTO) VALUES (137, 74, 41, 51, 27.44, 0.13, 54);
INSERT INTO ITEM (IDENTIFICADOR, NUM_NOTA_FISCAL_ORDEM, NUMERO_NOTA_FISCAL, QUANTIDADE, PRECO_PRODUTO, DESCONTO, CODIGO_PRODUTO) VALUES (138, 23, 75, 53, 78.79, 0.06, 7);
INSERT INTO ITEM (IDENTIFICADOR, NUM_NOTA_FISCAL_ORDEM, NUMERO_NOTA_FISCAL, QUANTIDADE, PRECO_PRODUTO, DESCONTO, CODIGO_PRODUTO) VALUES (139, 135, 3, 78, 94.65, 0.08, 143);
INSERT INTO ITEM (IDENTIFICADOR, NUM_NOTA_FISCAL_ORDEM, NUMERO_NOTA_FISCAL, QUANTIDADE, PRECO_PRODUTO, DESCONTO, CODIGO_PRODUTO) VALUES (140, 65, 16, 45, 87.14, 0.09, 215);
INSERT INTO ITEM (IDENTIFICADOR, NUM_NOTA_FISCAL_ORDEM, NUMERO_NOTA_FISCAL, QUANTIDADE, PRECO_PRODUTO, DESCONTO, CODIGO_PRODUTO) VALUES (141, 107, 25, 65, 93.25, 0.09, 138);
INSERT INTO ITEM (IDENTIFICADOR, NUM_NOTA_FISCAL_ORDEM, NUMERO_NOTA_FISCAL, QUANTIDADE, PRECO_PRODUTO, DESCONTO, CODIGO_PRODUTO) VALUES (142, 14, 53, 31, 67.80, 0.09, 127);
INSERT INTO ITEM (IDENTIFICADOR, NUM_NOTA_FISCAL_ORDEM, NUMERO_NOTA_FISCAL, QUANTIDADE, PRECO_PRODUTO, DESCONTO, CODIGO_PRODUTO) VALUES (143, 2, 36, 28, 2.94, 0.02, 42);
INSERT INTO ITEM (IDENTIFICADOR, NUM_NOTA_FISCAL_ORDEM, NUMERO_NOTA_FISCAL, QUANTIDADE, PRECO_PRODUTO, DESCONTO, CODIGO_PRODUTO) VALUES (144, 183, 43, 78, 83.41, 0.11, 227);
INSERT INTO ITEM (IDENTIFICADOR, NUM_NOTA_FISCAL_ORDEM, NUMERO_NOTA_FISCAL, QUANTIDADE, PRECO_PRODUTO, DESCONTO, CODIGO_PRODUTO) VALUES (145, 72, 16, 91, 63.34, 0.19, 0);
INSERT INTO ITEM (IDENTIFICADOR, NUM_NOTA_FISCAL_ORDEM, NUMERO_NOTA_FISCAL, QUANTIDADE, PRECO_PRODUTO, DESCONTO, CODIGO_PRODUTO) VALUES (146, 129, 30, 99, 75.66, 0.01, 184);
INSERT INTO ITEM (IDENTIFICADOR, NUM_NOTA_FISCAL_ORDEM, NUMERO_NOTA_FISCAL, QUANTIDADE, PRECO_PRODUTO, DESCONTO, CODIGO_PRODUTO) VALUES (147, 92, 12, 83, 98.06, 0.08, 26);
INSERT INTO ITEM (IDENTIFICADOR, NUM_NOTA_FISCAL_ORDEM, NUMERO_NOTA_FISCAL, QUANTIDADE, PRECO_PRODUTO, DESCONTO, CODIGO_PRODUTO) VALUES (148, 145, 35, 32, 25.25, 0.10, 177);
INSERT INTO ITEM (IDENTIFICADOR, NUM_NOTA_FISCAL_ORDEM, NUMERO_NOTA_FISCAL, QUANTIDADE, PRECO_PRODUTO, DESCONTO, CODIGO_PRODUTO) VALUES (149, 3, 58, 100, 5.69, 0.12, 122);
INSERT INTO ITEM (IDENTIFICADOR, NUM_NOTA_FISCAL_ORDEM, NUMERO_NOTA_FISCAL, QUANTIDADE, PRECO_PRODUTO, DESCONTO, CODIGO_PRODUTO) VALUES (150, 136, 34, 59, 30.09, 0.15, 5);
INSERT INTO ITEM (IDENTIFICADOR, NUM_NOTA_FISCAL_ORDEM, NUMERO_NOTA_FISCAL, QUANTIDADE, PRECO_PRODUTO, DESCONTO, CODIGO_PRODUTO) VALUES (151, 9, 65, 59, 74.96, 0.14, 296);
INSERT INTO ITEM (IDENTIFICADOR, NUM_NOTA_FISCAL_ORDEM, NUMERO_NOTA_FISCAL, QUANTIDADE, PRECO_PRODUTO, DESCONTO, CODIGO_PRODUTO) VALUES (152, 29, 12, 58, 76.42, 0.05, 250);
INSERT INTO ITEM (IDENTIFICADOR, NUM_NOTA_FISCAL_ORDEM, NUMERO_NOTA_FISCAL, QUANTIDADE, PRECO_PRODUTO, DESCONTO, CODIGO_PRODUTO) VALUES (153, 49, 43, 98, 16.30, 0.08, 215);
INSERT INTO ITEM (IDENTIFICADOR, NUM_NOTA_FISCAL_ORDEM, NUMERO_NOTA_FISCAL, QUANTIDADE, PRECO_PRODUTO, DESCONTO, CODIGO_PRODUTO) VALUES (154, 11, 33, 99, 50.96, 0.12, 170);
INSERT INTO ITEM (IDENTIFICADOR, NUM_NOTA_FISCAL_ORDEM, NUMERO_NOTA_FISCAL, QUANTIDADE, PRECO_PRODUTO, DESCONTO, CODIGO_PRODUTO) VALUES (155, 111, 31, 96, 92.28, 0.02, 100);
INSERT INTO ITEM (IDENTIFICADOR, NUM_NOTA_FISCAL_ORDEM, NUMERO_NOTA_FISCAL, QUANTIDADE, PRECO_PRODUTO, DESCONTO, CODIGO_PRODUTO) VALUES (156, 13, 25, 38, 59.21, 0.09, 189);
INSERT INTO ITEM (IDENTIFICADOR, NUM_NOTA_FISCAL_ORDEM, NUMERO_NOTA_FISCAL, QUANTIDADE, PRECO_PRODUTO, DESCONTO, CODIGO_PRODUTO) VALUES (157, 162, 6, 19, 13.91, 0.10, 49);
INSERT INTO ITEM (IDENTIFICADOR, NUM_NOTA_FISCAL_ORDEM, NUMERO_NOTA_FISCAL, QUANTIDADE, PRECO_PRODUTO, DESCONTO, CODIGO_PRODUTO) VALUES (158, 0, 41, 27, 62.79, 0.02, 254);
INSERT INTO ITEM (IDENTIFICADOR, NUM_NOTA_FISCAL_ORDEM, NUMERO_NOTA_FISCAL, QUANTIDADE, PRECO_PRODUTO, DESCONTO, CODIGO_PRODUTO) VALUES (159, 100, 50, 31, 86.06, 0.02, 209);
INSERT INTO ITEM (IDENTIFICADOR, NUM_NOTA_FISCAL_ORDEM, NUMERO_NOTA_FISCAL, QUANTIDADE, PRECO_PRODUTO, DESCONTO, CODIGO_PRODUTO) VALUES (160, 90, 35, 72, 30.06, 0.14, 144);
INSERT INTO ITEM (IDENTIFICADOR, NUM_NOTA_FISCAL_ORDEM, NUMERO_NOTA_FISCAL, QUANTIDADE, PRECO_PRODUTO, DESCONTO, CODIGO_PRODUTO) VALUES (161, 51, 79, 51, 22.79, 0.16, 93);
INSERT INTO ITEM (IDENTIFICADOR, NUM_NOTA_FISCAL_ORDEM, NUMERO_NOTA_FISCAL, QUANTIDADE, PRECO_PRODUTO, DESCONTO, CODIGO_PRODUTO) VALUES (162, 175, 51, 53, 92.08, 0.08, 93);
INSERT INTO ITEM (IDENTIFICADOR, NUM_NOTA_FISCAL_ORDEM, NUMERO_NOTA_FISCAL, QUANTIDADE, PRECO_PRODUTO, DESCONTO, CODIGO_PRODUTO) VALUES (163, 150, 26, 43, 70.25, 0.07, 93);
INSERT INTO ITEM (IDENTIFICADOR, NUM_NOTA_FISCAL_ORDEM, NUMERO_NOTA_FISCAL, QUANTIDADE, PRECO_PRODUTO, DESCONTO, CODIGO_PRODUTO) VALUES (164, 168, 17, 52, 87.27, 0.20, 61);
INSERT INTO ITEM (IDENTIFICADOR, NUM_NOTA_FISCAL_ORDEM, NUMERO_NOTA_FISCAL, QUANTIDADE, PRECO_PRODUTO, DESCONTO, CODIGO_PRODUTO) VALUES (165, 100, 14, 84, 86.46, 0.18, 29);
INSERT INTO ITEM (IDENTIFICADOR, NUM_NOTA_FISCAL_ORDEM, NUMERO_NOTA_FISCAL, QUANTIDADE, PRECO_PRODUTO, DESCONTO, CODIGO_PRODUTO) VALUES (166, 136, 32, 14, 88.42, 0.08, 22);
INSERT INTO ITEM (IDENTIFICADOR, NUM_NOTA_FISCAL_ORDEM, NUMERO_NOTA_FISCAL, QUANTIDADE, PRECO_PRODUTO, DESCONTO, CODIGO_PRODUTO) VALUES (167, 88, 52, 39, 27.59, 0.19, 26);
INSERT INTO ITEM (IDENTIFICADOR, NUM_NOTA_FISCAL_ORDEM, NUMERO_NOTA_FISCAL, QUANTIDADE, PRECO_PRODUTO, DESCONTO, CODIGO_PRODUTO) VALUES (168, 159, 62, 55, 81.03, 0.14, 32);
INSERT INTO ITEM (IDENTIFICADOR, NUM_NOTA_FISCAL_ORDEM, NUMERO_NOTA_FISCAL, QUANTIDADE, PRECO_PRODUTO, DESCONTO, CODIGO_PRODUTO) VALUES (169, 43, 47, 96, 66.52, 0.07, 241);
INSERT INTO ITEM (IDENTIFICADOR, NUM_NOTA_FISCAL_ORDEM, NUMERO_NOTA_FISCAL, QUANTIDADE, PRECO_PRODUTO, DESCONTO, CODIGO_PRODUTO) VALUES (170, 4, 44, 24, 72.25, 0.10, 62);
INSERT INTO ITEM (IDENTIFICADOR, NUM_NOTA_FISCAL_ORDEM, NUMERO_NOTA_FISCAL, QUANTIDADE, PRECO_PRODUTO, DESCONTO, CODIGO_PRODUTO) VALUES (171, 81, 37, 40, 35.67, 0.00, 184);
INSERT INTO ITEM (IDENTIFICADOR, NUM_NOTA_FISCAL_ORDEM, NUMERO_NOTA_FISCAL, QUANTIDADE, PRECO_PRODUTO, DESCONTO, CODIGO_PRODUTO) VALUES (172, 95, 62, 91, 30.14, 0.08, 240);
INSERT INTO ITEM (IDENTIFICADOR, NUM_NOTA_FISCAL_ORDEM, NUMERO_NOTA_FISCAL, QUANTIDADE, PRECO_PRODUTO, DESCONTO, CODIGO_PRODUTO) VALUES (173, 157, 5, 5, 79.97, 0.14, 275);
INSERT INTO ITEM (IDENTIFICADOR, NUM_NOTA_FISCAL_ORDEM, NUMERO_NOTA_FISCAL, QUANTIDADE, PRECO_PRODUTO, DESCONTO, CODIGO_PRODUTO) VALUES (174, 3, 67, 49, 48.28, 0.17, 184);
INSERT INTO ITEM (IDENTIFICADOR, NUM_NOTA_FISCAL_ORDEM, NUMERO_NOTA_FISCAL, QUANTIDADE, PRECO_PRODUTO, DESCONTO, CODIGO_PRODUTO) VALUES (175, 64, 21, 86, 68.47, 0.09, 61);
INSERT INTO ITEM (IDENTIFICADOR, NUM_NOTA_FISCAL_ORDEM, NUMERO_NOTA_FISCAL, QUANTIDADE, PRECO_PRODUTO, DESCONTO, CODIGO_PRODUTO) VALUES (176, 50, 40, 86, 98.70, 0.16, 159);
INSERT INTO ITEM (IDENTIFICADOR, NUM_NOTA_FISCAL_ORDEM, NUMERO_NOTA_FISCAL, QUANTIDADE, PRECO_PRODUTO, DESCONTO, CODIGO_PRODUTO) VALUES (177, 127, 72, 95, 1.62, 0.02, 175);
INSERT INTO ITEM (IDENTIFICADOR, NUM_NOTA_FISCAL_ORDEM, NUMERO_NOTA_FISCAL, QUANTIDADE, PRECO_PRODUTO, DESCONTO, CODIGO_PRODUTO) VALUES (178, 40, 48, 30, 68.75, 0.16, 52);
INSERT INTO ITEM (IDENTIFICADOR, NUM_NOTA_FISCAL_ORDEM, NUMERO_NOTA_FISCAL, QUANTIDADE, PRECO_PRODUTO, DESCONTO, CODIGO_PRODUTO) VALUES (179, 177, 30, 17, 65.38, 0.02, 183);
INSERT INTO ITEM (IDENTIFICADOR, NUM_NOTA_FISCAL_ORDEM, NUMERO_NOTA_FISCAL, QUANTIDADE, PRECO_PRODUTO, DESCONTO, CODIGO_PRODUTO) VALUES (180, 87, 3, 68, 97.99, 0.19, 20);
INSERT INTO ITEM (IDENTIFICADOR, NUM_NOTA_FISCAL_ORDEM, NUMERO_NOTA_FISCAL, QUANTIDADE, PRECO_PRODUTO, DESCONTO, CODIGO_PRODUTO) VALUES (181, 136, 48, 66, 43.28, 0.06, 283);
INSERT INTO ITEM (IDENTIFICADOR, NUM_NOTA_FISCAL_ORDEM, NUMERO_NOTA_FISCAL, QUANTIDADE, PRECO_PRODUTO, DESCONTO, CODIGO_PRODUTO) VALUES (182, 37, 34, 48, 20.52, 0.10, 147);
INSERT INTO ITEM (IDENTIFICADOR, NUM_NOTA_FISCAL_ORDEM, NUMERO_NOTA_FISCAL, QUANTIDADE, PRECO_PRODUTO, DESCONTO, CODIGO_PRODUTO) VALUES (183, 138, 5, 99, 52.47, 0.15, 68);
INSERT INTO ITEM (IDENTIFICADOR, NUM_NOTA_FISCAL_ORDEM, NUMERO_NOTA_FISCAL, QUANTIDADE, PRECO_PRODUTO, DESCONTO, CODIGO_PRODUTO) VALUES (184, 61, 48, 74, 10.69, 0.12, 102);
INSERT INTO ITEM (IDENTIFICADOR, NUM_NOTA_FISCAL_ORDEM, NUMERO_NOTA_FISCAL, QUANTIDADE, PRECO_PRODUTO, DESCONTO, CODIGO_PRODUTO) VALUES (185, 30, 41, 62, 27.07, 0.19, 144);
INSERT INTO ITEM (IDENTIFICADOR, NUM_NOTA_FISCAL_ORDEM, NUMERO_NOTA_FISCAL, QUANTIDADE, PRECO_PRODUTO, DESCONTO, CODIGO_PRODUTO) VALUES (186, 122, 60, 8, 11.82, 0.10, 252);
INSERT INTO ITEM (IDENTIFICADOR, NUM_NOTA_FISCAL_ORDEM, NUMERO_NOTA_FISCAL, QUANTIDADE, PRECO_PRODUTO, DESCONTO, CODIGO_PRODUTO) VALUES (187, 107, 20, 56, 46.14, 0.15, 95);
INSERT INTO ITEM (IDENTIFICADOR, NUM_NOTA_FISCAL_ORDEM, NUMERO_NOTA_FISCAL, QUANTIDADE, PRECO_PRODUTO, DESCONTO, CODIGO_PRODUTO) VALUES (188, 50, 78, 36, 52.09, 0.01, 264);
INSERT INTO ITEM (IDENTIFICADOR, NUM_NOTA_FISCAL_ORDEM, NUMERO_NOTA_FISCAL, QUANTIDADE, PRECO_PRODUTO, DESCONTO, CODIGO_PRODUTO) VALUES (189, 156, 14, 24, 24.39, 0.20, 203);
INSERT INTO ITEM (IDENTIFICADOR, NUM_NOTA_FISCAL_ORDEM, NUMERO_NOTA_FISCAL, QUANTIDADE, PRECO_PRODUTO, DESCONTO, CODIGO_PRODUTO) VALUES (190, 32, 54, 69, 61.12, 0.11, 108);
INSERT INTO ITEM (IDENTIFICADOR, NUM_NOTA_FISCAL_ORDEM, NUMERO_NOTA_FISCAL, QUANTIDADE, PRECO_PRODUTO, DESCONTO, CODIGO_PRODUTO) VALUES (191, 148, 46, 22, 6.33, 0.00, 33);
INSERT INTO ITEM (IDENTIFICADOR, NUM_NOTA_FISCAL_ORDEM, NUMERO_NOTA_FISCAL, QUANTIDADE, PRECO_PRODUTO, DESCONTO, CODIGO_PRODUTO) VALUES (192, 51, 41, 74, 92.54, 0.06, 211);
INSERT INTO ITEM (IDENTIFICADOR, NUM_NOTA_FISCAL_ORDEM, NUMERO_NOTA_FISCAL, QUANTIDADE, PRECO_PRODUTO, DESCONTO, CODIGO_PRODUTO) VALUES (193, 33, 48, 21, 53.46, 0.10, 290);
INSERT INTO ITEM (IDENTIFICADOR, NUM_NOTA_FISCAL_ORDEM, NUMERO_NOTA_FISCAL, QUANTIDADE, PRECO_PRODUTO, DESCONTO, CODIGO_PRODUTO) VALUES (194, 141, 62, 2, 33.15, 0.08, 74);
INSERT INTO ITEM (IDENTIFICADOR, NUM_NOTA_FISCAL_ORDEM, NUMERO_NOTA_FISCAL, QUANTIDADE, PRECO_PRODUTO, DESCONTO, CODIGO_PRODUTO) VALUES (195, 56, 42, 78, 68.04, 0.00, 282);
INSERT INTO ITEM (IDENTIFICADOR, NUM_NOTA_FISCAL_ORDEM, NUMERO_NOTA_FISCAL, QUANTIDADE, PRECO_PRODUTO, DESCONTO, CODIGO_PRODUTO) VALUES (196, 93, 12, 88, 6.94, 0.03, 48);
INSERT INTO ITEM (IDENTIFICADOR, NUM_NOTA_FISCAL_ORDEM, NUMERO_NOTA_FISCAL, QUANTIDADE, PRECO_PRODUTO, DESCONTO, CODIGO_PRODUTO) VALUES (197, 185, 52, 95, 47.67, 0.16, 11);
INSERT INTO ITEM (IDENTIFICADOR, NUM_NOTA_FISCAL_ORDEM, NUMERO_NOTA_FISCAL, QUANTIDADE, PRECO_PRODUTO, DESCONTO, CODIGO_PRODUTO) VALUES (198, 38, 20, 99, 39.08, 0.11, 293);
INSERT INTO ITEM (IDENTIFICADOR, NUM_NOTA_FISCAL_ORDEM, NUMERO_NOTA_FISCAL, QUANTIDADE, PRECO_PRODUTO, DESCONTO, CODIGO_PRODUTO) VALUES (199, 171, 10, 45, 90.36, 0.18, 183);
INSERT INTO ITEM (IDENTIFICADOR, NUM_NOTA_FISCAL_ORDEM, NUMERO_NOTA_FISCAL, QUANTIDADE, PRECO_PRODUTO, DESCONTO, CODIGO_PRODUTO) VALUES (200, 20, 73, 43, 41.60, 0.13, 229);
INSERT INTO ITEM (IDENTIFICADOR, NUM_NOTA_FISCAL_ORDEM, NUMERO_NOTA_FISCAL, QUANTIDADE, PRECO_PRODUTO, DESCONTO, CODIGO_PRODUTO) VALUES (201, 16, 79, 89, 82.92, 0.03, 23);
INSERT INTO ITEM (IDENTIFICADOR, NUM_NOTA_FISCAL_ORDEM, NUMERO_NOTA_FISCAL, QUANTIDADE, PRECO_PRODUTO, DESCONTO, CODIGO_PRODUTO) VALUES (202, 87, 72, 21, 93.15, 0.07, 112);
INSERT INTO ITEM (IDENTIFICADOR, NUM_NOTA_FISCAL_ORDEM, NUMERO_NOTA_FISCAL, QUANTIDADE, PRECO_PRODUTO, DESCONTO, CODIGO_PRODUTO) VALUES (203, 111, 39, 58, 71.50, 0.01, 195);
INSERT INTO ITEM (IDENTIFICADOR, NUM_NOTA_FISCAL_ORDEM, NUMERO_NOTA_FISCAL, QUANTIDADE, PRECO_PRODUTO, DESCONTO, CODIGO_PRODUTO) VALUES (204, 133, 34, 56, 48.91, 0.01, 243);
INSERT INTO ITEM (IDENTIFICADOR, NUM_NOTA_FISCAL_ORDEM, NUMERO_NOTA_FISCAL, QUANTIDADE, PRECO_PRODUTO, DESCONTO, CODIGO_PRODUTO) VALUES (205, 36, 67, 94, 80.85, 0.03, 277);
INSERT INTO ITEM (IDENTIFICADOR, NUM_NOTA_FISCAL_ORDEM, NUMERO_NOTA_FISCAL, QUANTIDADE, PRECO_PRODUTO, DESCONTO, CODIGO_PRODUTO) VALUES (206, 190, 59, 62, 97.61, 0.08, 248);
INSERT INTO ITEM (IDENTIFICADOR, NUM_NOTA_FISCAL_ORDEM, NUMERO_NOTA_FISCAL, QUANTIDADE, PRECO_PRODUTO, DESCONTO, CODIGO_PRODUTO) VALUES (207, 63, 3, 6, 49.41, 0.14, 207);
INSERT INTO ITEM (IDENTIFICADOR, NUM_NOTA_FISCAL_ORDEM, NUMERO_NOTA_FISCAL, QUANTIDADE, PRECO_PRODUTO, DESCONTO, CODIGO_PRODUTO) VALUES (208, 79, 40, 15, 94.63, 0.11, 247);
INSERT INTO ITEM (IDENTIFICADOR, NUM_NOTA_FISCAL_ORDEM, NUMERO_NOTA_FISCAL, QUANTIDADE, PRECO_PRODUTO, DESCONTO, CODIGO_PRODUTO) VALUES (209, 7, 9, 50, 12.16, 0.19, 104);
INSERT INTO ITEM (IDENTIFICADOR, NUM_NOTA_FISCAL_ORDEM, NUMERO_NOTA_FISCAL, QUANTIDADE, PRECO_PRODUTO, DESCONTO, CODIGO_PRODUTO) VALUES (210, 54, 69, 22, 63.63, 0.20, 94);
INSERT INTO ITEM (IDENTIFICADOR, NUM_NOTA_FISCAL_ORDEM, NUMERO_NOTA_FISCAL, QUANTIDADE, PRECO_PRODUTO, DESCONTO, CODIGO_PRODUTO) VALUES (211, 109, 72, 23, 64.27, 0.08, 51);
INSERT INTO ITEM (IDENTIFICADOR, NUM_NOTA_FISCAL_ORDEM, NUMERO_NOTA_FISCAL, QUANTIDADE, PRECO_PRODUTO, DESCONTO, CODIGO_PRODUTO) VALUES (212, 47, 53, 74, 22.37, 0.19, 233);
INSERT INTO ITEM (IDENTIFICADOR, NUM_NOTA_FISCAL_ORDEM, NUMERO_NOTA_FISCAL, QUANTIDADE, PRECO_PRODUTO, DESCONTO, CODIGO_PRODUTO) VALUES (213, 96, 42, 58, 31.01, 0.19, 62);
INSERT INTO ITEM (IDENTIFICADOR, NUM_NOTA_FISCAL_ORDEM, NUMERO_NOTA_FISCAL, QUANTIDADE, PRECO_PRODUTO, DESCONTO, CODIGO_PRODUTO) VALUES (214, 29, 67, 92, 66.79, 0.10, 223);
INSERT INTO ITEM (IDENTIFICADOR, NUM_NOTA_FISCAL_ORDEM, NUMERO_NOTA_FISCAL, QUANTIDADE, PRECO_PRODUTO, DESCONTO, CODIGO_PRODUTO) VALUES (215, 97, 37, 52, 73.11, 0.08, 224);
INSERT INTO ITEM (IDENTIFICADOR, NUM_NOTA_FISCAL_ORDEM, NUMERO_NOTA_FISCAL, QUANTIDADE, PRECO_PRODUTO, DESCONTO, CODIGO_PRODUTO) VALUES (216, 20, 38, 92, 84.64, 0.10, 230);
INSERT INTO ITEM (IDENTIFICADOR, NUM_NOTA_FISCAL_ORDEM, NUMERO_NOTA_FISCAL, QUANTIDADE, PRECO_PRODUTO, DESCONTO, CODIGO_PRODUTO) VALUES (217, 74, 60, 62, 82.02, 0.02, 140);
INSERT INTO ITEM (IDENTIFICADOR, NUM_NOTA_FISCAL_ORDEM, NUMERO_NOTA_FISCAL, QUANTIDADE, PRECO_PRODUTO, DESCONTO, CODIGO_PRODUTO) VALUES (218, 40, 45, 20, 6.88, 0.19, 200);
INSERT INTO ITEM (IDENTIFICADOR, NUM_NOTA_FISCAL_ORDEM, NUMERO_NOTA_FISCAL, QUANTIDADE, PRECO_PRODUTO, DESCONTO, CODIGO_PRODUTO) VALUES (219, 76, 23, 11, 44.14, 0.10, 53);
INSERT INTO ITEM (IDENTIFICADOR, NUM_NOTA_FISCAL_ORDEM, NUMERO_NOTA_FISCAL, QUANTIDADE, PRECO_PRODUTO, DESCONTO, CODIGO_PRODUTO) VALUES (220, 159, 38, 94, 38.13, 0.00, 140);
INSERT INTO ITEM (IDENTIFICADOR, NUM_NOTA_FISCAL_ORDEM, NUMERO_NOTA_FISCAL, QUANTIDADE, PRECO_PRODUTO, DESCONTO, CODIGO_PRODUTO) VALUES (221, 186, 17, 5, 65.23, 0.19, 207);
INSERT INTO ITEM (IDENTIFICADOR, NUM_NOTA_FISCAL_ORDEM, NUMERO_NOTA_FISCAL, QUANTIDADE, PRECO_PRODUTO, DESCONTO, CODIGO_PRODUTO) VALUES (222, 128, 6, 74, 23.06, 0.13, 21);
INSERT INTO ITEM (IDENTIFICADOR, NUM_NOTA_FISCAL_ORDEM, NUMERO_NOTA_FISCAL, QUANTIDADE, PRECO_PRODUTO, DESCONTO, CODIGO_PRODUTO) VALUES (223, 151, 56, 34, 51.98, 0.12, 175);
INSERT INTO ITEM (IDENTIFICADOR, NUM_NOTA_FISCAL_ORDEM, NUMERO_NOTA_FISCAL, QUANTIDADE, PRECO_PRODUTO, DESCONTO, CODIGO_PRODUTO) VALUES (224, 48, 62, 96, 56.98, 0.10, 89);
INSERT INTO ITEM (IDENTIFICADOR, NUM_NOTA_FISCAL_ORDEM, NUMERO_NOTA_FISCAL, QUANTIDADE, PRECO_PRODUTO, DESCONTO, CODIGO_PRODUTO) VALUES (225, 147, 46, 51, 63.85, 0.06, 193);
INSERT INTO ITEM (IDENTIFICADOR, NUM_NOTA_FISCAL_ORDEM, NUMERO_NOTA_FISCAL, QUANTIDADE, PRECO_PRODUTO, DESCONTO, CODIGO_PRODUTO) VALUES (226, 130, 72, 41, 73.74, 0.14, 202);
INSERT INTO ITEM (IDENTIFICADOR, NUM_NOTA_FISCAL_ORDEM, NUMERO_NOTA_FISCAL, QUANTIDADE, PRECO_PRODUTO, DESCONTO, CODIGO_PRODUTO) VALUES (227, 134, 56, 88, 61.48, 0.17, 251);
INSERT INTO ITEM (IDENTIFICADOR, NUM_NOTA_FISCAL_ORDEM, NUMERO_NOTA_FISCAL, QUANTIDADE, PRECO_PRODUTO, DESCONTO, CODIGO_PRODUTO) VALUES (228, 72, 35, 75, 64.67, 0.16, 59);
INSERT INTO ITEM (IDENTIFICADOR, NUM_NOTA_FISCAL_ORDEM, NUMERO_NOTA_FISCAL, QUANTIDADE, PRECO_PRODUTO, DESCONTO, CODIGO_PRODUTO) VALUES (229, 72, 55, 3, 13.49, 0.02, 189);
INSERT INTO ITEM (IDENTIFICADOR, NUM_NOTA_FISCAL_ORDEM, NUMERO_NOTA_FISCAL, QUANTIDADE, PRECO_PRODUTO, DESCONTO, CODIGO_PRODUTO) VALUES (230, 144, 52, 54, 90.43, 0.12, 139);
INSERT INTO ITEM (IDENTIFICADOR, NUM_NOTA_FISCAL_ORDEM, NUMERO_NOTA_FISCAL, QUANTIDADE, PRECO_PRODUTO, DESCONTO, CODIGO_PRODUTO) VALUES (231, 107, 26, 6, 65.69, 0.04, 265);
INSERT INTO ITEM (IDENTIFICADOR, NUM_NOTA_FISCAL_ORDEM, NUMERO_NOTA_FISCAL, QUANTIDADE, PRECO_PRODUTO, DESCONTO, CODIGO_PRODUTO) VALUES (232, 157, 5, 34, 84.97, 0.15, 285);
INSERT INTO ITEM (IDENTIFICADOR, NUM_NOTA_FISCAL_ORDEM, NUMERO_NOTA_FISCAL, QUANTIDADE, PRECO_PRODUTO, DESCONTO, CODIGO_PRODUTO) VALUES (233, 158, 19, 33, 41.09, 0.03, 248);
INSERT INTO ITEM (IDENTIFICADOR, NUM_NOTA_FISCAL_ORDEM, NUMERO_NOTA_FISCAL, QUANTIDADE, PRECO_PRODUTO, DESCONTO, CODIGO_PRODUTO) VALUES (234, 114, 2, 35, 31.50, 0.14, 55);
INSERT INTO ITEM (IDENTIFICADOR, NUM_NOTA_FISCAL_ORDEM, NUMERO_NOTA_FISCAL, QUANTIDADE, PRECO_PRODUTO, DESCONTO, CODIGO_PRODUTO) VALUES (235, 28, 68, 96, 51.53, 0.14, 125);
INSERT INTO ITEM (IDENTIFICADOR, NUM_NOTA_FISCAL_ORDEM, NUMERO_NOTA_FISCAL, QUANTIDADE, PRECO_PRODUTO, DESCONTO, CODIGO_PRODUTO) VALUES (236, 114, 31, 68, 72.25, 0.06, 103);
INSERT INTO ITEM (IDENTIFICADOR, NUM_NOTA_FISCAL_ORDEM, NUMERO_NOTA_FISCAL, QUANTIDADE, PRECO_PRODUTO, DESCONTO, CODIGO_PRODUTO) VALUES (237, 14, 10, 37, 2.60, 0.18, 263);
INSERT INTO ITEM (IDENTIFICADOR, NUM_NOTA_FISCAL_ORDEM, NUMERO_NOTA_FISCAL, QUANTIDADE, PRECO_PRODUTO, DESCONTO, CODIGO_PRODUTO) VALUES (238, 144, 68, 79, 19.69, 0.05, 192);
INSERT INTO ITEM (IDENTIFICADOR, NUM_NOTA_FISCAL_ORDEM, NUMERO_NOTA_FISCAL, QUANTIDADE, PRECO_PRODUTO, DESCONTO, CODIGO_PRODUTO) VALUES (239, 46, 1, 57, 33.21, 0.00, 23);
INSERT INTO ITEM (IDENTIFICADOR, NUM_NOTA_FISCAL_ORDEM, NUMERO_NOTA_FISCAL, QUANTIDADE, PRECO_PRODUTO, DESCONTO, CODIGO_PRODUTO) VALUES (240, 109, 69, 58, 2.41, 0.16, 80);
INSERT INTO ITEM (IDENTIFICADOR, NUM_NOTA_FISCAL_ORDEM, NUMERO_NOTA_FISCAL, QUANTIDADE, PRECO_PRODUTO, DESCONTO, CODIGO_PRODUTO) VALUES (241, 100, 3, 77, 52.81, 0.05, 57);
INSERT INTO ITEM (IDENTIFICADOR, NUM_NOTA_FISCAL_ORDEM, NUMERO_NOTA_FISCAL, QUANTIDADE, PRECO_PRODUTO, DESCONTO, CODIGO_PRODUTO) VALUES (242, 107, 26, 55, 97.31, 0.20, 249);
INSERT INTO ITEM (IDENTIFICADOR, NUM_NOTA_FISCAL_ORDEM, NUMERO_NOTA_FISCAL, QUANTIDADE, PRECO_PRODUTO, DESCONTO, CODIGO_PRODUTO) VALUES (243, 31, 41, 83, 69.97, 0.13, 182);
INSERT INTO ITEM (IDENTIFICADOR, NUM_NOTA_FISCAL_ORDEM, NUMERO_NOTA_FISCAL, QUANTIDADE, PRECO_PRODUTO, DESCONTO, CODIGO_PRODUTO) VALUES (244, 124, 1, 77, 57.85, 0.13, 25);
INSERT INTO ITEM (IDENTIFICADOR, NUM_NOTA_FISCAL_ORDEM, NUMERO_NOTA_FISCAL, QUANTIDADE, PRECO_PRODUTO, DESCONTO, CODIGO_PRODUTO) VALUES (245, 153, 6, 88, 84.78, 0.17, 138);
INSERT INTO ITEM (IDENTIFICADOR, NUM_NOTA_FISCAL_ORDEM, NUMERO_NOTA_FISCAL, QUANTIDADE, PRECO_PRODUTO, DESCONTO, CODIGO_PRODUTO) VALUES (246, 27, 41, 67, 23.28, 0.11, 73);
INSERT INTO ITEM (IDENTIFICADOR, NUM_NOTA_FISCAL_ORDEM, NUMERO_NOTA_FISCAL, QUANTIDADE, PRECO_PRODUTO, DESCONTO, CODIGO_PRODUTO) VALUES (247, 44, 4, 48, 69.29, 0.19, 47);
INSERT INTO ITEM (IDENTIFICADOR, NUM_NOTA_FISCAL_ORDEM, NUMERO_NOTA_FISCAL, QUANTIDADE, PRECO_PRODUTO, DESCONTO, CODIGO_PRODUTO) VALUES (248, 160, 5, 21, 26.45, 0.09, 46);
INSERT INTO ITEM (IDENTIFICADOR, NUM_NOTA_FISCAL_ORDEM, NUMERO_NOTA_FISCAL, QUANTIDADE, PRECO_PRODUTO, DESCONTO, CODIGO_PRODUTO) VALUES (249, 108, 56, 32, 44.43, 0.02, 182);
INSERT INTO ITEM (IDENTIFICADOR, NUM_NOTA_FISCAL_ORDEM, NUMERO_NOTA_FISCAL, QUANTIDADE, PRECO_PRODUTO, DESCONTO, CODIGO_PRODUTO) VALUES (250, 179, 55, 34, 13.38, 0.04, 255);
INSERT INTO ITEM (IDENTIFICADOR, NUM_NOTA_FISCAL_ORDEM, NUMERO_NOTA_FISCAL, QUANTIDADE, PRECO_PRODUTO, DESCONTO, CODIGO_PRODUTO) VALUES (251, 56, 65, 100, 36.66, 0.06, 25);
INSERT INTO ITEM (IDENTIFICADOR, NUM_NOTA_FISCAL_ORDEM, NUMERO_NOTA_FISCAL, QUANTIDADE, PRECO_PRODUTO, DESCONTO, CODIGO_PRODUTO) VALUES (252, 6, 27, 54, 3.86, 0.17, 31);
INSERT INTO ITEM (IDENTIFICADOR, NUM_NOTA_FISCAL_ORDEM, NUMERO_NOTA_FISCAL, QUANTIDADE, PRECO_PRODUTO, DESCONTO, CODIGO_PRODUTO) VALUES (253, 184, 15, 10, 13.13, 0.08, 12);
INSERT INTO ITEM (IDENTIFICADOR, NUM_NOTA_FISCAL_ORDEM, NUMERO_NOTA_FISCAL, QUANTIDADE, PRECO_PRODUTO, DESCONTO, CODIGO_PRODUTO) VALUES (254, 64, 67, 19, 54.48, 0.19, 271);
INSERT INTO ITEM (IDENTIFICADOR, NUM_NOTA_FISCAL_ORDEM, NUMERO_NOTA_FISCAL, QUANTIDADE, PRECO_PRODUTO, DESCONTO, CODIGO_PRODUTO) VALUES (255, 199, 4, 86, 79.71, 0.11, 286);
INSERT INTO ITEM (IDENTIFICADOR, NUM_NOTA_FISCAL_ORDEM, NUMERO_NOTA_FISCAL, QUANTIDADE, PRECO_PRODUTO, DESCONTO, CODIGO_PRODUTO) VALUES (256, 48, 69, 4, 98.44, 0.05, 283);
INSERT INTO ITEM (IDENTIFICADOR, NUM_NOTA_FISCAL_ORDEM, NUMERO_NOTA_FISCAL, QUANTIDADE, PRECO_PRODUTO, DESCONTO, CODIGO_PRODUTO) VALUES (257, 39, 76, 55, 82.29, 0.11, 286);
INSERT INTO ITEM (IDENTIFICADOR, NUM_NOTA_FISCAL_ORDEM, NUMERO_NOTA_FISCAL, QUANTIDADE, PRECO_PRODUTO, DESCONTO, CODIGO_PRODUTO) VALUES (258, 3, 75, 42, 50.02, 0.03, 236);
INSERT INTO ITEM (IDENTIFICADOR, NUM_NOTA_FISCAL_ORDEM, NUMERO_NOTA_FISCAL, QUANTIDADE, PRECO_PRODUTO, DESCONTO, CODIGO_PRODUTO) VALUES (259, 1, 29, 99, 20.91, 0.05, 216);
INSERT INTO ITEM (IDENTIFICADOR, NUM_NOTA_FISCAL_ORDEM, NUMERO_NOTA_FISCAL, QUANTIDADE, PRECO_PRODUTO, DESCONTO, CODIGO_PRODUTO) VALUES (260, 131, 0, 15, 31.71, 0.03, 188);
INSERT INTO ITEM (IDENTIFICADOR, NUM_NOTA_FISCAL_ORDEM, NUMERO_NOTA_FISCAL, QUANTIDADE, PRECO_PRODUTO, DESCONTO, CODIGO_PRODUTO) VALUES (261, 92, 74, 47, 51.46, 0.18, 96);
INSERT INTO ITEM (IDENTIFICADOR, NUM_NOTA_FISCAL_ORDEM, NUMERO_NOTA_FISCAL, QUANTIDADE, PRECO_PRODUTO, DESCONTO, CODIGO_PRODUTO) VALUES (262, 138, 70, 33, 2.13, 0.18, 52);
INSERT INTO ITEM (IDENTIFICADOR, NUM_NOTA_FISCAL_ORDEM, NUMERO_NOTA_FISCAL, QUANTIDADE, PRECO_PRODUTO, DESCONTO, CODIGO_PRODUTO) VALUES (263, 169, 35, 35, 76.15, 0.16, 47);
INSERT INTO ITEM (IDENTIFICADOR, NUM_NOTA_FISCAL_ORDEM, NUMERO_NOTA_FISCAL, QUANTIDADE, PRECO_PRODUTO, DESCONTO, CODIGO_PRODUTO) VALUES (264, 128, 52, 86, 29.48, 0.09, 29);
INSERT INTO ITEM (IDENTIFICADOR, NUM_NOTA_FISCAL_ORDEM, NUMERO_NOTA_FISCAL, QUANTIDADE, PRECO_PRODUTO, DESCONTO, CODIGO_PRODUTO) VALUES (265, 119, 67, 20, 59.32, 0.00, 291);
INSERT INTO ITEM (IDENTIFICADOR, NUM_NOTA_FISCAL_ORDEM, NUMERO_NOTA_FISCAL, QUANTIDADE, PRECO_PRODUTO, DESCONTO, CODIGO_PRODUTO) VALUES (266, 47, 10, 24, 98.69, 0.06, 242);
INSERT INTO ITEM (IDENTIFICADOR, NUM_NOTA_FISCAL_ORDEM, NUMERO_NOTA_FISCAL, QUANTIDADE, PRECO_PRODUTO, DESCONTO, CODIGO_PRODUTO) VALUES (267, 168, 54, 67, 70.40, 0.05, 98);
INSERT INTO ITEM (IDENTIFICADOR, NUM_NOTA_FISCAL_ORDEM, NUMERO_NOTA_FISCAL, QUANTIDADE, PRECO_PRODUTO, DESCONTO, CODIGO_PRODUTO) VALUES (268, 186, 52, 87, 4.89, 0.12, 95);
INSERT INTO ITEM (IDENTIFICADOR, NUM_NOTA_FISCAL_ORDEM, NUMERO_NOTA_FISCAL, QUANTIDADE, PRECO_PRODUTO, DESCONTO, CODIGO_PRODUTO) VALUES (269, 75, 72, 40, 18.47, 0.10, 215);
INSERT INTO ITEM (IDENTIFICADOR, NUM_NOTA_FISCAL_ORDEM, NUMERO_NOTA_FISCAL, QUANTIDADE, PRECO_PRODUTO, DESCONTO, CODIGO_PRODUTO) VALUES (270, 171, 44, 10, 83.25, 0.01, 135);
INSERT INTO ITEM (IDENTIFICADOR, NUM_NOTA_FISCAL_ORDEM, NUMERO_NOTA_FISCAL, QUANTIDADE, PRECO_PRODUTO, DESCONTO, CODIGO_PRODUTO) VALUES (271, 36, 75, 59, 84.34, 0.05, 22);
INSERT INTO ITEM (IDENTIFICADOR, NUM_NOTA_FISCAL_ORDEM, NUMERO_NOTA_FISCAL, QUANTIDADE, PRECO_PRODUTO, DESCONTO, CODIGO_PRODUTO) VALUES (272, 137, 22, 29, 54.15, 0.03, 297);
INSERT INTO ITEM (IDENTIFICADOR, NUM_NOTA_FISCAL_ORDEM, NUMERO_NOTA_FISCAL, QUANTIDADE, PRECO_PRODUTO, DESCONTO, CODIGO_PRODUTO) VALUES (273, 158, 9, 97, 67.66, 0.04, 238);
INSERT INTO ITEM (IDENTIFICADOR, NUM_NOTA_FISCAL_ORDEM, NUMERO_NOTA_FISCAL, QUANTIDADE, PRECO_PRODUTO, DESCONTO, CODIGO_PRODUTO) VALUES (274, 84, 39, 45, 11.27, 0.03, 216);
INSERT INTO ITEM (IDENTIFICADOR, NUM_NOTA_FISCAL_ORDEM, NUMERO_NOTA_FISCAL, QUANTIDADE, PRECO_PRODUTO, DESCONTO, CODIGO_PRODUTO) VALUES (275, 178, 67, 87, 44.04, 0.05, 148);
INSERT INTO ITEM (IDENTIFICADOR, NUM_NOTA_FISCAL_ORDEM, NUMERO_NOTA_FISCAL, QUANTIDADE, PRECO_PRODUTO, DESCONTO, CODIGO_PRODUTO) VALUES (276, 185, 69, 99, 36.90, 0.00, 182);
INSERT INTO ITEM (IDENTIFICADOR, NUM_NOTA_FISCAL_ORDEM, NUMERO_NOTA_FISCAL, QUANTIDADE, PRECO_PRODUTO, DESCONTO, CODIGO_PRODUTO) VALUES (277, 192, 61, 47, 98.72, 0.18, 163);
INSERT INTO ITEM (IDENTIFICADOR, NUM_NOTA_FISCAL_ORDEM, NUMERO_NOTA_FISCAL, QUANTIDADE, PRECO_PRODUTO, DESCONTO, CODIGO_PRODUTO) VALUES (278, 47, 38, 33, 9.08, 0.10, 72);
INSERT INTO ITEM (IDENTIFICADOR, NUM_NOTA_FISCAL_ORDEM, NUMERO_NOTA_FISCAL, QUANTIDADE, PRECO_PRODUTO, DESCONTO, CODIGO_PRODUTO) VALUES (279, 41, 10, 99, 100.58, 0.00, 290);
INSERT INTO ITEM (IDENTIFICADOR, NUM_NOTA_FISCAL_ORDEM, NUMERO_NOTA_FISCAL, QUANTIDADE, PRECO_PRODUTO, DESCONTO, CODIGO_PRODUTO) VALUES (280, 167, 52, 30, 68.98, 0.02, 134);
INSERT INTO ITEM (IDENTIFICADOR, NUM_NOTA_FISCAL_ORDEM, NUMERO_NOTA_FISCAL, QUANTIDADE, PRECO_PRODUTO, DESCONTO, CODIGO_PRODUTO) VALUES (281, 58, 69, 100, 14.23, 0.13, 294);
INSERT INTO ITEM (IDENTIFICADOR, NUM_NOTA_FISCAL_ORDEM, NUMERO_NOTA_FISCAL, QUANTIDADE, PRECO_PRODUTO, DESCONTO, CODIGO_PRODUTO) VALUES (282, 134, 2, 81, 63.28, 0.05, 192);
INSERT INTO ITEM (IDENTIFICADOR, NUM_NOTA_FISCAL_ORDEM, NUMERO_NOTA_FISCAL, QUANTIDADE, PRECO_PRODUTO, DESCONTO, CODIGO_PRODUTO) VALUES (283, 145, 27, 89, 6.31, 0.19, 132);
INSERT INTO ITEM (IDENTIFICADOR, NUM_NOTA_FISCAL_ORDEM, NUMERO_NOTA_FISCAL, QUANTIDADE, PRECO_PRODUTO, DESCONTO, CODIGO_PRODUTO) VALUES (284, 88, 59, 53, 92.92, 0.08, 58);
INSERT INTO ITEM (IDENTIFICADOR, NUM_NOTA_FISCAL_ORDEM, NUMERO_NOTA_FISCAL, QUANTIDADE, PRECO_PRODUTO, DESCONTO, CODIGO_PRODUTO) VALUES (285, 102, 49, 51, 5.35, 0.07, 273);
INSERT INTO ITEM (IDENTIFICADOR, NUM_NOTA_FISCAL_ORDEM, NUMERO_NOTA_FISCAL, QUANTIDADE, PRECO_PRODUTO, DESCONTO, CODIGO_PRODUTO) VALUES (286, 82, 32, 78, 49.23, 0.19, 218);
INSERT INTO ITEM (IDENTIFICADOR, NUM_NOTA_FISCAL_ORDEM, NUMERO_NOTA_FISCAL, QUANTIDADE, PRECO_PRODUTO, DESCONTO, CODIGO_PRODUTO) VALUES (287, 100, 26, 55, 24.79, 0.19, 43);
INSERT INTO ITEM (IDENTIFICADOR, NUM_NOTA_FISCAL_ORDEM, NUMERO_NOTA_FISCAL, QUANTIDADE, PRECO_PRODUTO, DESCONTO, CODIGO_PRODUTO) VALUES (288, 67, 68, 54, 32.38, 0.12, 249);
INSERT INTO ITEM (IDENTIFICADOR, NUM_NOTA_FISCAL_ORDEM, NUMERO_NOTA_FISCAL, QUANTIDADE, PRECO_PRODUTO, DESCONTO, CODIGO_PRODUTO) VALUES (289, 145, 29, 82, 21.52, 0.13, 88);
INSERT INTO ITEM (IDENTIFICADOR, NUM_NOTA_FISCAL_ORDEM, NUMERO_NOTA_FISCAL, QUANTIDADE, PRECO_PRODUTO, DESCONTO, CODIGO_PRODUTO) VALUES (290, 83, 75, 84, 56.75, 0.15, 66);
INSERT INTO ITEM (IDENTIFICADOR, NUM_NOTA_FISCAL_ORDEM, NUMERO_NOTA_FISCAL, QUANTIDADE, PRECO_PRODUTO, DESCONTO, CODIGO_PRODUTO) VALUES (291, 41, 27, 58, 42.10, 0.01, 8);
INSERT INTO ITEM (IDENTIFICADOR, NUM_NOTA_FISCAL_ORDEM, NUMERO_NOTA_FISCAL, QUANTIDADE, PRECO_PRODUTO, DESCONTO, CODIGO_PRODUTO) VALUES (292, 27, 44, 7, 12.90, 0.01, 219);
INSERT INTO ITEM (IDENTIFICADOR, NUM_NOTA_FISCAL_ORDEM, NUMERO_NOTA_FISCAL, QUANTIDADE, PRECO_PRODUTO, DESCONTO, CODIGO_PRODUTO) VALUES (293, 164, 66, 39, 44.75, 0.05, 290);
INSERT INTO ITEM (IDENTIFICADOR, NUM_NOTA_FISCAL_ORDEM, NUMERO_NOTA_FISCAL, QUANTIDADE, PRECO_PRODUTO, DESCONTO, CODIGO_PRODUTO) VALUES (294, 50, 46, 31, 42.35, 0.09, 172);
INSERT INTO ITEM (IDENTIFICADOR, NUM_NOTA_FISCAL_ORDEM, NUMERO_NOTA_FISCAL, QUANTIDADE, PRECO_PRODUTO, DESCONTO, CODIGO_PRODUTO) VALUES (295, 98, 16, 38, 66.18, 0.14, 163);
INSERT INTO ITEM (IDENTIFICADOR, NUM_NOTA_FISCAL_ORDEM, NUMERO_NOTA_FISCAL, QUANTIDADE, PRECO_PRODUTO, DESCONTO, CODIGO_PRODUTO) VALUES (296, 189, 23, 51, 71.77, 0.08, 131);
INSERT INTO ITEM (IDENTIFICADOR, NUM_NOTA_FISCAL_ORDEM, NUMERO_NOTA_FISCAL, QUANTIDADE, PRECO_PRODUTO, DESCONTO, CODIGO_PRODUTO) VALUES (297, 23, 39, 99, 77.73, 0.13, 105);
INSERT INTO ITEM (IDENTIFICADOR, NUM_NOTA_FISCAL_ORDEM, NUMERO_NOTA_FISCAL, QUANTIDADE, PRECO_PRODUTO, DESCONTO, CODIGO_PRODUTO) VALUES (298, 137, 4, 27, 40.72, 0.10, 19);
INSERT INTO ITEM (IDENTIFICADOR, NUM_NOTA_FISCAL_ORDEM, NUMERO_NOTA_FISCAL, QUANTIDADE, PRECO_PRODUTO, DESCONTO, CODIGO_PRODUTO) VALUES (299, 100, 46, 4, 83.47, 0.02, 169);


------ REALIZA_RECLAMACAO ------

INSERT INTO REALIZA_RECLAMACAO (ID_RECLAMACAO, DATA_HORA, DESCRICAO, CODIGO_FILIAL, CPF_CLIENTE) VALUES (0, TO_TIMESTAMP('2006-11-19 03:41:09', 'YYYY-MM-DD HH24:MI:SS'), 'Descrio da Reclamao 0', 6, '591.138.133-40');
INSERT INTO REALIZA_RECLAMACAO (ID_RECLAMACAO, DATA_HORA, DESCRICAO, CODIGO_FILIAL, CPF_CLIENTE) VALUES (1, TO_TIMESTAMP('2010-09-28 21:46:09', 'YYYY-MM-DD HH24:MI:SS'), 'Descrio da Reclamao 1', 2, '244.606.740-65');
INSERT INTO REALIZA_RECLAMACAO (ID_RECLAMACAO, DATA_HORA, DESCRICAO, CODIGO_FILIAL, CPF_CLIENTE) VALUES (2, TO_TIMESTAMP('2008-02-08 03:31:37', 'YYYY-MM-DD HH24:MI:SS'), 'Descrio da Reclamao 2', 1, '398.409.486-98');
INSERT INTO REALIZA_RECLAMACAO (ID_RECLAMACAO, DATA_HORA, DESCRICAO, CODIGO_FILIAL, CPF_CLIENTE) VALUES (3, TO_TIMESTAMP('2012-10-21 03:25:20', 'YYYY-MM-DD HH24:MI:SS'), 'Descrio da Reclamao 3', 4, '931.148.109-24');
INSERT INTO REALIZA_RECLAMACAO (ID_RECLAMACAO, DATA_HORA, DESCRICAO, CODIGO_FILIAL, CPF_CLIENTE) VALUES (4, TO_TIMESTAMP('2017-10-23 22:12:22', 'YYYY-MM-DD HH24:MI:SS'), 'Descrio da Reclamao 4', 9, '229.624.952-12');
INSERT INTO REALIZA_RECLAMACAO (ID_RECLAMACAO, DATA_HORA, DESCRICAO, CODIGO_FILIAL, CPF_CLIENTE) VALUES (5, TO_TIMESTAMP('2003-05-28 06:10:03', 'YYYY-MM-DD HH24:MI:SS'), 'Descrio da Reclamao 5', 9, '552.435.577-30');
INSERT INTO REALIZA_RECLAMACAO (ID_RECLAMACAO, DATA_HORA, DESCRICAO, CODIGO_FILIAL, CPF_CLIENTE) VALUES (6, TO_TIMESTAMP('2000-02-15 02:24:04', 'YYYY-MM-DD HH24:MI:SS'), 'Descrio da Reclamao 6', 6, '404.312.776-58');
INSERT INTO REALIZA_RECLAMACAO (ID_RECLAMACAO, DATA_HORA, DESCRICAO, CODIGO_FILIAL, CPF_CLIENTE) VALUES (7, TO_TIMESTAMP('2016-03-04 05:11:11', 'YYYY-MM-DD HH24:MI:SS'), 'Descrio da Reclamao 7', 6, '925.170.586-97');
INSERT INTO REALIZA_RECLAMACAO (ID_RECLAMACAO, DATA_HORA, DESCRICAO, CODIGO_FILIAL, CPF_CLIENTE) VALUES (8, TO_TIMESTAMP('2003-05-10 14:55:31', 'YYYY-MM-DD HH24:MI:SS'), 'Descrio da Reclamao 8', 2, '783.199.697-20');
INSERT INTO REALIZA_RECLAMACAO (ID_RECLAMACAO, DATA_HORA, DESCRICAO, CODIGO_FILIAL, CPF_CLIENTE) VALUES (9, TO_TIMESTAMP('2001-09-02 02:07:20', 'YYYY-MM-DD HH24:MI:SS'), 'Descrio da Reclamao 9', 8, '165.623.906-57');
INSERT INTO REALIZA_RECLAMACAO (ID_RECLAMACAO, DATA_HORA, DESCRICAO, CODIGO_FILIAL, CPF_CLIENTE) VALUES (10, TO_TIMESTAMP('2017-11-08 12:58:37', 'YYYY-MM-DD HH24:MI:SS'), 'Descrio da Reclamao 10', 5, '607.767.329-44');
INSERT INTO REALIZA_RECLAMACAO (ID_RECLAMACAO, DATA_HORA, DESCRICAO, CODIGO_FILIAL, CPF_CLIENTE) VALUES (11, TO_TIMESTAMP('2002-05-04 07:25:07', 'YYYY-MM-DD HH24:MI:SS'), 'Descrio da Reclamao 11', 1, '280.357.820-56');
INSERT INTO REALIZA_RECLAMACAO (ID_RECLAMACAO, DATA_HORA, DESCRICAO, CODIGO_FILIAL, CPF_CLIENTE) VALUES (12, TO_TIMESTAMP('2012-11-25 20:16:01', 'YYYY-MM-DD HH24:MI:SS'), 'Descrio da Reclamao 12', 6, '849.814.464-26');
INSERT INTO REALIZA_RECLAMACAO (ID_RECLAMACAO, DATA_HORA, DESCRICAO, CODIGO_FILIAL, CPF_CLIENTE) VALUES (13, TO_TIMESTAMP('2008-05-26 02:08:55', 'YYYY-MM-DD HH24:MI:SS'), 'Descrio da Reclamao 13', 8, '828.476.544-64');
INSERT INTO REALIZA_RECLAMACAO (ID_RECLAMACAO, DATA_HORA, DESCRICAO, CODIGO_FILIAL, CPF_CLIENTE) VALUES (14, TO_TIMESTAMP('2003-05-19 01:52:46', 'YYYY-MM-DD HH24:MI:SS'), 'Descrio da Reclamao 14', 4, '201.647.484-94');
INSERT INTO REALIZA_RECLAMACAO (ID_RECLAMACAO, DATA_HORA, DESCRICAO, CODIGO_FILIAL, CPF_CLIENTE) VALUES (15, TO_TIMESTAMP('2009-05-16 01:27:45', 'YYYY-MM-DD HH24:MI:SS'), 'Descrio da Reclamao 15', 8, '699.848.303-80');
INSERT INTO REALIZA_RECLAMACAO (ID_RECLAMACAO, DATA_HORA, DESCRICAO, CODIGO_FILIAL, CPF_CLIENTE) VALUES (16, TO_TIMESTAMP('2009-08-26 09:15:51', 'YYYY-MM-DD HH24:MI:SS'), 'Descrio da Reclamao 16', 9, '280.357.820-56');
INSERT INTO REALIZA_RECLAMACAO (ID_RECLAMACAO, DATA_HORA, DESCRICAO, CODIGO_FILIAL, CPF_CLIENTE) VALUES (17, TO_TIMESTAMP('2002-10-26 01:30:26', 'YYYY-MM-DD HH24:MI:SS'), 'Descrio da Reclamao 17', 4, '578.283.685-41');
INSERT INTO REALIZA_RECLAMACAO (ID_RECLAMACAO, DATA_HORA, DESCRICAO, CODIGO_FILIAL, CPF_CLIENTE) VALUES (18, TO_TIMESTAMP('2019-06-27 15:40:22', 'YYYY-MM-DD HH24:MI:SS'), 'Descrio da Reclamao 18', 7, '549.377.815-85');
INSERT INTO REALIZA_RECLAMACAO (ID_RECLAMACAO, DATA_HORA, DESCRICAO, CODIGO_FILIAL, CPF_CLIENTE) VALUES (19, TO_TIMESTAMP('2006-02-04 07:00:31', 'YYYY-MM-DD HH24:MI:SS'), 'Descrio da Reclamao 19', 7, '724.188.468-12');
INSERT INTO REALIZA_RECLAMACAO (ID_RECLAMACAO, DATA_HORA, DESCRICAO, CODIGO_FILIAL, CPF_CLIENTE) VALUES (20, TO_TIMESTAMP('2000-08-02 23:51:07', 'YYYY-MM-DD HH24:MI:SS'), 'Descrio da Reclamao 20', 5, '317.686.848-84');
INSERT INTO REALIZA_RECLAMACAO (ID_RECLAMACAO, DATA_HORA, DESCRICAO, CODIGO_FILIAL, CPF_CLIENTE) VALUES (21, TO_TIMESTAMP('2003-07-21 15:24:39', 'YYYY-MM-DD HH24:MI:SS'), 'Descrio da Reclamao 21', 3, '190.819.118-90');
INSERT INTO REALIZA_RECLAMACAO (ID_RECLAMACAO, DATA_HORA, DESCRICAO, CODIGO_FILIAL, CPF_CLIENTE) VALUES (22, TO_TIMESTAMP('2006-09-20 22:19:58', 'YYYY-MM-DD HH24:MI:SS'), 'Descrio da Reclamao 22', 3, '244.606.740-65');
INSERT INTO REALIZA_RECLAMACAO (ID_RECLAMACAO, DATA_HORA, DESCRICAO, CODIGO_FILIAL, CPF_CLIENTE) VALUES (23, TO_TIMESTAMP('2005-11-15 13:49:29', 'YYYY-MM-DD HH24:MI:SS'), 'Descrio da Reclamao 23', 5, '386.619.343-81');
INSERT INTO REALIZA_RECLAMACAO (ID_RECLAMACAO, DATA_HORA, DESCRICAO, CODIGO_FILIAL, CPF_CLIENTE) VALUES (24, TO_TIMESTAMP('2001-07-12 08:20:16', 'YYYY-MM-DD HH24:MI:SS'), 'Descrio da Reclamao 24', 4, '447.234.141-47');
INSERT INTO REALIZA_RECLAMACAO (ID_RECLAMACAO, DATA_HORA, DESCRICAO, CODIGO_FILIAL, CPF_CLIENTE) VALUES (25, TO_TIMESTAMP('2009-09-13 17:41:33', 'YYYY-MM-DD HH24:MI:SS'), 'Descrio da Reclamao 25', 1, '142.858.465-16');
INSERT INTO REALIZA_RECLAMACAO (ID_RECLAMACAO, DATA_HORA, DESCRICAO, CODIGO_FILIAL, CPF_CLIENTE) VALUES (26, TO_TIMESTAMP('2006-05-19 23:22:56', 'YYYY-MM-DD HH24:MI:SS'), 'Descrio da Reclamao 26', 5, '559.414.428-12');
INSERT INTO REALIZA_RECLAMACAO (ID_RECLAMACAO, DATA_HORA, DESCRICAO, CODIGO_FILIAL, CPF_CLIENTE) VALUES (27, TO_TIMESTAMP('2000-06-02 10:57:46', 'YYYY-MM-DD HH24:MI:SS'), 'Descrio da Reclamao 27', 4, '994.595.745-55');
INSERT INTO REALIZA_RECLAMACAO (ID_RECLAMACAO, DATA_HORA, DESCRICAO, CODIGO_FILIAL, CPF_CLIENTE) VALUES (28, TO_TIMESTAMP('2019-11-09 12:48:32', 'YYYY-MM-DD HH24:MI:SS'), 'Descrio da Reclamao 28', 6, '470.370.668-27');
INSERT INTO REALIZA_RECLAMACAO (ID_RECLAMACAO, DATA_HORA, DESCRICAO, CODIGO_FILIAL, CPF_CLIENTE) VALUES (29, TO_TIMESTAMP('2004-08-24 06:31:52', 'YYYY-MM-DD HH24:MI:SS'), 'Descrio da Reclamao 29', 1, '289.717.359-27');


------ UPDATE FUNCIONARIO ------

UPDATE FUNCIONARIO SET CODIGO_FILIAL = 7 WHERE MATRICULA = 0;
UPDATE FUNCIONARIO SET CODIGO_FILIAL = 6 WHERE MATRICULA = 1;
UPDATE FUNCIONARIO SET CODIGO_FILIAL = 5 WHERE MATRICULA = 2;
UPDATE FUNCIONARIO SET CODIGO_FILIAL = 0 WHERE MATRICULA = 3;
UPDATE FUNCIONARIO SET CODIGO_FILIAL = 6 WHERE MATRICULA = 4;
UPDATE FUNCIONARIO SET CODIGO_FILIAL = 2 WHERE MATRICULA = 5;
UPDATE FUNCIONARIO SET CODIGO_FILIAL = 1 WHERE MATRICULA = 6;
UPDATE FUNCIONARIO SET CODIGO_FILIAL = 4 WHERE MATRICULA = 7;
UPDATE FUNCIONARIO SET CODIGO_FILIAL = 0 WHERE MATRICULA = 8;
UPDATE FUNCIONARIO SET CODIGO_FILIAL = 2 WHERE MATRICULA = 9;
UPDATE FUNCIONARIO SET CODIGO_FILIAL = 5 WHERE MATRICULA = 10;
UPDATE FUNCIONARIO SET CODIGO_FILIAL = 5 WHERE MATRICULA = 11;
UPDATE FUNCIONARIO SET CODIGO_FILIAL = 9 WHERE MATRICULA = 12;
UPDATE FUNCIONARIO SET CODIGO_FILIAL = 3 WHERE MATRICULA = 13;
UPDATE FUNCIONARIO SET CODIGO_FILIAL = 1 WHERE MATRICULA = 14;
UPDATE FUNCIONARIO SET CODIGO_FILIAL = 6 WHERE MATRICULA = 15;
UPDATE FUNCIONARIO SET CODIGO_FILIAL = 6 WHERE MATRICULA = 16;
UPDATE FUNCIONARIO SET CODIGO_FILIAL = 3 WHERE MATRICULA = 17;
UPDATE FUNCIONARIO SET CODIGO_FILIAL = 2 WHERE MATRICULA = 18;
UPDATE FUNCIONARIO SET CODIGO_FILIAL = 0 WHERE MATRICULA = 19;
UPDATE FUNCIONARIO SET CODIGO_FILIAL = 9 WHERE MATRICULA = 20;
UPDATE FUNCIONARIO SET CODIGO_FILIAL = 2 WHERE MATRICULA = 21;
UPDATE FUNCIONARIO SET CODIGO_FILIAL = 1 WHERE MATRICULA = 22;
UPDATE FUNCIONARIO SET CODIGO_FILIAL = 5 WHERE MATRICULA = 23;
UPDATE FUNCIONARIO SET CODIGO_FILIAL = 3 WHERE MATRICULA = 24;
UPDATE FUNCIONARIO SET CODIGO_FILIAL = 9 WHERE MATRICULA = 25;
UPDATE FUNCIONARIO SET CODIGO_FILIAL = 8 WHERE MATRICULA = 26;
UPDATE FUNCIONARIO SET CODIGO_FILIAL = 6 WHERE MATRICULA = 27;
UPDATE FUNCIONARIO SET CODIGO_FILIAL = 3 WHERE MATRICULA = 28;
UPDATE FUNCIONARIO SET CODIGO_FILIAL = 0 WHERE MATRICULA = 29;
UPDATE FUNCIONARIO SET CODIGO_FILIAL = 9 WHERE MATRICULA = 30;
UPDATE FUNCIONARIO SET CODIGO_FILIAL = 2 WHERE MATRICULA = 31;
UPDATE FUNCIONARIO SET CODIGO_FILIAL = 9 WHERE MATRICULA = 32;
UPDATE FUNCIONARIO SET CODIGO_FILIAL = 5 WHERE MATRICULA = 33;
UPDATE FUNCIONARIO SET CODIGO_FILIAL = 0 WHERE MATRICULA = 34;
UPDATE FUNCIONARIO SET CODIGO_FILIAL = 0 WHERE MATRICULA = 35;
UPDATE FUNCIONARIO SET CODIGO_FILIAL = 7 WHERE MATRICULA = 36;
UPDATE FUNCIONARIO SET CODIGO_FILIAL = 8 WHERE MATRICULA = 37;
UPDATE FUNCIONARIO SET CODIGO_FILIAL = 9 WHERE MATRICULA = 38;
UPDATE FUNCIONARIO SET CODIGO_FILIAL = 9 WHERE MATRICULA = 39;
UPDATE FUNCIONARIO SET CODIGO_FILIAL = 6 WHERE MATRICULA = 40;
UPDATE FUNCIONARIO SET CODIGO_FILIAL = 5 WHERE MATRICULA = 41;
UPDATE FUNCIONARIO SET CODIGO_FILIAL = 8 WHERE MATRICULA = 42;
UPDATE FUNCIONARIO SET CODIGO_FILIAL = 6 WHERE MATRICULA = 43;
UPDATE FUNCIONARIO SET CODIGO_FILIAL = 9 WHERE MATRICULA = 44;
UPDATE FUNCIONARIO SET CODIGO_FILIAL = 3 WHERE MATRICULA = 45;
UPDATE FUNCIONARIO SET CODIGO_FILIAL = 8 WHERE MATRICULA = 46;
UPDATE FUNCIONARIO SET CODIGO_FILIAL = 1 WHERE MATRICULA = 47;
UPDATE FUNCIONARIO SET CODIGO_FILIAL = 6 WHERE MATRICULA = 48;
UPDATE FUNCIONARIO SET CODIGO_FILIAL = 4 WHERE MATRICULA = 49;
UPDATE FUNCIONARIO SET CODIGO_FILIAL = 0 WHERE MATRICULA = 50;
UPDATE FUNCIONARIO SET CODIGO_FILIAL = 1 WHERE MATRICULA = 51;
UPDATE FUNCIONARIO SET CODIGO_FILIAL = 1 WHERE MATRICULA = 52;
UPDATE FUNCIONARIO SET CODIGO_FILIAL = 1 WHERE MATRICULA = 53;
UPDATE FUNCIONARIO SET CODIGO_FILIAL = 3 WHERE MATRICULA = 54;
UPDATE FUNCIONARIO SET CODIGO_FILIAL = 0 WHERE MATRICULA = 55;
UPDATE FUNCIONARIO SET CODIGO_FILIAL = 1 WHERE MATRICULA = 56;
UPDATE FUNCIONARIO SET CODIGO_FILIAL = 1 WHERE MATRICULA = 57;
UPDATE FUNCIONARIO SET CODIGO_FILIAL = 9 WHERE MATRICULA = 58;
UPDATE FUNCIONARIO SET CODIGO_FILIAL = 8 WHERE MATRICULA = 59;
UPDATE FUNCIONARIO SET CODIGO_FILIAL = 3 WHERE MATRICULA = 60;
UPDATE FUNCIONARIO SET CODIGO_FILIAL = 3 WHERE MATRICULA = 61;
UPDATE FUNCIONARIO SET CODIGO_FILIAL = 5 WHERE MATRICULA = 62;
UPDATE FUNCIONARIO SET CODIGO_FILIAL = 8 WHERE MATRICULA = 63;
UPDATE FUNCIONARIO SET CODIGO_FILIAL = 5 WHERE MATRICULA = 64;
UPDATE FUNCIONARIO SET CODIGO_FILIAL = 0 WHERE MATRICULA = 65;
UPDATE FUNCIONARIO SET CODIGO_FILIAL = 0 WHERE MATRICULA = 66;
UPDATE FUNCIONARIO SET CODIGO_FILIAL = 0 WHERE MATRICULA = 67;
UPDATE FUNCIONARIO SET CODIGO_FILIAL = 2 WHERE MATRICULA = 68;
UPDATE FUNCIONARIO SET CODIGO_FILIAL = 2 WHERE MATRICULA = 69;
UPDATE FUNCIONARIO SET CODIGO_FILIAL = 0 WHERE MATRICULA = 70;
UPDATE FUNCIONARIO SET CODIGO_FILIAL = 3 WHERE MATRICULA = 71;
UPDATE FUNCIONARIO SET CODIGO_FILIAL = 6 WHERE MATRICULA = 72;
UPDATE FUNCIONARIO SET CODIGO_FILIAL = 4 WHERE MATRICULA = 73;
UPDATE FUNCIONARIO SET CODIGO_FILIAL = 9 WHERE MATRICULA = 74;
UPDATE FUNCIONARIO SET CODIGO_FILIAL = 7 WHERE MATRICULA = 75;
UPDATE FUNCIONARIO SET CODIGO_FILIAL = 4 WHERE MATRICULA = 76;
UPDATE FUNCIONARIO SET CODIGO_FILIAL = 9 WHERE MATRICULA = 77;
UPDATE FUNCIONARIO SET CODIGO_FILIAL = 2 WHERE MATRICULA = 78;
UPDATE FUNCIONARIO SET CODIGO_FILIAL = 0 WHERE MATRICULA = 79;
UPDATE FUNCIONARIO SET CODIGO_FILIAL = 5 WHERE MATRICULA = 80;
UPDATE FUNCIONARIO SET CODIGO_FILIAL = 3 WHERE MATRICULA = 81;
UPDATE FUNCIONARIO SET CODIGO_FILIAL = 8 WHERE MATRICULA = 82;
UPDATE FUNCIONARIO SET CODIGO_FILIAL = 8 WHERE MATRICULA = 83;
UPDATE FUNCIONARIO SET CODIGO_FILIAL = 6 WHERE MATRICULA = 84;
UPDATE FUNCIONARIO SET CODIGO_FILIAL = 6 WHERE MATRICULA = 85;
UPDATE FUNCIONARIO SET CODIGO_FILIAL = 9 WHERE MATRICULA = 86;
UPDATE FUNCIONARIO SET CODIGO_FILIAL = 8 WHERE MATRICULA = 87;
UPDATE FUNCIONARIO SET CODIGO_FILIAL = 0 WHERE MATRICULA = 88;
UPDATE FUNCIONARIO SET CODIGO_FILIAL = 5 WHERE MATRICULA = 89;
UPDATE FUNCIONARIO SET CODIGO_FILIAL = 1 WHERE MATRICULA = 90;
UPDATE FUNCIONARIO SET CODIGO_FILIAL = 7 WHERE MATRICULA = 91;
UPDATE FUNCIONARIO SET CODIGO_FILIAL = 0 WHERE MATRICULA = 92;
UPDATE FUNCIONARIO SET CODIGO_FILIAL = 2 WHERE MATRICULA = 93;
UPDATE FUNCIONARIO SET CODIGO_FILIAL = 8 WHERE MATRICULA = 94;
UPDATE FUNCIONARIO SET CODIGO_FILIAL = 3 WHERE MATRICULA = 95;
UPDATE FUNCIONARIO SET CODIGO_FILIAL = 7 WHERE MATRICULA = 96;
UPDATE FUNCIONARIO SET CODIGO_FILIAL = 6 WHERE MATRICULA = 97;
UPDATE FUNCIONARIO SET CODIGO_FILIAL = 2 WHERE MATRICULA = 98;
UPDATE FUNCIONARIO SET CODIGO_FILIAL = 2 WHERE MATRICULA = 99;
UPDATE FUNCIONARIO SET CODIGO_FILIAL = 2 WHERE MATRICULA = 100;
UPDATE FUNCIONARIO SET CODIGO_FILIAL = 4 WHERE MATRICULA = 101;
UPDATE FUNCIONARIO SET CODIGO_FILIAL = 1 WHERE MATRICULA = 102;
UPDATE FUNCIONARIO SET CODIGO_FILIAL = 9 WHERE MATRICULA = 103;
UPDATE FUNCIONARIO SET CODIGO_FILIAL = 5 WHERE MATRICULA = 104;
UPDATE FUNCIONARIO SET CODIGO_FILIAL = 2 WHERE MATRICULA = 105;
UPDATE FUNCIONARIO SET CODIGO_FILIAL = 1 WHERE MATRICULA = 106;
UPDATE FUNCIONARIO SET CODIGO_FILIAL = 5 WHERE MATRICULA = 107;
UPDATE FUNCIONARIO SET CODIGO_FILIAL = 7 WHERE MATRICULA = 108;
UPDATE FUNCIONARIO SET CODIGO_FILIAL = 8 WHERE MATRICULA = 109;
UPDATE FUNCIONARIO SET CODIGO_FILIAL = 1 WHERE MATRICULA = 110;
UPDATE FUNCIONARIO SET CODIGO_FILIAL = 8 WHERE MATRICULA = 111;
UPDATE FUNCIONARIO SET CODIGO_FILIAL = 8 WHERE MATRICULA = 112;
UPDATE FUNCIONARIO SET CODIGO_FILIAL = 4 WHERE MATRICULA = 113;
UPDATE FUNCIONARIO SET CODIGO_FILIAL = 5 WHERE MATRICULA = 114;
UPDATE FUNCIONARIO SET CODIGO_FILIAL = 0 WHERE MATRICULA = 115;
UPDATE FUNCIONARIO SET CODIGO_FILIAL = 0 WHERE MATRICULA = 116;
UPDATE FUNCIONARIO SET CODIGO_FILIAL = 3 WHERE MATRICULA = 117;
UPDATE FUNCIONARIO SET CODIGO_FILIAL = 4 WHERE MATRICULA = 118;
UPDATE FUNCIONARIO SET CODIGO_FILIAL = 4 WHERE MATRICULA = 119;
UPDATE FUNCIONARIO SET CODIGO_FILIAL = 5 WHERE MATRICULA = 120;
UPDATE FUNCIONARIO SET CODIGO_FILIAL = 9 WHERE MATRICULA = 121;
UPDATE FUNCIONARIO SET CODIGO_FILIAL = 5 WHERE MATRICULA = 122;
UPDATE FUNCIONARIO SET CODIGO_FILIAL = 3 WHERE MATRICULA = 123;
UPDATE FUNCIONARIO SET CODIGO_FILIAL = 6 WHERE MATRICULA = 124;
UPDATE FUNCIONARIO SET CODIGO_FILIAL = 5 WHERE MATRICULA = 125;
UPDATE FUNCIONARIO SET CODIGO_FILIAL = 7 WHERE MATRICULA = 126;
UPDATE FUNCIONARIO SET CODIGO_FILIAL = 9 WHERE MATRICULA = 127;
UPDATE FUNCIONARIO SET CODIGO_FILIAL = 4 WHERE MATRICULA = 128;
UPDATE FUNCIONARIO SET CODIGO_FILIAL = 6 WHERE MATRICULA = 129;
UPDATE FUNCIONARIO SET CODIGO_FILIAL = 1 WHERE MATRICULA = 130;
UPDATE FUNCIONARIO SET CODIGO_FILIAL = 9 WHERE MATRICULA = 131;
UPDATE FUNCIONARIO SET CODIGO_FILIAL = 9 WHERE MATRICULA = 132;
UPDATE FUNCIONARIO SET CODIGO_FILIAL = 2 WHERE MATRICULA = 133;
UPDATE FUNCIONARIO SET CODIGO_FILIAL = 7 WHERE MATRICULA = 134;
UPDATE FUNCIONARIO SET CODIGO_FILIAL = 5 WHERE MATRICULA = 135;
UPDATE FUNCIONARIO SET CODIGO_FILIAL = 4 WHERE MATRICULA = 136;
UPDATE FUNCIONARIO SET CODIGO_FILIAL = 5 WHERE MATRICULA = 137;
UPDATE FUNCIONARIO SET CODIGO_FILIAL = 1 WHERE MATRICULA = 138;
UPDATE FUNCIONARIO SET CODIGO_FILIAL = 8 WHERE MATRICULA = 139;
UPDATE FUNCIONARIO SET CODIGO_FILIAL = 6 WHERE MATRICULA = 140;
UPDATE FUNCIONARIO SET CODIGO_FILIAL = 1 WHERE MATRICULA = 141;
UPDATE FUNCIONARIO SET CODIGO_FILIAL = 6 WHERE MATRICULA = 142;
UPDATE FUNCIONARIO SET CODIGO_FILIAL = 6 WHERE MATRICULA = 143;
UPDATE FUNCIONARIO SET CODIGO_FILIAL = 8 WHERE MATRICULA = 144;
UPDATE FUNCIONARIO SET CODIGO_FILIAL = 4 WHERE MATRICULA = 145;
UPDATE FUNCIONARIO SET CODIGO_FILIAL = 5 WHERE MATRICULA = 146;
UPDATE FUNCIONARIO SET CODIGO_FILIAL = 7 WHERE MATRICULA = 147;
UPDATE FUNCIONARIO SET CODIGO_FILIAL = 7 WHERE MATRICULA = 148;
UPDATE FUNCIONARIO SET CODIGO_FILIAL = 9 WHERE MATRICULA = 149;
